Tm,Unnamed: 0,Year,Player,Pos,Age,G,GS,MP,PER,TS%,3PAr,FTr,ORB%,DRB%,TRB%,AST%,STL%,BLK%,TOV%,USG%,blanl,OWS,DWS,WS,WS/48,blank2,OBPM,DBPM,BPM,VORP,FG,FGA,FG%,3P,3PA,3P%,2P,2PA,2P%,eFG%,FT,FTA,FT%,ORB,DRB,TRB,AST,STL,BLK,TOV,PF,PTS
PHO,13035,1997.0,A.C. Green,SF,33.0,82.0,55.0,2825.0,17.0,0.596,0.20600000000000002,0.556,11.1,22.2,15.2,6.9,1.7,0.8,12.9,17.6,,6.7,2.6,9.3,0.157,,1.5,0.2,1.2,2.3,465.0,926.0,0.504,43.0,127.0,0.33899999999999997,457.0,891.0,0.547,0.539,266.0,362.0,0.735,275.0,478.0,753.0,137.0,70.0,38.0,114.0,146.0,1204.0
TOT,13034,1997.0,A.C. Green,PF,33.0,83.0,73.0,2492.0,12.4,0.523,0.040999999999999995,0.40700000000000003,10.2,20.5,15.3,4.4,1.5,0.5,11.5,11.8,,2.4,2.4,4.8,0.09300000000000001,,-1.8,0.7,-1.1,0.6,234.0,484.0,0.483,1.0,20.0,0.05,233.0,464.0,0.502,0.485,128.0,197.0,0.65,222.0,434.0,656.0,69.0,70.0,16.0,74.0,145.0,597.0
DAL,14139,1999.0,A.C. Green,PF,35.0,82.0,68.0,2649.0,12.8,0.527,0.048,0.419,11.1,20.0,15.5,7.3,1.6,0.7,11.4,14.8,,2.8,2.4,5.2,0.099,,-1.4,1.0,-0.5,0.9,242.0,534.0,0.486,1.0,17.0,0.059000000000000004,242.0,530.0,0.507,0.48700000000000004,116.0,162.0,0.716,219.0,449.0,668.0,123.0,78.0,27.0,68.0,157.0,600.0
LAL,14648,2000.0,A.C. Green,PF,36.0,82.0,82.0,2902.0,17.8,0.603,0.10099999999999999,0.5920000000000001,12.4,20.0,16.4,6.0,1.8,2.0,17.7,17.1,,6.1,3.5,9.4,0.179,,1.6,1.8,2.2,2.9,401.0,806.0,0.539,16.0,56.0,0.348,397.0,760.0,0.55,0.5479999999999999,340.0,457.0,0.7859999999999999,306.0,481.0,762.0,117.0,94.0,80.0,120.0,229.0,1116.0
MIA,15148,2001.0,A.C. Green,PF,37.0,82.0,1.0,1411.0,11.2,0.49200000000000005,0.019,0.34299999999999997,9.0,17.3,13.2,4.8,1.2,0.4,10.8,14.4,,1.1,2.1,3.2,0.11,,-3.2,0.2,-3.0,-0.3,144.0,324.0,0.444,0.0,6.0,0.0,144.0,318.0,0.45299999999999996,0.444,79.0,111.0,0.7120000000000001,107.0,206.0,313.0,39.0,30.0,8.0,45.0,119.0,367.0
