Tm,Unnamed: 0,Year,Player,Pos,Age,G,GS,MP,PER,TS%,3PAr,FTr,ORB%,DRB%,TRB%,AST%,STL%,BLK%,TOV%,USG%,blanl,OWS,DWS,WS,WS/48,blank2,OBPM,DBPM,BPM,VORP,FG,FGA,FG%,3P,3PA,3P%,2P,2PA,2P%,eFG%,FT,FTA,FT%,ORB,DRB,TRB,AST,STL,BLK,TOV,PF,PTS
CHI,20121,2010.0,Aaron Gray,C,25.0,61.0,18.0,715.0,13.9,0.529,0.006,0.485,13.5,24.1,17.8,11.4,1.8,2.0,18.7,22.5,,0.5,0.8,1.3,0.086,,-2.1,0.6,-1.5,0.1,103.0,204.0,0.505,0.0,1.0,0.0,103.0,203.0,0.507,0.505,56.0,99.0,0.5760000000000001,84.0,136.0,220.0,46.0,21.0,18.0,57.0,135.0,262.0
NOH,20751,2011.0,Aaron Gray,C,26.0,41.0,6.0,531.0,18.4,0.612,0.0,0.344,17.7,25.8,20.2,11.4,1.8,3.2,21.9,15.3,,0.6,0.8,1.1,0.172,,0.5,2.2,2.8,0.3,56.0,99.0,0.5660000000000001,0.0,0.0,,56.0,99.0,0.5660000000000001,0.5660000000000001,18.0,34.0,0.857,59.0,112.0,171.0,20.0,11.0,12.0,32.0,96.0,129.0
SAC,22488,2014.0,Aaron Gray,C,29.0,33.0,6.0,335.0,7.9,0.455,0.017,0.31,13.0,21.8,17.4,8.2,1.5,1.9,29.1,12.2,,-0.2,0.4,0.1,0.018000000000000002,,-4.2,1.7,-2.5,0.0,25.0,58.0,0.431,0.0,1.0,0.0,25.0,57.0,0.439,0.431,10.0,18.0,0.556,39.0,64.0,103.0,19.0,10.0,8.0,27.0,57.0,60.0
TOR,22487,2014.0,Aaron Gray,C,29.0,49.0,40.0,813.0,11.1,0.644,0.0,0.667,17.4,29.3,23.3,23.1,1.5,1.7,50.8,17.9,,0.2,1.3,1.4,0.08199999999999999,,-3.0,1.5,-2.0,0.0,83.0,161.0,0.667,0.0,0.0,,83.0,161.0,0.667,0.667,25.0,47.0,0.532,83.0,198.0,281.0,33.0,22.0,17.0,51.0,127.0,191.0
TOT,22486,2014.0,Aaron Gray,C,29.0,37.0,6.0,355.0,16.6,0.551,0.016,0.341,16.7,23.1,19.8,10.6,1.5,2.7,30.8,16.4,,0.5,0.4,0.9,0.142,,-0.6,1.7,0.7,0.2,42.0,82.0,0.512,0.0,1.0,0.0,42.0,82.0,0.512,0.512,20.0,28.0,0.7140000000000001,45.0,69.0,111.0,22.0,10.0,11.0,31.0,64.0,104.0
