Tm,Unnamed: 0,Year,Player,Pos,Age,G,GS,MP,PER,TS%,3PAr,FTr,ORB%,DRB%,TRB%,AST%,STL%,BLK%,TOV%,USG%,blanl,OWS,DWS,WS,WS/48,blank2,OBPM,DBPM,BPM,VORP,FG,FGA,FG%,3P,3PA,3P%,2P,2PA,2P%,eFG%,FT,FTA,FT%,ORB,DRB,TRB,AST,STL,BLK,TOV,PF,PTS
BOS,11953,1995.0,Acie Earl,C,24.0,74.0,8.0,1149.0,9.2,0.46299999999999997,0.003,0.43,10.4,16.0,12.5,1.5,1.5,2.9,14.8,19.7,,-0.4,0.9,0.2,0.008,,-5.4,-1.7,-7.1,-0.4,151.0,372.0,0.406,0.0,1.0,0.0,151.0,371.0,0.40700000000000003,0.406,108.0,160.0,0.675,85.0,162.0,247.0,12.0,24.0,53.0,72.0,178.0,410.0
MIL,12983,1997.0,Acie Earl,C,26.0,9.0,0.0,43.0,18.6,0.446,0.0,0.609,5.7,25.5,15.7,8.2,3.7,1.7,6.4,33.6,,0.0,0.1,0.1,0.08800000000000001,,-5.0,-1.8,-6.8,-0.1,8.0,23.0,0.348,0.0,0.0,,8.0,23.0,0.348,0.348,10.0,14.0,0.7140000000000001,2.0,9.0,11.0,2.0,3.0,1.0,2.0,7.0,26.0
TOR,12982,1997.0,Acie Earl,C,26.0,42.0,7.0,655.0,14.1,0.484,0.032,0.446,9.2,14.3,11.7,6.9,1.4,4.7,14.9,25.2,,-0.1,0.4,0.3,0.02,,-4.4,-0.3,-6.1,-0.5,117.0,276.0,0.424,0.0,5.0,0.0,117.0,273.0,0.429,0.424,82.0,114.0,0.7190000000000001,51.0,78.0,129.0,27.0,18.0,37.0,49.0,73.0,316.0
TOT,12981,1997.0,Acie Earl,C,26.0,47.0,0.0,500.0,10.7,0.433,0.027999999999999997,0.467,8.0,14.7,11.3,6.7,1.6,4.5,13.9,22.7,,-0.5,0.5,0.0,-0.004,,-6.2,-0.4,-6.6,-0.6,67.0,180.0,0.37200000000000005,0.0,5.0,0.0,67.0,175.0,0.38299999999999995,0.37200000000000005,54.0,84.0,0.643,35.0,61.0,96.0,20.0,15.0,28.0,35.0,61.0,188.0
