Tm,Unnamed: 0,Year,Player,Pos,Age,G,GS,MP,PER,TS%,3PAr,FTr,ORB%,DRB%,TRB%,AST%,STL%,BLK%,TOV%,USG%,blanl,OWS,DWS,WS,WS/48,blank2,OBPM,DBPM,BPM,VORP,FG,FGA,FG%,3P,3PA,3P%,2P,2PA,2P%,eFG%,FT,FTA,FT%,ORB,DRB,TRB,AST,STL,BLK,TOV,PF,PTS
ATL,19649,2009.0,Acie Law,PG,24.0,56.0,6.0,865.0,10.6,0.49,0.209,0.43200000000000005,1.6,10.9,6.1,23.4,1.8,0.4,17.8,16.5,,0.3,0.4,0.7,0.062,,-3.0,-2.0,-5.0,-0.4,95.0,237.0,0.401,9.0,34.0,0.31,88.0,203.0,0.433,0.41600000000000004,49.0,60.0,0.8170000000000001,12.0,52.0,58.0,113.0,29.0,3.0,56.0,73.0,235.0
CHA,20250,2010.0,Acie Law,PG,25.0,9.0,0.0,33.0,7.5,0.419,0.063,0.43799999999999994,0.0,3.6,1.8,16.0,1.6,2.5,13.6,31.1,,-0.1,0.0,0.0,-0.066,,-8.5,-3.4,-11.9,-0.1,5.0,16.0,0.313,0.0,1.0,0.0,5.0,15.0,0.33299999999999996,0.313,6.0,7.0,0.857,0.0,1.0,1.0,3.0,1.0,1.0,3.0,3.0,16.0
CHI,20251,2010.0,Acie Law,PG,25.0,12.0,1.0,135.0,15.4,0.58,0.267,0.6,2.5,8.9,5.8,19.2,1.5,0.0,17.4,22.9,,0.2,0.1,0.3,0.10099999999999999,,-0.6,-2.4,-3.0,0.0,21.0,45.0,0.467,4.0,12.0,0.33299999999999996,17.0,33.0,0.515,0.511,20.0,27.0,0.741,3.0,11.0,14.0,16.0,4.0,0.0,12.0,8.0,66.0
GSW,20860,2011.0,Acie Law,PG,26.0,40.0,0.0,632.0,21.3,0.752,0.214,1.071,1.6,7.9,4.7,15.9,4.3,0.0,14.7,15.6,,0.5,0.2,0.7,0.23600000000000002,,2.9,-2.1,0.8,0.0,78.0,167.0,0.643,6.0,30.0,0.33299999999999996,72.0,137.0,0.727,0.679,41.0,54.0,0.8,9.0,43.0,52.0,70.0,28.0,0.0,33.0,51.0,203.0
MEM,20859,2011.0,Acie Law,PG,26.0,11.0,0.0,94.0,0.4,0.256,0.316,0.526,3.8,10.3,7.0,19.3,2.2,0.0,29.9,16.0,,-0.4,0.1,-0.3,-0.138,,-8.0,-0.3,-8.3,-0.1,3.0,19.0,0.158,0.0,6.0,0.0,3.0,13.0,0.231,0.158,6.0,10.0,0.6,3.0,8.0,11.0,14.0,4.0,0.0,10.0,10.0,12.0
TOT,20858,2011.0,Acie Law,PG,26.0,51.0,1.0,726.0,16.0,0.585,0.213,0.653,1.9,8.2,5.0,17.5,2.3,0.4,16.7,21.7,,0.3,0.3,0.6,0.115,,-0.7,-1.9,-3.2,-0.1,81.0,186.0,0.467,6.0,36.0,0.313,75.0,150.0,0.508,0.5,47.0,64.0,0.7759999999999999,12.0,51.0,63.0,84.0,32.0,1.0,43.0,61.0,215.0
