Tm,Unnamed: 0,Year,Player,Pos,Age,G,GS,MP,PER,TS%,3PAr,FTr,ORB%,DRB%,TRB%,AST%,STL%,BLK%,TOV%,USG%,blanl,OWS,DWS,WS,WS/48,blank2,OBPM,DBPM,BPM,VORP,FG,FGA,FG%,3P,3PA,3P%,2P,2PA,2P%,eFG%,FT,FTA,FT%,ORB,DRB,TRB,AST,STL,BLK,TOV,PF,PTS
DAL,16181,2003.0,Adam Harrington,SG,22.0,13.0,0.0,37.0,1.4,0.308,0.17600000000000002,0.11800000000000001,0.0,6.0,3.0,7.8,1.4,2.0,10.1,24.4,,-0.2,0.0,-0.1,-0.16399999999999998,,-9.7,-2.9,-12.6,-0.1,4.0,17.0,0.235,1.0,3.0,0.33299999999999996,3.0,14.0,0.214,0.265,2.0,2.0,1.0,0.0,2.0,2.0,2.0,1.0,1.0,2.0,2.0,11.0
DEN,16182,2003.0,Adam Harrington,SG,22.0,6.0,0.0,74.0,10.4,0.455,0.55,0.1,1.5,8.3,4.7,23.0,0.7,0.0,0.0,12.5,,0.1,0.0,0.2,0.10800000000000001,,-1.0,-3.4,-4.4,0.0,7.0,20.0,0.35,4.0,11.0,0.364,3.0,9.0,0.33299999999999996,0.45,1.0,2.0,0.5,1.0,5.0,6.0,10.0,1.0,0.0,0.0,6.0,19.0
TOT,16180,2003.0,Adam Harrington,SG,22.0,19.0,0.0,111.0,7.4,0.387,0.37799999999999995,0.10800000000000001,1.0,7.5,4.1,18.0,0.9,0.7,4.9,16.5,,0.0,0.1,0.0,0.017,,-3.9,-3.2,-7.1,-0.1,11.0,37.0,0.297,5.0,14.0,0.35700000000000004,6.0,23.0,0.261,0.365,3.0,4.0,0.75,1.0,7.0,8.0,12.0,2.0,1.0,2.0,8.0,30.0
