Tm,Unnamed: 0,Year,Player,Pos,Age,G,GS,MP,PER,TS%,3PAr,FTr,ORB%,DRB%,TRB%,AST%,STL%,BLK%,TOV%,USG%,blanl,OWS,DWS,WS,WS/48,blank2,OBPM,DBPM,BPM,VORP,FG,FGA,FG%,3P,3PA,3P%,2P,2PA,2P%,eFG%,FT,FTA,FT%,ORB,DRB,TRB,AST,STL,BLK,TOV,PF,PTS
ATL,11588,1994.0,Adam Keefe,PF,23.0,82.0,6.0,1549.0,13.6,0.564,0.003,0.63,11.8,19.5,15.5,7.0,1.8,0.8,18.6,18.1,,1.9,1.4,3.3,0.102,,-1.2,0.1,-1.0,0.4,188.0,376.0,0.5,0.0,1.0,0.0,188.0,375.0,0.501,0.5,166.0,237.0,0.73,171.0,261.0,432.0,80.0,57.0,16.0,100.0,195.0,542.0
UTA,14714,2000.0,Adam Keefe,SF,29.0,82.0,75.0,2047.0,15.1,0.616,0.032,0.718,14.0,19.5,16.3,8.5,1.7,2.0,24.0,15.6,,4.8,2.3,6.5,0.154,,1.9,1.7,2.3,2.2,229.0,424.0,0.5770000000000001,0.0,4.0,0.0,229.0,424.0,0.5770000000000001,0.5770000000000001,162.0,201.0,0.81,179.0,279.0,455.0,89.0,52.0,41.0,88.0,174.0,620.0
GSW,15214,2001.0,Adam Keefe,PF,30.0,67.0,13.0,836.0,9.7,0.45,0.019,0.396,10.5,16.4,13.3,6.5,1.7,1.7,17.6,11.5,,0.1,0.5,0.6,0.032,,-3.9,0.2,-3.7,-0.3,64.0,159.0,0.40299999999999997,1.0,3.0,0.33299999999999996,63.0,156.0,0.40399999999999997,0.406,39.0,63.0,0.619,90.0,119.0,209.0,36.0,28.0,20.0,40.0,102.0,168.0
