Tm,Unnamed: 0,Year,Player,Pos,Age,G,GS,MP,PER,TS%,3PAr,FTr,ORB%,DRB%,TRB%,AST%,STL%,BLK%,TOV%,USG%,blanl,OWS,DWS,WS,WS/48,blank2,OBPM,DBPM,BPM,VORP,FG,FGA,FG%,3P,3PA,3P%,2P,2PA,2P%,eFG%,FT,FTA,FT%,ORB,DRB,TRB,AST,STL,BLK,TOV,PF,PTS
LAL,8332,1987.0,Adrian Branch,SF,23.0,32.0,0.0,219.0,18.8,0.5760000000000001,0.021,0.563,12.6,14.2,13.5,10.0,3.5,0.8,16.7,26.6,,0.4,0.4,0.7,0.158,,0.5,-0.3,0.2,0.1,48.0,96.0,0.5,0.0,2.0,0.0,48.0,94.0,0.511,0.5,42.0,54.0,0.778,23.0,30.0,53.0,16.0,16.0,3.0,24.0,39.0,138.0
NJN,8715,1988.0,Adrian Branch,SF,24.0,20.0,3.0,308.0,10.4,0.461,0.037000000000000005,0.172,7.3,10.9,9.0,8.3,2.5,2.2,16.8,23.7,,-0.5,0.3,-0.1,-0.021,,-4.5,-0.2,-4.7,-0.2,56.0,134.0,0.418,1.0,5.0,0.2,55.0,129.0,0.426,0.42200000000000004,20.0,23.0,0.87,20.0,28.0,48.0,16.0,16.0,11.0,29.0,41.0,133.0
POR,9147,1989.0,Adrian Branch,SF,25.0,67.0,4.0,811.0,15.7,0.509,0.071,0.275,8.2,9.6,8.8,10.8,2.6,0.2,11.6,26.3,,0.7,0.8,1.5,0.087,,-0.4,-2.2,-2.6,-0.1,202.0,436.0,0.46299999999999997,7.0,31.0,0.226,195.0,405.0,0.48100000000000004,0.47100000000000003,87.0,120.0,0.725,63.0,69.0,132.0,60.0,45.0,3.0,64.0,99.0,498.0
MIN,9581,1990.0,Adrian Branch,SF,26.0,11.0,0.0,91.0,16.9,0.46,0.016,0.361,9.9,16.9,13.2,8.8,3.5,0.0,10.2,38.1,,-0.1,0.1,0.0,0.013999999999999999,,-2.6,-3.7,-6.3,-0.1,25.0,61.0,0.41,1.0,1.0,1.0,24.0,60.0,0.4,0.418,14.0,22.0,0.636,8.0,12.0,20.0,4.0,6.0,0.0,8.0,14.0,65.0
