Tm,Unnamed: 0,Year,Player,Pos,Age,G,GS,MP,PER,TS%,3PAr,FTr,ORB%,DRB%,TRB%,AST%,STL%,BLK%,TOV%,USG%,blanl,OWS,DWS,WS,WS/48,blank2,OBPM,DBPM,BPM,VORP,FG,FGA,FG%,3P,3PA,3P%,2P,2PA,2P%,eFG%,FT,FTA,FT%,ORB,DRB,TRB,AST,STL,BLK,TOV,PF,PTS
CLE,24049,2016.0,Anderson Varejao,PF,33.0,81.0,42.0,2306.0,21.7,0.598,0.022000000000000002,0.7929999999999999,16.9,30.1,23.2,15.4,2.5,3.3,15.8,18.7,,4.3,4.7,8.1,0.179,,2.4,3.0,4.6,2.7,270.0,504.0,0.5720000000000001,1.0,9.0,0.2,270.0,502.0,0.5760000000000001,0.573,165.0,268.0,0.762,191.0,442.0,629.0,140.0,76.0,67.0,80.0,269.0,694.0
TOT,24048,2016.0,Anderson Varejao,C,33.0,53.0,0.0,496.0,11.1,0.473,0.008,0.40299999999999997,8.5,22.8,15.8,9.8,1.6,1.6,13.1,15.0,,0.3,0.8,1.0,0.10099999999999999,,-3.8,1.4,-2.4,0.0,53.0,124.0,0.42700000000000005,0.0,1.0,0.0,53.0,123.0,0.431,0.42700000000000005,32.0,50.0,0.64,37.0,104.0,141.0,35.0,16.0,10.0,22.0,70.0,138.0
GSW,24637,2017.0,Anderson Varejao,C,34.0,22.0,1.0,186.0,11.0,0.478,0.0,0.7859999999999999,15.3,20.2,16.1,13.0,1.6,2.6,29.8,15.5,,0.2,0.3,0.5,0.12,,-3.2,2.5,-0.6,0.0,21.0,48.0,0.43799999999999994,0.0,0.0,,21.0,48.0,0.43799999999999994,0.43799999999999994,16.0,29.0,0.727,13.0,37.0,50.0,15.0,5.0,5.0,8.0,35.0,58.0
