Tm,Unnamed: 0,Year,Player,Pos,Age,G,GS,MP,PER,TS%,3PAr,FTr,ORB%,DRB%,TRB%,AST%,STL%,BLK%,TOV%,USG%,blanl,OWS,DWS,WS,WS/48,blank2,OBPM,DBPM,BPM,VORP,FG,FGA,FG%,3P,3PA,3P%,2P,2PA,2P%,eFG%,FT,FTA,FT%,ORB,DRB,TRB,AST,STL,BLK,TOV,PF,PTS
WSB,11514,1994.0,Andrew Gaze,SG,28.0,7.0,0.0,70.0,10.5,0.615,0.47100000000000003,0.11800000000000001,1.6,10.2,5.8,10.3,1.4,0.9,14.4,12.8,,0.1,0.0,0.1,0.07400000000000001,,-0.7,-2.3,-3.0,0.0,8.0,17.0,0.47100000000000003,4.0,8.0,0.5,4.0,9.0,0.444,0.588,2.0,2.0,1.0,1.0,6.0,7.0,5.0,2.0,1.0,3.0,9.0,22.0
SAS,14127,1999.0,Andrew Gaze,SG,33.0,19.0,0.0,58.0,8.5,0.42,0.64,0.0,4.1,5.5,4.8,17.8,1.9,1.2,13.8,23.2,,-0.1,0.1,0.0,0.025,,-1.1,-1.7,-2.8,0.0,8.0,25.0,0.32,5.0,16.0,0.313,3.0,9.0,0.33299999999999996,0.42,0.0,0.0,,2.0,3.0,5.0,6.0,2.0,1.0,4.0,7.0,21.0
