Tm,Unnamed: 0,Year,Player,Pos,Age,G,GS,MP,PER,TS%,3PAr,FTr,ORB%,DRB%,TRB%,AST%,STL%,BLK%,TOV%,USG%,blanl,OWS,DWS,WS,WS/48,blank2,OBPM,DBPM,BPM,VORP,FG,FGA,FG%,3P,3PA,3P%,2P,2PA,2P%,eFG%,FT,FTA,FT%,ORB,DRB,TRB,AST,STL,BLK,TOV,PF,PTS
MEM,17244,2005.0,Andre Emmett,SG,22.0,8.0,0.0,28.0,0.9,0.42700000000000005,0.0,0.833,0.0,8.5,4.3,0.0,0.0,0.0,10.9,15.5,,0.0,0.0,0.0,-0.038,,-8.8,-4.1,-12.9,-0.1,2.0,6.0,0.33299999999999996,0.0,0.0,,2.0,6.0,0.33299999999999996,0.33299999999999996,3.0,5.0,0.6,0.0,2.0,2.0,0.0,0.0,0.0,1.0,4.0,7.0
NJN,21272,2012.0,Andre Emmett,SF,29.0,6.0,0.0,45.0,13.3,0.618,0.14300000000000002,1.143,5.0,10.6,7.7,3.6,2.4,1.7,16.0,12.7,,0.1,0.0,0.1,0.08900000000000001,,-2.3,-0.7,-2.9,0.0,4.0,7.0,0.5710000000000001,0.0,1.0,0.0,4.0,6.0,0.667,0.5710000000000001,5.0,8.0,0.625,2.0,4.0,6.0,1.0,2.0,1.0,2.0,2.0,13.0
