Tm,Unnamed: 0,Year,Player,Pos,Age,G,GS,MP,PER,TS%,3PAr,FTr,ORB%,DRB%,TRB%,AST%,STL%,BLK%,TOV%,USG%,blanl,OWS,DWS,WS,WS/48,blank2,OBPM,DBPM,BPM,VORP,FG,FGA,FG%,3P,3PA,3P%,2P,2PA,2P%,eFG%,FT,FTA,FT%,ORB,DRB,TRB,AST,STL,BLK,TOV,PF,PTS
MIN,24658,2017.0,Andrew Wiggins,SF,21.0,82.0,82.0,3048.0,16.5,0.5429999999999999,0.184,0.43700000000000006,5.0,9.5,7.2,10.6,1.5,1.3,11.7,29.0,,3.4,0.9,4.2,0.069,,0.4,-1.8,-2.1,-0.1,709.0,1570.0,0.45899999999999996,103.0,289.0,0.35600000000000004,606.0,1281.0,0.486,0.484,430.0,565.0,0.7609999999999999,134.0,240.0,374.0,189.0,86.0,50.0,187.0,190.0,1933.0
