Tm,Unnamed: 0,Year,Player,Pos,Age,G,GS,MP,PER,TS%,3PAr,FTr,ORB%,DRB%,TRB%,AST%,STL%,BLK%,TOV%,USG%,blanl,OWS,DWS,WS,WS/48,blank2,OBPM,DBPM,BPM,VORP,FG,FGA,FG%,3P,3PA,3P%,2P,2PA,2P%,eFG%,FT,FTA,FT%,ORB,DRB,TRB,AST,STL,BLK,TOV,PF,PTS
CHS,229,1950.0,Andy Phillip*,G-F,27.0,65.0,,,,0.406,,0.332,,,,,,,,,,3.1,4.6,7.7,,,,,,,284.0,814.0,0.349,,,,284.0,814.0,0.349,0.349,190.0,270.0,0.7040000000000001,,,,377.0,,,,210.0,758.0
PHW,581,1952.0,Andy Phillip*,SG,29.0,66.0,,2933.0,15.9,0.462,,0.40399999999999997,,,,,,,,,,4.9,4.8,9.7,0.078,,,,,,279.0,762.0,0.39899999999999997,,,,279.0,762.0,0.39899999999999997,0.39899999999999997,232.0,308.0,0.753,,,446.0,539.0,,,,221.0,790.0
TOT,740,1953.0,Andy Phillip*,G-F,30.0,70.0,,2690.0,,0.474,,0.479,,,,,,,,,,,,,,,,,,,250.0,629.0,0.397,,,,250.0,629.0,0.397,0.397,222.0,301.0,0.738,,,364.0,397.0,,,,229.0,722.0
FTW,1096,1956.0,Andy Phillip*,PG,33.0,71.0,,2705.0,16.0,0.455,,0.565,,,,,,,,,,4.2,2.9,7.1,0.125,,,,,,255.0,680.0,0.375,,,,255.0,680.0,0.375,0.375,241.0,330.0,0.73,,,290.0,491.0,,,,204.0,751.0
BOS,1314,1958.0,Andy Phillip*,PG,35.0,70.0,,1476.0,8.9,0.442,,0.495,,,,,,,,,,0.9,2.2,3.1,0.1,,,,,,105.0,277.0,0.379,,,,105.0,277.0,0.379,0.379,88.0,137.0,0.642,,,181.0,168.0,,,,121.0,298.0
