Tm,Unnamed: 0,Year,Player,Pos,Age,G,GS,MP,PER,TS%,3PAr,FTr,ORB%,DRB%,TRB%,AST%,STL%,BLK%,TOV%,USG%,blanl,OWS,DWS,WS,WS/48,blank2,OBPM,DBPM,BPM,VORP,FG,FGA,FG%,3P,3PA,3P%,2P,2PA,2P%,eFG%,FT,FTA,FT%,ORB,DRB,TRB,AST,STL,BLK,TOV,PF,PTS
ORL,14143,1999.0,Anfernee Hardaway,SG,27.0,82.0,82.0,3015.0,24.6,0.605,0.284,0.47700000000000004,7.2,13.1,8.5,32.2,3.2,1.7,19.1,27.2,,11.0,3.4,14.4,0.22899999999999998,,6.4,2.3,6.4,6.4,623.0,1215.0,0.513,89.0,283.0,0.349,534.0,932.0,0.573,0.55,445.0,580.0,0.82,192.0,247.0,439.0,582.0,190.0,51.0,292.0,205.0,1780.0
PHO,16706,2004.0,Anfernee Hardaway,SG,32.0,80.0,60.0,2462.0,17.9,0.5489999999999999,0.222,0.358,5.0,13.4,9.1,22.8,2.8,1.2,19.1,21.9,,4.2,3.6,7.8,0.165,,1.8,1.7,3.6,3.2,389.0,931.0,0.474,33.0,102.0,0.4,366.0,848.0,0.496,0.494,226.0,286.0,0.857,98.0,256.0,350.0,324.0,122.0,38.0,189.0,184.0,1015.0
TOT,16705,2004.0,Anfernee Hardaway,SG,32.0,76.0,14.0,2095.0,11.8,0.47200000000000003,0.11599999999999999,0.203,3.8,11.9,7.9,13.9,1.8,0.7,12.6,18.6,,0.6,1.4,2.0,0.046,,-1.6,-0.3,-1.9,0.0,279.0,679.0,0.41100000000000003,30.0,79.0,0.38,249.0,600.0,0.415,0.433,111.0,138.0,0.804,69.0,218.0,287.0,176.0,70.0,20.0,107.0,146.0,699.0
NYK,17872,2006.0,Anfernee Hardaway,SG,34.0,42.0,4.0,1219.0,10.8,0.48,0.192,0.218,4.0,17.1,9.0,17.0,1.8,0.7,28.7,19.5,,-0.2,1.1,0.7,0.028999999999999998,,-2.4,0.3,-2.1,0.0,159.0,408.0,0.423,16.0,50.0,0.364,143.0,364.0,0.452,0.452,69.0,89.0,1.0,42.0,147.0,189.0,79.0,42.0,12.0,65.0,81.0,403.0
MIA,18963,2008.0,Anfernee Hardaway,SF,36.0,16.0,8.0,325.0,9.0,0.469,0.317,0.15,1.1,12.0,6.5,16.8,3.1,0.2,16.9,11.2,,-0.1,0.3,0.2,0.036000000000000004,,-3.5,0.8,-2.7,-0.1,22.0,60.0,0.36700000000000005,8.0,19.0,0.42100000000000004,14.0,41.0,0.341,0.433,8.0,9.0,0.889,3.0,32.0,35.0,35.0,19.0,1.0,13.0,24.0,60.0
