Tm,Unnamed: 0,Year,Player,Pos,Age,G,GS,MP,PER,TS%,3PAr,FTr,ORB%,DRB%,TRB%,AST%,STL%,BLK%,TOV%,USG%,blanl,OWS,DWS,WS,WS/48,blank2,OBPM,DBPM,BPM,VORP,FG,FGA,FG%,3P,3PA,3P%,2P,2PA,2P%,eFG%,FT,FTA,FT%,ORB,DRB,TRB,AST,STL,BLK,TOV,PF,PTS
MIA,16085,2003.0,Anthony Carter,PG,27.0,79.0,30.0,1859.0,11.3,0.442,0.083,0.244,3.4,10.8,6.6,37.9,2.7,0.5,24.1,19.2,,-0.8,2.5,1.7,0.05,,-2.8,0.7,-2.1,0.0,201.0,509.0,0.406,6.0,40.0,0.15,198.0,486.0,0.43,0.413,93.0,124.0,0.75,48.0,151.0,199.0,378.0,93.0,10.0,173.0,167.0,498.0
SAS,16589,2004.0,Anthony Carter,PG,28.0,5.0,2.0,87.0,0.3,0.297,0.081,0.0,2.6,11.4,7.1,23.3,2.5,0.0,24.5,26.0,,-0.5,0.2,-0.3,-0.17600000000000002,,-10.1,0.6,-9.5,-0.2,11.0,37.0,0.297,0.0,3.0,0.0,11.0,34.0,0.324,0.297,0.0,0.0,,2.0,9.0,11.0,12.0,4.0,0.0,12.0,9.0,22.0
MIN,17757,2006.0,Anthony Carter,PG,30.0,66.0,12.0,742.0,11.3,0.465,0.109,0.401,1.9,10.5,6.3,32.2,2.5,1.7,23.7,16.4,,-0.1,0.8,0.6,0.047,,-3.6,-0.3,-3.8,-0.3,72.0,177.0,0.40700000000000003,4.0,17.0,0.267,70.0,160.0,0.43799999999999994,0.41200000000000003,40.0,55.0,0.727,12.0,57.0,69.0,161.0,35.0,18.0,62.0,88.0,181.0
DEN,20620,2011.0,Anthony Carter,PG,35.0,78.0,67.0,1960.0,12.8,0.531,0.4,0.20199999999999999,2.7,10.4,6.7,41.4,3.0,1.9,42.9,16.2,,1.6,2.2,3.8,0.092,,-0.7,0.3,-0.6,0.7,218.0,476.0,0.45799999999999996,45.0,129.0,0.349,173.0,347.0,0.5,0.505,64.0,85.0,1.0,40.0,173.0,205.0,388.0,107.0,28.0,155.0,172.0,545.0
NYK,20621,2011.0,Anthony Carter,PG,35.0,19.0,0.0,310.0,11.1,0.534,0.368,0.079,2.6,11.9,7.2,20.4,2.9,1.2,24.1,14.8,,0.0,0.3,0.3,0.044000000000000004,,-1.9,0.1,-1.8,0.0,35.0,76.0,0.461,8.0,28.0,0.28600000000000003,27.0,48.0,0.563,0.513,6.0,6.0,1.0,7.0,32.0,39.0,43.0,18.0,5.0,25.0,30.0,84.0
TOT,20619,2011.0,Anthony Carter,PG,35.0,33.0,0.0,463.0,9.2,0.502,0.377,0.075,1.7,10.9,6.3,21.3,2.9,1.0,26.3,14.3,,-0.2,0.4,0.2,0.023,,-2.8,0.1,-2.8,-0.1,45.0,106.0,0.425,12.0,40.0,0.3,33.0,66.0,0.5,0.48100000000000004,8.0,8.0,1.0,7.0,44.0,51.0,69.0,27.0,6.0,39.0,49.0,110.0
TOR,21214,2012.0,Anthony Carter,PG,36.0,24.0,0.0,209.0,8.7,0.409,0.321,0.18899999999999997,2.8,15.5,9.3,25.9,2.1,1.6,22.8,16.8,,-0.3,0.3,0.0,0.001,,-4.2,0.9,-3.3,-0.1,17.0,53.0,0.321,5.0,17.0,0.294,12.0,36.0,0.33299999999999996,0.368,8.0,10.0,0.8,5.0,28.0,33.0,34.0,8.0,4.0,17.0,20.0,47.0
