Tm,Unnamed: 0,Year,Player,Pos,Age,G,GS,MP,PER,TS%,3PAr,FTr,ORB%,DRB%,TRB%,AST%,STL%,BLK%,TOV%,USG%,blanl,OWS,DWS,WS,WS/48,blank2,OBPM,DBPM,BPM,VORP,FG,FGA,FG%,3P,3PA,3P%,2P,2PA,2P%,eFG%,FT,FTA,FT%,ORB,DRB,TRB,AST,STL,BLK,TOV,PF,PTS
CIN,1364,1959.0,Archie Dees,PF,22.0,68.0,,1252.0,13.6,0.429,,0.363,,,,,,,,,,0.2,0.4,0.7,0.025,,,,,,200.0,562.0,0.35600000000000004,,,,200.0,562.0,0.35600000000000004,0.35600000000000004,159.0,204.0,0.779,,,339.0,56.0,,,,114.0,559.0
DET,1599,1961.0,Archie Dees,PF,24.0,73.0,,1244.0,17.2,0.5,,0.348,,,,,,,,,,2.7,1.0,3.7,0.14400000000000002,,,,,,271.0,617.0,0.439,,,,271.0,617.0,0.439,0.439,165.0,204.0,0.83,,,397.0,43.0,,,,188.0,707.0
TOT,1712,1962.0,Archie Dees,F-C,25.0,21.0,,288.0,,0.507,,0.4,,,,,,,,,,,,,,,,,,,51.0,115.0,0.44299999999999995,,,,51.0,115.0,0.44299999999999995,0.44299999999999995,35.0,46.0,0.7609999999999999,,,77.0,16.0,,,,33.0,137.0
