Tm,Unnamed: 0,Year,Player,Pos,Age,G,GS,MP,PER,TS%,3PAr,FTr,ORB%,DRB%,TRB%,AST%,STL%,BLK%,TOV%,USG%,blanl,OWS,DWS,WS,WS/48,blank2,OBPM,DBPM,BPM,VORP,FG,FGA,FG%,3P,3PA,3P%,2P,2PA,2P%,eFG%,FT,FTA,FT%,ORB,DRB,TRB,AST,STL,BLK,TOV,PF,PTS
FTW,502,1952.0,Art Burris,SF,27.0,33.0,,245.0,1.9,0.299,,0.319,,,,,,,,,,-0.9,0.6,-0.3,-0.132,,,,,,28.0,113.0,0.248,,,,28.0,113.0,0.248,0.248,21.0,36.0,0.583,,,106.0,27.0,,,,51.0,77.0
MLH,503,1952.0,Art Burris,SF,27.0,12.0,,269.0,8.8,0.361,,0.33299999999999996,,,,,,,,,,-0.3,0.2,-0.1,-0.021,,,,,,24.0,81.0,0.29600000000000004,,,,24.0,81.0,0.29600000000000004,0.29600000000000004,19.0,27.0,0.7040000000000001,,,50.0,16.0,,,,30.0,67.0
TOT,501,1952.0,Art Burris,SF,27.0,41.0,,514.0,5.5,0.318,,0.25,,,,,,,,,,-1.2,0.4,-0.8,-0.073,,,,,,42.0,156.0,0.26899999999999996,,,,42.0,156.0,0.26899999999999996,0.26899999999999996,26.0,39.0,0.667,,,99.0,27.0,,,,69.0,110.0
