Tm,Unnamed: 0,Year,Player,Pos,Age,G,GS,MP,PER,TS%,3PAr,FTr,ORB%,DRB%,TRB%,AST%,STL%,BLK%,TOV%,USG%,blanl,OWS,DWS,WS,WS/48,blank2,OBPM,DBPM,BPM,VORP,FG,FGA,FG%,3P,3PA,3P%,2P,2PA,2P%,eFG%,FT,FTA,FT%,ORB,DRB,TRB,AST,STL,BLK,TOV,PF,PTS
VAN,12300,1996.0,Ashraf Amaya,PF,24.0,54.0,34.0,1104.0,11.8,0.534,0.004,0.591,11.7,20.8,16.1,5.1,1.1,0.7,15.2,15.5,,0.7,1.1,1.8,0.078,,-3.4,-0.5,-3.9,-0.5,121.0,252.0,0.48,0.0,1.0,0.0,121.0,251.0,0.48200000000000004,0.48,97.0,149.0,0.6509999999999999,114.0,189.0,303.0,33.0,22.0,10.0,57.0,151.0,339.0
WSB,12848,1997.0,Ashraf Amaya,PF,25.0,31.0,0.0,144.0,8.8,0.382,0.025,0.7,15.7,26.4,21.1,2.9,2.5,1.6,16.0,19.4,,-0.2,0.3,0.1,0.019,,-7.0,-1.0,-8.1,-0.2,12.0,40.0,0.3,1.0,1.0,1.0,11.0,39.0,0.282,0.313,15.0,28.0,0.536,19.0,33.0,52.0,3.0,7.0,3.0,10.0,29.0,40.0
