Tm,Unnamed: 0,Year,Player,Pos,Age,G,GS,MP,PER,TS%,3PAr,FTr,ORB%,DRB%,TRB%,AST%,STL%,BLK%,TOV%,USG%,blanl,OWS,DWS,WS,WS/48,blank2,OBPM,DBPM,BPM,VORP,FG,FGA,FG%,3P,3PA,3P%,2P,2PA,2P%,eFG%,FT,FTA,FT%,ORB,DRB,TRB,AST,STL,BLK,TOV,PF,PTS
DEN,24039,2016.0,Axel Toupane,SF,23.0,21.0,0.0,305.0,7.1,0.49,0.5710000000000001,0.243,2.9,8.5,5.6,7.0,1.2,1.6,7.2,12.0,,0.2,0.1,0.3,0.049,,-1.7,-1.1,-2.8,-0.1,25.0,70.0,0.35700000000000004,13.0,40.0,0.325,12.0,30.0,0.4,0.45,13.0,17.0,0.765,8.0,23.0,31.0,15.0,7.0,6.0,6.0,40.0,76.0
MIL,24623,2017.0,Axel Toupane,SF,24.0,2.0,0.0,6.0,-9.9,0.0,1.0,0.0,0.0,0.0,0.0,0.0,0.0,0.0,0.0,7.6,,0.0,0.0,0.0,-0.191,,-9.2,-3.5,-12.7,0.0,0.0,1.0,0.0,0.0,1.0,0.0,0.0,0.0,,0.0,0.0,0.0,,0.0,0.0,0.0,0.0,0.0,0.0,0.0,1.0,0.0
NOP,24624,2017.0,Axel Toupane,SF,24.0,2.0,0.0,41.0,8.6,0.688,0.375,0.0,0.0,2.6,1.3,0.0,1.2,2.0,0.0,8.6,,0.1,0.0,0.1,0.098,,-1.9,-0.6,-2.5,0.0,5.0,8.0,0.625,1.0,3.0,0.33299999999999996,4.0,5.0,0.8,0.688,0.0,0.0,,0.0,1.0,1.0,0.0,1.0,1.0,0.0,5.0,11.0
TOT,24622,2017.0,Axel Toupane,SF,24.0,4.0,0.0,47.0,6.2,0.611,0.444,0.0,0.0,2.3,1.1,0.0,1.0,1.7,0.0,8.5,,0.0,0.0,0.1,0.061,,-2.8,-1.0,-3.8,0.0,5.0,9.0,0.556,1.0,4.0,0.25,4.0,5.0,0.8,0.611,0.0,0.0,,0.0,1.0,1.0,0.0,1.0,1.0,0.0,6.0,11.0
