Tm,Unnamed: 0,Year,Player,Pos,Age,G,GS,MP,PER,TS%,3PAr,FTr,ORB%,DRB%,TRB%,AST%,STL%,BLK%,TOV%,USG%,blanl,OWS,DWS,WS,WS/48,blank2,OBPM,DBPM,BPM,VORP,FG,FGA,FG%,3P,3PA,3P%,2P,2PA,2P%,eFG%,FT,FTA,FT%,ORB,DRB,TRB,AST,STL,BLK,TOV,PF,PTS
DET,5620,1979.0,Ben Poquette,PF,23.0,76.0,,1337.0,13.1,0.48100000000000004,,0.306,8.5,19.1,13.1,5.4,1.3,3.8,13.7,17.8,,0.9,1.6,2.5,0.091,,-2.7,1.1,-1.6,0.1,198.0,464.0,0.42700000000000005,,,,198.0,464.0,0.42700000000000005,0.42700000000000005,111.0,142.0,0.782,99.0,237.0,336.0,57.0,38.0,98.0,65.0,198.0,507.0
UTA,7098,1983.0,Ben Poquette,PF,27.0,82.0,56.0,2808.0,14.0,0.5720000000000001,0.023,0.317,7.3,20.9,13.9,9.6,1.4,3.9,15.1,15.0,,3.0,2.5,5.4,0.10300000000000001,,-0.8,2.2,1.2,2.3,329.0,697.0,0.528,3.0,10.0,0.5,328.0,692.0,0.528,0.53,166.0,221.0,0.8320000000000001,160.0,469.0,629.0,168.0,67.0,174.0,122.0,342.0,825.0
CHI,8556,1987.0,Ben Poquette,PF,31.0,21.0,1.0,167.0,11.9,0.569,0.025,0.275,6.7,9.7,8.2,5.8,0.9,4.3,8.2,12.3,,0.3,0.2,0.4,0.127,,-2.0,0.7,-1.3,0.0,21.0,40.0,0.525,0.0,1.0,0.0,21.0,39.0,0.5379999999999999,0.525,9.0,11.0,0.818,10.0,14.0,24.0,7.0,3.0,12.0,4.0,26.0,51.0
CLE,8555,1987.0,Ben Poquette,PF,31.0,81.0,6.0,1656.0,12.6,0.57,0.037000000000000005,0.47600000000000003,9.7,21.2,15.5,8.5,1.3,2.8,14.8,14.2,,1.4,2.1,3.5,0.10400000000000001,,-1.5,1.8,0.1,0.9,210.0,457.0,0.5,3.0,17.0,0.2,207.0,440.0,0.519,0.5,109.0,137.0,0.7959999999999999,148.0,325.0,473.0,79.0,47.0,58.0,70.0,220.0,532.0
TOT,8554,1987.0,Ben Poquette,PF,31.0,58.0,2.0,604.0,10.8,0.569,0.033,0.41,5.4,12.8,9.1,7.7,0.7,3.2,12.7,11.1,,0.7,0.7,1.4,0.11,,-2.7,1.0,-1.7,0.0,62.0,122.0,0.508,0.0,4.0,0.0,62.0,118.0,0.525,0.508,40.0,50.0,0.8,30.0,71.0,101.0,35.0,9.0,34.0,21.0,77.0,164.0
