Tm,Unnamed: 0,Year,Player,Pos,Age,G,GS,MP,PER,TS%,3PAr,FTr,ORB%,DRB%,TRB%,AST%,STL%,BLK%,TOV%,USG%,blanl,OWS,DWS,WS,WS/48,blank2,OBPM,DBPM,BPM,VORP,FG,FGA,FG%,3P,3PA,3P%,2P,2PA,2P%,eFG%,FT,FTA,FT%,ORB,DRB,TRB,AST,STL,BLK,TOV,PF,PTS
CHI,19544,2009.0,Ben Gordon,SG,25.0,82.0,76.0,2999.0,18.2,0.573,0.332,0.32899999999999996,3.1,9.3,6.0,20.1,1.6,0.5,14.0,30.4,,5.2,3.9,8.6,0.152,,2.7,-1.0,1.4,2.4,609.0,1338.0,0.455,173.0,422.0,0.435,454.0,963.0,0.47600000000000003,0.521,380.0,440.0,0.9079999999999999,55.0,231.0,283.0,296.0,75.0,22.0,249.0,252.0,1753.0
DET,21322,2012.0,Ben Gordon,SG,28.0,82.0,27.0,2131.0,14.0,0.5489999999999999,0.345,0.32899999999999996,2.2,9.5,5.6,16.7,1.5,0.6,16.3,24.5,,1.8,0.7,2.1,0.059000000000000004,,1.0,-2.4,-2.1,-0.1,339.0,770.0,0.442,107.0,266.0,0.429,232.0,504.0,0.465,0.51,198.0,230.0,0.861,41.0,154.0,195.0,171.0,49.0,16.0,141.0,178.0,921.0
CHA,22480,2014.0,Ben Gordon,SG,30.0,75.0,0.0,1560.0,12.7,0.515,0.384,0.19399999999999998,1.3,9.8,5.5,17.6,1.9,0.8,15.2,27.8,,-0.4,0.3,-0.3,-0.018000000000000002,,-0.4,-1.0,-5.1,-0.3,310.0,760.0,0.408,113.0,292.0,0.387,197.0,468.0,0.42100000000000004,0.48200000000000004,107.0,127.0,0.843,18.0,112.0,130.0,141.0,35.0,16.0,136.0,134.0,840.0
ORL,23086,2015.0,Ben Gordon,SG,31.0,56.0,0.0,790.0,10.6,0.5379999999999999,0.32899999999999996,0.22699999999999998,0.8,8.3,4.5,10.3,0.9,0.1,14.5,21.8,,0.1,0.2,0.3,0.015,,-2.5,-3.6,-6.1,-0.8,129.0,295.0,0.43700000000000006,35.0,97.0,0.361,94.0,198.0,0.475,0.49700000000000005,56.0,67.0,0.836,6.0,57.0,63.0,50.0,14.0,1.0,55.0,60.0,349.0
