Tm,Unnamed: 0,Year,Player,Pos,Age,G,GS,MP,PER,TS%,3PAr,FTr,ORB%,DRB%,TRB%,AST%,STL%,BLK%,TOV%,USG%,blanl,OWS,DWS,WS,WS/48,blank2,OBPM,DBPM,BPM,VORP,FG,FGA,FG%,3P,3PA,3P%,2P,2PA,2P%,eFG%,FT,FTA,FT%,ORB,DRB,TRB,AST,STL,BLK,TOV,PF,PTS
UTA,5909,1980.0,Bernard King*,SF,23.0,19.0,,419.0,11.4,0.534,0.0,0.46,7.0,17.2,12.3,18.1,0.8,0.5,23.3,22.0,,-0.2,0.1,0.0,-0.002,,-2.3,-1.7,-4.0,-0.2,71.0,137.0,0.518,0.0,0.0,,71.0,137.0,0.518,0.518,34.0,63.0,0.54,24.0,64.0,88.0,52.0,7.0,4.0,50.0,66.0,176.0
GSW,6637,1982.0,Bernard King*,SF,25.0,81.0,77.0,2914.0,19.9,0.617,0.005,0.382,6.7,14.4,10.5,15.1,1.3,0.7,15.6,25.3,,7.7,2.2,9.1,0.15,,3.9,-0.6,3.3,3.9,740.0,1307.0,0.588,2.0,6.0,0.33299999999999996,739.0,1302.0,0.589,0.588,352.0,499.0,0.705,178.0,373.0,551.0,287.0,78.0,34.0,267.0,304.0,1833.0
NYK,8474,1987.0,Bernard King*,SF,30.0,77.0,76.0,2667.0,25.2,0.619,0.008,0.424,6.8,12.3,9.0,18.6,2.0,0.4,13.0,35.1,,8.6,3.5,12.1,0.218,,5.8,0.4,4.3,3.7,795.0,1391.0,0.5720000000000001,1.0,10.0,0.1,795.0,1387.0,0.573,0.5720000000000001,437.0,561.0,0.779,123.0,271.0,394.0,204.0,90.0,17.0,204.0,273.0,2027.0
WSB,10219,1991.0,Bernard King*,SF,34.0,82.0,82.0,2687.0,19.1,0.55,0.024,0.35200000000000004,5.4,11.2,8.2,21.8,1.2,0.4,16.3,34.4,,4.1,1.7,5.5,0.099,,2.4,-1.1,0.2,1.5,713.0,1511.0,0.501,8.0,37.0,0.21600000000000003,708.0,1474.0,0.503,0.502,412.0,513.0,0.8190000000000001,133.0,275.0,404.0,376.0,64.0,16.0,255.0,230.0,1837.0
NJN,11118,1993.0,Bernard King*,SF,36.0,82.0,2.0,3092.0,17.9,0.552,0.04,0.455,8.9,16.0,12.3,16.4,1.8,0.7,16.5,26.0,,2.8,3.6,6.5,0.134,,2.0,0.4,2.4,3.2,798.0,1665.0,0.522,2.0,7.0,0.28600000000000003,798.0,1665.0,0.524,0.522,349.0,619.0,0.684,265.0,486.0,751.0,295.0,122.0,39.0,323.0,326.0,1909.0
