Tm,Unnamed: 0,Year,Player,Pos,Age,G,GS,MP,PER,TS%,3PAr,FTr,ORB%,DRB%,TRB%,AST%,STL%,BLK%,TOV%,USG%,blanl,OWS,DWS,WS,WS/48,blank2,OBPM,DBPM,BPM,VORP,FG,FGA,FG%,3P,3PA,3P%,2P,2PA,2P%,eFG%,FT,FTA,FT%,ORB,DRB,TRB,AST,STL,BLK,TOV,PF,PTS
POR,5345,1978.0,Bill Walton*,C,25.0,65.0,,2264.0,24.8,0.563,,0.397,9.8,34.2,21.2,22.8,1.4,5.0,17.2,24.5,,5.4,4.8,10.2,0.215,,2.9,4.8,7.0,5.1,491.0,930.0,0.528,,,,491.0,930.0,0.528,0.528,228.0,327.0,0.72,211.0,723.0,934.0,291.0,66.0,211.0,206.0,174.0,1210.0
SDC,7524,1984.0,Bill Walton*,C,31.0,55.0,46.0,1476.0,22.2,0.57,0.004,0.335,10.2,32.5,20.2,17.1,1.4,6.3,23.2,26.3,,0.7,1.6,2.3,0.10800000000000001,,0.3,3.6,3.1,1.9,288.0,518.0,0.556,0.0,2.0,0.0,288.0,516.0,0.5579999999999999,0.556,92.0,154.0,0.597,132.0,345.0,477.0,183.0,45.0,119.0,177.0,153.0,668.0
LAC,7882,1985.0,Bill Walton*,C,32.0,67.0,37.0,1647.0,17.8,0.5579999999999999,0.004,0.39299999999999996,11.7,28.1,20.2,13.0,1.4,4.6,22.3,19.3,,0.6,2.7,3.3,0.09699999999999999,,-1.0,3.6,2.6,1.9,269.0,516.0,0.521,0.0,2.0,0.0,269.0,514.0,0.523,0.521,138.0,203.0,0.68,168.0,432.0,600.0,156.0,50.0,140.0,174.0,184.0,676.0
BOS,8640,1987.0,Bill Walton*,C,34.0,80.0,2.0,1546.0,17.0,0.606,0.0,0.5770000000000001,12.1,27.3,19.4,13.6,1.2,5.0,31.5,18.1,,1.6,3.4,5.0,0.157,,-0.6,3.7,3.1,2.0,231.0,411.0,0.562,0.0,0.0,,231.0,411.0,0.562,0.562,144.0,202.0,0.713,136.0,408.0,544.0,165.0,38.0,106.0,151.0,210.0,606.0
