Tm,Unnamed: 0,Year,Player,Pos,Age,G,GS,MP,PER,TS%,3PAr,FTr,ORB%,DRB%,TRB%,AST%,STL%,BLK%,TOV%,USG%,blanl,OWS,DWS,WS,WS/48,blank2,OBPM,DBPM,BPM,VORP,FG,FGA,FG%,3P,3PA,3P%,2P,2PA,2P%,eFG%,FT,FTA,FT%,ORB,DRB,TRB,AST,STL,BLK,TOV,PF,PTS
CIN,3046,1970.0,Bill Turner,PF,25.0,69.0,,1095.0,11.1,0.475,,0.348,,,,4.9,,,,,,0.1,0.9,1.0,0.044000000000000004,,,,,,188.0,451.0,0.41700000000000004,,,,188.0,451.0,0.41700000000000004,0.41700000000000004,118.0,157.0,0.752,,,290.0,42.0,,,,187.0,494.0
SFW,3281,1971.0,Bill Turner,SF,26.0,79.0,,1486.0,12.2,0.537,,0.588,,,9.2,6.4,,,,,,1.2,1.9,3.1,0.099,,,,,,222.0,535.0,0.529,,,,222.0,535.0,0.529,0.529,175.0,230.0,0.7609999999999999,,,380.0,67.0,,,,231.0,619.0
GSW,3541,1972.0,Bill Turner,PF,27.0,62.0,,597.0,8.8,0.445,,0.293,,,9.8,4.8,,,,,,-0.2,0.7,0.5,0.040999999999999995,,,,,,71.0,181.0,0.392,,,,71.0,181.0,0.392,0.392,40.0,53.0,0.755,,,131.0,22.0,,,,67.0,182.0
LAL,3816,1973.0,Bill Turner,PF,28.0,19.0,,117.0,7.2,0.345,,0.135,,,9.7,11.7,,,,,,-0.4,0.2,-0.2,-0.08199999999999999,,,,,,17.0,52.0,0.327,,,,17.0,52.0,0.327,0.327,4.0,7.0,0.5710000000000001,,,25.0,11.0,,,,13.0,38.0
POR,3815,1973.0,Bill Turner,PF,28.0,2.0,,8.0,1.5,0.33299999999999996,,0.0,,,12.1,0.0,,,,,,0.0,0.0,0.0,-0.252,,,,,,2.0,6.0,0.33299999999999996,,,,2.0,6.0,0.33299999999999996,0.33299999999999996,0.0,0.0,,,,2.0,0.0,,,,3.0,4.0
TOT,3814,1973.0,Bill Turner,PF-SF,28.0,72.0,,1170.0,11.0,0.47700000000000004,,0.35700000000000004,,,9.9,11.0,,,,,,0.2,1.0,1.1,0.047,,,,,,197.0,468.0,0.42100000000000004,,,,197.0,468.0,0.42100000000000004,0.42100000000000004,123.0,167.0,0.737,,,304.0,43.0,,,,193.0,517.0
