Tm,Unnamed: 0,Year,Player,Pos,Age,G,GS,MP,PER,TS%,3PAr,FTr,ORB%,DRB%,TRB%,AST%,STL%,BLK%,TOV%,USG%,blanl,OWS,DWS,WS,WS/48,blank2,OBPM,DBPM,BPM,VORP,FG,FGA,FG%,3P,3PA,3P%,2P,2PA,2P%,eFG%,FT,FTA,FT%,ORB,DRB,TRB,AST,STL,BLK,TOV,PF,PTS
KCK,5959,1980.0,Billy McKinney,PG,24.0,78.0,,1333.0,15.6,0.555,0.022000000000000002,0.34,1.7,5.8,3.7,27.0,2.1,0.2,18.4,20.8,,1.7,1.6,3.0,0.114,,-0.1,-1.2,-2.1,0.0,240.0,477.0,0.503,1.0,10.0,0.1,240.0,477.0,0.503,0.503,129.0,162.0,0.805,20.0,66.0,86.0,253.0,58.0,5.0,124.0,121.0,609.0
TOT,6313,1981.0,Billy McKinney,PG,25.0,84.0,,2166.0,13.3,0.562,0.019,0.29100000000000004,1.7,7.4,4.6,22.2,2.1,0.3,17.8,16.1,,2.6,0.8,3.4,0.075,,-0.2,-1.6,-1.8,0.1,327.0,645.0,0.507,2.0,12.0,0.16699999999999998,325.0,633.0,0.513,0.509,162.0,188.0,0.862,36.0,148.0,184.0,360.0,99.0,11.0,158.0,231.0,818.0
UTA,6314,1981.0,Billy McKinney,PG,25.0,35.0,,1032.0,11.0,0.5760000000000001,0.009000000000000001,0.20600000000000002,1.3,6.8,4.1,21.0,1.8,0.2,21.6,13.5,,0.8,0.3,1.1,0.051,,-1.5,-1.6,-3.1,-0.3,124.0,233.0,0.532,1.0,2.0,0.5,123.0,231.0,0.532,0.534,44.0,48.0,0.917,12.0,62.0,74.0,157.0,38.0,4.0,70.0,107.0,293.0
DEN,7055,1983.0,Billy McKinney,PG,27.0,81.0,38.0,1963.0,15.5,0.565,0.024,0.34,2.1,7.9,4.9,23.3,2.4,0.4,15.7,18.4,,3.4,0.5,3.3,0.098,,1.0,-1.5,-0.6,0.4,369.0,699.0,0.528,1.0,17.0,0.1,369.0,682.0,0.541,0.528,137.0,170.0,0.843,29.0,113.0,142.0,338.0,69.0,16.0,115.0,186.0,875.0
SDC,7416,1984.0,Billy McKinney,PG,28.0,80.0,0.0,843.0,11.7,0.478,0.006999999999999999,0.151,0.9,6.3,3.6,25.1,1.5,0.0,12.9,17.6,,0.7,0.1,0.9,0.049,,-1.8,-3.4,-5.2,-0.7,136.0,305.0,0.446,0.0,2.0,0.0,136.0,303.0,0.449,0.446,39.0,46.0,0.848,7.0,47.0,54.0,161.0,27.0,0.0,48.0,84.0,311.0
CHI,8141,1986.0,Billy McKinney,PG,30.0,9.0,0.0,83.0,9.9,0.461,0.0,0.087,1.3,5.7,3.4,20.7,1.7,0.0,7.7,12.7,,0.1,0.0,0.1,0.053,,-2.1,-3.2,-5.3,-0.1,10.0,23.0,0.435,0.0,0.0,,10.0,23.0,0.435,0.435,2.0,2.0,1.0,1.0,4.0,5.0,13.0,3.0,0.0,2.0,9.0,22.0
