Tm,Unnamed: 0,Year,Player,Pos,Age,G,GS,MP,PER,TS%,3PAr,FTr,ORB%,DRB%,TRB%,AST%,STL%,BLK%,TOV%,USG%,blanl,OWS,DWS,WS,WS/48,blank2,OBPM,DBPM,BPM,VORP,FG,FGA,FG%,3P,3PA,3P%,2P,2PA,2P%,eFG%,FT,FTA,FT%,ORB,DRB,TRB,AST,STL,BLK,TOV,PF,PTS
SEA,6571,1982.0,Bill Hanzlik,SF,24.0,81.0,76.0,1974.0,11.0,0.5579999999999999,0.017,0.519,6.0,8.9,7.3,12.0,2.2,0.9,19.6,14.2,,1.3,2.9,4.1,0.1,,-1.1,2.2,0.6,1.3,167.0,357.0,0.478,1.0,5.0,0.2,167.0,353.0,0.48200000000000004,0.479,138.0,176.0,0.7929999999999999,99.0,167.0,266.0,183.0,81.0,30.0,106.0,250.0,472.0
DEN,9699,1990.0,Bill Hanzlik,SF,32.0,82.0,14.0,1990.0,15.3,0.546,0.107,0.6759999999999999,5.3,11.7,7.7,20.7,2.4,1.0,22.1,21.1,,2.4,2.3,4.7,0.115,,0.4,1.3,0.5,1.2,331.0,746.0,0.452,22.0,80.0,0.275,323.0,700.0,0.474,0.46,318.0,405.0,0.807,88.0,177.0,264.0,316.0,107.0,29.0,165.0,291.0,988.0
