Tm,Unnamed: 0,Year,Player,Pos,Age,G,GS,MP,PER,TS%,3PAr,FTr,ORB%,DRB%,TRB%,AST%,STL%,BLK%,TOV%,USG%,blanl,OWS,DWS,WS,WS/48,blank2,OBPM,DBPM,BPM,VORP,FG,FGA,FG%,3P,3PA,3P%,2P,2PA,2P%,eFG%,FT,FTA,FT%,ORB,DRB,TRB,AST,STL,BLK,TOV,PF,PTS
MIL,11486,1994.0,Blue Edwards,SF,28.0,82.0,81.0,2729.0,16.4,0.569,0.133,0.27699999999999997,5.2,11.8,8.1,12.5,2.4,1.1,14.2,21.8,,3.7,2.0,5.7,0.10099999999999999,,1.1,-0.1,1.0,2.1,554.0,1083.0,0.512,38.0,106.0,0.358,517.0,977.0,0.529,0.529,237.0,300.0,0.799,123.0,259.0,382.0,214.0,129.0,45.0,175.0,242.0,1382.0
BOS,11955,1995.0,Blue Edwards,SF,29.0,31.0,7.0,507.0,12.7,0.509,0.221,0.24600000000000002,5.6,9.2,7.4,14.5,1.9,1.4,15.3,21.8,,0.2,0.4,0.5,0.051,,-0.8,-0.8,-1.7,0.0,83.0,195.0,0.426,11.0,43.0,0.256,72.0,152.0,0.474,0.45399999999999996,43.0,48.0,0.8959999999999999,25.0,40.0,65.0,47.0,19.0,10.0,39.0,64.0,220.0
TOT,11954,1995.0,Blue Edwards,SF,29.0,67.0,7.0,1112.0,11.6,0.531,0.191,0.22899999999999998,5.5,8.5,7.0,10.7,2.0,1.1,15.8,20.5,,0.2,1.0,1.2,0.053,,-1.0,-0.5,-1.5,0.1,181.0,393.0,0.461,22.0,75.0,0.293,159.0,318.0,0.5,0.489,75.0,90.0,0.833,50.0,80.0,130.0,77.0,43.0,16.0,81.0,143.0,459.0
UTA,11956,1995.0,Blue Edwards,SF,29.0,82.0,81.0,2283.0,13.7,0.569,0.162,0.36,5.5,10.6,7.8,11.2,2.1,1.2,18.9,19.4,,2.6,2.7,5.2,0.11,,0.7,1.5,1.3,1.9,433.0,830.0,0.526,39.0,103.0,0.379,394.0,727.0,0.542,0.545,146.0,203.0,0.774,86.0,212.0,298.0,145.0,81.0,46.0,152.0,280.0,1018.0
VAN,13554,1998.0,Blue Edwards,SG,32.0,82.0,82.0,2773.0,14.5,0.521,0.256,0.29,4.0,11.5,7.6,17.2,2.3,1.3,14.0,21.9,,1.8,2.5,2.1,0.052000000000000005,,0.1,0.7,-0.9,0.8,401.0,956.0,0.439,84.0,245.0,0.34299999999999997,317.0,711.0,0.46,0.466,180.0,215.0,0.8370000000000001,98.0,248.0,346.0,212.0,118.0,46.0,170.0,243.0,1043.0
MIA,14097,1999.0,Blue Edwards,SF,33.0,24.0,0.0,283.0,12.2,0.495,0.139,0.18100000000000002,3.2,10.4,7.1,19.0,3.4,1.3,21.3,17.2,,0.0,0.5,0.4,0.07400000000000001,,-2.3,1.7,-0.5,0.1,32.0,72.0,0.444,4.0,10.0,0.4,28.0,62.0,0.452,0.47200000000000003,9.0,13.0,0.6920000000000001,7.0,26.0,33.0,30.0,17.0,5.0,21.0,23.0,77.0
