Tm,Unnamed: 0,Year,Player,Pos,Age,G,GS,MP,PER,TS%,3PAr,FTr,ORB%,DRB%,TRB%,AST%,STL%,BLK%,TOV%,USG%,blanl,OWS,DWS,WS,WS/48,blank2,OBPM,DBPM,BPM,VORP,FG,FGA,FG%,3P,3PA,3P%,2P,2PA,2P%,eFG%,FT,FTA,FT%,ORB,DRB,TRB,AST,STL,BLK,TOV,PF,PTS
POR,6567,1982.0,Bob Gross,SF,28.0,82.0,24.0,2232.0,16.9,0.584,0.021,0.355,9.8,12.7,10.6,20.0,2.8,1.9,24.1,18.0,,4.9,3.1,7.4,0.159,,2.5,2.2,4.3,3.5,381.0,720.0,0.537,3.0,10.0,0.5,381.0,720.0,0.5379999999999999,0.542,183.0,215.0,0.851,180.0,221.0,400.0,254.0,107.0,67.0,179.0,255.0,935.0
SDC,6948,1983.0,Bob Gross,SF,29.0,27.0,3.0,373.0,8.7,0.45899999999999996,0.037000000000000005,0.23199999999999998,9.1,11.3,10.1,11.1,2.7,1.1,21.0,11.9,,0.0,0.2,0.2,0.032,,-2.0,0.6,-1.4,0.1,35.0,82.0,0.42700000000000005,1.0,3.0,0.33299999999999996,34.0,79.0,0.43,0.433,12.0,19.0,0.632,32.0,34.0,66.0,34.0,22.0,7.0,24.0,69.0,83.0
