Tm,Unnamed: 0,Year,Player,Pos,Age,G,GS,MP,PER,TS%,3PAr,FTr,ORB%,DRB%,TRB%,AST%,STL%,BLK%,TOV%,USG%,blanl,OWS,DWS,WS,WS/48,blank2,OBPM,DBPM,BPM,VORP,FG,FGA,FG%,3P,3PA,3P%,2P,2PA,2P%,eFG%,FT,FTA,FT%,ORB,DRB,TRB,AST,STL,BLK,TOV,PF,PTS
NYK,1649,1961.0,Bob McNeill,PG,22.0,75.0,,1387.0,10.4,0.45299999999999996,,0.295,,,,,,,,,,0.8,0.4,1.2,0.043,,,,,,166.0,427.0,0.389,,,,166.0,427.0,0.389,0.389,105.0,126.0,0.833,,,123.0,238.0,,,,148.0,437.0
LAL,1765,1962.0,Bob McNeill,PG,23.0,29.0,,229.0,7.8,0.39799999999999996,,0.2,,,,,,,,,,-0.1,0.2,0.1,0.024,,,,,,22.0,60.0,0.36700000000000005,,,,22.0,60.0,0.36700000000000005,0.36700000000000005,8.0,12.0,0.667,,,23.0,40.0,,,,25.0,52.0
PHW,1764,1962.0,Bob McNeill,PG,23.0,21.0,,212.0,14.3,0.502,,0.289,,,,,,,,,,0.3,0.3,0.6,0.13,,,,,,34.0,76.0,0.447,,,,34.0,76.0,0.447,0.447,18.0,22.0,0.818,,,33.0,49.0,,,,31.0,86.0
TOT,1763,1962.0,Bob McNeill,PG,23.0,50.0,,441.0,10.9,0.457,,0.25,,,,,,,,,,0.2,0.5,0.7,0.075,,,,,,56.0,136.0,0.41200000000000003,,,,56.0,136.0,0.41200000000000003,0.41200000000000003,26.0,34.0,0.765,,,56.0,89.0,,,,56.0,138.0
