Tm,Unnamed: 0,Year,Player,Pos,Age,G,GS,MP,PER,TS%,3PAr,FTr,ORB%,DRB%,TRB%,AST%,STL%,BLK%,TOV%,USG%,blanl,OWS,DWS,WS,WS/48,blank2,OBPM,DBPM,BPM,VORP,FG,FGA,FG%,3P,3PA,3P%,2P,2PA,2P%,eFG%,FT,FTA,FT%,ORB,DRB,TRB,AST,STL,BLK,TOV,PF,PTS
BUF,4857,1977.0,Bob McAdoo*,PF,25.0,82.0,,3539.0,25.8,0.594,,0.395,9.2,26.2,17.4,15.7,1.2,3.8,,,,12.7,5.1,17.8,0.242,,5.5,0.6,5.0,6.0,1095.0,2138.0,0.547,,,,1095.0,2138.0,0.547,0.547,641.0,796.0,0.805,307.0,848.0,1155.0,315.0,93.0,246.0,,298.0,2831.0
BOS,5586,1979.0,Bob McAdoo*,C,27.0,20.0,,637.0,17.5,0.534,,0.344,6.2,18.4,12.3,9.9,0.8,1.6,14.3,27.5,,0.5,0.5,1.0,0.073,,-0.8,-1.8,-2.5,-0.1,167.0,334.0,0.5,,,,167.0,334.0,0.5,0.5,77.0,115.0,0.67,36.0,105.0,141.0,40.0,12.0,20.0,64.0,55.0,411.0
NYK,5585,1979.0,Bob McAdoo*,PF,27.0,79.0,,3182.0,22.6,0.5770000000000001,,0.42200000000000004,7.8,26.8,17.1,13.4,1.8,2.0,15.8,26.9,,6.9,4.0,10.9,0.187,,3.6,0.9,4.1,4.3,814.0,1564.0,0.541,,,,814.0,1564.0,0.541,0.541,469.0,645.0,0.757,236.0,774.0,1010.0,298.0,105.0,126.0,346.0,297.0,2097.0
DET,6306,1981.0,Bob McAdoo*,PF,29.0,58.0,,2097.0,16.3,0.524,0.023,0.314,5.9,23.5,14.2,18.6,2.3,2.4,16.9,26.2,,0.5,1.6,2.0,0.047,,-0.7,1.4,-1.0,0.5,492.0,1025.0,0.48,3.0,24.0,0.125,489.0,1001.0,0.489,0.48100000000000004,235.0,322.0,0.73,100.0,367.0,467.0,200.0,73.0,65.0,238.0,178.0,1222.0
NJN,6307,1981.0,Bob McAdoo*,PF,29.0,10.0,,153.0,17.6,0.552,0.013000000000000001,0.28,5.8,13.6,9.6,10.4,2.7,2.2,14.3,25.4,,0.1,0.2,0.3,0.1,,-0.7,-0.4,-1.2,0.0,38.0,75.0,0.507,0.0,1.0,0.0,38.0,74.0,0.514,0.507,17.0,21.0,0.81,8.0,18.0,26.0,10.0,9.0,6.0,14.0,22.0,93.0
TOT,6305,1981.0,Bob McAdoo*,PF-C,29.0,72.0,,2798.0,21.8,0.561,0.006,0.39899999999999997,7.5,26.6,17.2,14.7,2.5,2.3,15.5,27.1,,5.8,3.8,9.6,0.16399999999999998,,3.0,0.5,3.4,3.8,740.0,1445.0,0.529,0.0,1.0,0.0,740.0,1445.0,0.529,0.529,381.0,516.0,0.738,199.0,727.0,926.0,205.0,77.0,99.0,217.0,262.0,1861.0
LAL,7751,1985.0,Bob McAdoo*,C,33.0,70.0,1.0,1456.0,20.6,0.5589999999999999,0.015,0.382,8.7,17.9,13.4,6.9,1.8,2.6,13.3,27.4,,2.3,1.6,3.5,0.16699999999999998,,0.6,-1.0,-1.7,0.1,352.0,748.0,0.52,0.0,5.0,0.0,352.0,743.0,0.521,0.52,212.0,264.0,0.8029999999999999,82.0,216.0,295.0,74.0,42.0,53.0,127.0,182.0,916.0
PHI,8131,1986.0,Bob McAdoo*,C,34.0,29.0,0.0,609.0,12.2,0.513,0.0,0.32299999999999995,4.6,14.3,9.5,8.5,0.8,1.7,14.6,22.2,,0.2,0.5,0.7,0.055999999999999994,,-2.8,-1.2,-4.0,-0.3,116.0,251.0,0.462,0.0,0.0,,116.0,251.0,0.462,0.462,62.0,81.0,0.765,25.0,78.0,103.0,35.0,10.0,18.0,49.0,64.0,294.0
