Tm,Unnamed: 0,Year,Player,Pos,Age,G,GS,MP,PER,TS%,3PAr,FTr,ORB%,DRB%,TRB%,AST%,STL%,BLK%,TOV%,USG%,blanl,OWS,DWS,WS,WS/48,blank2,OBPM,DBPM,BPM,VORP,FG,FGA,FG%,3P,3PA,3P%,2P,2PA,2P%,eFG%,FT,FTA,FT%,ORB,DRB,TRB,AST,STL,BLK,TOV,PF,PTS
UTA,9698,1990.0,Bob Hansen,SG,29.0,82.0,82.0,2174.0,12.9,0.573,0.271,0.32,6.0,10.6,7.4,16.4,1.9,0.5,18.2,20.6,,2.3,2.1,4.4,0.11800000000000001,,0.7,0.9,0.9,1.3,316.0,628.0,0.517,54.0,154.0,0.35600000000000004,284.0,578.0,0.5529999999999999,0.5429999999999999,136.0,179.0,0.76,84.0,163.0,244.0,193.0,74.0,11.0,126.0,205.0,777.0
CHI,10625,1992.0,Bob Hansen,SG,31.0,66.0,0.0,769.0,5.8,0.462,0.14800000000000002,0.13,2.3,8.5,5.5,10.8,1.7,0.2,13.5,11.6,,0.0,0.9,0.9,0.054000000000000006,,-3.1,-0.1,-3.2,-0.2,75.0,169.0,0.444,7.0,25.0,0.28,68.0,144.0,0.47200000000000003,0.46399999999999997,8.0,22.0,0.364,15.0,58.0,73.0,68.0,26.0,3.0,28.0,128.0,165.0
SAC,10624,1992.0,Bob Hansen,SG,31.0,36.0,24.0,811.0,8.1,0.444,0.27,0.141,5.4,9.1,6.7,16.7,1.2,0.4,11.1,16.5,,0.0,0.4,0.0,0.033,,-2.8,-1.4,-4.2,0.0,96.0,256.0,0.444,19.0,69.0,0.275,77.0,187.0,0.5710000000000001,0.444,18.0,36.0,0.5,33.0,63.0,96.0,90.0,20.0,5.0,34.0,72.0,229.0
TOT,10623,1992.0,Bob Hansen,SG,31.0,68.0,2.0,809.0,5.7,0.461,0.152,0.124,2.5,8.3,5.5,10.4,1.7,0.2,13.0,11.5,,0.0,0.9,0.9,0.053,,-3.1,-0.2,-3.3,-0.3,79.0,178.0,0.444,7.0,27.0,0.259,72.0,151.0,0.47700000000000004,0.46299999999999997,8.0,22.0,0.364,17.0,60.0,77.0,69.0,27.0,3.0,28.0,134.0,173.0
