Tm,Unnamed: 0,Year,Player,Pos,Age,G,GS,MP,PER,TS%,3PAr,FTr,ORB%,DRB%,TRB%,AST%,STL%,BLK%,TOV%,USG%,blanl,OWS,DWS,WS,WS/48,blank2,OBPM,DBPM,BPM,VORP,FG,FGA,FG%,3P,3PA,3P%,2P,2PA,2P%,eFG%,FT,FTA,FT%,ORB,DRB,TRB,AST,STL,BLK,TOV,PF,PTS
DAL,9806,1990.0,Bob McCann,SF,25.0,10.0,0.0,62.0,12.4,0.479,0.0,0.667,7.4,14.4,11.0,13.7,1.6,2.0,18.1,23.5,,0.0,0.1,0.1,0.040999999999999995,,-4.2,0.0,-4.2,0.0,7.0,21.0,0.33299999999999996,0.0,0.0,,7.0,21.0,0.33299999999999996,0.33299999999999996,12.0,14.0,0.857,4.0,8.0,12.0,6.0,2.0,2.0,6.0,7.0,26.0
DET,10719,1992.0,Bob McCann,SF,27.0,26.0,0.0,129.0,7.3,0.387,0.03,0.39399999999999996,10.6,15.6,13.1,6.6,2.4,1.9,15.3,15.6,,-0.2,0.2,0.1,0.022000000000000002,,-5.2,1.9,-3.4,0.0,13.0,33.0,0.39399999999999996,0.0,1.0,0.0,13.0,32.0,0.406,0.39399999999999996,4.0,13.0,0.308,12.0,18.0,30.0,6.0,6.0,4.0,7.0,23.0,30.0
MIN,11159,1993.0,Bob McCann,SF,28.0,79.0,7.0,1536.0,10.9,0.519,0.005,0.371,7.3,14.8,11.1,7.0,1.7,2.4,14.2,16.1,,0.2,1.1,1.3,0.040999999999999995,,-3.0,0.1,-2.9,-0.4,200.0,410.0,0.488,0.0,2.0,0.0,200.0,408.0,0.49,0.488,95.0,152.0,0.625,92.0,190.0,282.0,68.0,51.0,58.0,79.0,202.0,495.0
WSB,12590,1996.0,Bob McCann,PF,31.0,62.0,0.0,653.0,9.1,0.507,0.013000000000000001,0.484,8.5,17.1,12.9,5.3,1.6,1.6,18.5,15.6,,-0.2,0.8,0.6,0.044000000000000004,,-4.0,0.2,-3.8,-0.3,76.0,153.0,0.49700000000000005,1.0,2.0,0.5,75.0,151.0,0.49700000000000005,0.5,35.0,74.0,0.473,46.0,97.0,143.0,24.0,21.0,15.0,42.0,116.0,188.0
TOR,13702,1998.0,Bob McCann,SF,33.0,1.0,0.0,5.0,-7.3,0.0,0.0,0.0,0.0,23.3,11.2,0.0,0.0,0.0,0.0,8.8,,0.0,0.0,0.0,-0.18600000000000003,,-14.9,-5.7,-20.6,0.0,0.0,1.0,0.0,0.0,0.0,,0.0,1.0,0.0,0.0,0.0,0.0,,0.0,1.0,1.0,0.0,0.0,0.0,0.0,1.0,0.0
