Tm,Unnamed: 0,Year,Player,Pos,Age,G,GS,MP,PER,TS%,3PAr,FTr,ORB%,DRB%,TRB%,AST%,STL%,BLK%,TOV%,USG%,blanl,OWS,DWS,WS,WS/48,blank2,OBPM,DBPM,BPM,VORP,FG,FGA,FG%,3P,3PA,3P%,2P,2PA,2P%,eFG%,FT,FTA,FT%,ORB,DRB,TRB,AST,STL,BLK,TOV,PF,PTS
WAS,16399,2003.0,Bobby Simmons,SG,22.0,36.0,3.0,378.0,13.2,0.518,0.147,0.316,10.3,13.8,12.0,8.9,2.1,1.1,11.5,16.9,,0.6,0.3,0.9,0.111,,-0.4,-0.6,-0.9,0.1,44.0,112.0,0.45299999999999996,4.0,14.0,0.28600000000000003,44.0,107.0,0.48100000000000004,0.474,32.0,35.0,0.914,33.0,44.0,77.0,20.0,13.0,5.0,14.0,51.0,120.0
MIL,19215,2008.0,Bobby Simmons,SF,27.0,75.0,74.0,2538.0,13.8,0.5589999999999999,0.345,0.248,5.0,12.8,8.7,11.2,1.8,0.7,12.9,18.3,,3.3,2.0,5.3,0.10099999999999999,,1.2,0.2,1.4,2.1,366.0,808.0,0.45299999999999996,105.0,250.0,0.42,261.0,558.0,0.46799999999999997,0.518,165.0,200.0,0.825,91.0,242.0,333.0,172.0,86.0,21.0,123.0,254.0,1002.0
NJN,20400,2010.0,Bobby Simmons,SF,29.0,71.0,44.0,1729.0,12.0,0.596,0.594,0.171,4.9,15.9,9.5,8.5,2.0,0.6,13.1,16.8,,2.4,1.0,3.4,0.095,,1.2,-0.7,0.5,1.1,198.0,441.0,0.449,117.0,262.0,0.447,81.0,179.0,0.45299999999999996,0.5820000000000001,43.0,58.0,0.9,72.0,205.0,277.0,92.0,50.0,10.0,62.0,186.0,556.0
SAS,21005,2011.0,Bobby Simmons,SF,30.0,2.0,0.0,16.0,-5.5,0.0,1.0,0.0,0.0,0.0,0.0,15.7,0.0,0.0,0.0,8.6,,0.0,0.0,0.0,-0.138,,-8.6,-5.6,-14.3,0.0,0.0,3.0,0.0,0.0,3.0,0.0,0.0,0.0,,0.0,0.0,0.0,,0.0,0.0,0.0,2.0,0.0,0.0,0.0,2.0,0.0
LAC,21561,2012.0,Bobby Simmons,SF,31.0,75.0,74.0,2799.0,16.1,0.54,0.667,0.45299999999999996,9.4,13.2,10.8,13.1,2.0,0.9,14.0,21.0,,4.2,2.6,6.8,0.11699999999999999,,1.6,0.1,1.7,2.6,474.0,1017.0,0.466,50.0,115.0,0.435,424.0,902.0,0.47,0.491,231.0,273.0,0.846,128.0,318.0,446.0,205.0,106.0,17.0,135.0,227.0,1229.0
