Tm,Unnamed: 0,Year,Player,Pos,Age,G,GS,MP,PER,TS%,3PAr,FTr,ORB%,DRB%,TRB%,AST%,STL%,BLK%,TOV%,USG%,blanl,OWS,DWS,WS,WS/48,blank2,OBPM,DBPM,BPM,VORP,FG,FGA,FG%,3P,3PA,3P%,2P,2PA,2P%,eFG%,FT,FTA,FT%,ORB,DRB,TRB,AST,STL,BLK,TOV,PF,PTS
SAC,13633,1998.0,Bobby Hurley,PG,26.0,72.0,22.0,1105.0,10.4,0.488,0.36,0.424,1.8,7.9,4.8,33.8,2.3,0.4,27.1,18.5,,0.1,0.8,0.4,0.031,,-3.3,-2.7,-6.8,-0.5,103.0,284.0,0.409,22.0,76.0,0.311,82.0,208.0,0.43,0.426,68.0,85.0,0.8109999999999999,14.0,63.0,75.0,226.0,29.0,3.0,110.0,121.0,285.0
TOT,13632,1998.0,Bobby Hurley,PG,26.0,61.0,3.0,875.0,9.0,0.461,0.092,0.319,1.5,7.1,4.3,31.2,1.4,0.0,24.1,18.2,,-0.6,0.0,-0.5,-0.028999999999999998,,-4.4,-4.1,-8.5,-1.4,93.0,238.0,0.391,5.0,22.0,0.22699999999999998,88.0,216.0,0.40700000000000003,0.401,59.0,76.0,0.7759999999999999,12.0,54.0,66.0,177.0,23.0,0.0,86.0,79.0,250.0
VAN,13634,1998.0,Bobby Hurley,PG,26.0,27.0,0.0,458.0,7.9,0.435,0.057,0.317,1.3,6.3,3.8,32.2,1.1,0.0,23.9,17.9,,-0.4,-0.2,-0.5,-0.055999999999999994,,-4.7,-5.0,-9.7,-0.9,46.0,123.0,0.374,1.0,7.0,0.14300000000000002,45.0,116.0,0.38799999999999996,0.37799999999999995,29.0,39.0,0.7440000000000001,5.0,25.0,30.0,97.0,10.0,0.0,44.0,43.0,122.0
