Tm,Unnamed: 0,Year,Player,Pos,Age,G,GS,MP,PER,TS%,3PAr,FTr,ORB%,DRB%,TRB%,AST%,STL%,BLK%,TOV%,USG%,blanl,OWS,DWS,WS,WS/48,blank2,OBPM,DBPM,BPM,VORP,FG,FGA,FG%,3P,3PA,3P%,2P,2PA,2P%,eFG%,FT,FTA,FT%,ORB,DRB,TRB,AST,STL,BLK,TOV,PF,PTS
CHI,9439,1989.0,Brad Sellers,SF,26.0,82.0,76.0,2212.0,13.4,0.529,0.017,0.285,9.8,14.4,12.1,8.9,1.3,2.4,12.2,18.5,,1.4,2.0,3.3,0.091,,-1.5,0.2,-1.2,0.3,326.0,714.0,0.485,3.0,10.0,0.5,325.0,707.0,0.485,0.488,126.0,173.0,0.851,155.0,218.0,373.0,141.0,44.0,69.0,91.0,194.0,777.0
SEA,9900,1990.0,Brad Sellers,PF,27.0,45.0,0.0,587.0,9.9,0.483,0.015,0.308,6.0,8.1,7.0,7.5,0.9,2.1,13.1,18.4,,0.2,0.3,0.5,0.038,,-2.6,-1.0,-3.6,-0.2,84.0,198.0,0.424,0.0,3.0,0.0,84.0,195.0,0.431,0.424,49.0,61.0,0.8029999999999999,31.0,39.0,70.0,32.0,11.0,19.0,34.0,63.0,217.0
TOT,9899,1990.0,Brad Sellers,PF,27.0,59.0,0.0,700.0,9.2,0.461,0.02,0.287,6.3,8.8,7.5,6.5,1.2,2.0,13.9,20.1,,-0.3,0.4,0.2,0.011000000000000001,,-3.7,-1.3,-5.1,-0.5,103.0,254.0,0.406,0.0,5.0,0.0,103.0,249.0,0.414,0.406,58.0,73.0,0.795,39.0,50.0,89.0,33.0,17.0,22.0,46.0,74.0,264.0
DET,10821,1992.0,Brad Sellers,PF,29.0,43.0,1.0,226.0,13.7,0.513,0.011000000000000001,0.295,7.6,13.4,10.5,9.9,0.2,2.8,13.1,22.2,,0.1,0.3,0.4,0.084,,-3.2,-0.8,-4.0,-0.1,41.0,88.0,0.466,0.0,1.0,0.0,41.0,87.0,0.47100000000000003,0.466,20.0,26.0,0.769,15.0,27.0,42.0,14.0,1.0,10.0,15.0,20.0,102.0
MIN,11265,1993.0,Brad Sellers,PF,30.0,54.0,4.0,533.0,8.4,0.45899999999999996,0.036000000000000004,0.3,8.0,12.5,10.1,12.8,2.8,1.8,16.4,28.6,,-0.1,0.1,0.0,0.004,,-4.5,-1.5,-6.0,-0.3,49.0,130.0,0.377,0.0,2.0,0.0,49.0,129.0,0.38,0.377,37.0,39.0,0.9490000000000001,27.0,56.0,83.0,46.0,6.0,11.0,27.0,40.0,135.0
