Tm,Unnamed: 0,Year,Player,Pos,Age,G,GS,MP,PER,TS%,3PAr,FTr,ORB%,DRB%,TRB%,AST%,STL%,BLK%,TOV%,USG%,blanl,OWS,DWS,WS,WS/48,blank2,OBPM,DBPM,BPM,VORP,FG,FGA,FG%,3P,3PA,3P%,2P,2PA,2P%,eFG%,FT,FTA,FT%,ORB,DRB,TRB,AST,STL,BLK,TOV,PF,PTS
NOK,18258,2007.0,Brandon Bass,PF,21.0,29.0,3.0,268.0,9.1,0.434,0.023,0.364,9.1,22.8,15.3,2.8,0.7,2.2,16.4,17.2,,-0.2,0.3,0.1,0.013000000000000001,,-6.6,-1.5,-8.2,-0.3,28.0,70.0,0.4,0.0,1.0,0.0,28.0,70.0,0.4,0.4,12.0,19.0,0.75,18.0,50.0,68.0,3.0,3.0,7.0,11.0,18.0,68.0
DAL,19379,2009.0,Brandon Bass,C,23.0,81.0,1.0,1574.0,16.4,0.5710000000000001,0.012,0.413,9.5,17.2,13.4,6.1,0.9,2.6,12.5,20.0,,2.5,1.9,4.3,0.132,,-1.0,0.0,-1.0,0.4,252.0,508.0,0.499,0.0,6.0,0.0,252.0,502.0,0.503,0.499,182.0,210.0,0.867,129.0,238.0,367.0,58.0,27.0,55.0,86.0,150.0,686.0
ORL,20551,2011.0,Brandon Bass,PF,25.0,76.0,51.0,1980.0,16.5,0.5710000000000001,0.003,0.361,10.0,16.7,12.5,5.1,1.0,3.1,11.5,20.9,,3.2,3.1,6.3,0.153,,-1.4,0.9,-0.5,0.7,332.0,645.0,0.515,0.0,2.0,0.0,332.0,643.0,0.516,0.515,190.0,233.0,0.825,134.0,290.0,424.0,57.0,27.0,52.0,97.0,159.0,854.0
BOS,22908,2015.0,Brandon Bass,PF,29.0,82.0,73.0,2266.0,16.3,0.557,0.047,0.33,7.8,16.3,11.8,8.6,1.1,2.4,10.9,19.8,,3.4,3.2,5.3,0.132,,-0.4,1.1,-0.5,0.7,352.0,725.0,0.504,9.0,32.0,0.33299999999999996,350.0,719.0,0.515,0.51,205.0,239.0,0.86,161.0,309.0,470.0,104.0,44.0,71.0,102.0,190.0,911.0
LAL,23557,2016.0,Brandon Bass,PF,30.0,66.0,0.0,1342.0,17.4,0.619,0.006,0.467,8.1,15.0,11.4,9.2,1.2,3.2,9.9,13.9,,3.4,0.7,4.1,0.146,,0.1,0.7,0.8,1.0,174.0,317.0,0.5489999999999999,0.0,2.0,0.0,174.0,315.0,0.552,0.5489999999999999,125.0,148.0,0.845,104.0,181.0,285.0,74.0,33.0,55.0,42.0,125.0,473.0
LAC,24132,2017.0,Brandon Bass,PF,31.0,52.0,0.0,577.0,19.7,0.65,0.016,0.473,8.6,16.2,12.5,5.7,1.2,1.6,11.4,19.7,,1.6,0.6,2.2,0.18600000000000003,,0.1,-0.8,-0.7,0.2,107.0,186.0,0.575,1.0,3.0,0.33299999999999996,106.0,183.0,0.579,0.578,77.0,88.0,0.875,43.0,86.0,129.0,21.0,14.0,11.0,29.0,45.0,292.0
