Tm,Unnamed: 0,Year,Player,Pos,Age,G,GS,MP,PER,TS%,3PAr,FTr,ORB%,DRB%,TRB%,AST%,STL%,BLK%,TOV%,USG%,blanl,OWS,DWS,WS,WS/48,blank2,OBPM,DBPM,BPM,VORP,FG,FGA,FG%,3P,3PA,3P%,2P,2PA,2P%,eFG%,FT,FTA,FT%,ORB,DRB,TRB,AST,STL,BLK,TOV,PF,PTS
IND,20994,2011.0,Brandon Rush,SG,25.0,82.0,64.0,2491.0,10.6,0.54,0.433,0.20600000000000002,2.1,13.5,7.6,6.9,1.2,1.9,11.1,16.4,,0.9,2.5,2.6,0.07,,-1.1,0.7,-1.2,0.4,297.0,702.0,0.423,124.0,302.0,0.41700000000000004,173.0,400.0,0.451,0.512,80.0,106.0,0.755,41.0,305.0,346.0,112.0,56.0,65.0,93.0,159.0,774.0
UTA,22731,2014.0,Brandon Rush,SG,28.0,38.0,0.0,418.0,4.1,0.428,0.522,0.055999999999999994,1.3,11.1,6.1,8.5,0.6,1.7,17.8,12.3,,-0.5,0.0,-0.4,-0.05,,-5.0,-1.3,-6.3,-0.4,30.0,90.0,0.33299999999999996,16.0,47.0,0.34,14.0,43.0,0.326,0.42200000000000004,3.0,5.0,0.6,5.0,39.0,44.0,24.0,5.0,9.0,20.0,31.0,79.0
GSW,23978,2016.0,Brandon Rush,SG,30.0,72.0,25.0,1717.0,15.2,0.6779999999999999,0.604,0.33299999999999996,2.3,15.4,9.2,14.5,1.1,3.3,22.5,23.9,,2.9,1.2,3.5,0.099,,1.1,1.8,0.7,1.2,235.0,469.0,0.667,99.0,219.0,0.452,136.0,250.0,0.857,0.667,65.0,82.0,0.7929999999999999,33.0,218.0,251.0,88.0,35.0,58.0,68.0,64.0,634.0
MIN,24569,2017.0,Brandon Rush,SG,31.0,47.0,33.0,1030.0,6.6,0.505,0.61,0.096,1.8,9.5,5.6,5.8,1.1,1.9,12.6,9.6,,0.1,0.3,0.4,0.019,,-2.0,-0.1,-2.1,0.0,70.0,187.0,0.374,44.0,114.0,0.386,26.0,73.0,0.35600000000000004,0.49200000000000005,13.0,18.0,0.722,16.0,83.0,99.0,45.0,22.0,23.0,28.0,42.0,197.0
