Tm,Unnamed: 0,Year,Player,Pos,Age,G,GS,MP,PER,TS%,3PAr,FTr,ORB%,DRB%,TRB%,AST%,STL%,BLK%,TOV%,USG%,blanl,OWS,DWS,WS,WS/48,blank2,OBPM,DBPM,BPM,VORP,FG,FGA,FG%,3P,3PA,3P%,2P,2PA,2P%,eFG%,FT,FTA,FT%,ORB,DRB,TRB,AST,STL,BLK,TOV,PF,PTS
GSW,13936,1998.0,Brandon Williams,SG,22.0,9.0,2.0,140.0,2.9,0.35700000000000004,0.18,0.08,3.0,8.6,5.7,3.6,2.2,1.5,14.8,18.9,,-0.4,0.1,-0.3,-0.08900000000000001,,-7.8,-0.7,-8.4,-0.2,16.0,50.0,0.32,3.0,9.0,0.33299999999999996,13.0,41.0,0.317,0.35,2.0,4.0,0.5,4.0,11.0,15.0,3.0,6.0,3.0,9.0,18.0,37.0
SAS,14446,1999.0,Brandon Williams,SG,23.0,3.0,0.0,4.0,24.4,0.568,,,29.9,0.0,14.0,0.0,0.0,0.0,0.0,20.5,,0.0,0.0,0.0,0.32799999999999996,,4.6,-7.9,-3.3,0.0,0.0,0.0,,0.0,0.0,,0.0,0.0,,,2.0,4.0,0.5,1.0,0.0,1.0,0.0,0.0,0.0,0.0,0.0,2.0
ATL,16468,2003.0,Brandon Williams,SF,27.0,6.0,0.0,19.0,-10.4,0.14300000000000002,0.14300000000000002,0.0,12.5,0.0,6.0,0.0,5.6,0.0,30.0,24.1,,-0.2,0.0,-0.2,-0.392,,-14.9,-2.1,-17.0,-0.1,1.0,7.0,0.14300000000000002,0.0,1.0,0.0,1.0,6.0,0.16699999999999998,0.14300000000000002,0.0,0.0,,2.0,0.0,2.0,0.0,2.0,0.0,3.0,4.0,2.0
