Tm,Unnamed: 0,Year,Player,Pos,Age,G,GS,MP,PER,TS%,3PAr,FTr,ORB%,DRB%,TRB%,AST%,STL%,BLK%,TOV%,USG%,blanl,OWS,DWS,WS,WS/48,blank2,OBPM,DBPM,BPM,VORP,FG,FGA,FG%,3P,3PA,3P%,2P,2PA,2P%,eFG%,FT,FTA,FT%,ORB,DRB,TRB,AST,STL,BLK,TOV,PF,PTS
GSW,21119,2011.0,Brandan Wright,PF,23.0,39.0,23.0,688.0,18.7,0.6,0.016,0.35700000000000004,10.4,18.1,14.1,4.9,1.6,4.3,12.6,19.0,,1.4,0.4,1.9,0.142,,-0.2,-0.6,-1.2,0.1,130.0,246.0,0.603,0.0,4.0,0.0,130.0,242.0,0.603,0.603,63.0,85.0,0.741,62.0,95.0,157.0,21.0,22.0,37.0,23.0,74.0,323.0
NJN,21120,2011.0,Brandan Wright,PF,23.0,16.0,1.0,184.0,15.5,0.47200000000000003,0.0,0.315,10.6,20.5,15.4,6.2,2.3,2.9,6.1,16.5,,0.2,0.2,0.4,0.107,,-2.7,1.2,-1.5,0.0,22.0,54.0,0.40700000000000003,0.0,0.0,,22.0,54.0,0.40700000000000003,0.40700000000000003,14.0,17.0,0.8240000000000001,17.0,31.0,48.0,7.0,8.0,7.0,4.0,15.0,58.0
BOS,23505,2015.0,Brandan Wright,PF,27.0,8.0,0.0,86.0,15.0,0.5710000000000001,0.0,0.19,8.8,12.9,10.8,14.0,0.6,4.5,18.0,14.1,,0.1,0.1,0.2,0.106,,-2.2,1.8,-0.4,0.0,12.0,21.0,0.5710000000000001,0.0,0.0,,12.0,21.0,0.5710000000000001,0.5710000000000001,2.0,4.0,0.5,7.0,10.0,17.0,8.0,1.0,5.0,5.0,4.0,26.0
DAL,23504,2015.0,Brandan Wright,PF,27.0,64.0,16.0,1149.0,25.7,0.762,0.006999999999999999,0.35600000000000004,11.0,16.7,13.1,5.6,1.7,6.8,8.5,19.0,,4.1,1.3,5.1,0.27399999999999997,,4.0,2.8,6.8,1.5,241.0,404.0,0.748,0.0,3.0,0.0,241.0,401.0,0.748,0.748,77.0,106.0,0.75,102.0,175.0,260.0,38.0,32.0,76.0,35.0,94.0,541.0
PHO,23506,2015.0,Brandan Wright,PF,27.0,40.0,7.0,858.0,17.8,0.6,0.013999999999999999,0.29,8.9,16.0,12.4,4.1,1.9,4.2,6.4,12.8,,2.0,1.1,3.0,0.17,,-0.1,2.3,2.1,0.9,120.0,207.0,0.58,0.0,3.0,0.0,120.0,204.0,0.588,0.58,40.0,60.0,0.667,70.0,124.0,194.0,23.0,32.0,47.0,16.0,54.0,280.0
TOT,23503,2015.0,Brandan Wright,PF,27.0,75.0,7.0,1449.0,20.4,0.66,0.008,0.309,9.6,18.2,13.6,5.1,1.7,5.1,9.7,17.2,,4.3,1.8,6.1,0.20199999999999999,,1.2,2.4,3.6,2.0,233.0,363.0,0.642,0.0,3.0,0.0,233.0,360.0,0.647,0.642,78.0,112.0,0.696,128.0,193.0,321.0,41.0,50.0,94.0,34.0,102.0,544.0
MEM,24680,2017.0,Brandan Wright,PF,29.0,28.0,5.0,447.0,18.5,0.6629999999999999,0.006999999999999999,0.462,7.7,16.3,11.6,6.0,1.3,6.6,13.8,16.3,,1.1,0.5,1.6,0.177,,0.0,1.9,1.3,0.4,83.0,135.0,0.6729999999999999,0.0,1.0,0.0,83.0,134.0,0.6729999999999999,0.6729999999999999,23.0,35.0,0.657,31.0,47.0,78.0,15.0,11.0,20.0,10.0,42.0,189.0
