Tm,Unnamed: 0,Year,Player,Pos,Age,G,GS,MP,PER,TS%,3PAr,FTr,ORB%,DRB%,TRB%,AST%,STL%,BLK%,TOV%,USG%,blanl,OWS,DWS,WS,WS/48,blank2,OBPM,DBPM,BPM,VORP,FG,FGA,FG%,3P,3PA,3P%,2P,2PA,2P%,eFG%,FT,FTA,FT%,ORB,DRB,TRB,AST,STL,BLK,TOV,PF,PTS
ORL,13566,1998.0,Brian Evans,SF,24.0,44.0,0.0,561.0,12.0,0.455,0.364,0.233,6.4,14.3,8.9,20.5,2.2,2.6,9.6,20.5,,0.2,0.6,0.8,0.07200000000000001,,-1.7,-0.7,-2.4,0.0,77.0,206.0,0.374,12.0,45.0,0.5,65.0,161.0,0.40399999999999997,0.455,40.0,48.0,0.833,31.0,54.0,85.0,31.0,22.0,8.0,24.0,57.0,206.0
MIN,14105,1999.0,Brian Evans,SF,25.0,5.0,0.0,24.0,3.1,0.2,0.2,0.0,8.6,0.0,4.7,6.1,4.4,0.0,0.0,18.3,,-0.1,0.0,-0.1,-0.105,,-6.0,-0.8,-6.8,0.0,2.0,10.0,0.2,0.0,2.0,0.0,2.0,8.0,0.25,0.2,0.0,0.0,,2.0,0.0,2.0,1.0,2.0,0.0,0.0,1.0,4.0
NJN,14104,1999.0,Brian Evans,SF,25.0,28.0,1.0,332.0,12.0,0.523,0.396,0.11800000000000001,5.9,12.7,9.1,18.9,1.3,1.8,11.3,16.2,,0.5,0.2,0.7,0.09699999999999999,,0.3,-1.0,-1.1,0.1,46.0,106.0,0.434,17.0,42.0,0.405,29.0,64.0,0.45299999999999996,0.514,6.0,9.0,1.0,18.0,34.0,52.0,24.0,7.0,5.0,14.0,44.0,115.0
TOT,14103,1999.0,Brian Evans,SF,25.0,72.0,1.0,893.0,12.0,0.47600000000000003,0.295,0.183,6.2,12.0,9.0,16.8,1.8,1.5,10.1,18.9,,0.7,0.8,1.5,0.081,,-1.0,-0.9,-1.9,0.0,123.0,312.0,0.39399999999999996,29.0,87.0,0.33299999999999996,94.0,225.0,0.418,0.441,46.0,57.0,1.0,49.0,88.0,137.0,55.0,29.0,13.0,38.0,101.0,321.0
