Tm,Unnamed: 0,Year,Player,Pos,Age,G,GS,MP,PER,TS%,3PAr,FTr,ORB%,DRB%,TRB%,AST%,STL%,BLK%,TOV%,USG%,blanl,OWS,DWS,WS,WS/48,blank2,OBPM,DBPM,BPM,VORP,FG,FGA,FG%,3P,3PA,3P%,2P,2PA,2P%,eFG%,FT,FTA,FT%,ORB,DRB,TRB,AST,STL,BLK,TOV,PF,PTS
DAL,10780,1992.0,Brian Quinnett,SG,25.0,15.0,0.0,136.0,7.7,0.364,0.294,0.235,5.3,16.2,10.6,5.4,3.4,0.9,12.4,20.3,,-0.3,0.2,-0.2,-0.054000000000000006,,-5.9,-0.1,-6.0,-0.1,15.0,51.0,0.294,3.0,15.0,0.2,12.0,36.0,0.33299999999999996,0.324,8.0,12.0,0.667,7.0,20.0,27.0,5.0,9.0,2.0,8.0,11.0,41.0
NYK,10779,1992.0,Brian Quinnett,SG,25.0,68.0,5.0,1011.0,10.1,0.5,0.35600000000000004,0.192,7.6,10.6,8.2,7.6,1.9,2.0,14.0,20.0,,0.1,0.8,0.8,0.067,,-2.2,-0.4,-2.8,0.0,139.0,303.0,0.45899999999999996,15.0,43.0,0.385,124.0,260.0,0.47700000000000004,0.483,26.0,36.0,0.722,65.0,80.0,145.0,53.0,22.0,13.0,52.0,100.0,319.0
TOT,10778,1992.0,Brian Quinnett,SG,25.0,39.0,0.0,326.0,9.1,0.425,0.331,0.21,5.4,12.0,8.6,5.4,2.5,1.6,10.6,20.2,,-0.3,0.4,0.1,0.016,,-3.8,-0.3,-4.1,-0.2,43.0,124.0,0.34700000000000003,13.0,41.0,0.317,30.0,83.0,0.361,0.39899999999999997,16.0,26.0,0.615,16.0,35.0,51.0,12.0,16.0,8.0,16.0,32.0,115.0
