Tm,Unnamed: 0,Year,Player,Pos,Age,G,GS,MP,PER,TS%,3PAr,FTr,ORB%,DRB%,TRB%,AST%,STL%,BLK%,TOV%,USG%,blanl,OWS,DWS,WS,WS/48,blank2,OBPM,DBPM,BPM,VORP,FG,FGA,FG%,3P,3PA,3P%,2P,2PA,2P%,eFG%,FT,FTA,FT%,ORB,DRB,TRB,AST,STL,BLK,TOV,PF,PTS
SAC,13025,1997.0,Brian Grant,PF,24.0,80.0,75.0,2398.0,16.5,0.56,0.02,0.449,10.7,19.5,15.2,9.2,1.7,3.8,15.6,22.0,,2.4,3.4,5.3,0.11199999999999999,,-0.9,1.6,0.2,1.3,427.0,842.0,0.511,4.0,17.0,0.25,423.0,825.0,0.513,0.511,262.0,363.0,0.778,207.0,391.0,598.0,127.0,49.0,116.0,185.0,276.0,1120.0
POR,14644,2000.0,Brian Grant,SF,27.0,63.0,49.0,1921.0,17.0,0.5710000000000001,0.006,0.5920000000000001,13.6,21.7,17.8,7.7,1.3,1.7,16.6,18.1,,3.4,3.0,6.3,0.185,,0.6,1.3,1.9,1.6,283.0,557.0,0.508,1.0,2.0,0.5,283.0,556.0,0.509,0.508,184.0,228.0,0.8140000000000001,197.0,358.0,555.0,86.0,44.0,45.0,110.0,184.0,737.0
MIA,16691,2004.0,Brian Grant,PF,31.0,82.0,82.0,2771.0,17.5,0.552,0.003,0.35,10.2,26.8,18.3,10.5,1.3,2.0,15.6,23.4,,3.7,5.0,8.7,0.151,,-1.1,2.2,0.9,2.0,484.0,1010.0,0.509,0.0,2.0,0.0,484.0,1009.0,0.509,0.509,282.0,354.0,0.8490000000000001,241.0,596.0,837.0,137.0,63.0,71.0,170.0,300.0,1250.0
LAL,17280,2005.0,Brian Grant,C,32.0,69.0,8.0,1136.0,10.0,0.539,0.0,0.37799999999999995,10.1,15.4,12.8,4.7,1.1,1.5,15.0,11.4,,1.2,0.4,1.6,0.068,,-2.2,-0.4,-2.6,-0.2,103.0,209.0,0.493,0.0,0.0,,103.0,209.0,0.493,0.493,57.0,79.0,0.722,101.0,156.0,257.0,34.0,23.0,23.0,43.0,175.0,263.0
PHO,17860,2006.0,Brian Grant,C,33.0,21.0,2.0,248.0,6.6,0.445,0.0,0.12300000000000001,5.0,20.1,12.8,3.8,1.0,0.8,9.3,13.6,,-0.1,0.3,0.2,0.040999999999999995,,-5.6,-0.3,-5.9,-0.2,27.0,65.0,0.415,0.0,0.0,,27.0,65.0,0.415,0.415,7.0,8.0,0.875,11.0,46.0,57.0,7.0,5.0,3.0,7.0,45.0,61.0
