Tm,Unnamed: 0,Year,Player,Pos,Age,G,GS,MP,PER,TS%,3PAr,FTr,ORB%,DRB%,TRB%,AST%,STL%,BLK%,TOV%,USG%,blanl,OWS,DWS,WS,WS/48,blank2,OBPM,DBPM,BPM,VORP,FG,FGA,FG%,3P,3PA,3P%,2P,2PA,2P%,eFG%,FT,FTA,FT%,ORB,DRB,TRB,AST,STL,BLK,TOV,PF,PTS
LAL,4370,1975.0,Brian Winters,SG,22.0,68.0,,1516.0,14.7,0.467,,0.114,2.5,6.2,4.4,20.7,2.2,0.6,,,,0.4,0.7,1.1,0.035,,-0.6,-2.3,-2.9,-0.3,359.0,810.0,0.44299999999999995,,,,359.0,810.0,0.44299999999999995,0.44299999999999995,76.0,92.0,0.826,39.0,99.0,138.0,195.0,74.0,18.0,,168.0,794.0
MIL,7208,1983.0,Brian Winters,SG,30.0,80.0,13.0,2795.0,16.6,0.5529999999999999,0.11599999999999999,0.20600000000000002,3.3,7.2,5.3,20.5,2.1,0.8,15.2,26.0,,5.2,2.6,6.2,0.14400000000000002,,2.3,-0.8,0.8,1.9,674.0,1457.0,0.501,38.0,102.0,0.387,674.0,1457.0,0.516,0.524,246.0,293.0,0.8690000000000001,87.0,183.0,250.0,393.0,124.0,40.0,257.0,243.0,1594.0
