Tm,Unnamed: 0,Year,Player,Pos,Age,G,GS,MP,PER,TS%,3PAr,FTr,ORB%,DRB%,TRB%,AST%,STL%,BLK%,TOV%,USG%,blanl,OWS,DWS,WS,WS/48,blank2,OBPM,DBPM,BPM,VORP,FG,FGA,FG%,3P,3PA,3P%,2P,2PA,2P%,eFG%,FT,FTA,FT%,ORB,DRB,TRB,AST,STL,BLK,TOV,PF,PTS
VAN,15381,2001.0,Bryant Reeves,C,27.0,77.0,75.0,2777.0,17.3,0.5589999999999999,0.011000000000000001,0.462,9.0,19.8,14.1,10.9,1.2,2.2,15.8,22.8,,4.3,2.3,4.9,0.09300000000000001,,0.9,0.5,0.0,1.3,498.0,1025.0,0.523,1.0,11.0,0.25,497.0,1014.0,0.525,0.523,223.0,316.0,0.7959999999999999,196.0,436.0,610.0,160.0,43.0,80.0,175.0,278.0,1213.0
