Tm,Unnamed: 0,Year,Player,Pos,Age,G,GS,MP,PER,TS%,3PAr,FTr,ORB%,DRB%,TRB%,AST%,STL%,BLK%,TOV%,USG%,blanl,OWS,DWS,WS,WS/48,blank2,OBPM,DBPM,BPM,VORP,FG,FGA,FG%,3P,3PA,3P%,2P,2PA,2P%,eFG%,FT,FTA,FT%,ORB,DRB,TRB,AST,STL,BLK,TOV,PF,PTS
NJN,9525,1989.0,Buck Williams,PF,28.0,82.0,82.0,3182.0,18.6,0.616,0.004,0.628,14.1,26.6,20.1,7.1,1.4,2.4,19.0,20.0,,5.5,5.9,11.4,0.185,,1.4,2.0,3.3,3.9,577.0,1089.0,0.588,1.0,4.0,1.0,576.0,1085.0,0.59,0.588,430.0,588.0,0.731,365.0,701.0,1027.0,167.0,91.0,125.0,280.0,315.0,1491.0
POR,12801,1996.0,Buck Williams,PF,35.0,82.0,82.0,2801.0,15.0,0.6509999999999999,0.008,0.565,12.5,22.8,17.4,5.8,1.6,2.1,16.2,15.5,,5.4,4.3,9.2,0.175,,1.1,2.0,2.6,2.9,413.0,754.0,0.604,2.0,3.0,0.667,413.0,753.0,0.605,0.604,288.0,408.0,0.754,315.0,550.0,843.0,116.0,81.0,69.0,168.0,285.0,1114.0
NYK,13937,1998.0,Buck Williams,PF,37.0,74.0,6.0,1496.0,13.9,0.574,0.003,0.5489999999999999,13.8,17.9,15.9,5.8,1.4,2.1,17.4,14.9,,2.1,2.8,4.8,0.155,,-0.9,1.9,1.0,1.1,175.0,326.0,0.537,0.0,1.0,0.0,175.0,325.0,0.5379999999999999,0.537,115.0,179.0,0.732,166.0,231.0,397.0,53.0,40.0,38.0,79.0,204.0,465.0
