Tm,Unnamed: 0,Year,Player,Pos,Age,G,GS,MP,PER,TS%,3PAr,FTr,ORB%,DRB%,TRB%,AST%,STL%,BLK%,TOV%,USG%,blanl,OWS,DWS,WS,WS/48,blank2,OBPM,DBPM,BPM,VORP,FG,FGA,FG%,3P,3PA,3P%,2P,2PA,2P%,eFG%,FT,FTA,FT%,ORB,DRB,TRB,AST,STL,BLK,TOV,PF,PTS
CIN,2300,1966.0,Bud Olsen,PF,25.0,79.0,,1372.0,13.0,0.495,,0.381,,,,8.3,,,,,,1.7,0.7,2.5,0.087,,,,,,224.0,512.0,0.43799999999999994,,,,224.0,512.0,0.43799999999999994,0.43799999999999994,144.0,195.0,0.738,,,333.0,84.0,,,,203.0,592.0
SFW,2440,1967.0,Bud Olsen,PF,26.0,55.0,,566.0,13.4,0.449,,0.45899999999999996,,,,12.1,,,,,,-0.1,0.6,0.5,0.068,,,,,,78.0,185.0,0.449,,,,78.0,185.0,0.449,0.449,38.0,85.0,0.447,,,179.0,32.0,,,,77.0,194.0
SEA,2603,1968.0,Bud Olsen,PF,27.0,73.0,,897.0,8.5,0.444,,0.218,,,,10.3,,,,,,-0.2,0.5,0.2,0.012,,,,,,130.0,285.0,0.456,,,,130.0,285.0,0.456,0.456,17.0,62.0,0.27399999999999997,,,204.0,75.0,,,,136.0,277.0
BOS,2803,1969.0,Bud Olsen,PF,28.0,7.0,,43.0,7.8,0.32299999999999995,,0.316,,,,12.6,,,,,,-0.2,0.1,-0.1,-0.065,,,,,,7.0,19.0,0.368,,,,7.0,19.0,0.368,0.368,0.0,6.0,0.0,,,14.0,4.0,,,,6.0,14.0
DET,2804,1969.0,Bud Olsen,PF,28.0,10.0,,70.0,6.1,0.354,,0.522,,,,12.5,,,,,,-0.1,0.0,-0.1,-0.084,,,,,,8.0,23.0,0.348,,,,8.0,23.0,0.348,0.348,4.0,12.0,0.33299999999999996,,,11.0,7.0,,,,8.0,20.0
TOT,2802,1969.0,Bud Olsen,PF,28.0,59.0,,602.0,9.5,0.434,,0.456,,,,12.5,,,,,,-0.2,0.6,0.4,0.035,,,,,,81.0,193.0,0.42,,,,81.0,193.0,0.42,0.42,39.0,88.0,0.44299999999999995,,,192.0,20.0,,,,81.0,201.0
