Tm,Unnamed: 0,Year,Player,Pos,Age,G,GS,MP,PER,TS%,3PAr,FTr,ORB%,DRB%,TRB%,AST%,STL%,BLK%,TOV%,USG%,blanl,OWS,DWS,WS,WS/48,blank2,OBPM,DBPM,BPM,VORP,FG,FGA,FG%,3P,3PA,3P%,2P,2PA,2P%,eFG%,FT,FTA,FT%,ORB,DRB,TRB,AST,STL,BLK,TOV,PF,PTS
NOP,24331,2017.0,Buddy Hield,SG,23.0,57.0,37.0,1161.0,9.9,0.502,0.511,0.07,1.7,13.4,7.5,10.3,0.8,0.5,9.0,20.4,,-0.4,0.9,0.5,0.019,,-1.9,-1.7,-3.6,-0.5,185.0,472.0,0.392,89.0,241.0,0.369,96.0,231.0,0.41600000000000004,0.486,29.0,33.0,0.879,19.0,147.0,166.0,77.0,18.0,7.0,48.0,81.0,488.0
SAC,24332,2017.0,Buddy Hield,SG,23.0,25.0,18.0,727.0,14.9,0.6,0.466,0.145,2.6,13.6,8.2,10.3,1.4,0.3,14.4,22.9,,0.4,0.4,0.8,0.053,,0.8,-2.2,-1.5,0.1,142.0,296.0,0.48,59.0,138.0,0.428,83.0,158.0,0.525,0.579,35.0,43.0,0.8140000000000001,16.0,87.0,103.0,44.0,20.0,2.0,53.0,34.0,378.0
TOT,24330,2017.0,Buddy Hield,SG,23.0,82.0,55.0,1888.0,11.8,0.54,0.493,0.099,2.0,13.5,7.8,10.3,1.0,0.4,11.2,21.4,,0.0,1.3,1.3,0.032,,-0.9,-1.9,-2.8,-0.4,327.0,768.0,0.426,148.0,379.0,0.391,179.0,389.0,0.46,0.522,64.0,76.0,0.8420000000000001,35.0,234.0,269.0,121.0,38.0,9.0,101.0,115.0,866.0
