Tm,Unnamed: 0,Year,Player,Pos,Age,G,GS,MP,PER,TS%,3PAr,FTr,ORB%,DRB%,TRB%,AST%,STL%,BLK%,TOV%,USG%,blanl,OWS,DWS,WS,WS/48,blank2,OBPM,DBPM,BPM,VORP,FG,FGA,FG%,3P,3PA,3P%,2P,2PA,2P%,eFG%,FT,FTA,FT%,ORB,DRB,TRB,AST,STL,BLK,TOV,PF,PTS
ATL,2879,1970.0,Butch Beard,PG,22.0,72.0,,941.0,15.7,0.54,,0.41600000000000004,,,,16.7,,,,,,1.7,0.5,2.2,0.113,,,,,,183.0,392.0,0.467,,,,183.0,392.0,0.467,0.467,135.0,163.0,0.828,,,140.0,121.0,,,,124.0,501.0
SEA,3595,1973.0,Butch Beard,PG,25.0,73.0,,1403.0,13.1,0.485,,0.322,,,5.9,23.9,,,,,,1.0,0.5,1.5,0.051,,,,,,191.0,435.0,0.439,,,,191.0,435.0,0.439,0.439,100.0,140.0,0.7140000000000001,,,174.0,247.0,,,,139.0,482.0
GSW,4117,1975.0,Butch Beard,PG,27.0,82.0,,2521.0,16.1,0.585,,0.379,6.2,11.0,8.6,17.7,2.3,0.2,,,,5.6,2.0,7.6,0.14400000000000002,,2.3,0.5,2.5,2.6,408.0,773.0,0.528,,,,408.0,773.0,0.528,0.528,232.0,279.0,0.8320000000000001,136.0,253.0,389.0,345.0,132.0,11.0,,297.0,1048.0
CLE,4392,1976.0,Butch Beard,PG,28.0,68.0,,2434.0,15.7,0.524,,0.41100000000000003,5.5,12.1,8.7,26.3,1.9,0.4,,,,3.7,2.2,5.9,0.115,,0.7,0.0,0.6,0.2,394.0,849.0,0.46399999999999997,,,,394.0,849.0,0.46399999999999997,0.46399999999999997,260.0,342.0,0.76,14.0,29.0,276.0,456.0,10.0,2.0,,213.0,1048.0
TOT,4391,1976.0,Butch Beard,PG,28.0,75.0,,1704.0,14.5,0.517,,0.387,6.1,12.7,9.4,17.3,2.2,0.3,,,,1.9,1.8,3.7,0.105,,1.1,1.1,2.2,1.8,228.0,496.0,0.46,,,,228.0,496.0,0.46,0.46,144.0,192.0,0.75,103.0,207.0,310.0,218.0,81.0,8.0,,216.0,600.0
NYK,5402,1979.0,Butch Beard,PG,31.0,79.0,,1979.0,14.6,0.544,,0.382,6.2,12.8,9.5,27.9,3.8,0.2,27.8,16.6,,2.8,1.6,4.4,0.11,,1.2,1.2,2.5,1.6,308.0,614.0,0.505,,,,308.0,614.0,0.505,0.505,129.0,160.0,0.8059999999999999,89.0,188.0,267.0,339.0,117.0,6.0,154.0,201.0,745.0
