Tm,Unnamed: 0,Year,Player,Pos,Age,G,GS,MP,PER,TS%,3PAr,FTr,ORB%,DRB%,TRB%,AST%,STL%,BLK%,TOV%,USG%,blanl,OWS,DWS,WS,WS/48,blank2,OBPM,DBPM,BPM,VORP,FG,FGA,FG%,3P,3PA,3P%,2P,2PA,2P%,eFG%,FT,FTA,FT%,ORB,DRB,TRB,AST,STL,BLK,TOV,PF,PTS
NYK,1544,1960.0,Cal Ramsey,SF,22.0,7.0,,160.0,13.4,0.446,,0.377,,,,,,,,,,0.1,0.1,0.1,0.045,,,,,,32.0,77.0,0.41600000000000004,,,,32.0,77.0,0.41600000000000004,0.41600000000000004,16.0,29.0,0.552,,,47.0,9.0,,,,21.0,80.0
STL,1543,1960.0,Cal Ramsey,SF,22.0,4.0,,35.0,15.2,0.409,,0.21100000000000002,,,,,,,,,,0.0,0.0,0.0,0.015,,,,,,7.0,19.0,0.368,,,,7.0,19.0,0.368,0.368,3.0,4.0,0.75,,,19.0,0.0,,,,4.0,17.0
TOT,1542,1960.0,Cal Ramsey,SF,22.0,11.0,,195.0,13.7,0.439,,0.344,,,,,,,,,,0.1,0.1,0.2,0.039,,,,,,39.0,96.0,0.406,,,,39.0,96.0,0.406,0.406,19.0,33.0,0.5760000000000001,,,66.0,9.0,,,,25.0,97.0
SYR,1657,1961.0,Cal Ramsey,SF,23.0,2.0,,27.0,0.5,0.235,,0.364,,,,,,,,,,-0.1,0.0,-0.1,-0.17300000000000001,,,,,,2.0,11.0,0.182,,,,2.0,11.0,0.182,0.182,2.0,4.0,0.5,,,7.0,3.0,,,,7.0,6.0
