Tm,Unnamed: 0,Year,Player,Pos,Age,G,GS,MP,PER,TS%,3PAr,FTr,ORB%,DRB%,TRB%,AST%,STL%,BLK%,TOV%,USG%,blanl,OWS,DWS,WS,WS/48,blank2,OBPM,DBPM,BPM,VORP,FG,FGA,FG%,3P,3PA,3P%,2P,2PA,2P%,eFG%,FT,FTA,FT%,ORB,DRB,TRB,AST,STL,BLK,TOV,PF,PTS
SDR,3231,1971.0,Calvin Murphy*,PG,22.0,82.0,,2020.0,19.4,0.532,,0.42200000000000004,,,5.3,24.5,,,,,,4.9,3.1,8.0,0.191,,,,,,471.0,1029.0,0.45799999999999996,,,,471.0,1029.0,0.45799999999999996,0.45799999999999996,356.0,434.0,0.82,,,245.0,329.0,,,,263.0,1298.0
HOU,7070,1983.0,Calvin Murphy*,SG,34.0,82.0,0.0,2995.0,20.0,0.573,0.025,0.335,2.9,5.5,4.6,30.9,2.6,0.2,10.8,27.9,,7.9,3.5,9.2,0.157,,5.3,-1.6,3.0,3.7,852.0,1737.0,0.522,4.0,25.0,0.28600000000000003,852.0,1737.0,0.522,0.522,372.0,410.0,0.958,78.0,157.0,258.0,603.0,157.0,9.0,187.0,310.0,1949.0
