Tm,Unnamed: 0,Year,Player,Pos,Age,G,GS,MP,PER,TS%,3PAr,FTr,ORB%,DRB%,TRB%,AST%,STL%,BLK%,TOV%,USG%,blanl,OWS,DWS,WS,WS/48,blank2,OBPM,DBPM,BPM,VORP,FG,FGA,FG%,3P,3PA,3P%,2P,2PA,2P%,eFG%,FT,FTA,FT%,ORB,DRB,TRB,AST,STL,BLK,TOV,PF,PTS
NOH,17342,2005.0,Casey Jacobsen,SG,23.0,44.0,1.0,1030.0,11.7,0.5429999999999999,0.35100000000000003,0.518,2.0,9.8,5.7,12.6,1.2,0.5,12.5,15.9,,1.1,0.5,1.6,0.07400000000000001,,-1.3,-1.2,-2.5,-0.1,100.0,251.0,0.39799999999999996,32.0,88.0,0.364,68.0,163.0,0.41700000000000004,0.462,103.0,130.0,0.792,18.0,82.0,100.0,76.0,22.0,7.0,44.0,48.0,335.0
PHO,17341,2005.0,Casey Jacobsen,SF,23.0,78.0,13.0,1828.0,9.6,0.575,0.5670000000000001,0.395,2.8,10.0,6.3,9.8,1.6,0.4,14.3,16.7,,2.1,0.7,2.6,0.068,,0.0,-0.9,-1.3,0.3,150.0,360.0,0.41700000000000004,75.0,180.0,0.41700000000000004,75.0,180.0,0.456,0.522,91.0,111.0,0.82,42.0,159.0,201.0,98.0,48.0,9.0,68.0,144.0,466.0
TOT,17340,2005.0,Casey Jacobsen,SG-SF,23.0,84.0,1.0,1798.0,10.3,0.555,0.434,0.47100000000000003,2.2,8.5,5.3,9.9,1.0,0.3,12.6,14.2,,2.0,0.7,2.7,0.071,,-0.7,-1.3,-2.0,0.0,165.0,408.0,0.40399999999999997,66.0,177.0,0.373,99.0,231.0,0.429,0.485,151.0,192.0,0.7859999999999999,35.0,132.0,167.0,113.0,33.0,8.0,71.0,104.0,547.0
MEM,19015,2008.0,Casey Jacobsen,SG,26.0,53.0,0.0,547.0,4.5,0.43700000000000006,0.626,0.14800000000000002,2.4,11.0,6.7,5.2,0.5,0.1,11.6,11.3,,-0.3,0.0,-0.3,-0.023,,-3.8,-2.2,-6.1,-0.6,39.0,115.0,0.33899999999999997,16.0,72.0,0.222,23.0,43.0,0.535,0.409,13.0,17.0,0.765,12.0,53.0,65.0,20.0,5.0,1.0,16.0,34.0,107.0
