Tm,Unnamed: 0,Year,Player,Pos,Age,G,GS,MP,PER,TS%,3PAr,FTr,ORB%,DRB%,TRB%,AST%,STL%,BLK%,TOV%,USG%,blanl,OWS,DWS,WS,WS/48,blank2,OBPM,DBPM,BPM,VORP,FG,FGA,FG%,3P,3PA,3P%,2P,2PA,2P%,eFG%,FT,FTA,FT%,ORB,DRB,TRB,AST,STL,BLK,TOV,PF,PTS
BOS,7750,1985.0,Cedric Maxwell,SF,29.0,81.0,81.0,2969.0,19.9,0.679,0.01,0.8859999999999999,11.8,19.7,15.9,10.8,2.0,2.0,22.3,18.4,,8.9,3.9,12.2,0.214,,3.7,1.7,5.4,5.1,472.0,808.0,0.609,1.0,6.0,0.16699999999999998,472.0,808.0,0.609,0.609,574.0,716.0,0.831,284.0,519.0,791.0,228.0,98.0,74.0,273.0,266.0,1518.0
LAC,8502,1987.0,Cedric Maxwell,SF,31.0,76.0,72.0,2458.0,15.6,0.613,0.005,0.85,10.7,17.5,14.0,15.3,1.2,0.6,18.5,18.2,,4.3,1.1,5.4,0.105,,1.2,0.1,1.1,2.0,314.0,661.0,0.519,0.0,3.0,0.0,314.0,658.0,0.519,0.519,447.0,562.0,0.795,241.0,383.0,624.0,215.0,61.0,29.0,206.0,252.0,1075.0
TOT,8501,1987.0,Cedric Maxwell,SF,31.0,81.0,31.0,1968.0,15.3,0.623,0.002,0.82,9.4,15.1,12.1,13.9,0.9,0.4,17.3,16.0,,4.0,1.4,5.4,0.132,,0.7,0.0,0.6,1.3,253.0,477.0,0.53,0.0,1.0,0.0,253.0,476.0,0.532,0.53,303.0,391.0,0.775,175.0,260.0,435.0,197.0,39.0,14.0,136.0,178.0,809.0
HOU,8900,1988.0,Cedric Maxwell,SF,32.0,71.0,0.0,848.0,15.2,0.639,0.012,0.867,9.6,14.5,12.1,11.9,1.2,0.8,18.8,15.0,,2.0,1.0,2.9,0.16699999999999998,,0.6,0.5,0.4,0.5,103.0,188.0,0.5479999999999999,0.0,2.0,0.0,103.0,187.0,0.551,0.5479999999999999,126.0,163.0,0.773,74.0,112.0,184.0,75.0,22.0,12.0,54.0,76.0,332.0
