Tm,Unnamed: 0,Year,Player,Pos,Age,G,GS,MP,PER,TS%,3PAr,FTr,ORB%,DRB%,TRB%,AST%,STL%,BLK%,TOV%,USG%,blanl,OWS,DWS,WS,WS/48,blank2,OBPM,DBPM,BPM,VORP,FG,FGA,FG%,3P,3PA,3P%,2P,2PA,2P%,eFG%,FT,FTA,FT%,ORB,DRB,TRB,AST,STL,BLK,TOV,PF,PTS
PHI,10477,1992.0,Charles Barkley*,SF,28.0,82.0,80.0,3170.0,28.9,0.665,0.134,0.741,16.7,25.4,20.8,20.6,2.8,2.4,21.4,29.1,,13.4,5.5,17.3,0.26899999999999996,,9.0,3.9,9.9,9.2,753.0,1283.0,0.6,44.0,162.0,0.284,709.0,1126.0,0.643,0.608,714.0,951.0,0.7609999999999999,403.0,672.0,1026.0,331.0,173.0,125.0,350.0,333.0,2264.0
PHO,12318,1996.0,Charles Barkley*,PF,32.0,76.0,76.0,2859.0,25.9,0.596,0.192,0.488,10.9,26.8,18.2,21.2,2.3,1.6,14.2,27.5,,9.6,4.8,14.4,0.242,,5.9,2.4,8.3,7.5,716.0,1376.0,0.52,74.0,220.0,0.33799999999999997,649.0,1156.0,0.561,0.545,445.0,582.0,0.777,243.0,691.0,928.0,385.0,119.0,74.0,233.0,208.0,1944.0
HOU,14493,2000.0,Charles Barkley*,PF,36.0,68.0,53.0,2243.0,23.1,0.581,0.29600000000000004,0.6,13.7,28.8,20.9,22.1,1.8,0.9,14.7,23.2,,6.1,3.7,9.4,0.22399999999999998,,4.4,2.8,7.1,4.6,361.0,744.0,0.485,58.0,205.0,0.28300000000000003,343.0,660.0,0.569,0.526,296.0,415.0,0.746,241.0,553.0,794.0,248.0,71.0,28.0,151.0,187.0,1036.0
