Tm,Unnamed: 0,Year,Player,Pos,Age,G,GS,MP,PER,TS%,3PAr,FTr,ORB%,DRB%,TRB%,AST%,STL%,BLK%,TOV%,USG%,blanl,OWS,DWS,WS,WS/48,blank2,OBPM,DBPM,BPM,VORP,FG,FGA,FG%,3P,3PA,3P%,2P,2PA,2P%,eFG%,FT,FTA,FT%,ORB,DRB,TRB,AST,STL,BLK,TOV,PF,PTS
ATL,9063,1988.0,Chris Washburn,C,22.0,29.0,0.0,174.0,12.2,0.48200000000000004,0.0,0.469,12.1,23.2,17.6,2.3,1.1,2.8,14.5,16.7,,0.0,0.3,0.3,0.07,,-4.0,-0.7,-4.7,-0.1,22.0,49.0,0.449,0.0,0.0,,22.0,49.0,0.449,0.449,13.0,23.0,0.565,19.0,36.0,55.0,3.0,4.0,8.0,10.0,19.0,57.0
GSW,9062,1988.0,Chris Washburn,C,22.0,35.0,2.0,385.0,8.3,0.465,0.006999999999999999,0.35200000000000004,11.3,18.7,14.4,5.6,0.7,1.2,18.9,21.6,,-0.1,0.3,-0.1,-0.036000000000000004,,-4.9,-1.9,-8.7,-0.1,57.0,145.0,0.43799999999999994,0.0,1.0,0.0,57.0,144.0,0.43799999999999994,0.43799999999999994,18.0,51.0,0.625,36.0,65.0,101.0,16.0,6.0,8.0,39.0,51.0,132.0
TOT,9061,1988.0,Chris Washburn,C,22.0,37.0,0.0,260.0,10.9,0.475,0.0,0.38299999999999995,11.8,20.3,16.0,3.2,0.9,1.9,15.2,17.8,,-0.1,0.3,0.2,0.035,,-4.3,-1.7,-6.0,-0.3,36.0,81.0,0.444,0.0,0.0,,36.0,81.0,0.444,0.444,18.0,31.0,0.581,28.0,47.0,75.0,6.0,5.0,8.0,17.0,29.0,90.0
