Tm,Unnamed: 0,Year,Player,Pos,Age,G,GS,MP,PER,TS%,3PAr,FTr,ORB%,DRB%,TRB%,AST%,STL%,BLK%,TOV%,USG%,blanl,OWS,DWS,WS,WS/48,blank2,OBPM,DBPM,BPM,VORP,FG,FGA,FG%,3P,3PA,3P%,2P,2PA,2P%,eFG%,FT,FTA,FT%,ORB,DRB,TRB,AST,STL,BLK,TOV,PF,PTS
CLE,21279,2012.0,Christian Eyenga,SF,22.0,44.0,18.0,947.0,9.0,0.47600000000000003,0.297,0.316,4.0,12.8,8.2,7.2,1.9,3.7,12.9,17.5,,-0.2,0.5,-0.2,-0.016,,-3.6,1.3,-3.7,-0.1,130.0,306.0,0.425,25.0,91.0,0.5,105.0,215.0,0.488,0.466,18.0,28.0,0.643,27.0,96.0,123.0,35.0,34.0,28.0,47.0,78.0,303.0
LAL,21280,2012.0,Christian Eyenga,SF,22.0,1.0,0.0,19.0,16.7,0.581,0.16699999999999998,0.33299999999999996,6.2,5.6,5.9,8.8,0.0,3.8,12.7,19.0,,0.0,0.0,0.0,0.122,,-1.0,-1.8,-2.8,0.0,3.0,6.0,0.5,0.0,1.0,0.0,3.0,5.0,0.6,0.5,2.0,2.0,1.0,1.0,1.0,2.0,1.0,0.0,1.0,1.0,0.0,8.0
TOT,21278,2012.0,Christian Eyenga,SF,22.0,7.0,0.0,102.0,4.8,0.298,0.12,0.32,4.4,11.5,7.8,7.5,1.5,3.7,9.5,14.0,,-0.2,0.1,-0.1,-0.061,,-7.1,0.8,-6.3,-0.1,6.0,25.0,0.24,1.0,3.0,0.33299999999999996,5.0,22.0,0.22699999999999998,0.26,4.0,8.0,0.5,4.0,10.0,14.0,5.0,3.0,5.0,3.0,7.0,17.0
