Tm,Unnamed: 0,Year,Player,Pos,Age,G,GS,MP,PER,TS%,3PAr,FTr,ORB%,DRB%,TRB%,AST%,STL%,BLK%,TOV%,USG%,blanl,OWS,DWS,WS,WS/48,blank2,OBPM,DBPM,BPM,VORP,FG,FGA,FG%,3P,3PA,3P%,2P,2PA,2P%,eFG%,FT,FTA,FT%,ORB,DRB,TRB,AST,STL,BLK,TOV,PF,PTS
MIL,4054,1974.0,Chuck Terry,SF,23.0,67.0,,693.0,7.0,0.368,,0.14800000000000002,3.4,6.0,10.1,15.3,2.8,0.0,,,,-0.1,1.0,0.1,0.004,,-6.4,-0.7,-7.1,0.0,55.0,162.0,0.34,,,,55.0,162.0,0.34,0.34,17.0,24.0,0.708,1.0,2.0,145.0,40.0,2.0,0.0,,116.0,127.0
NYN,4949,1977.0,Chuck Terry,SF,26.0,61.0,,1075.0,8.8,0.44,,0.195,3.9,9.9,6.7,5.5,2.5,0.5,,,,-0.5,1.2,0.7,0.028999999999999998,,-5.0,0.4,-4.6,-0.7,128.0,318.0,0.40299999999999997,,,,128.0,318.0,0.40299999999999997,0.40299999999999997,48.0,62.0,0.774,43.0,100.0,143.0,39.0,58.0,10.0,,120.0,304.0
