Tm,Unnamed: 0,Year,Player,Pos,Age,G,GS,MP,PER,TS%,3PAr,FTr,ORB%,DRB%,TRB%,AST%,STL%,BLK%,TOV%,USG%,blanl,OWS,DWS,WS,WS/48,blank2,OBPM,DBPM,BPM,VORP,FG,FGA,FG%,3P,3PA,3P%,2P,2PA,2P%,eFG%,FT,FTA,FT%,ORB,DRB,TRB,AST,STL,BLK,TOV,PF,PTS
FTW,884,1954.0,Chuck Share,C,26.0,67.0,,1044.0,19.1,0.496,,0.9209999999999999,,,,,,,,,,2.4,1.7,4.0,0.18600000000000003,,,,,,91.0,254.0,0.358,,,,91.0,254.0,0.358,0.358,172.0,234.0,0.735,,,373.0,74.0,,,,213.0,354.0
MLH,1002,1955.0,Chuck Share,C,27.0,69.0,,1685.0,22.0,0.517,,0.853,,,,,,,,,,5.3,2.9,8.1,0.23199999999999998,,,,,,235.0,577.0,0.40700000000000003,,,,235.0,577.0,0.40700000000000003,0.40700000000000003,351.0,492.0,0.713,,,684.0,84.0,,,,273.0,821.0
STL,1443,1959.0,Chuck Share,C,31.0,72.0,,1975.0,20.6,0.522,,0.735,,,,,,,,,,5.4,3.3,8.6,0.21,,,,,,315.0,733.0,0.439,,,,315.0,733.0,0.439,0.439,346.0,498.0,0.755,,,774.0,131.0,,,,318.0,976.0
TOT,1562,1960.0,Chuck Share,C,32.0,68.0,,1576.0,20.1,0.45899999999999996,,0.5579999999999999,,,,,,,,,,2.5,2.2,4.7,0.14300000000000002,,,,,,188.0,493.0,0.391,,,,188.0,493.0,0.391,0.391,188.0,275.0,0.684,,,555.0,80.0,,,,210.0,564.0
