Tm,Unnamed: 0,Year,Player,Pos,Age,G,GS,MP,PER,TS%,3PAr,FTr,ORB%,DRB%,TRB%,AST%,STL%,BLK%,TOV%,USG%,blanl,OWS,DWS,WS,WS/48,blank2,OBPM,DBPM,BPM,VORP,FG,FGA,FG%,3P,3PA,3P%,2P,2PA,2P%,eFG%,FT,FTA,FT%,ORB,DRB,TRB,AST,STL,BLK,TOV,PF,PTS
FTW,1196,1957.0,Chuck Noble,SG,25.0,72.0,,2013.0,10.9,0.402,,0.254,,,,,,,,,,-0.5,2.0,1.1,0.026000000000000002,,,,,,270.0,767.0,0.36,,,,270.0,767.0,0.36,0.36,146.0,195.0,0.7490000000000001,,,261.0,282.0,,,,253.0,686.0
DET,1770,1962.0,Chuck Noble,SG,30.0,75.0,,1655.0,10.9,0.391,,0.203,,,,,,,,,,-0.8,1.4,0.0,0.0,,,,,,276.0,774.0,0.35700000000000004,,,,276.0,774.0,0.35700000000000004,0.35700000000000004,101.0,138.0,0.735,,,201.0,287.0,,,,195.0,653.0
