Tm,Unnamed: 0,Year,Player,Pos,Age,G,GS,MP,PER,TS%,3PAr,FTr,ORB%,DRB%,TRB%,AST%,STL%,BLK%,TOV%,USG%,blanl,OWS,DWS,WS,WS/48,blank2,OBPM,DBPM,BPM,VORP,FG,FGA,FG%,3P,3PA,3P%,2P,2PA,2P%,eFG%,FT,FTA,FT%,ORB,DRB,TRB,AST,STL,BLK,TOV,PF,PTS
GSW,13291,1997.0,Clifford Rozier,C,24.0,66.0,34.0,1494.0,11.5,0.578,0.018000000000000002,0.40700000000000003,14.7,21.4,18.0,4.6,1.4,3.0,20.1,15.4,,0.4,1.2,1.3,0.07200000000000001,,-2.1,0.8,-1.3,0.1,189.0,390.0,0.585,2.0,7.0,0.28600000000000003,187.0,383.0,0.594,0.585,68.0,152.0,0.473,200.0,286.0,486.0,45.0,35.0,39.0,89.0,196.0,448.0
TOR,13292,1997.0,Clifford Rozier,C,24.0,41.0,29.0,732.0,14.7,0.473,0.012,0.353,15.8,21.8,18.7,6.8,1.7,4.8,12.7,14.0,,0.6,1.0,1.6,0.105,,-2.3,2.0,-0.3,0.3,79.0,173.0,0.457,0.0,2.0,0.0,79.0,171.0,0.462,0.457,31.0,61.0,0.508,102.0,132.0,234.0,31.0,24.0,44.0,29.0,97.0,189.0
TOT,13290,1997.0,Clifford Rozier,C,24.0,42.0,29.0,737.0,14.5,0.47100000000000003,0.011000000000000001,0.35100000000000003,15.7,21.6,18.6,6.8,1.7,4.8,12.6,14.0,,0.6,1.0,1.6,0.102,,-2.4,2.0,-0.4,0.3,79.0,174.0,0.45399999999999996,0.0,2.0,0.0,79.0,172.0,0.45899999999999996,0.45399999999999996,31.0,61.0,0.508,102.0,132.0,234.0,31.0,24.0,44.0,29.0,97.0,189.0
MIN,13818,1998.0,Clifford Rozier,C,25.0,6.0,0.0,30.0,-1.7,0.466,0.0,0.16699999999999998,11.5,11.2,11.4,0.0,0.0,0.0,38.3,15.5,,-0.1,0.0,-0.1,-0.14,,-9.3,-5.3,-14.6,-0.1,3.0,6.0,0.5,0.0,0.0,,3.0,6.0,0.5,0.5,0.0,1.0,0.0,3.0,3.0,6.0,0.0,0.0,0.0,4.0,7.0,6.0
