Tm,Unnamed: 0,Year,Player,Pos,Age,G,GS,MP,PER,TS%,3PAr,FTr,ORB%,DRB%,TRB%,AST%,STL%,BLK%,TOV%,USG%,blanl,OWS,DWS,WS,WS/48,blank2,OBPM,DBPM,BPM,VORP,FG,FGA,FG%,3P,3PA,3P%,2P,2PA,2P%,eFG%,FT,FTA,FT%,ORB,DRB,TRB,AST,STL,BLK,TOV,PF,PTS
CHA,22862,2014.0,Cody Zeller,C,21.0,82.0,3.0,1416.0,13.1,0.498,0.002,0.495,9.4,18.8,14.1,10.4,1.5,2.3,15.0,18.9,,0.4,2.2,2.6,0.09,,-3.2,1.8,-1.3,0.2,172.0,404.0,0.426,0.0,1.0,0.0,172.0,403.0,0.42700000000000005,0.426,146.0,200.0,0.73,118.0,235.0,353.0,92.0,40.0,41.0,87.0,170.0,490.0
CHO,24686,2017.0,Cody Zeller,PF,24.0,73.0,60.0,1774.0,16.7,0.604,0.023,0.531,8.6,20.1,14.0,10.9,1.8,3.0,12.2,15.6,,3.6,2.7,6.3,0.16899999999999998,,-0.2,2.5,2.1,1.8,253.0,443.0,0.5710000000000001,1.0,10.0,1.0,253.0,442.0,0.5720000000000001,0.5710000000000001,175.0,232.0,0.774,138.0,317.0,455.0,100.0,62.0,63.0,68.0,204.0,639.0
