Tm,Unnamed: 0,Year,Player,Pos,Age,G,GS,MP,PER,TS%,3PAr,FTr,ORB%,DRB%,TRB%,AST%,STL%,BLK%,TOV%,USG%,blanl,OWS,DWS,WS,WS/48,blank2,OBPM,DBPM,BPM,VORP,FG,FGA,FG%,3P,3PA,3P%,2P,2PA,2P%,eFG%,FT,FTA,FT%,ORB,DRB,TRB,AST,STL,BLK,TOV,PF,PTS
BUF,3827,1973.0,Cornell Warner,PF,24.0,65.0,,1293.0,14.5,0.47700000000000004,,0.38,,,15.9,17.6,,,,,,0.3,1.1,0.6,0.036000000000000004,,,,,,162.0,376.0,0.47100000000000003,,,,162.0,376.0,0.47100000000000003,0.47100000000000003,79.0,143.0,0.7440000000000001,,,452.0,54.0,,,,140.0,391.0
CLE,4071,1974.0,Cornell Warner,C,25.0,68.0,,1323.0,11.8,0.44,,0.308,9.9,26.7,18.6,9.9,0.0,2.2,,,,-0.1,2.2,1.7,0.06,,-8.5,-0.2,-8.7,-0.1,166.0,404.0,0.41100000000000003,,,,166.0,404.0,0.41100000000000003,0.41100000000000003,58.0,88.0,1.0,5.0,12.0,507.0,66.0,0.0,2.0,,172.0,390.0
TOT,4070,1974.0,Cornell Warner,C,25.0,72.0,,1405.0,11.9,0.542,,0.327,8.2,19.8,18.5,7.1,0.9,1.5,,,,1.2,2.3,3.5,0.11900000000000001,,-2.2,0.8,-1.4,0.2,174.0,421.0,0.499,,,,174.0,421.0,0.499,0.499,85.0,114.0,0.746,106.0,291.0,522.0,72.0,27.0,42.0,,204.0,433.0
MIL,4342,1975.0,Cornell Warner,PF,26.0,79.0,,2519.0,12.1,0.5529999999999999,,0.327,10.2,23.0,16.8,6.5,0.9,1.5,,,,1.6,3.1,4.7,0.125,,-1.9,1.4,-0.7,0.8,248.0,541.0,0.512,,,,248.0,541.0,0.512,0.512,106.0,155.0,0.736,238.0,574.0,812.0,127.0,49.0,54.0,,267.0,602.0
LAL,4972,1977.0,Cornell Warner,PF,28.0,81.0,,2512.0,12.4,0.509,,0.244,12.9,28.1,20.7,8.3,1.0,0.9,,,,1.8,2.6,4.3,0.091,,-2.6,0.9,-1.6,0.2,251.0,524.0,0.479,,,,251.0,524.0,0.479,0.479,89.0,128.0,0.695,223.0,499.0,722.0,106.0,55.0,46.0,,283.0,591.0
