Tm,Unnamed: 0,Year,Player,Pos,Age,G,GS,MP,PER,TS%,3PAr,FTr,ORB%,DRB%,TRB%,AST%,STL%,BLK%,TOV%,USG%,blanl,OWS,DWS,WS,WS/48,blank2,OBPM,DBPM,BPM,VORP,FG,FGA,FG%,3P,3PA,3P%,2P,2PA,2P%,eFG%,FT,FTA,FT%,ORB,DRB,TRB,AST,STL,BLK,TOV,PF,PTS
HOU,21299,2012.0,Courtney Fortson,PG,23.0,6.0,0.0,49.0,8.5,0.39799999999999996,0.45,0.3,4.7,12.0,8.3,15.6,3.2,0.0,18.1,25.6,,-0.1,0.1,-0.1,-0.065,,-4.1,-1.0,-5.1,0.0,6.0,20.0,0.3,2.0,9.0,0.222,4.0,11.0,0.364,0.35,4.0,6.0,0.667,2.0,5.0,7.0,5.0,3.0,0.0,5.0,2.0,18.0
LAC,21298,2012.0,Courtney Fortson,PG,23.0,4.0,0.0,46.0,11.4,0.5329999999999999,0.33299999999999996,0.75,10.2,10.5,10.3,16.6,0.0,0.0,23.9,21.0,,0.0,0.0,0.0,0.03,,-1.5,-3.1,-4.6,0.0,5.0,12.0,0.41700000000000004,1.0,4.0,0.25,4.0,8.0,0.5,0.45799999999999996,6.0,9.0,0.667,4.0,4.0,8.0,5.0,0.0,0.0,5.0,3.0,17.0
TOT,21297,2012.0,Courtney Fortson,PG,23.0,10.0,0.0,95.0,9.9,0.45299999999999996,0.406,0.469,7.4,11.2,9.3,16.1,1.7,0.0,20.6,23.4,,-0.1,0.1,0.0,-0.019,,-2.8,-2.0,-4.8,-0.1,11.0,32.0,0.344,3.0,13.0,0.231,8.0,19.0,0.42100000000000004,0.391,10.0,15.0,0.667,6.0,9.0,15.0,10.0,3.0,0.0,10.0,5.0,35.0
