Tm,Unnamed: 0,Year,Player,Pos,Age,G,GS,MP,PER,TS%,3PAr,FTr,ORB%,DRB%,TRB%,AST%,STL%,BLK%,TOV%,USG%,blanl,OWS,DWS,WS,WS/48,blank2,OBPM,DBPM,BPM,VORP,FG,FGA,FG%,3P,3PA,3P%,2P,2PA,2P%,eFG%,FT,FTA,FT%,ORB,DRB,TRB,AST,STL,BLK,TOV,PF,PTS
SDR,3239,1971.0,Curtis Perry,C,22.0,18.0,,100.0,12.9,0.467,,0.41700000000000004,,,13.1,7.3,,,,,,0.0,0.2,0.2,0.087,,,,,,21.0,48.0,0.43799999999999994,,,,21.0,48.0,0.43799999999999994,0.43799999999999994,11.0,20.0,0.55,,,30.0,5.0,,,,22.0,53.0
HOU,3485,1972.0,Curtis Perry,C,23.0,25.0,,355.0,7.9,0.35,,0.209,,,15.5,7.7,,,,,,-0.8,0.6,-0.2,-0.022000000000000002,,,,,,38.0,115.0,0.33,,,,38.0,115.0,0.33,0.33,12.0,24.0,0.5,,,122.0,22.0,,,,47.0,88.0
TOT,3484,1972.0,Curtis Perry,C,23.0,75.0,,1826.0,8.5,0.40700000000000003,,0.245,,,15.5,6.4,,,,,,-1.8,3.0,1.3,0.033,,,,,,181.0,486.0,0.37200000000000005,,,,181.0,486.0,0.37200000000000005,0.37200000000000005,76.0,119.0,0.639,,,593.0,100.0,,,,261.0,438.0
MIL,4017,1974.0,Curtis Perry,PF,25.0,81.0,,2386.0,13.2,0.486,,0.256,11.1,18.4,15.5,9.5,2.0,2.1,,,,1.0,4.6,5.3,0.111,,-1.4,2.8,1.4,2.1,325.0,729.0,0.461,,,,325.0,729.0,0.461,0.461,83.0,134.0,0.674,242.0,461.0,703.0,183.0,104.0,97.0,,301.0,728.0
PHO,5264,1978.0,Curtis Perry,PF,29.0,79.0,,2688.0,17.1,0.537,,0.34299999999999997,13.1,23.0,18.0,11.1,1.8,1.6,18.8,15.2,,3.8,3.7,7.6,0.135,,1.0,1.7,2.7,3.2,437.0,917.0,0.49700000000000005,,,,437.0,917.0,0.49700000000000005,0.49700000000000005,184.0,256.0,0.789,347.0,593.0,940.0,186.0,108.0,78.0,63.0,288.0,1058.0
