Tm,Unnamed: 0,Year,Player,Pos,Age,G,GS,MP,PER,TS%,3PAr,FTr,ORB%,DRB%,TRB%,AST%,STL%,BLK%,TOV%,USG%,blanl,OWS,DWS,WS,WS/48,blank2,OBPM,DBPM,BPM,VORP,FG,FGA,FG%,3P,3PA,3P%,2P,2PA,2P%,eFG%,FT,FTA,FT%,ORB,DRB,TRB,AST,STL,BLK,TOV,PF,PTS
OKC,21091,2011.0,D.J. White,PF,24.0,23.0,0.0,219.0,25.9,0.65,0.0,0.26,11.6,20.7,14.2,8.3,2.5,2.8,9.2,21.3,,0.4,0.3,0.6,0.276,,3.3,0.0,3.3,0.1,30.0,65.0,0.61,0.0,0.0,,30.0,65.0,0.61,0.61,10.0,13.0,0.9,12.0,40.0,52.0,6.0,6.0,8.0,7.0,31.0,65.0
TOT,21090,2011.0,D.J. White,C-PF,24.0,47.0,0.0,685.0,15.3,0.542,0.009000000000000001,0.292,7.6,20.0,13.8,4.9,0.9,2.3,5.4,17.7,,1.1,0.7,1.8,0.128,,-1.9,-1.0,-2.9,-0.1,111.0,219.0,0.507,0.0,2.0,0.0,111.0,217.0,0.512,0.507,46.0,64.0,0.7190000000000001,43.0,115.0,158.0,19.0,12.0,20.0,14.0,77.0,268.0
BOS,22231,2013.0,D.J. White,PF,26.0,12.0,0.0,86.0,14.7,0.5379999999999999,0.0,0.391,5.7,12.0,8.9,7.5,0.6,5.5,6.9,15.9,,0.1,0.1,0.2,0.11699999999999999,,-3.1,1.1,-2.1,0.0,12.0,23.0,0.522,0.0,0.0,,12.0,23.0,0.522,0.522,5.0,9.0,0.556,4.0,9.0,13.0,4.0,1.0,6.0,2.0,5.0,29.0
CHA,22841,2014.0,D.J. White,PF,27.0,58.0,11.0,1098.0,17.7,0.5710000000000001,0.013000000000000001,0.35100000000000003,8.0,22.7,13.8,8.1,5.2,2.1,10.2,18.6,,1.1,0.4,1.6,0.161,,-0.4,3.4,-1.7,0.0,174.0,353.0,0.526,1.0,2.0,1.0,173.0,352.0,0.5329999999999999,0.526,43.0,61.0,0.759,50.0,159.0,209.0,47.0,17.0,23.0,43.0,94.0,392.0
