Tm,Unnamed: 0,Year,Player,Pos,Age,G,GS,MP,PER,TS%,3PAr,FTr,ORB%,DRB%,TRB%,AST%,STL%,BLK%,TOV%,USG%,blanl,OWS,DWS,WS,WS/48,blank2,OBPM,DBPM,BPM,VORP,FG,FGA,FG%,3P,3PA,3P%,2P,2PA,2P%,eFG%,FT,FTA,FT%,ORB,DRB,TRB,AST,STL,BLK,TOV,PF,PTS
SFW,3019,1970.0,Dale Schlueter,C,24.0,63.0,,685.0,12.6,0.534,,0.581,,,,7.3,,,,,,0.7,0.9,1.6,0.113,,,,,,82.0,167.0,0.491,,,,82.0,167.0,0.491,0.491,60.0,97.0,0.619,,,231.0,30.0,,,,108.0,224.0
PHI,3784,1973.0,Dale Schlueter,C,27.0,78.0,,1136.0,15.3,0.563,,0.38799999999999996,,,13.9,12.4,,,,,,2.2,0.8,3.0,0.126,,,,,,166.0,317.0,0.524,,,,166.0,317.0,0.524,0.524,86.0,123.0,0.6990000000000001,,,354.0,103.0,,,,166.0,418.0
ATL,4041,1974.0,Dale Schlueter,C,28.0,57.0,,547.0,13.3,0.522,,0.37,9.8,18.9,14.3,10.3,2.0,2.1,,,,0.4,0.7,1.1,0.098,,-1.8,1.3,-0.6,0.2,63.0,135.0,0.467,,,,63.0,135.0,0.467,0.467,38.0,50.0,0.76,54.0,101.0,155.0,45.0,25.0,22.0,,84.0,164.0
BUF,4585,1976.0,Dale Schlueter,C,30.0,76.0,,962.0,13.1,0.579,,0.68,8.6,21.7,15.1,13.4,0.8,2.2,,,,0.9,1.1,2.0,0.102,,-0.5,1.2,0.7,0.7,92.0,178.0,0.517,,,,92.0,178.0,0.517,0.517,84.0,121.0,0.6940000000000001,78.0,186.0,264.0,104.0,18.0,42.0,,163.0,268.0
PHO,4921,1977.0,Dale Schlueter,C,31.0,39.0,,337.0,8.5,0.409,,0.431,9.6,15.9,12.8,14.3,1.1,1.3,,,,-0.4,0.4,0.1,0.009000000000000001,,-4.4,1.0,-3.4,-0.1,26.0,72.0,0.361,,,,26.0,72.0,0.361,0.361,18.0,31.0,0.581,30.0,50.0,80.0,38.0,8.0,8.0,,62.0,70.0
POR,5297,1978.0,Dale Schlueter,C,32.0,81.0,,2693.0,15.8,0.581,,0.9470000000000001,4.9,15.0,15.0,19.9,1.3,1.0,35.8,15.2,,5.4,2.2,6.3,0.11599999999999999,,-5.0,0.9,-4.1,-0.1,353.0,672.0,0.525,,,,353.0,672.0,0.525,0.525,241.0,326.0,0.7390000000000001,5.0,16.0,860.0,285.0,3.0,2.0,15.0,277.0,947.0
