Tm,Unnamed: 0,Year,Player,Pos,Age,G,GS,MP,PER,TS%,3PAr,FTr,ORB%,DRB%,TRB%,AST%,STL%,BLK%,TOV%,USG%,blanl,OWS,DWS,WS,WS/48,blank2,OBPM,DBPM,BPM,VORP,FG,FGA,FG%,3P,3PA,3P%,2P,2PA,2P%,eFG%,FT,FTA,FT%,ORB,DRB,TRB,AST,STL,BLK,TOV,PF,PTS
DAL,8016,1986.0,Dale Ellis,SF,25.0,72.0,4.0,1314.0,15.1,0.514,0.368,0.245,11.6,15.8,13.7,7.6,1.9,0.5,12.5,24.6,,1.3,1.1,2.4,0.08800000000000001,,1.2,-2.0,-1.7,0.1,274.0,603.0,0.456,63.0,173.0,0.414,232.0,494.0,0.47,0.489,87.0,121.0,0.74,106.0,144.0,250.0,56.0,46.0,9.0,78.0,131.0,667.0
SAS,11493,1994.0,Dale Ellis,SG,33.0,82.0,76.0,2731.0,15.0,0.579,0.34299999999999997,0.18,3.6,9.3,6.5,6.2,1.4,0.4,8.6,20.8,,5.5,2.3,7.6,0.14,,2.6,-1.3,1.0,2.0,545.0,1092.0,0.499,131.0,332.0,0.401,426.0,795.0,0.546,0.562,157.0,197.0,0.797,81.0,231.0,312.0,107.0,78.0,18.0,111.0,179.0,1366.0
DEN,12991,1997.0,Dale Ellis,SF,36.0,82.0,52.0,2940.0,14.7,0.58,0.45899999999999996,0.228,3.9,10.0,6.9,9.8,1.1,0.3,10.3,21.5,,4.7,1.5,6.2,0.114,,2.3,-1.8,0.5,1.7,477.0,1151.0,0.479,192.0,528.0,0.41200000000000003,309.0,623.0,0.519,0.557,215.0,263.0,0.866,99.0,227.0,315.0,165.0,60.0,9.0,146.0,191.0,1361.0
SEA,14101,1999.0,Dale Ellis,SG,38.0,82.0,82.0,3190.0,19.7,0.612,0.5489999999999999,0.322,6.6,9.7,7.9,12.2,2.1,0.6,12.1,26.8,,9.2,1.7,10.8,0.163,,4.7,-1.4,2.8,3.7,857.0,1710.0,0.516,162.0,339.0,0.478,699.0,1371.0,0.546,0.588,385.0,489.0,0.818,187.0,260.0,447.0,238.0,108.0,32.0,238.0,267.0,2253.0
CHH,14614,2000.0,Dale Ellis,SG,39.0,24.0,5.0,240.0,4.2,0.46,0.603,0.069,2.9,7.3,5.2,5.0,1.5,0.0,17.9,13.6,,-0.2,0.2,0.0,-0.01,,-3.8,-1.6,-5.4,-0.2,19.0,58.0,0.32799999999999996,14.0,35.0,0.4,5.0,23.0,0.217,0.44799999999999995,3.0,4.0,0.75,6.0,16.0,22.0,8.0,7.0,0.0,13.0,22.0,55.0
MIL,14613,2000.0,Dale Ellis,SG,39.0,81.0,11.0,2191.0,18.2,0.586,0.644,0.251,7.1,9.7,7.7,8.5,1.3,0.5,9.5,27.2,,4.1,0.7,4.8,0.124,,2.7,-3.1,-0.5,0.7,485.0,1034.0,0.486,138.0,329.0,0.441,347.0,705.0,0.667,0.579,164.0,212.0,0.774,92.0,161.0,253.0,104.0,57.0,18.0,119.0,151.0,1272.0
TOT,14612,2000.0,Dale Ellis,SG,39.0,51.0,24.0,1424.0,17.0,0.542,0.629,0.231,5.4,9.1,7.3,10.6,1.7,0.4,10.8,26.0,,2.2,1.0,3.2,0.109,,2.1,-2.5,-0.5,0.6,340.0,718.0,0.474,57.0,157.0,0.37,283.0,561.0,0.504,0.531,120.0,166.0,0.723,66.0,107.0,173.0,95.0,49.0,8.0,81.0,112.0,857.0
