Tm,Unnamed: 0,Year,Player,Pos,Age,G,GS,MP,PER,TS%,3PAr,FTr,ORB%,DRB%,TRB%,AST%,STL%,BLK%,TOV%,USG%,blanl,OWS,DWS,WS,WS/48,blank2,OBPM,DBPM,BPM,VORP,FG,FGA,FG%,3P,3PA,3P%,2P,2PA,2P%,eFG%,FT,FTA,FT%,ORB,DRB,TRB,AST,STL,BLK,TOV,PF,PTS
NJN,21394,2012.0,Damion James,SF,24.0,25.0,9.0,403.0,10.1,0.47700000000000004,0.028999999999999998,0.34299999999999997,4.8,20.5,12.5,8.1,2.2,3.2,23.0,16.2,,-0.3,0.5,0.1,0.015,,-5.1,1.7,-3.4,-0.1,46.0,103.0,0.447,0.0,3.0,0.0,46.0,100.0,0.46,0.447,18.0,28.0,0.667,17.0,68.0,85.0,20.0,16.0,12.0,25.0,36.0,110.0
BRK,21932,2013.0,Damion James,SF,25.0,2.0,0.0,0.0,,,,,,,,,,,,,,0.0,0.0,0.0,,,-5.5,0.3,-5.2,0.0,0.0,0.0,,0.0,0.0,,0.0,0.0,,,0.0,0.0,,0.0,1.0,1.0,0.0,0.0,0.0,0.0,0.0,0.0
SAS,22547,2014.0,Damion James,SF,26.0,5.0,1.0,50.0,4.1,0.304,0.222,0.222,2.4,23.8,13.5,7.5,0.0,1.4,9.2,9.8,,-0.1,0.1,0.0,0.01,,-6.7,1.2,-5.5,0.0,2.0,9.0,0.222,0.0,2.0,0.0,2.0,7.0,0.28600000000000003,0.222,2.0,2.0,1.0,1.0,11.0,12.0,3.0,0.0,1.0,1.0,3.0,6.0
