Tm,Unnamed: 0,Year,Player,Pos,Age,G,GS,MP,PER,TS%,3PAr,FTr,ORB%,DRB%,TRB%,AST%,STL%,BLK%,TOV%,USG%,blanl,OWS,DWS,WS,WS/48,blank2,OBPM,DBPM,BPM,VORP,FG,FGA,FG%,3P,3PA,3P%,2P,2PA,2P%,eFG%,FT,FTA,FT%,ORB,DRB,TRB,AST,STL,BLK,TOV,PF,PTS
IND,5290,1978.0,Dan Roundfield,PF,24.0,79.0,,2423.0,18.0,0.534,,0.348,10.8,21.7,16.1,11.4,1.7,4.1,16.3,18.4,,3.6,3.3,6.9,0.138,,0.8,2.1,2.9,3.0,421.0,861.0,0.489,,,,421.0,861.0,0.489,0.489,218.0,300.0,0.727,275.0,527.0,802.0,196.0,81.0,149.0,194.0,297.0,1060.0
ATL,7470,1984.0,Dan Roundfield,PF,30.0,81.0,76.0,2811.0,20.7,0.575,0.023,0.46799999999999997,13.3,25.3,18.4,12.4,1.9,4.0,16.1,24.6,,4.6,5.1,9.1,0.16899999999999998,,2.5,3.0,4.6,4.3,561.0,1193.0,0.527,5.0,27.0,0.2,556.0,1166.0,0.528,0.527,374.0,486.0,0.77,326.0,621.0,880.0,225.0,101.0,176.0,245.0,358.0,1464.0
DET,7817,1985.0,Dan Roundfield,PF,31.0,56.0,43.0,1492.0,13.9,0.524,0.004,0.35200000000000004,11.7,20.3,15.8,8.4,0.8,2.0,17.4,18.2,,0.9,1.8,2.7,0.087,,-1.1,1.2,0.1,0.8,236.0,505.0,0.467,0.0,2.0,0.0,236.0,503.0,0.469,0.467,139.0,178.0,0.7809999999999999,175.0,278.0,453.0,102.0,26.0,54.0,123.0,147.0,611.0
WSB,8573,1987.0,Dan Roundfield,PF,33.0,79.0,21.0,2321.0,14.7,0.56,0.023,0.5479999999999999,10.0,20.1,15.0,10.4,0.8,1.3,18.6,18.1,,2.1,3.1,5.1,0.106,,-0.8,1.0,0.2,1.3,322.0,660.0,0.488,1.0,6.0,0.2,322.0,654.0,0.49200000000000005,0.488,273.0,362.0,0.792,210.0,432.0,642.0,167.0,36.0,51.0,187.0,194.0,917.0
