Tm,Unnamed: 0,Year,Player,Pos,Age,G,GS,MP,PER,TS%,3PAr,FTr,ORB%,DRB%,TRB%,AST%,STL%,BLK%,TOV%,USG%,blanl,OWS,DWS,WS,WS/48,blank2,OBPM,DBPM,BPM,VORP,FG,FGA,FG%,3P,3PA,3P%,2P,2PA,2P%,eFG%,FT,FTA,FT%,ORB,DRB,TRB,AST,STL,BLK,TOV,PF,PTS
PHO,15914,2002.0,Daniel Santiago,C,25.0,54.0,2.0,581.0,9.6,0.528,0.0,0.455,6.7,33.4,16.5,13.6,1.5,3.0,22.6,18.7,,0.0,0.9,0.6,0.052000000000000005,,-5.5,0.9,-4.6,0.0,64.0,134.0,0.5,0.0,0.0,,64.0,134.0,0.5,0.5,42.0,61.0,0.6890000000000001,35.0,67.0,102.0,11.0,17.0,21.0,47.0,101.0,170.0
MIL,17533,2005.0,Daniel Santiago,C,28.0,54.0,28.0,708.0,11.2,0.536,0.0,0.552,6.7,15.6,10.6,5.3,1.5,2.8,13.6,15.0,,0.6,0.6,1.2,0.083,,-2.2,0.2,-2.0,0.0,78.0,163.0,0.479,0.0,0.0,,78.0,163.0,0.479,0.479,61.0,90.0,0.727,35.0,97.0,132.0,24.0,19.0,21.0,32.0,98.0,217.0
