Tm,Unnamed: 0,Year,Player,Pos,Age,G,GS,MP,PER,TS%,3PAr,FTr,ORB%,DRB%,TRB%,AST%,STL%,BLK%,TOV%,USG%,blanl,OWS,DWS,WS,WS/48,blank2,OBPM,DBPM,BPM,VORP,FG,FGA,FG%,3P,3PA,3P%,2P,2PA,2P%,eFG%,FT,FTA,FT%,ORB,DRB,TRB,AST,STL,BLK,TOV,PF,PTS
DEN,14114,1999.0,Danny Fortson,PF,22.0,80.0,38.0,1811.0,18.7,0.564,0.008,0.598,16.6,31.3,23.7,8.0,1.3,1.2,17.1,23.1,,3.6,0.7,4.4,0.14800000000000002,,0.0,-2.0,-2.0,0.0,276.0,611.0,0.495,1.0,3.0,0.33299999999999996,275.0,608.0,0.499,0.495,263.0,339.0,0.7759999999999999,210.0,371.0,581.0,76.0,44.0,30.0,157.0,314.0,816.0
BOS,14624,2000.0,Danny Fortson,PF,23.0,55.0,5.0,856.0,20.1,0.602,0.0,0.713,17.8,31.7,24.4,5.6,1.2,0.4,16.1,21.0,,2.5,1.0,3.5,0.19399999999999998,,0.2,-2.4,-2.2,0.0,140.0,265.0,0.528,0.0,0.0,,140.0,265.0,0.528,0.528,139.0,189.0,0.735,141.0,225.0,366.0,29.0,20.0,5.0,67.0,180.0,419.0
GSW,16142,2003.0,Danny Fortson,PF,26.0,77.0,76.0,2216.0,24.4,0.6779999999999999,0.019,1.08,14.0,39.3,25.6,9.3,2.1,0.5,18.3,19.3,,2.5,2.1,4.5,0.258,,0.5,-0.7,-1.8,0.1,309.0,722.0,0.58,1.0,4.0,0.25,308.0,718.0,0.58,0.58,245.0,308.0,0.795,290.0,609.0,899.0,127.0,44.0,17.0,160.0,255.0,864.0
DAL,16663,2004.0,Danny Fortson,C,27.0,56.0,20.0,625.0,15.9,0.605,0.0,0.662,19.3,24.3,21.8,2.0,1.0,1.3,17.1,15.2,,1.9,0.4,2.3,0.177,,0.3,-3.1,-2.8,-0.1,71.0,139.0,0.511,0.0,0.0,,71.0,139.0,0.511,0.511,75.0,92.0,0.815,114.0,136.0,250.0,9.0,12.0,11.0,37.0,148.0,217.0
SEA,18370,2007.0,Danny Fortson,C,30.0,62.0,6.0,1047.0,17.0,0.682,0.033,1.1420000000000001,18.4,23.0,20.3,1.2,0.8,0.6,29.6,19.0,,3.6,0.7,4.3,0.19699999999999998,,0.7,-3.6,-2.9,-0.2,118.0,226.0,0.529,0.0,1.0,0.0,118.0,226.0,0.529,0.529,227.0,258.0,0.88,157.0,191.0,348.0,8.0,15.0,7.0,91.0,265.0,463.0
