Tm,Unnamed: 0,Year,Player,Pos,Age,G,GS,MP,PER,TS%,3PAr,FTr,ORB%,DRB%,TRB%,AST%,STL%,BLK%,TOV%,USG%,blanl,OWS,DWS,WS,WS/48,blank2,OBPM,DBPM,BPM,VORP,FG,FGA,FG%,3P,3PA,3P%,2P,2PA,2P%,eFG%,FT,FTA,FT%,ORB,DRB,TRB,AST,STL,BLK,TOV,PF,PTS
DAL,11665,1994.0,Darren Morningstar,C,24.0,22.0,15.0,363.0,8.8,0.499,0.0,0.37,8.9,16.4,12.4,6.2,2.0,0.4,16.8,13.2,,0.1,0.3,0.3,0.045,,-3.3,-0.4,-3.7,-0.2,38.0,81.0,0.469,0.0,0.0,,38.0,81.0,0.469,0.469,18.0,30.0,0.6,31.0,49.0,80.0,15.0,14.0,2.0,19.0,69.0,94.0
TOT,11664,1994.0,Darren Morningstar,C,24.0,23.0,15.0,367.0,8.9,0.504,0.0,0.366,8.8,16.5,12.4,6.1,1.9,0.4,16.6,13.2,,0.1,0.3,0.4,0.048,,-3.3,-0.4,-3.7,-0.2,39.0,82.0,0.47600000000000003,0.0,0.0,,39.0,82.0,0.47600000000000003,0.47600000000000003,18.0,30.0,0.6,31.0,50.0,81.0,15.0,14.0,2.0,19.0,70.0,96.0
UTA,11666,1994.0,Darren Morningstar,C,24.0,1.0,0.0,4.0,19.4,1.0,0.0,0.0,0.0,28.5,14.4,0.0,0.0,0.0,0.0,11.1,,0.0,0.0,0.0,0.247,,1.1,-5.1,-4.0,0.0,1.0,1.0,1.0,0.0,0.0,,1.0,1.0,1.0,1.0,0.0,0.0,,0.0,1.0,1.0,0.0,0.0,0.0,0.0,1.0,2.0
