Tm,Unnamed: 0,Year,Player,Pos,Age,G,GS,MP,PER,TS%,3PAr,FTr,ORB%,DRB%,TRB%,AST%,STL%,BLK%,TOV%,USG%,blanl,OWS,DWS,WS,WS/48,blank2,OBPM,DBPM,BPM,VORP,FG,FGA,FG%,3P,3PA,3P%,2P,2PA,2P%,eFG%,FT,FTA,FT%,ORB,DRB,TRB,AST,STL,BLK,TOV,PF,PTS
BLB,722,1953.0,Dave Minor,SG,30.0,57.0,,1558.0,12.5,0.413,,0.27399999999999997,,,,,,,,,,0.2,0.9,1.1,0.033,,,,,,185.0,522.0,0.358,,,,185.0,522.0,0.358,0.358,101.0,132.0,0.769,,,275.0,160.0,,,,161.0,471.0
MLH,723,1953.0,Dave Minor,PG,30.0,40.0,,1309.0,11.4,0.428,,0.326,,,,,,,,,,0.6,1.9,2.5,0.091,,,,,,120.0,325.0,0.369,,,,120.0,325.0,0.369,0.369,78.0,106.0,0.736,,,211.0,105.0,,,,176.0,318.0
TOT,721,1953.0,Dave Minor,PG,30.0,59.0,,1610.0,11.2,0.425,,0.314,,,,,,,,,,0.6,1.9,2.6,0.077,,,,,,154.0,420.0,0.36700000000000005,,,,154.0,420.0,0.36700000000000005,0.36700000000000005,98.0,132.0,0.742,,,252.0,128.0,,,,211.0,406.0
