Tm,Unnamed: 0,Year,Player,Pos,Age,G,GS,MP,PER,TS%,3PAr,FTr,ORB%,DRB%,TRB%,AST%,STL%,BLK%,TOV%,USG%,blanl,OWS,DWS,WS,WS/48,blank2,OBPM,DBPM,BPM,VORP,FG,FGA,FG%,3P,3PA,3P%,2P,2PA,2P%,eFG%,FT,FTA,FT%,ORB,DRB,TRB,AST,STL,BLK,TOV,PF,PTS
GSW,8787,1988.0,Dave Feitl,C,25.0,70.0,19.0,1128.0,10.7,0.495,0.01,0.332,8.0,25.5,16.5,6.6,0.6,0.5,15.8,19.7,,-0.4,0.7,0.3,0.011000000000000001,,-4.6,-2.3,-6.9,-1.4,182.0,404.0,0.45,0.0,4.0,0.0,182.0,400.0,0.455,0.45,94.0,134.0,0.701,83.0,252.0,335.0,53.0,15.0,9.0,87.0,146.0,458.0
WSB,9218,1989.0,Dave Feitl,C,26.0,57.0,36.0,828.0,8.7,0.485,0.004,0.244,8.7,18.3,13.3,5.8,1.0,1.3,18.1,17.4,,-0.4,0.8,0.4,0.022000000000000002,,-4.3,-0.5,-4.8,-0.6,116.0,266.0,0.436,0.0,1.0,0.0,116.0,265.0,0.43799999999999994,0.436,54.0,65.0,0.831,69.0,133.0,202.0,36.0,17.0,18.0,65.0,136.0,286.0
HOU,10136,1991.0,Dave Feitl,C,28.0,62.0,2.0,498.0,10.3,0.491,0.021,0.35100000000000003,8.7,20.2,14.3,6.3,0.9,1.9,14.0,22.3,,-0.1,0.6,0.5,0.049,,-4.4,-1.7,-6.6,-0.6,88.0,202.0,0.436,0.0,3.0,0.0,88.0,201.0,0.43799999999999994,0.436,53.0,71.0,0.75,39.0,78.0,117.0,22.0,9.0,12.0,38.0,83.0,229.0
NJN,10585,1992.0,Dave Feitl,C,29.0,34.0,0.0,175.0,11.9,0.48,0.0,0.247,12.3,25.1,18.4,5.0,0.6,1.0,18.2,23.9,,-0.1,0.2,0.1,0.019,,-5.8,-3.5,-9.3,-0.3,33.0,77.0,0.429,0.0,0.0,,33.0,77.0,0.429,0.429,16.0,19.0,0.8420000000000001,21.0,40.0,61.0,6.0,2.0,3.0,19.0,22.0,82.0
