Tm,Unnamed: 0,Year,Player,Pos,Age,G,GS,MP,PER,TS%,3PAr,FTr,ORB%,DRB%,TRB%,AST%,STL%,BLK%,TOV%,USG%,blanl,OWS,DWS,WS,WS/48,blank2,OBPM,DBPM,BPM,VORP,FG,FGA,FG%,3P,3PA,3P%,2P,2PA,2P%,eFG%,FT,FTA,FT%,ORB,DRB,TRB,AST,STL,BLK,TOV,PF,PTS
ORL,13360,1997.0,David Vaughn,PF,23.0,35.0,6.0,298.0,10.3,0.475,0.013000000000000001,0.41700000000000004,14.8,24.2,18.7,4.3,1.5,4.2,25.4,18.0,,-0.4,0.5,0.1,0.019,,-6.8,0.8,-6.0,-0.3,31.0,80.0,0.431,0.0,1.0,0.0,31.0,79.0,0.431,0.431,19.0,30.0,0.633,35.0,60.0,95.0,8.0,8.0,15.0,29.0,68.0,81.0
CHI,13903,1998.0,David Vaughn,PF,24.0,3.0,0.0,6.0,23.3,0.725,0.0,4.0,0.0,19.2,9.5,0.0,0.0,0.0,0.0,20.6,,0.0,0.0,0.0,0.315,,0.6,-6.9,-6.3,0.0,1.0,1.0,1.0,0.0,0.0,,1.0,1.0,1.0,1.0,2.0,4.0,0.5,0.0,1.0,1.0,0.0,0.0,0.0,0.0,1.0,4.0
GSW,13902,1998.0,David Vaughn,PF,24.0,22.0,0.0,322.0,10.8,0.442,0.009000000000000001,0.298,11.0,23.2,16.9,9.7,1.6,1.3,19.4,21.7,,-0.5,0.4,0.0,-0.002,,-5.3,0.2,-5.1,-0.3,46.0,114.0,0.40399999999999997,0.0,1.0,0.0,46.0,113.0,0.40700000000000003,0.40399999999999997,22.0,34.0,0.647,34.0,68.0,102.0,18.0,10.0,6.0,31.0,48.0,114.0
TOT,13901,1998.0,David Vaughn,PF,24.0,40.0,2.0,489.0,11.4,0.48,0.006999999999999999,0.318,11.4,23.1,17.0,7.0,1.6,1.4,19.2,18.6,,-0.2,0.6,0.4,0.04,,-4.3,-0.2,-4.4,-0.3,66.0,148.0,0.446,0.0,1.0,0.0,66.0,147.0,0.449,0.446,30.0,47.0,0.638,53.0,99.0,152.0,20.0,15.0,10.0,40.0,83.0,162.0
NJN,14418,1999.0,David Vaughn,PF,25.0,15.0,2.0,161.0,13.5,0.599,0.0,0.41700000000000004,13.2,23.8,18.3,1.9,1.6,5.6,27.9,16.9,,0.2,0.2,0.4,0.114,,-2.3,-0.1,-3.1,0.0,19.0,33.0,0.5760000000000001,0.0,0.0,,19.0,33.0,0.5760000000000001,0.5760000000000001,8.0,10.0,0.8,19.0,30.0,49.0,2.0,5.0,8.0,11.0,34.0,44.0
