Tm,Unnamed: 0,Year,Player,Pos,Age,G,GS,MP,PER,TS%,3PAr,FTr,ORB%,DRB%,TRB%,AST%,STL%,BLK%,TOV%,USG%,blanl,OWS,DWS,WS,WS/48,blank2,OBPM,DBPM,BPM,VORP,FG,FGA,FG%,3P,3PA,3P%,2P,2PA,2P%,eFG%,FT,FTA,FT%,ORB,DRB,TRB,AST,STL,BLK,TOV,PF,PTS
IND,18971,2008.0,David Harrison,C,25.0,67.0,17.0,1034.0,12.9,0.589,0.0,0.5920000000000001,9.7,20.5,14.2,5.6,1.4,6.3,27.8,22.1,,0.3,1.9,1.5,0.09,,-3.2,2.2,-1.3,0.1,148.0,294.0,0.5760000000000001,0.0,0.0,,148.0,294.0,0.5760000000000001,0.5760000000000001,89.0,174.0,0.5710000000000001,84.0,170.0,254.0,14.0,23.0,59.0,79.0,193.0,385.0
