Tm,Unnamed: 0,Year,Player,Pos,Age,G,GS,MP,PER,TS%,3PAr,FTr,ORB%,DRB%,TRB%,AST%,STL%,BLK%,TOV%,USG%,blanl,OWS,DWS,WS,WS/48,blank2,OBPM,DBPM,BPM,VORP,FG,FGA,FG%,3P,3PA,3P%,2P,2PA,2P%,eFG%,FT,FTA,FT%,ORB,DRB,TRB,AST,STL,BLK,TOV,PF,PTS
LAC,24389,2017.0,DeAndre Jordan,C,28.0,82.0,82.0,2870.0,21.8,0.6729999999999999,0.008,1.219,16.2,34.6,24.5,5.7,1.5,6.2,20.3,15.9,,7.4,5.8,12.8,0.22,,1.0,4.2,4.1,4.4,412.0,577.0,0.7140000000000001,1.0,4.0,0.25,412.0,575.0,0.7170000000000001,0.7140000000000001,266.0,619.0,0.525,397.0,829.0,1226.0,96.0,81.0,203.0,123.0,264.0,1029.0
