Tm,Unnamed: 0,Year,Player,Pos,Age,G,GS,MP,PER,TS%,3PAr,FTr,ORB%,DRB%,TRB%,AST%,STL%,BLK%,TOV%,USG%,blanl,OWS,DWS,WS,WS/48,blank2,OBPM,DBPM,BPM,VORP,FG,FGA,FG%,3P,3PA,3P%,2P,2PA,2P%,eFG%,FT,FTA,FT%,ORB,DRB,TRB,AST,STL,BLK,TOV,PF,PTS
TOT,11541,1994.0,Derek Harper,PG,32.0,82.0,55.0,2204.0,12.3,0.485,0.273,0.21899999999999997,1.0,6.3,3.6,23.5,2.9,0.3,14.2,18.6,,1.1,2.9,4.0,0.086,,-0.9,-0.4,-1.3,0.4,303.0,744.0,0.40700000000000003,73.0,203.0,0.36,230.0,541.0,0.425,0.456,112.0,163.0,0.687,20.0,121.0,141.0,334.0,125.0,8.0,135.0,163.0,791.0
NYK,12490,1996.0,Derek Harper,PG,34.0,82.0,82.0,2893.0,13.9,0.5579999999999999,0.386,0.281,1.4,6.8,4.2,27.6,3.2,0.3,15.2,19.4,,3.2,3.7,6.4,0.146,,0.8,0.6,0.7,1.9,436.0,939.0,0.46399999999999997,121.0,325.0,0.37200000000000005,315.0,614.0,0.513,0.529,156.0,206.0,0.757,32.0,170.0,202.0,458.0,131.0,10.0,178.0,219.0,1149.0
DAL,13051,1997.0,Derek Harper,SG,35.0,82.0,82.0,3032.0,20.0,0.58,0.307,0.337,3.9,8.1,5.8,33.6,3.3,1.0,18.3,24.4,,6.8,3.6,9.9,0.177,,4.6,1.1,4.3,4.8,572.0,1226.0,0.534,101.0,278.0,0.39299999999999996,483.0,980.0,0.557,0.542,286.0,391.0,0.8059999999999999,75.0,190.0,246.0,634.0,187.0,41.0,207.0,224.0,1519.0
ORL,13610,1998.0,Derek Harper,SG,36.0,66.0,45.0,1761.0,11.5,0.491,0.303,0.146,1.5,5.5,3.4,23.2,2.3,0.4,14.9,17.6,,0.9,1.5,2.3,0.063,,-0.5,-1.3,-1.8,0.1,226.0,542.0,0.41700000000000004,59.0,164.0,0.36,167.0,378.0,0.442,0.47100000000000003,55.0,79.0,0.696,23.0,80.0,103.0,233.0,72.0,10.0,101.0,140.0,566.0
LAL,14145,1999.0,Derek Harper,PG,37.0,45.0,29.0,1120.0,12.8,0.506,0.402,0.11,1.4,5.5,3.5,25.4,2.1,0.3,14.6,14.4,,1.6,0.4,2.0,0.086,,0.8,-2.3,-1.4,0.2,120.0,291.0,0.41200000000000003,43.0,117.0,0.368,77.0,174.0,0.44299999999999995,0.486,26.0,32.0,0.813,13.0,54.0,67.0,187.0,44.0,4.0,52.0,66.0,309.0
