Tm,Unnamed: 0,Year,Player,Pos,Age,G,GS,MP,PER,TS%,3PAr,FTr,ORB%,DRB%,TRB%,AST%,STL%,BLK%,TOV%,USG%,blanl,OWS,DWS,WS,WS/48,blank2,OBPM,DBPM,BPM,VORP,FG,FGA,FG%,3P,3PA,3P%,2P,2PA,2P%,eFG%,FT,FTA,FT%,ORB,DRB,TRB,AST,STL,BLK,TOV,PF,PTS
SAS,15095,2001.0,Derrick Dial,SG,25.0,33.0,0.0,207.0,14.3,0.466,0.261,0.253,17.5,13.7,15.6,18.3,1.0,2.0,11.5,26.3,,0.1,0.3,0.4,0.091,,-1.2,-0.1,-1.4,0.0,36.0,83.0,0.434,3.0,12.0,0.25,34.0,73.0,0.466,0.446,12.0,21.0,0.6,14.0,26.0,38.0,21.0,4.0,6.0,12.0,22.0,86.0
NJN,15633,2002.0,Derrick Dial,SG,26.0,25.0,0.0,249.0,9.3,0.358,0.07400000000000001,0.191,5.4,15.0,10.1,19.3,1.7,1.2,11.3,20.7,,-0.4,0.4,0.0,0.002,,-5.2,0.1,-5.1,-0.2,30.0,94.0,0.319,0.0,7.0,0.0,30.0,87.0,0.345,0.319,13.0,18.0,0.722,12.0,33.0,45.0,31.0,8.0,4.0,13.0,12.0,73.0
TOR,15634,2002.0,Derrick Dial,SG,26.0,7.0,0.0,50.0,19.1,0.489,0.154,0.231,4.5,21.4,12.6,15.4,2.2,0.0,9.5,28.9,,0.0,0.1,0.1,0.106,,-1.0,-2.1,-3.1,0.0,11.0,26.0,0.423,1.0,4.0,0.25,10.0,22.0,0.455,0.442,5.0,6.0,0.833,2.0,9.0,11.0,4.0,2.0,0.0,3.0,1.0,28.0
TOT,15632,2002.0,Derrick Dial,SG,26.0,32.0,0.0,299.0,11.0,0.387,0.092,0.2,5.2,16.0,10.6,18.6,1.8,1.0,10.9,22.1,,-0.3,0.4,0.1,0.02,,-4.5,-0.2,-4.7,-0.2,41.0,120.0,0.342,1.0,11.0,0.091,40.0,109.0,0.36700000000000005,0.34600000000000003,18.0,24.0,0.75,14.0,42.0,56.0,35.0,10.0,4.0,16.0,13.0,101.0
ORL,16632,2004.0,Derrick Dial,SG,28.0,9.0,0.0,86.0,11.6,0.41200000000000003,0.321,0.28600000000000003,6.5,10.8,8.6,3.7,3.7,0.0,3.1,17.1,,0.0,0.0,0.1,0.035,,-1.8,-2.4,-4.2,0.0,9.0,28.0,0.321,2.0,9.0,0.222,7.0,19.0,0.368,0.35700000000000004,6.0,8.0,0.75,5.0,8.0,13.0,2.0,6.0,0.0,1.0,6.0,26.0
