Tm,Unnamed: 0,Year,Player,Pos,Age,G,GS,MP,PER,TS%,3PAr,FTr,ORB%,DRB%,TRB%,AST%,STL%,BLK%,TOV%,USG%,blanl,OWS,DWS,WS,WS/48,blank2,OBPM,DBPM,BPM,VORP,FG,FGA,FG%,3P,3PA,3P%,2P,2PA,2P%,eFG%,FT,FTA,FT%,ORB,DRB,TRB,AST,STL,BLK,TOV,PF,PTS
PHO,21854,2013.0,Diante Garrett,PG,24.0,19.0,0.0,149.0,9.0,0.375,0.306,0.204,3.7,7.8,5.7,31.3,3.4,0.0,23.1,20.7,,-0.3,0.1,-0.2,-0.073,,-4.7,-1.5,-6.2,-0.2,16.0,49.0,0.327,3.0,15.0,0.2,13.0,34.0,0.382,0.35700000000000004,5.0,10.0,0.5,5.0,10.0,15.0,31.0,10.0,0.0,16.0,5.0,40.0
UTA,22466,2014.0,Diante Garrett,PG,25.0,71.0,0.0,1048.0,7.1,0.45899999999999996,0.36200000000000004,0.045,1.2,9.8,5.3,17.6,2.1,0.4,21.7,15.1,,-1.1,0.3,-0.8,-0.036000000000000004,,-4.0,-1.2,-5.2,-0.8,101.0,265.0,0.381,36.0,96.0,0.375,65.0,169.0,0.385,0.449,10.0,12.0,0.833,11.0,86.0,97.0,120.0,41.0,5.0,75.0,75.0,248.0
