Tm,Unnamed: 0,Year,Player,Pos,Age,G,GS,MP,PER,TS%,3PAr,FTr,ORB%,DRB%,TRB%,AST%,STL%,BLK%,TOV%,USG%,blanl,OWS,DWS,WS,WS/48,blank2,OBPM,DBPM,BPM,VORP,FG,FGA,FG%,3P,3PA,3P%,2P,2PA,2P%,eFG%,FT,FTA,FT%,ORB,DRB,TRB,AST,STL,BLK,TOV,PF,PTS
STL,2625,1968.0,Dick Snyder,SG,23.0,75.0,,1622.0,12.3,0.46799999999999997,,0.272,,,,14.0,,,,,,0.4,1.3,1.8,0.052000000000000005,,,,,,257.0,613.0,0.43200000000000005,,,,257.0,613.0,0.43200000000000005,0.43200000000000005,129.0,167.0,0.772,,,194.0,164.0,,,,215.0,643.0
PHO,3031,1970.0,Dick Snyder,SF,25.0,81.0,,2108.0,13.9,0.526,,0.301,,,,14.2,,,,,,3.2,0.6,3.7,0.085,,,,,,399.0,846.0,0.489,,,,399.0,846.0,0.489,0.489,185.0,255.0,0.875,,,328.0,211.0,,,,213.0,983.0
TOT,3030,1970.0,Dick Snyder,SG,25.0,82.0,,2437.0,14.3,0.5660000000000001,,0.24100000000000002,,,,18.7,,,,,,4.9,1.3,6.2,0.121,,,,,,456.0,863.0,0.528,,,,456.0,863.0,0.528,0.528,169.0,208.0,0.813,,,323.0,342.0,,,,277.0,1081.0
CLE,5324,1978.0,Dick Snyder,SG,33.0,82.0,,2590.0,15.1,0.541,,0.254,2.7,8.3,4.9,16.3,1.6,1.5,14.6,19.7,,4.6,1.8,6.4,0.131,,1.1,-0.6,0.4,1.6,498.0,988.0,0.504,,,,498.0,988.0,0.504,0.504,165.0,195.0,0.875,50.0,201.0,238.0,281.0,69.0,43.0,48.0,226.0,1161.0
SEA,5673,1979.0,Dick Snyder,SG,34.0,82.0,,3060.0,17.4,0.579,,0.297,3.1,8.2,5.6,19.4,1.5,0.6,14.7,17.9,,8.8,1.6,10.0,0.17,,0.8,-0.7,0.1,1.4,645.0,1215.0,0.531,,,,645.0,1215.0,0.531,0.531,302.0,361.0,0.866,90.0,216.0,323.0,352.0,90.0,26.0,36.0,257.0,1592.0
