Tm,Unnamed: 0,Year,Player,Pos,Age,G,GS,MP,PER,TS%,3PAr,FTr,ORB%,DRB%,TRB%,AST%,STL%,BLK%,TOV%,USG%,blanl,OWS,DWS,WS,WS/48,blank2,OBPM,DBPM,BPM,VORP,FG,FGA,FG%,3P,3PA,3P%,2P,2PA,2P%,eFG%,FT,FTA,FT%,ORB,DRB,TRB,AST,STL,BLK,TOV,PF,PTS
SYR,1581,1961.0,Dick Barnett,SG,24.0,78.0,,2070.0,17.1,0.49200000000000005,,0.282,,,,,,,,,,4.1,1.7,5.8,0.135,,,,,,540.0,1194.0,0.452,,,,540.0,1194.0,0.452,0.452,240.0,337.0,0.7120000000000001,,,283.0,218.0,,,,169.0,1320.0
LAL,2082,1965.0,Dick Barnett,SG,28.0,80.0,,2620.0,16.3,0.5329999999999999,,0.379,,,,11.6,,,,,,5.9,2.1,8.0,0.15,,,,,,547.0,1197.0,0.47100000000000003,,,,547.0,1197.0,0.47100000000000003,0.47100000000000003,351.0,454.0,0.815,,,250.0,238.0,,,,233.0,1437.0
NYK,3859,1974.0,Dick Barnett,SG,37.0,82.0,,2953.0,18.4,0.54,,0.45,1.8,5.4,3.9,14.7,0.8,0.0,,,,7.5,3.7,8.0,0.149,,-5.2,-3.0,-8.2,-0.1,631.0,1344.0,0.48200000000000004,,,,631.0,1344.0,0.48200000000000004,0.48200000000000004,467.0,605.0,0.7829999999999999,1.0,3.0,310.0,298.0,1.0,0.0,,239.0,1729.0
