Tm,Unnamed: 0,Year,Player,Pos,Age,G,GS,MP,PER,TS%,3PAr,FTr,ORB%,DRB%,TRB%,AST%,STL%,BLK%,TOV%,USG%,blanl,OWS,DWS,WS,WS/48,blank2,OBPM,DBPM,BPM,VORP,FG,FGA,FG%,3P,3PA,3P%,2P,2PA,2P%,eFG%,FT,FTA,FT%,ORB,DRB,TRB,AST,STL,BLK,TOV,PF,PTS
CHI,9405,1989.0,Dominic Pressley,PG,24.0,3.0,0.0,17.0,1.0,0.16699999999999998,0.33299999999999996,0.0,0.0,6.6,3.4,28.9,0.0,0.0,0.0,15.1,,0.0,0.0,0.0,-0.109,,-8.0,-5.5,-13.5,0.0,1.0,6.0,0.16699999999999998,0.0,2.0,0.0,1.0,4.0,0.25,0.16699999999999998,0.0,0.0,,0.0,1.0,1.0,4.0,0.0,0.0,0.0,2.0,2.0
TOT,9403,1989.0,Dominic Pressley,PG,24.0,13.0,0.0,124.0,5.3,0.32899999999999996,0.065,0.29,2.5,11.0,6.6,25.8,1.5,0.0,23.9,15.0,,-0.3,0.1,-0.2,-0.069,,-6.8,-1.4,-8.2,-0.2,9.0,31.0,0.29,0.0,2.0,0.0,9.0,29.0,0.31,0.29,5.0,9.0,0.556,3.0,12.0,15.0,26.0,4.0,0.0,11.0,11.0,23.0
WSB,9404,1989.0,Dominic Pressley,PG,24.0,10.0,0.0,107.0,5.9,0.363,0.0,0.36,2.9,11.7,7.1,25.3,1.8,0.0,27.5,15.0,,-0.2,0.1,-0.1,-0.063,,-6.6,-0.7,-7.3,-0.1,8.0,25.0,0.32,0.0,0.0,,8.0,25.0,0.32,0.32,5.0,9.0,0.556,3.0,11.0,14.0,22.0,4.0,0.0,11.0,9.0,21.0
