Tm,Unnamed: 0,Year,Player,Pos,Age,G,GS,MP,PER,TS%,3PAr,FTr,ORB%,DRB%,TRB%,AST%,STL%,BLK%,TOV%,USG%,blanl,OWS,DWS,WS,WS/48,blank2,OBPM,DBPM,BPM,VORP,FG,FGA,FG%,3P,3PA,3P%,2P,2PA,2P%,eFG%,FT,FTA,FT%,ORB,DRB,TRB,AST,STL,BLK,TOV,PF,PTS
SAC,20292,2010.0,Dominic McGuire,SF,24.0,10.0,2.0,67.0,2.4,0.311,0.0,0.16699999999999998,10.1,20.8,15.4,6.1,0.8,1.1,35.2,13.1,,-0.2,0.0,-0.2,-0.122,,-9.2,0.1,-9.1,-0.1,4.0,12.0,0.33299999999999996,0.0,0.0,,4.0,12.0,0.33299999999999996,0.33299999999999996,0.0,2.0,0.0,6.0,12.0,18.0,3.0,1.0,1.0,7.0,3.0,8.0
WAS,20291,2010.0,Dominic McGuire,SG,24.0,79.0,57.0,2072.0,10.8,0.483,0.057999999999999996,0.315,8.7,21.4,14.6,13.8,1.6,3.1,25.5,10.4,,0.5,1.3,1.7,0.04,,-2.7,2.2,-0.5,0.8,140.0,324.0,0.43200000000000005,2.0,6.0,0.5,138.0,320.0,0.431,0.435,74.0,102.0,0.725,113.0,315.0,428.0,198.0,62.0,74.0,92.0,153.0,356.0
CHA,20892,2011.0,Dominic McGuire,SF,25.0,52.0,8.0,760.0,10.4,0.43700000000000006,0.011000000000000001,0.214,10.0,21.8,15.9,9.0,0.7,3.5,11.2,13.8,,0.1,0.9,0.9,0.059000000000000004,,-4.0,1.5,-2.5,-0.1,72.0,182.0,0.396,0.0,2.0,0.0,72.0,180.0,0.4,0.396,30.0,39.0,0.769,63.0,136.0,199.0,43.0,10.0,33.0,25.0,94.0,174.0
GSW,21475,2012.0,Dominic McGuire,PF,26.0,64.0,6.0,1127.0,11.8,0.486,0.019,0.252,7.4,17.4,12.4,14.0,2.0,2.5,19.4,11.8,,0.6,0.9,1.5,0.062,,-2.4,2.0,-0.4,0.4,94.0,210.0,0.44799999999999995,0.0,4.0,0.0,94.0,206.0,0.456,0.44799999999999995,39.0,53.0,0.736,73.0,173.0,246.0,110.0,44.0,36.0,56.0,104.0,227.0
IND,22029,2013.0,Dominic McGuire,SF,27.0,2.0,1.0,12.0,-6.0,0.0,0.0,0.667,9.5,9.1,9.3,11.5,0.0,0.0,0.0,14.7,,-0.1,0.0,-0.1,-0.239,,-12.0,-1.3,-13.3,0.0,0.0,3.0,0.0,0.0,0.0,,0.0,3.0,0.0,0.0,0.0,2.0,0.0,1.0,1.0,2.0,1.0,0.0,0.0,0.0,0.0,0.0
NOH,22028,2013.0,Dominic McGuire,SF,27.0,9.0,0.0,145.0,9.1,0.434,0.0,0.095,5.7,17.6,11.5,9.1,3.0,1.7,18.6,8.6,,0.0,0.1,0.1,0.043,,-3.2,2.8,-0.4,0.1,9.0,21.0,0.429,0.0,0.0,,9.0,21.0,0.429,0.429,1.0,2.0,0.5,7.0,21.0,28.0,9.0,8.0,3.0,5.0,13.0,19.0
TOR,22027,2013.0,Dominic McGuire,SF,27.0,15.0,9.0,230.0,7.5,0.462,0.0,0.188,5.6,19.5,12.4,6.4,1.2,2.8,16.8,8.4,,0.0,0.2,0.2,0.045,,-4.4,2.1,-2.3,0.0,15.0,32.0,0.469,0.0,0.0,,15.0,32.0,0.469,0.469,2.0,6.0,0.33299999999999996,11.0,37.0,48.0,10.0,5.0,8.0,7.0,26.0,32.0
TOT,22026,2013.0,Dominic McGuire,SF,27.0,51.0,10.0,387.0,7.7,0.42200000000000004,0.0,0.179,8.5,21.3,14.8,7.5,1.8,2.3,23.6,10.6,,-0.1,0.4,0.3,0.035,,-4.2,2.2,-1.9,0.0,24.0,56.0,0.429,0.0,0.0,,24.0,56.0,0.429,0.429,3.0,10.0,0.3,23.0,59.0,79.0,20.0,13.0,11.0,17.0,39.0,51.0
