Tm,Unnamed: 0,Year,Player,Pos,Age,G,GS,MP,PER,TS%,3PAr,FTr,ORB%,DRB%,TRB%,AST%,STL%,BLK%,TOV%,USG%,blanl,OWS,DWS,WS,WS/48,blank2,OBPM,DBPM,BPM,VORP,FG,FGA,FG%,3P,3PA,3P%,2P,2PA,2P%,eFG%,FT,FTA,FT%,ORB,DRB,TRB,AST,STL,BLK,TOV,PF,PTS
WSB,12083,1995.0,Don MacLean,SF,25.0,75.0,69.0,2487.0,17.8,0.5660000000000001,0.111,0.386,6.5,15.7,11.0,10.7,0.9,0.6,11.2,28.5,,5.3,0.3,5.6,0.10800000000000001,,1.2,-2.2,-1.0,0.6,517.0,1030.0,0.502,10.0,40.0,0.5,514.0,1009.0,0.509,0.503,328.0,398.0,0.8240000000000001,140.0,327.0,467.0,160.0,47.0,22.0,152.0,169.0,1365.0
DEN,12566,1996.0,Don MacLean,SF,26.0,56.0,5.0,1107.0,15.7,0.493,0.09,0.36200000000000004,6.5,15.0,10.7,14.7,1.0,0.3,9.7,28.3,,0.7,0.8,1.5,0.064,,-1.1,-2.5,-3.7,-0.5,233.0,547.0,0.426,14.0,49.0,0.28600000000000003,219.0,498.0,0.44,0.439,145.0,198.0,0.732,62.0,143.0,205.0,89.0,21.0,5.0,68.0,105.0,625.0
PHI,13140,1997.0,Don MacLean,SF,27.0,37.0,2.0,733.0,14.4,0.493,0.10400000000000001,0.266,5.9,15.1,10.4,9.4,0.8,1.0,10.3,26.2,,0.3,0.2,0.5,0.031,,-2.5,-3.8,-6.3,-0.8,163.0,365.0,0.447,12.0,38.0,0.316,151.0,327.0,0.462,0.46299999999999997,64.0,97.0,0.66,41.0,99.0,140.0,37.0,12.0,10.0,47.0,71.0,402.0
NJN,13685,1998.0,Don MacLean,SF,28.0,9.0,0.0,42.0,-6.5,0.15,0.2,0.0,7.8,5.9,6.9,0.0,0.0,0.0,16.7,12.4,,-0.1,0.0,-0.2,-0.17300000000000001,,-10.0,-4.4,-14.3,-0.1,1.0,10.0,0.1,1.0,2.0,0.5,0.0,8.0,0.0,0.15,0.0,0.0,,3.0,2.0,5.0,0.0,0.0,0.0,2.0,7.0,3.0
SEA,14232,1999.0,Don MacLean,PF,29.0,17.0,10.0,365.0,13.4,0.47600000000000003,0.20800000000000002,0.503,5.6,15.0,10.3,7.9,0.7,1.0,11.4,27.2,,0.1,0.1,0.2,0.032,,-2.6,-4.1,-6.7,-0.4,63.0,159.0,0.396,9.0,33.0,0.273,54.0,126.0,0.429,0.425,50.0,80.0,0.625,18.0,47.0,65.0,16.0,5.0,5.0,25.0,34.0,185.0
PHO,14750,2000.0,Don MacLean,PF,30.0,16.0,0.0,143.0,4.6,0.40700000000000003,0.122,0.122,4.8,13.0,9.0,8.5,0.7,0.5,13.4,18.4,,-0.2,0.2,0.0,-0.004,,-6.1,-1.4,-7.4,-0.2,18.0,49.0,0.36700000000000005,2.0,6.0,0.33299999999999996,16.0,43.0,0.37200000000000005,0.38799999999999996,4.0,6.0,0.667,6.0,17.0,23.0,8.0,2.0,1.0,8.0,24.0,42.0
MIA,15247,2001.0,Don MacLean,SF,31.0,8.0,1.0,76.0,16.3,0.613,0.1,0.6,11.0,17.2,14.1,9.6,3.6,1.0,28.3,22.5,,0.0,0.2,0.2,0.12,,-2.4,2.0,-0.4,0.0,10.0,20.0,0.5,2.0,2.0,1.0,8.0,18.0,0.444,0.55,9.0,12.0,0.75,7.0,11.0,18.0,4.0,5.0,1.0,10.0,9.0,31.0
