Tm,Unnamed: 0,Year,Player,Pos,Age,G,GS,MP,PER,TS%,3PAr,FTr,ORB%,DRB%,TRB%,AST%,STL%,BLK%,TOV%,USG%,blanl,OWS,DWS,WS,WS/48,blank2,OBPM,DBPM,BPM,VORP,FG,FGA,FG%,3P,3PA,3P%,2P,2PA,2P%,eFG%,FT,FTA,FT%,ORB,DRB,TRB,AST,STL,BLK,TOV,PF,PTS
BAL,2015,1964.0,Don Kojis,SF,25.0,78.0,,1148.0,12.6,0.445,,0.302,,,,,,,,,,-0.1,0.8,0.7,0.031,,,,,,203.0,484.0,0.419,,,,203.0,484.0,0.419,0.419,82.0,146.0,0.562,,,309.0,57.0,,,,123.0,488.0
DET,2284,1966.0,Don Kojis,SF,27.0,65.0,,836.0,15.5,0.46,,0.321,,,,11.1,,,,,,0.5,1.0,1.5,0.085,,,,,,182.0,439.0,0.433,,,,182.0,439.0,0.433,0.433,76.0,141.0,0.633,,,260.0,63.0,,,,115.0,440.0
CHI,2417,1967.0,Don Kojis,SF,28.0,78.0,,1655.0,12.9,0.455,,0.287,,,,5.9,,,,,,-0.1,2.0,1.9,0.055999999999999994,,,,,,329.0,773.0,0.426,,,,329.0,773.0,0.426,0.426,134.0,222.0,0.604,,,479.0,70.0,,,,204.0,792.0
SDR,2962,1970.0,Don Kojis,SF,31.0,81.0,,3130.0,16.7,0.49700000000000005,,0.377,,,,9.9,,,,,,4.0,4.3,8.3,0.127,,,,,,687.0,1582.0,0.447,,,,687.0,1582.0,0.447,0.447,446.0,596.0,0.7509999999999999,,,776.0,214.0,,,,303.0,1820.0
SEA,3430,1972.0,Don Kojis,SF,33.0,79.0,,2143.0,14.5,0.526,,0.345,,,9.3,8.5,,,,,,2.7,1.0,3.7,0.096,,,,,,454.0,1018.0,0.469,,,,454.0,1018.0,0.469,0.469,249.0,320.0,0.7929999999999999,,,435.0,130.0,,,,220.0,1157.0
KCO,4233,1975.0,Don Kojis,SF,36.0,77.0,,2091.0,15.6,0.528,,0.325,6.3,12.9,9.6,9.3,2.4,0.4,,,,3.4,1.3,4.8,0.109,,-0.1,-1.2,-1.3,0.4,400.0,836.0,0.48,,,,400.0,836.0,0.48,0.48,210.0,272.0,0.774,126.0,257.0,383.0,110.0,77.0,15.0,,157.0,1010.0
