Tm,Unnamed: 0,Year,Player,Pos,Age,G,GS,MP,PER,TS%,3PAr,FTr,ORB%,DRB%,TRB%,AST%,STL%,BLK%,TOV%,USG%,blanl,OWS,DWS,WS,WS/48,blank2,OBPM,DBPM,BPM,VORP,FG,FGA,FG%,3P,3PA,3P%,2P,2PA,2P%,eFG%,FT,FTA,FT%,ORB,DRB,TRB,AST,STL,BLK,TOV,PF,PTS
PHO,5773,1980.0,Don Buse,PG,29.0,82.0,,2547.0,12.5,0.519,0.134,0.217,3.1,7.8,5.1,18.5,3.1,0.4,15.3,11.8,,2.6,3.6,6.0,0.113,,-0.5,1.7,1.1,2.0,287.0,626.0,0.495,19.0,79.0,0.24100000000000002,287.0,626.0,0.495,0.495,112.0,136.0,0.8240000000000001,70.0,190.0,249.0,391.0,185.0,18.0,124.0,149.0,686.0
IND,6492,1982.0,Don Buse,SG,31.0,82.0,78.0,2947.0,14.8,0.539,0.276,0.22699999999999998,2.1,7.8,4.8,29.0,4.3,0.6,11.4,13.7,,3.7,3.4,7.1,0.135,,1.3,1.3,2.6,2.9,312.0,685.0,0.455,73.0,189.0,0.386,266.0,639.0,0.48200000000000004,0.509,114.0,145.0,0.813,66.0,204.0,270.0,685.0,281.0,27.0,95.0,176.0,797.0
POR,6864,1983.0,Don Buse,PG,32.0,41.0,1.0,643.0,13.8,0.48,0.192,0.253,3.3,6.1,4.7,23.4,3.3,0.2,11.0,14.4,,0.9,0.7,1.7,0.124,,0.4,-0.3,0.0,0.3,72.0,182.0,0.396,9.0,35.0,0.257,63.0,147.0,0.429,0.42,41.0,46.0,0.8909999999999999,19.0,35.0,54.0,115.0,44.0,2.0,25.0,60.0,194.0
KCK,7592,1985.0,Don Buse,PG,34.0,76.0,14.0,1327.0,13.4,0.504,0.429,0.22699999999999998,2.6,7.6,5.0,29.4,3.0,0.1,18.3,14.4,,1.0,1.4,2.2,0.08,,-0.5,-0.6,-1.6,0.1,150.0,352.0,0.426,31.0,87.0,0.35600000000000004,132.0,293.0,0.451,0.48,63.0,80.0,0.7879999999999999,29.0,87.0,116.0,303.0,86.0,1.0,87.0,75.0,381.0
