Tm,Unnamed: 0,Year,Player,Pos,Age,G,GS,MP,PER,TS%,3PAr,FTr,ORB%,DRB%,TRB%,AST%,STL%,BLK%,TOV%,USG%,blanl,OWS,DWS,WS,WS/48,blank2,OBPM,DBPM,BPM,VORP,FG,FGA,FG%,3P,3PA,3P%,2P,2PA,2P%,eFG%,FT,FTA,FT%,ORB,DRB,TRB,AST,STL,BLK,TOV,PF,PTS
DET,2038,1964.0,Don Ohl,SG,27.0,80.0,,2961.0,13.7,0.478,,0.27,,,,,,,,,,2.7,1.9,4.5,0.085,,,,,,636.0,1450.0,0.444,,,,636.0,1450.0,0.444,0.444,275.0,380.0,0.7240000000000001,,,267.0,325.0,,,,234.0,1547.0
BAL,2601,1968.0,Don Ohl,SG,31.0,77.0,,2821.0,15.3,0.51,,0.353,,,,15.4,,,,,,3.6,1.4,5.1,0.10400000000000001,,,,,,593.0,1334.0,0.451,,,,593.0,1334.0,0.451,0.451,316.0,430.0,0.78,,,336.0,290.0,,,,274.0,1502.0
STL,2602,1968.0,Don Ohl,PG,31.0,31.0,,823.0,12.5,0.504,,0.299,,,,12.9,,,,,,1.0,0.6,1.6,0.09300000000000001,,,,,,161.0,355.0,0.45399999999999996,,,,161.0,355.0,0.45399999999999996,0.45399999999999996,83.0,106.0,0.7829999999999999,,,62.0,73.0,,,,93.0,405.0
TOT,2600,1968.0,Don Ohl,PG,31.0,70.0,,1919.0,13.0,0.49,,0.285,,,,11.6,,,,,,1.7,1.4,3.2,0.079,,,,,,393.0,891.0,0.441,,,,393.0,891.0,0.441,0.441,197.0,254.0,0.7759999999999999,,,175.0,157.0,,,,184.0,983.0
ATL,3001,1970.0,Don Ohl,SG,33.0,76.0,,1995.0,11.5,0.508,,0.231,,,,15.4,,,,,,0.8,1.3,1.9,0.057,,,,,,385.0,901.0,0.473,,,,385.0,901.0,0.473,0.473,147.0,208.0,0.8059999999999999,,,170.0,221.0,,,,232.0,917.0
