Tm,Unnamed: 0,Year,Player,Pos,Age,G,GS,MP,PER,TS%,3PAr,FTr,ORB%,DRB%,TRB%,AST%,STL%,BLK%,TOV%,USG%,blanl,OWS,DWS,WS,WS/48,blank2,OBPM,DBPM,BPM,VORP,FG,FGA,FG%,3P,3PA,3P%,2P,2PA,2P%,eFG%,FT,FTA,FT%,ORB,DRB,TRB,AST,STL,BLK,TOV,PF,PTS
NYK,1958,1964.0,Donnie Butcher,SG,27.0,68.0,,1193.0,11.4,0.466,,0.574,,,,,,,,,,0.4,0.6,1.1,0.043,,,,,,172.0,424.0,0.406,,,,172.0,424.0,0.406,0.406,131.0,194.0,0.675,,,180.0,138.0,,,,164.0,475.0
TOT,1957,1964.0,Donnie Butcher,PG,27.0,78.0,,1971.0,10.0,0.45399999999999996,,0.505,,,,,,,,,,0.5,0.7,1.2,0.03,,,,,,202.0,507.0,0.39799999999999996,,,,202.0,507.0,0.39799999999999996,0.39799999999999996,159.0,256.0,0.621,,,329.0,244.0,,,,249.0,563.0
DET,2235,1966.0,Donnie Butcher,PG,29.0,71.0,,1553.0,10.9,0.48700000000000004,,0.578,,,,14.1,,,,,,0.8,1.2,1.9,0.08800000000000001,,,,,,165.0,392.0,0.469,,,,165.0,392.0,0.469,0.469,126.0,204.0,0.618,,,262.0,178.0,,,,196.0,447.0
