Tm,Unnamed: 0,Year,Player,Pos,Age,G,GS,MP,PER,TS%,3PAr,FTr,ORB%,DRB%,TRB%,AST%,STL%,BLK%,TOV%,USG%,blanl,OWS,DWS,WS,WS/48,blank2,OBPM,DBPM,BPM,VORP,FG,FGA,FG%,3P,3PA,3P%,2P,2PA,2P%,eFG%,FT,FTA,FT%,ORB,DRB,TRB,AST,STL,BLK,TOV,PF,PTS
DET,2436,1967.0,Dorie Murrey,PF,23.0,35.0,,311.0,10.0,0.46299999999999997,,0.659,,,,4.9,,,,,,0.1,0.4,0.5,0.07200000000000001,,,,,,33.0,82.0,0.402,,,,33.0,82.0,0.402,0.402,32.0,54.0,0.593,,,102.0,12.0,,,,57.0,98.0
SEA,2995,1970.0,Dorie Murrey,PF,26.0,81.0,,1494.0,13.1,0.52,,0.542,,,,8.9,,,,,,1.2,1.0,2.2,0.083,,,,,,211.0,484.0,0.446,,,,211.0,484.0,0.446,0.446,168.0,244.0,0.731,,,600.0,76.0,,,,273.0,590.0
POR,3233,1971.0,Dorie Murrey,PF,27.0,2.0,,20.0,16.3,0.507,,1.8330000000000002,,,15.2,5.6,,,,,,0.0,0.0,0.0,0.11800000000000001,,,,,,1.0,6.0,0.16699999999999998,,,,1.0,6.0,0.16699999999999998,0.16699999999999998,9.0,11.0,0.818,,,7.0,1.0,,,,3.0,11.0
TOT,3232,1971.0,Dorie Murrey,PF,27.0,71.0,,716.0,10.4,0.508,,0.629,,,13.6,5.4,,,,,,0.6,1.0,1.6,0.109,,,,,,78.0,178.0,0.43799999999999994,,,,78.0,178.0,0.43799999999999994,0.43799999999999994,75.0,112.0,0.67,,,221.0,32.0,,,,149.0,231.0
BAL,3474,1972.0,Dorie Murrey,PF,28.0,69.0,,696.0,10.2,0.508,,0.5870000000000001,,,14.1,5.4,,,,,,0.6,1.0,1.6,0.10800000000000001,,,,,,77.0,172.0,0.44799999999999995,,,,77.0,172.0,0.44799999999999995,0.44799999999999995,66.0,101.0,0.653,,,214.0,31.0,,,,146.0,220.0
