Tm,Unnamed: 0,Year,Player,Pos,Age,G,GS,MP,PER,TS%,3PAr,FTr,ORB%,DRB%,TRB%,AST%,STL%,BLK%,TOV%,USG%,blanl,OWS,DWS,WS,WS/48,blank2,OBPM,DBPM,BPM,VORP,FG,FGA,FG%,3P,3PA,3P%,2P,2PA,2P%,eFG%,FT,FTA,FT%,ORB,DRB,TRB,AST,STL,BLK,TOV,PF,PTS
MIN,13926,1998.0,Doug West,SG,30.0,80.0,80.0,3104.0,14.6,0.56,0.09300000000000001,0.366,7.4,15.6,11.1,16.6,2.2,1.8,17.2,22.6,,4.2,1.2,4.6,0.086,,1.4,-0.4,-0.4,1.1,646.0,1249.0,0.518,15.0,61.0,0.33299999999999996,644.0,1226.0,0.527,0.52,249.0,296.0,0.841,107.0,170.0,257.0,281.0,85.0,26.0,165.0,279.0,1543.0
VAN,15479,2001.0,Doug West,SG,33.0,38.0,6.0,581.0,11.5,0.5329999999999999,0.053,0.385,3.7,11.0,7.3,12.4,2.9,1.8,13.6,14.2,,0.3,0.1,0.5,0.066,,-2.0,0.2,-1.9,0.0,59.0,145.0,0.47700000000000004,0.0,3.0,0.0,59.0,142.0,0.49200000000000005,0.47700000000000004,34.0,40.0,0.857,18.0,53.0,71.0,43.0,16.0,8.0,19.0,80.0,152.0
