Tm,Unnamed: 0,Year,Player,Pos,Age,G,GS,MP,PER,TS%,3PAr,FTr,ORB%,DRB%,TRB%,AST%,STL%,BLK%,TOV%,USG%,blanl,OWS,DWS,WS,WS/48,blank2,OBPM,DBPM,BPM,VORP,FG,FGA,FG%,3P,3PA,3P%,2P,2PA,2P%,eFG%,FT,FTA,FT%,ORB,DRB,TRB,AST,STL,BLK,TOV,PF,PTS
CHI,24452,2017.0,Doug McDermott,SF,25.0,81.0,4.0,1861.0,11.3,0.561,0.402,0.18,2.1,12.2,7.3,6.5,0.6,0.3,13.0,18.3,,2.1,0.8,2.8,0.084,,-0.3,-2.0,-2.9,-0.2,291.0,644.0,0.452,110.0,259.0,0.425,181.0,385.0,0.491,0.537,72.0,84.0,0.8809999999999999,37.0,158.0,195.0,59.0,14.0,6.0,53.0,127.0,764.0
OKC,24453,2017.0,Doug McDermott,SF,25.0,22.0,1.0,430.0,9.3,0.551,0.46799999999999997,0.13699999999999998,1.5,11.1,6.3,4.4,0.2,0.2,4.4,13.6,,0.5,0.2,0.7,0.08,,-2.1,-2.9,-4.9,-0.3,56.0,124.0,0.452,21.0,58.0,0.36200000000000004,35.0,66.0,0.53,0.536,12.0,17.0,0.706,6.0,43.0,49.0,13.0,2.0,1.0,6.0,22.0,145.0
TOT,24451,2017.0,Doug McDermott,SF,25.0,66.0,5.0,1508.0,10.7,0.5539999999999999,0.41600000000000004,0.16899999999999998,1.4,11.5,6.4,5.9,0.4,0.3,6.6,16.4,,1.6,1.0,2.6,0.083,,-1.2,-2.3,-3.5,-0.6,222.0,497.0,0.447,77.0,207.0,0.37200000000000005,145.0,290.0,0.5,0.524,71.0,84.0,0.845,20.0,159.0,179.0,58.0,13.0,5.0,38.0,79.0,592.0
