Tm,Unnamed: 0,Year,Player,Pos,Age,G,GS,MP,PER,TS%,3PAr,FTr,ORB%,DRB%,TRB%,AST%,STL%,BLK%,TOV%,USG%,blanl,OWS,DWS,WS,WS/48,blank2,OBPM,DBPM,BPM,VORP,FG,FGA,FG%,3P,3PA,3P%,2P,2PA,2P%,eFG%,FT,FTA,FT%,ORB,DRB,TRB,AST,STL,BLK,TOV,PF,PTS
BOS,23331,2015.0,Dwight Powell,PF,23.0,5.0,0.0,9.0,34.9,0.765,0.0,0.4,0.0,12.3,6.1,0.0,11.1,0.0,25.4,38.3,,0.0,0.0,0.0,0.138,,-0.5,1.5,1.0,0.0,4.0,5.0,0.8,0.0,0.0,,4.0,5.0,0.8,0.8,1.0,2.0,0.5,0.0,1.0,1.0,0.0,2.0,0.0,2.0,1.0,9.0
TOT,23330,2015.0,Dwight Powell,PF,23.0,29.0,0.0,236.0,13.8,0.552,0.16399999999999998,0.493,8.3,14.9,11.6,5.5,1.9,2.1,11.9,17.5,,0.3,0.3,0.6,0.122,,-1.0,0.1,-0.9,0.1,31.0,67.0,0.46299999999999997,3.0,11.0,0.273,28.0,56.0,0.5,0.485,25.0,33.0,0.758,18.0,32.0,50.0,9.0,9.0,6.0,11.0,40.0,90.0
DAL,24541,2017.0,Dwight Powell,PF,25.0,77.0,3.0,1333.0,17.6,0.588,0.196,0.5,9.3,20.9,15.1,7.2,2.4,2.6,10.6,18.4,,2.7,1.9,4.6,0.165,,-0.5,1.9,1.4,1.2,194.0,377.0,0.515,21.0,74.0,0.284,173.0,303.0,0.5710000000000001,0.542,107.0,142.0,0.774,93.0,213.0,306.0,49.0,61.0,39.0,40.0,135.0,516.0
