Tm,Unnamed: 0,Year,Player,Pos,Age,G,GS,MP,PER,TS%,3PAr,FTr,ORB%,DRB%,TRB%,AST%,STL%,BLK%,TOV%,USG%,blanl,OWS,DWS,WS,WS/48,blank2,OBPM,DBPM,BPM,VORP,FG,FGA,FG%,3P,3PA,3P%,2P,2PA,2P%,eFG%,FT,FTA,FT%,ORB,DRB,TRB,AST,STL,BLK,TOV,PF,PTS
UTA,8847,1988.0,Eddie Hughes,PG,27.0,11.0,0.0,42.0,8.8,0.5429999999999999,0.462,0.462,8.0,2.4,5.1,24.9,0.0,0.0,27.7,21.1,,0.0,0.0,0.0,0.021,,-1.6,-3.6,-5.2,0.0,5.0,13.0,0.385,1.0,6.0,0.16699999999999998,4.0,7.0,0.5710000000000001,0.423,6.0,6.0,1.0,3.0,1.0,4.0,8.0,0.0,0.0,6.0,5.0,17.0
DEN,9723,1990.0,Eddie Hughes,PG,29.0,60.0,7.0,892.0,11.4,0.505,0.344,0.188,2.6,6.9,4.4,18.7,3.4,0.5,15.2,13.7,,0.1,0.9,1.0,0.08900000000000001,,-1.2,0.2,-1.6,0.0,83.0,202.0,0.43799999999999994,20.0,49.0,0.408,63.0,153.0,0.5,0.49200000000000005,23.0,34.0,0.6759999999999999,15.0,55.0,70.0,116.0,48.0,2.0,39.0,87.0,209.0
