Tm,Unnamed: 0,Year,Player,Pos,Age,G,GS,MP,PER,TS%,3PAr,FTr,ORB%,DRB%,TRB%,AST%,STL%,BLK%,TOV%,USG%,blanl,OWS,DWS,WS,WS/48,blank2,OBPM,DBPM,BPM,VORP,FG,FGA,FG%,3P,3PA,3P%,2P,2PA,2P%,eFG%,FT,FTA,FT%,ORB,DRB,TRB,AST,STL,BLK,TOV,PF,PTS
MEM,15675,2002.0,Eddie Gill,PG,23.0,23.0,5.0,384.0,9.2,0.531,0.239,0.424,2.0,6.1,4.1,20.6,1.5,0.5,23.7,16.9,,0.0,0.1,0.1,0.011000000000000001,,-3.5,-2.3,-5.8,-0.4,39.0,92.0,0.424,7.0,22.0,0.318,32.0,70.0,0.457,0.462,31.0,39.0,0.795,7.0,21.0,28.0,49.0,11.0,3.0,34.0,38.0,116.0
POR,16678,2004.0,Eddie Gill,PG,25.0,22.0,0.0,157.0,13.2,0.5579999999999999,0.222,0.556,3.1,9.8,6.4,16.2,3.2,0.5,21.1,17.1,,0.2,0.1,0.3,0.091,,-1.5,-0.7,-2.3,0.0,15.0,36.0,0.41700000000000004,3.0,8.0,0.375,12.0,28.0,0.429,0.45799999999999996,17.0,20.0,0.85,4.0,13.0,17.0,16.0,9.0,1.0,12.0,16.0,50.0
IND,17847,2006.0,Eddie Gill,PG,27.0,73.0,3.0,1021.0,9.9,0.484,0.511,0.511,1.9,13.8,7.1,15.8,4.8,0.6,17.8,24.5,,-0.2,1.4,1.1,0.053,,-2.2,1.3,-1.3,0.2,81.0,242.0,0.335,36.0,117.0,0.308,45.0,125.0,0.36,0.409,71.0,81.0,0.877,16.0,96.0,112.0,83.0,59.0,5.0,60.0,105.0,269.0
NJN,18933,2008.0,Eddie Gill,PG,29.0,13.0,1.0,152.0,11.9,0.5760000000000001,0.483,0.31,0.8,16.4,8.6,26.3,2.5,1.0,19.5,15.9,,0.1,0.2,0.3,0.10099999999999999,,-1.9,0.3,-1.6,0.0,16.0,41.0,0.414,5.0,14.0,0.35700000000000004,13.0,32.0,0.467,0.5,9.0,9.0,1.0,1.0,21.0,22.0,24.0,7.0,2.0,10.0,18.0,39.0
SEA,18934,2008.0,Eddie Gill,PG,29.0,1.0,0.0,5.0,-18.9,0.0,0.5,0.0,0.0,0.0,0.0,25.4,0.0,0.0,33.3,26.0,,-0.1,0.0,-0.1,-0.634,,-21.7,-9.2,-30.9,0.0,0.0,2.0,0.0,0.0,1.0,0.0,0.0,1.0,0.0,0.0,0.0,0.0,,0.0,0.0,0.0,1.0,0.0,0.0,1.0,0.0,0.0
TOT,18932,2008.0,Eddie Gill,PG,29.0,14.0,1.0,154.0,10.9,0.5429999999999999,0.484,0.29,0.8,15.8,8.3,22.1,2.4,1.0,20.5,13.0,,0.1,0.2,0.2,0.077,,-2.5,0.0,-2.6,0.0,12.0,31.0,0.387,5.0,15.0,0.33299999999999996,7.0,16.0,0.43799999999999994,0.46799999999999997,9.0,9.0,1.0,1.0,21.0,22.0,22.0,7.0,2.0,9.0,18.0,38.0
MIL,19537,2009.0,Eddie Gill,PG,30.0,6.0,0.0,43.0,15.5,0.778,0.33299999999999996,0.0,0.0,11.5,5.5,41.2,3.6,1.9,35.7,14.6,,0.1,0.1,0.1,0.155,,-0.5,-0.9,-1.4,0.0,6.0,9.0,0.667,2.0,3.0,0.667,4.0,6.0,0.667,0.778,0.0,0.0,,0.0,4.0,4.0,11.0,3.0,1.0,5.0,10.0,14.0
