Tm,Unnamed: 0,Year,Player,Pos,Age,G,GS,MP,PER,TS%,3PAr,FTr,ORB%,DRB%,TRB%,AST%,STL%,BLK%,TOV%,USG%,blanl,OWS,DWS,WS,WS/48,blank2,OBPM,DBPM,BPM,VORP,FG,FGA,FG%,3P,3PA,3P%,2P,2PA,2P%,eFG%,FT,FTA,FT%,ORB,DRB,TRB,AST,STL,BLK,TOV,PF,PTS
CHH,15391,2001.0,Eddie Robinson,SF,24.0,67.0,8.0,1201.0,17.9,0.569,0.01,0.21600000000000003,5.7,13.1,9.4,9.4,2.2,2.0,8.8,18.8,,2.1,1.8,4.0,0.159,,-0.5,0.6,0.2,0.7,216.0,407.0,0.5489999999999999,2.0,4.0,0.5,214.0,403.0,0.555,0.5489999999999999,64.0,88.0,0.7340000000000001,60.0,138.0,198.0,59.0,50.0,32.0,43.0,67.0,498.0
CHI,16936,2004.0,Eddie Robinson,SF,27.0,64.0,18.0,1355.0,12.5,0.531,0.044000000000000004,0.2,6.3,10.0,8.2,10.5,2.3,1.3,13.2,21.4,,1.2,1.0,2.2,0.076,,-1.1,0.5,-0.6,0.5,157.0,326.0,0.49200000000000005,3.0,14.0,0.4,156.0,321.0,0.505,0.49700000000000005,51.0,63.0,0.81,76.0,124.0,200.0,66.0,62.0,13.0,52.0,120.0,364.0
