Tm,Unnamed: 0,Year,Player,Pos,Age,G,GS,MP,PER,TS%,3PAr,FTr,ORB%,DRB%,TRB%,AST%,STL%,BLK%,TOV%,USG%,blanl,OWS,DWS,WS,WS/48,blank2,OBPM,DBPM,BPM,VORP,FG,FGA,FG%,3P,3PA,3P%,2P,2PA,2P%,eFG%,FT,FTA,FT%,ORB,DRB,TRB,AST,STL,BLK,TOV,PF,PTS
CLE,11867,1995.0,Elmer Bennett,PG,24.0,4.0,0.0,18.0,32.5,0.588,0.182,0.364,0.0,7.2,3.5,46.5,12.6,0.0,19.0,42.0,,0.0,0.1,0.1,0.20600000000000002,,8.0,5.7,13.8,0.1,6.0,11.0,0.545,0.0,2.0,0.0,6.0,9.0,0.667,0.545,3.0,4.0,0.75,0.0,1.0,1.0,3.0,4.0,0.0,3.0,3.0,15.0
PHI,12326,1996.0,Elmer Bennett,PG,25.0,8.0,0.0,66.0,-0.5,0.293,0.0,0.235,1.7,7.2,4.4,18.7,0.8,1.1,27.2,17.4,,-0.3,0.0,-0.3,-0.2,,-11.0,-3.0,-14.0,-0.2,4.0,17.0,0.235,0.0,0.0,,4.0,17.0,0.235,0.235,3.0,4.0,0.75,1.0,4.0,5.0,8.0,1.0,1.0,7.0,6.0,11.0
DEN,12874,1997.0,Elmer Bennett,PG,26.0,5.0,0.0,59.0,-1.3,0.40700000000000003,0.462,0.308,0.0,5.7,2.9,17.8,1.8,0.0,40.4,18.7,,-0.3,0.0,-0.3,-0.213,,-9.7,-2.9,-12.6,-0.2,4.0,13.0,0.308,2.0,6.0,0.33299999999999996,2.0,7.0,0.28600000000000003,0.385,2.0,4.0,0.5,0.0,3.0,3.0,7.0,2.0,0.0,10.0,6.0,12.0
HOU,12873,1997.0,Elmer Bennett,PG,26.0,4.0,0.0,16.0,32.1,0.579,0.5,1.0,0.0,6.9,3.6,39.1,6.5,0.0,0.0,24.6,,0.1,0.0,0.1,0.436,,9.0,-0.7,8.3,0.0,2.0,6.0,0.33299999999999996,1.0,3.0,0.33299999999999996,1.0,3.0,0.33299999999999996,0.41700000000000004,5.0,6.0,0.833,0.0,1.0,1.0,4.0,2.0,0.0,0.0,1.0,10.0
TOT,12872,1997.0,Elmer Bennett,PG,26.0,9.0,0.0,75.0,5.8,0.47,0.474,0.526,0.0,6.0,3.1,22.3,2.8,0.0,29.9,20.0,,-0.2,0.0,-0.1,-0.075,,-5.7,-2.4,-8.1,-0.1,6.0,19.0,0.316,3.0,9.0,0.33299999999999996,3.0,10.0,0.3,0.395,7.0,10.0,0.7,0.0,4.0,4.0,11.0,4.0,0.0,10.0,7.0,22.0
