Tm,Unnamed: 0,Year,Player,Pos,Age,G,GS,MP,PER,TS%,3PAr,FTr,ORB%,DRB%,TRB%,AST%,STL%,BLK%,TOV%,USG%,blanl,OWS,DWS,WS,WS/48,blank2,OBPM,DBPM,BPM,VORP,FG,FGA,FG%,3P,3PA,3P%,2P,2PA,2P%,eFG%,FT,FTA,FT%,ORB,DRB,TRB,AST,STL,BLK,TOV,PF,PTS
NYK,2502,1968.0,Em Bryant,PG,29.0,77.0,,1593.0,13.1,0.505,,0.305,,,,24.3,,,,,,1.6,0.9,2.0,0.079,,,,,,236.0,577.0,0.47200000000000003,,,,236.0,577.0,0.47200000000000003,0.47200000000000003,87.0,133.0,0.733,,,273.0,218.0,,,,231.0,546.0
BOS,2890,1970.0,Em Bryant,PG,31.0,80.0,,1617.0,11.1,0.46299999999999997,,0.348,,,,18.0,,,,,,-0.1,2.4,1.9,0.066,,,,,,210.0,520.0,0.40399999999999997,,,,210.0,520.0,0.40399999999999997,0.40399999999999997,135.0,181.0,0.746,,,269.0,231.0,,,,264.0,555.0
BUF,3339,1972.0,Em Bryant,PG,33.0,73.0,,2137.0,11.6,0.504,,0.568,,,5.6,22.6,,,,,,0.8,1.4,2.1,0.047,,,,,,288.0,684.0,0.45899999999999996,,,,288.0,684.0,0.45899999999999996,0.45899999999999996,151.0,203.0,0.7440000000000001,,,262.0,352.0,,,,266.0,727.0
