Tm,Unnamed: 0,Year,Player,Pos,Age,G,GS,MP,PER,TS%,3PAr,FTr,ORB%,DRB%,TRB%,AST%,STL%,BLK%,TOV%,USG%,blanl,OWS,DWS,WS,WS/48,blank2,OBPM,DBPM,BPM,VORP,FG,FGA,FG%,3P,3PA,3P%,2P,2PA,2P%,eFG%,FT,FTA,FT%,ORB,DRB,TRB,AST,STL,BLK,TOV,PF,PTS
CHA,19745,2009.0,Emeka Okafor,PF,26.0,82.0,82.0,2718.0,20.1,0.581,0.001,0.478,12.7,26.4,19.2,6.0,1.3,5.7,13.8,21.8,,3.7,4.6,8.2,0.147,,-0.5,2.8,2.4,2.6,460.0,1003.0,0.561,0.0,1.0,0.0,460.0,1002.0,0.561,0.561,219.0,374.0,0.6559999999999999,275.0,621.0,876.0,80.0,62.0,172.0,164.0,247.0,1133.0
NOH,21508,2012.0,Emeka Okafor,C,29.0,82.0,82.0,2370.0,16.5,0.584,0.002,0.49200000000000005,12.2,24.7,18.4,5.3,1.2,4.6,15.7,17.2,,2.7,3.8,6.5,0.136,,-1.5,2.4,0.8,1.6,348.0,656.0,0.573,0.0,1.0,0.0,348.0,656.0,0.574,0.573,154.0,274.0,0.562,251.0,491.0,742.0,55.0,54.0,127.0,119.0,230.0,850.0
WAS,22072,2013.0,Emeka Okafor,C,30.0,79.0,77.0,2052.0,15.8,0.496,0.0,0.278,10.7,26.8,18.7,7.9,1.1,3.0,12.2,19.5,,0.7,3.7,4.5,0.10400000000000001,,-3.2,2.0,-1.1,0.5,328.0,687.0,0.47700000000000004,0.0,0.0,,328.0,687.0,0.47700000000000004,0.47700000000000004,109.0,191.0,0.5710000000000001,199.0,493.0,692.0,93.0,45.0,77.0,107.0,145.0,765.0
