Tm,Unnamed: 0,Year,Player,Pos,Age,G,GS,MP,PER,TS%,3PAr,FTr,ORB%,DRB%,TRB%,AST%,STL%,BLK%,TOV%,USG%,blanl,OWS,DWS,WS,WS/48,blank2,OBPM,DBPM,BPM,VORP,FG,FGA,FG%,3P,3PA,3P%,2P,2PA,2P%,eFG%,FT,FTA,FT%,ORB,DRB,TRB,AST,STL,BLK,TOV,PF,PTS
NJN,5601,1979.0,Eric Money,PG,23.0,47.0,,1434.0,15.4,0.519,,0.271,3.9,5.4,4.6,26.7,2.3,0.4,18.0,24.1,,0.8,1.4,2.1,0.07200000000000001,,0.5,-1.3,-0.8,0.4,325.0,676.0,0.48100000000000004,,,,325.0,676.0,0.48100000000000004,0.48100000000000004,136.0,183.0,0.743,55.0,70.0,125.0,249.0,74.0,10.0,166.0,132.0,786.0
DET,5970,1980.0,Eric Money,SG,24.0,80.0,,2557.0,16.3,0.5489999999999999,0.0,0.248,3.8,7.5,5.4,21.8,2.8,0.5,20.5,24.7,,2.8,1.6,4.2,0.099,,2.1,-0.5,1.6,2.0,600.0,1200.0,0.521,0.0,0.0,,600.0,1200.0,0.521,0.521,214.0,298.0,0.8059999999999999,90.0,130.0,209.0,356.0,137.0,14.0,322.0,243.0,1414.0
PHI,5969,1980.0,Eric Money,PG,24.0,23.0,,545.0,11.8,0.565,0.0,0.249,4.1,4.9,4.5,27.2,1.1,0.7,24.5,23.8,,0.1,0.4,0.5,0.048,,-1.4,-2.7,-4.2,-0.2,119.0,217.0,0.5479999999999999,0.0,0.0,,119.0,217.0,0.5479999999999999,0.5479999999999999,34.0,54.0,1.0,15.0,22.0,37.0,82.0,13.0,2.0,69.0,70.0,272.0
TOT,5968,1980.0,Eric Money,SG-PG,24.0,70.0,,1979.0,14.4,0.531,0.0,0.265,3.6,5.0,4.3,25.4,1.9,0.4,20.7,23.6,,0.9,1.8,2.7,0.065,,0.0,-1.7,-1.7,0.1,444.0,893.0,0.5,0.0,0.0,,444.0,893.0,0.5,0.5,170.0,237.0,0.7829999999999999,70.0,92.0,162.0,331.0,87.0,12.0,235.0,202.0,1058.0
