Tm,Unnamed: 0,Year,Player,Pos,Age,G,GS,MP,PER,TS%,3PAr,FTr,ORB%,DRB%,TRB%,AST%,STL%,BLK%,TOV%,USG%,blanl,OWS,DWS,WS,WS/48,blank2,OBPM,DBPM,BPM,VORP,FG,FGA,FG%,3P,3PA,3P%,2P,2PA,2P%,eFG%,FT,FTA,FT%,ORB,DRB,TRB,AST,STL,BLK,TOV,PF,PTS
LAC,21738,2013.0,Eric Bledsoe,PG,23.0,81.0,25.0,1841.0,17.5,0.513,0.239,0.349,6.1,11.1,8.6,24.2,3.7,3.0,26.3,22.5,,1.1,2.6,3.7,0.115,,0.0,2.7,2.7,1.9,253.0,568.0,0.445,32.0,116.0,0.397,222.0,490.0,0.47,0.473,106.0,134.0,0.7909999999999999,78.0,155.0,225.0,289.0,109.0,55.0,194.0,130.0,643.0
PHO,24150,2017.0,Eric Bledsoe,PG,27.0,81.0,81.0,2800.0,20.6,0.578,0.3,0.44299999999999995,2.8,13.9,8.3,31.8,2.9,1.5,18.1,28.1,,4.1,2.9,7.0,0.14,,3.7,0.9,3.3,3.3,468.0,1046.0,0.47700000000000004,104.0,310.0,0.37200000000000005,380.0,774.0,0.517,0.522,388.0,458.0,0.847,72.0,351.0,423.0,493.0,127.0,45.0,274.0,189.0,1390.0
