Tm,Unnamed: 0,Year,Player,Pos,Age,G,GS,MP,PER,TS%,3PAr,FTr,ORB%,DRB%,TRB%,AST%,STL%,BLK%,TOV%,USG%,blanl,OWS,DWS,WS,WS/48,blank2,OBPM,DBPM,BPM,VORP,FG,FGA,FG%,3P,3PA,3P%,2P,2PA,2P%,eFG%,FT,FTA,FT%,ORB,DRB,TRB,AST,STL,BLK,TOV,PF,PTS
DAL,14898,2000.0,Erick Strickland,SG,26.0,68.0,67.0,2025.0,18.0,0.531,0.359,0.313,3.7,14.1,8.6,19.9,3.8,0.5,18.5,23.1,,3.2,1.7,4.9,0.11599999999999999,,1.8,0.1,1.8,2.0,316.0,730.0,0.433,73.0,186.0,0.392,243.0,544.0,0.451,0.483,162.0,195.0,0.831,69.0,254.0,323.0,211.0,105.0,13.0,106.0,190.0,867.0
NYK,15435,2001.0,Erick Strickland,PG,27.0,28.0,0.0,421.0,8.4,0.419,0.359,0.214,2.7,12.0,7.5,11.5,2.9,0.2,12.8,19.1,,-0.4,0.7,0.3,0.039,,-2.9,1.0,-2.0,0.0,40.0,131.0,0.305,16.0,47.0,0.34,24.0,84.0,0.28600000000000003,0.366,24.0,28.0,0.857,9.0,43.0,52.0,29.0,22.0,1.0,21.0,46.0,120.0
TOT,15434,2001.0,Erick Strickland,PG,27.0,50.0,0.0,830.0,10.7,0.431,0.35600000000000004,0.29600000000000004,2.6,15.2,9.0,18.6,2.9,0.2,13.7,19.9,,-0.4,1.2,0.8,0.046,,-2.1,0.7,-1.4,0.1,81.0,267.0,0.303,30.0,95.0,0.316,51.0,172.0,0.297,0.36,68.0,79.0,0.861,18.0,110.0,128.0,95.0,44.0,2.0,48.0,88.0,260.0
VAN,15436,2001.0,Erick Strickland,PG,27.0,22.0,0.0,409.0,13.1,0.442,0.353,0.375,2.5,18.6,10.6,25.8,2.8,0.2,14.6,20.7,,0.0,0.5,0.5,0.053,,-1.2,0.4,-0.8,0.1,41.0,136.0,0.301,14.0,48.0,0.292,27.0,88.0,0.307,0.353,44.0,51.0,0.863,9.0,67.0,76.0,66.0,22.0,1.0,27.0,42.0,140.0
BOS,15947,2002.0,Erick Strickland,PG,28.0,79.0,4.0,1643.0,12.9,0.545,0.506,0.318,1.4,13.1,7.1,18.6,1.8,0.0,14.5,18.0,,1.8,2.0,3.8,0.111,,-0.3,-0.7,-1.0,0.4,190.0,488.0,0.389,95.0,247.0,0.385,95.0,241.0,0.39399999999999996,0.48700000000000004,131.0,155.0,0.845,22.0,191.0,213.0,184.0,56.0,1.0,94.0,145.0,606.0
IND,16416,2003.0,Erick Strickland,SG,29.0,71.0,10.0,1275.0,13.5,0.547,0.42100000000000004,0.22899999999999998,2.1,10.5,6.4,27.2,1.6,0.4,19.0,18.3,,1.4,1.3,2.7,0.10099999999999999,,0.4,-1.4,-1.0,0.3,163.0,380.0,0.429,62.0,160.0,0.38799999999999996,101.0,220.0,0.45899999999999996,0.511,70.0,87.0,0.805,23.0,122.0,145.0,209.0,38.0,7.0,98.0,111.0,458.0
MIL,17564,2005.0,Erick Strickland,SG,31.0,62.0,5.0,1014.0,14.0,0.529,0.337,0.26,2.6,11.5,7.1,25.7,2.4,0.3,19.8,21.6,,0.4,0.4,0.8,0.069,,0.6,-1.2,-0.6,0.2,114.0,304.0,0.40299999999999997,29.0,83.0,0.439,93.0,221.0,0.42100000000000004,0.47700000000000004,52.0,64.0,0.863,13.0,92.0,103.0,115.0,30.0,2.0,64.0,103.0,301.0
