Tm,Unnamed: 0,Year,Player,Pos,Age,G,GS,MP,PER,TS%,3PAr,FTr,ORB%,DRB%,TRB%,AST%,STL%,BLK%,TOV%,USG%,blanl,OWS,DWS,WS,WS/48,blank2,OBPM,DBPM,BPM,VORP,FG,FGA,FG%,3P,3PA,3P%,2P,2PA,2P%,eFG%,FT,FTA,FT%,ORB,DRB,TRB,AST,STL,BLK,TOV,PF,PTS
BOS,12610,1996.0,Eric Montross,C,24.0,78.0,75.0,2315.0,12.1,0.565,0.002,0.457,9.6,18.7,14.1,4.6,0.7,1.8,17.0,15.0,,2.3,1.8,4.1,0.084,,-1.6,-0.3,-2.2,-0.1,307.0,575.0,0.5660000000000001,0.0,1.0,0.0,307.0,574.0,0.5660000000000001,0.5660000000000001,167.0,263.0,0.635,196.0,370.0,566.0,43.0,29.0,61.0,112.0,299.0,781.0
DAL,13190,1997.0,Eric Montross,C,25.0,47.0,46.0,984.0,6.6,0.451,0.0,0.182,7.7,20.4,13.9,5.2,0.5,2.7,20.2,11.8,,-0.8,0.9,0.1,0.005,,-5.7,1.1,-4.6,-0.7,86.0,187.0,0.46,0.0,0.0,,86.0,187.0,0.46,0.46,10.0,34.0,0.294,66.0,170.0,236.0,32.0,9.0,34.0,51.0,150.0,182.0
NJN,13191,1997.0,Eric Montross,C,25.0,31.0,31.0,844.0,11.3,0.45,0.0,0.17300000000000001,13.9,22.7,18.1,5.1,0.7,3.5,13.0,10.1,,0.5,0.8,1.3,0.07200000000000001,,-2.7,1.5,-1.2,0.2,73.0,162.0,0.451,0.0,0.0,,73.0,162.0,0.451,0.451,11.0,28.0,0.39299999999999996,115.0,167.0,282.0,29.0,11.0,39.0,26.0,118.0,157.0
PHI,13725,1998.0,Eric Montross,C,26.0,20.0,20.0,337.0,6.7,0.397,0.0,0.25,9.5,22.0,15.7,3.3,1.1,2.6,15.1,13.2,,-0.3,0.4,0.1,0.015,,-5.9,0.0,-5.8,-0.3,30.0,76.0,0.395,0.0,0.0,,30.0,76.0,0.395,0.395,7.0,19.0,0.368,28.0,64.0,92.0,7.0,7.0,12.0,15.0,61.0,67.0
DET,15304,2001.0,Eric Montross,C,29.0,51.0,20.0,577.0,9.4,0.505,0.013000000000000001,0.4,13.7,22.4,18.0,4.1,1.2,3.8,26.7,12.9,,0.4,0.9,1.3,0.106,,-2.7,2.0,-0.7,0.2,50.0,121.0,0.525,0.0,1.0,0.0,50.0,121.0,0.532,0.525,11.0,32.0,0.5,45.0,101.0,144.0,15.0,12.0,27.0,37.0,107.0,107.0
TOT,15303,2001.0,Eric Montross,C,29.0,78.0,77.0,1828.0,8.8,0.45,0.0,0.278,11.6,22.2,16.9,5.2,1.0,3.1,21.3,12.9,,-0.2,1.6,1.4,0.049,,-4.3,1.3,-3.0,-0.5,159.0,349.0,0.456,0.0,0.0,,159.0,349.0,0.456,0.456,21.0,62.0,0.4,181.0,337.0,518.0,61.0,20.0,73.0,77.0,268.0,339.0
TOR,15821,2002.0,Eric Montross,C,30.0,49.0,24.0,655.0,8.1,0.39799999999999996,0.008,0.294,12.2,28.5,20.2,7.2,2.0,2.6,17.2,12.8,,-0.1,0.8,0.2,0.027999999999999997,,-5.6,2.0,-3.6,0.0,53.0,132.0,0.402,0.0,1.0,0.0,53.0,131.0,0.405,0.402,10.0,31.0,0.32299999999999995,36.0,104.0,140.0,16.0,12.0,23.0,25.0,92.0,116.0
