Tm,Unnamed: 0,Year,Player,Pos,Age,G,GS,MP,PER,TS%,3PAr,FTr,ORB%,DRB%,TRB%,AST%,STL%,BLK%,TOV%,USG%,blanl,OWS,DWS,WS,WS/48,blank2,OBPM,DBPM,BPM,VORP,FG,FGA,FG%,3P,3PA,3P%,2P,2PA,2P%,eFG%,FT,FTA,FT%,ORB,DRB,TRB,AST,STL,BLK,TOV,PF,PTS
VAN,14745,2000.0,Felipe Lopez,SG,25.0,65.0,32.0,1218.0,11.9,0.498,0.11599999999999999,0.418,9.0,10.0,9.5,9.6,2.2,1.6,15.8,21.1,,0.3,0.4,0.5,0.023,,-1.4,-1.1,-2.5,-0.2,169.0,379.0,0.446,12.0,44.0,0.273,157.0,335.0,0.469,0.462,87.0,135.0,0.644,69.0,97.0,166.0,62.0,49.0,17.0,82.0,128.0,437.0
TOT,15241,2001.0,Felipe Lopez,SG-PG,26.0,70.0,48.0,1565.0,12.5,0.503,0.109,0.326,4.0,13.5,8.7,11.3,2.1,1.4,13.2,18.0,,0.9,1.0,1.9,0.057,,-1.4,-0.2,-1.7,0.1,211.0,478.0,0.441,19.0,52.0,0.365,192.0,426.0,0.451,0.461,109.0,156.0,0.6990000000000001,55.0,179.0,234.0,107.0,62.0,30.0,83.0,156.0,550.0
WAS,15242,2001.0,Felipe Lopez,SG,26.0,47.0,38.0,1108.0,11.9,0.5,0.08900000000000001,0.377,3.1,14.0,8.4,11.1,1.9,1.2,12.8,17.5,,0.6,0.5,1.1,0.049,,-1.7,-0.5,-2.1,0.0,142.0,326.0,0.436,6.0,29.0,0.207,136.0,297.0,0.45799999999999996,0.445,90.0,123.0,0.732,30.0,130.0,160.0,73.0,41.0,18.0,56.0,110.0,380.0
MIN,15773,2002.0,Felipe Lopez,SG,27.0,67.0,10.0,581.0,13.9,0.51,0.212,0.353,6.2,12.4,9.2,11.6,2.4,1.9,16.7,19.1,,0.3,0.5,0.7,0.077,,-0.9,0.3,-0.5,0.2,69.0,156.0,0.45399999999999996,14.0,33.0,0.565,56.0,129.0,0.434,0.49700000000000005,37.0,55.0,0.6729999999999999,29.0,51.0,80.0,39.0,21.0,12.0,36.0,73.0,170.0
