Tm,Unnamed: 0,Year,Player,Pos,Age,G,GS,MP,PER,TS%,3PAr,FTr,ORB%,DRB%,TRB%,AST%,STL%,BLK%,TOV%,USG%,blanl,OWS,DWS,WS,WS/48,blank2,OBPM,DBPM,BPM,VORP,FG,FGA,FG%,3P,3PA,3P%,2P,2PA,2P%,eFG%,FT,FTA,FT%,ORB,DRB,TRB,AST,STL,BLK,TOV,PF,PTS
LAL,12538,1996.0,Frankie King,PG,23.0,6.0,0.0,20.0,0.7,0.284,0.091,0.273,5.9,5.7,5.8,15.0,5.2,0.0,14.0,32.1,,-0.1,0.0,-0.1,-0.23399999999999999,,-10.5,-1.2,-11.7,0.0,3.0,11.0,0.273,0.0,1.0,0.0,3.0,10.0,0.3,0.273,1.0,3.0,0.33299999999999996,1.0,1.0,2.0,2.0,2.0,0.0,2.0,4.0,7.0
PHI,13108,1997.0,Frankie King,SG,24.0,7.0,0.0,59.0,15.0,0.521,0.11800000000000001,0.294,7.2,18.9,12.9,13.2,3.4,0.0,13.5,15.9,,0.1,0.1,0.1,0.113,,-1.5,-0.2,-1.7,0.0,7.0,17.0,0.41200000000000003,1.0,2.0,0.5,6.0,15.0,0.4,0.441,5.0,5.0,1.0,4.0,10.0,14.0,5.0,4.0,0.0,3.0,7.0,20.0
