Tm,Unnamed: 0,Year,Player,Pos,Age,G,GS,MP,PER,TS%,3PAr,FTr,ORB%,DRB%,TRB%,AST%,STL%,BLK%,TOV%,USG%,blanl,OWS,DWS,WS,WS/48,blank2,OBPM,DBPM,BPM,VORP,FG,FGA,FG%,3P,3PA,3P%,2P,2PA,2P%,eFG%,FT,FTA,FT%,ORB,DRB,TRB,AST,STL,BLK,TOV,PF,PTS
PHO,4584,1976.0,Fred Saunders,SF,24.0,69.0,,1059.0,13.2,0.467,,0.23399999999999999,8.3,19.1,13.8,13.3,1.8,0.8,,,,0.2,1.1,1.3,0.06,,-2.0,-0.4,-2.5,-0.1,176.0,406.0,0.43799999999999994,,,,176.0,406.0,0.43799999999999994,0.43799999999999994,66.0,95.0,0.695,82.0,171.0,253.0,80.0,41.0,15.0,,151.0,418.0
BOS,5295,1978.0,Fred Saunders,SF,26.0,68.0,,1051.0,10.9,0.48200000000000004,,0.187,6.9,13.9,10.4,11.6,1.3,0.8,16.9,18.9,,0.0,1.2,1.2,0.054000000000000006,,-2.3,-0.3,-2.6,-0.2,184.0,395.0,0.466,,,,184.0,395.0,0.466,0.466,35.0,53.0,0.8240000000000001,73.0,150.0,223.0,85.0,26.0,7.0,20.0,191.0,403.0
NOJ,5296,1978.0,Fred Saunders,SF,26.0,30.0,,400.0,11.8,0.496,,0.133,6.6,11.1,8.9,12.0,1.6,1.2,12.7,16.4,,0.4,0.4,0.8,0.092,,-1.0,0.0,-1.0,0.1,69.0,143.0,0.483,,,,69.0,143.0,0.483,0.483,12.0,19.0,0.632,27.0,47.0,74.0,35.0,14.0,10.0,22.0,72.0,150.0
TOT,5294,1978.0,Fred Saunders,SF,26.0,56.0,,643.0,8.9,0.44799999999999995,,0.154,5.9,10.9,8.5,9.7,1.5,1.1,14.4,17.4,,-0.1,0.6,0.5,0.039,,-3.1,-0.5,-3.7,-0.3,99.0,234.0,0.423,,,,99.0,234.0,0.423,0.423,26.0,36.0,0.722,38.0,73.0,111.0,46.0,21.0,14.0,42.0,106.0,224.0
