Tm,Unnamed: 0,Year,Player,Pos,Age,G,GS,MP,PER,TS%,3PAr,FTr,ORB%,DRB%,TRB%,AST%,STL%,BLK%,TOV%,USG%,blanl,OWS,DWS,WS,WS/48,blank2,OBPM,DBPM,BPM,VORP,FG,FGA,FG%,3P,3PA,3P%,2P,2PA,2P%,eFG%,FT,FTA,FT%,ORB,DRB,TRB,AST,STL,BLK,TOV,PF,PTS
BAL,3342,1972.0,Fred Carter,SG,26.0,77.0,,1707.0,12.3,0.446,,0.33299999999999996,,,13.2,22.2,,,,,,-0.4,2.0,1.3,0.036000000000000004,,,,,,340.0,815.0,0.41700000000000004,,,,340.0,815.0,0.41700000000000004,0.41700000000000004,119.0,183.0,0.69,,,251.0,165.0,,,,165.0,799.0
MIL,4705,1977.0,Fred Carter,SG,31.0,47.0,,875.0,12.1,0.45,,0.193,5.3,5.7,5.5,16.0,1.4,0.4,,,,0.2,0.1,0.3,0.017,,-1.4,-2.5,-3.9,-0.4,166.0,399.0,0.41600000000000004,,,,166.0,399.0,0.41600000000000004,0.41600000000000004,58.0,77.0,0.753,45.0,48.0,93.0,104.0,28.0,7.0,,96.0,390.0
PHI,4704,1977.0,Fred Carter,SG,31.0,82.0,,3046.0,15.9,0.48200000000000004,,0.287,4.5,9.5,7.2,23.8,2.1,0.4,,,,2.8,2.2,4.7,0.07400000000000001,,1.1,-1.0,0.1,1.6,715.0,1641.0,0.447,,,,715.0,1641.0,0.447,0.447,259.0,368.0,0.738,113.0,289.0,485.0,443.0,137.0,23.0,,286.0,1686.0
TOT,4703,1977.0,Fred Carter,SG,31.0,79.0,,2215.0,12.5,0.46799999999999997,,0.28800000000000003,5.1,5.7,6.7,15.3,1.6,0.4,,,,0.2,1.6,1.8,0.04,,-1.9,-2.3,-4.2,-0.6,446.0,1018.0,0.43799999999999994,,,,446.0,1018.0,0.43799999999999994,0.43799999999999994,182.0,293.0,0.708,55.0,62.0,326.0,211.0,39.0,9.0,,242.0,1074.0
