Tm,Unnamed: 0,Year,Player,Pos,Age,G,GS,MP,PER,TS%,3PAr,FTr,ORB%,DRB%,TRB%,AST%,STL%,BLK%,TOV%,USG%,blanl,OWS,DWS,WS,WS/48,blank2,OBPM,DBPM,BPM,VORP,FG,FGA,FG%,3P,3PA,3P%,2P,2PA,2P%,eFG%,FT,FTA,FT%,ORB,DRB,TRB,AST,STL,BLK,TOV,PF,PTS
PHI,4404,1976.0,Freddie Boyd,PG,25.0,82.0,,2351.0,10.9,0.447,,0.33299999999999996,1.2,5.8,4.0,19.9,1.5,0.3,,,,0.0,1.0,0.0,-0.006999999999999999,,-2.9,-1.2,-5.4,-0.1,362.0,923.0,0.414,,,,362.0,923.0,0.414,0.414,141.0,200.0,0.723,16.0,77.0,210.0,301.0,60.0,9.0,,184.0,860.0
TOT,4403,1976.0,Freddie Boyd,SG-PG,25.0,36.0,,617.0,9.9,0.45799999999999996,,0.298,0.6,4.5,2.6,18.0,2.0,0.6,,,,-0.1,0.5,0.4,0.033,,-3.6,-1.0,-4.6,-0.4,74.0,171.0,0.433,,,,74.0,171.0,0.433,0.433,29.0,51.0,0.569,4.0,28.0,32.0,80.0,28.0,7.0,,59.0,177.0
NOJ,5048,1978.0,Freddie Boyd,SG,27.0,47.0,,1212.0,12.6,0.52,,0.297,1.5,5.6,3.6,18.6,2.1,0.6,14.3,14.6,,1.3,0.8,2.1,0.083,,-1.4,-1.0,-2.5,-0.1,194.0,406.0,0.478,,,,194.0,406.0,0.478,0.478,79.0,98.0,0.8059999999999999,19.0,71.0,90.0,147.0,44.0,7.0,20.0,78.0,467.0
