Tm,Unnamed: 0,Year,Player,Pos,Age,G,GS,MP,PER,TS%,3PAr,FTr,ORB%,DRB%,TRB%,AST%,STL%,BLK%,TOV%,USG%,blanl,OWS,DWS,WS,WS/48,blank2,OBPM,DBPM,BPM,VORP,FG,FGA,FG%,3P,3PA,3P%,2P,2PA,2P%,eFG%,FT,FTA,FT%,ORB,DRB,TRB,AST,STL,BLK,TOV,PF,PTS
BLB,141,1950.0,Freddie Lewis,F-G,29.0,18.0,,,,0.266,,0.17300000000000001,,,,,,,,,,-1.1,0.2,-0.9,,,,,,,25.0,110.0,0.22699999999999998,,,,25.0,110.0,0.22699999999999998,0.22699999999999998,13.0,19.0,0.684,,,,18.0,,,,23.0,63.0
PHW,142,1950.0,Freddie Lewis,F-G,29.0,16.0,,,,0.33899999999999997,,0.17600000000000002,,,,,,,,,,-0.3,0.3,0.0,,,,,,,21.0,74.0,0.284,,,,21.0,74.0,0.284,0.284,12.0,13.0,0.9229999999999999,,,,7.0,,,,17.0,54.0
TOT,140,1950.0,Freddie Lewis,F-G,29.0,34.0,,,,0.295,,0.174,,,,,,,,,,-1.4,0.5,-0.9,,,,,,,46.0,184.0,0.25,,,,46.0,184.0,0.25,0.25,25.0,32.0,0.7809999999999999,,,,25.0,,,,40.0,117.0
CIN,2423,1967.0,Freddie Lewis,PG,23.0,32.0,,334.0,10.5,0.436,,0.268,,,,15.8,,,,,,-0.2,0.2,0.0,0.004,,,,,,60.0,153.0,0.392,,,,60.0,153.0,0.392,0.392,29.0,41.0,0.7070000000000001,,,44.0,40.0,,,,49.0,149.0
IND,4838,1977.0,Freddie Lewis,PG,33.0,32.0,,552.0,11.3,0.48100000000000004,,0.387,2.9,5.4,4.1,13.6,1.5,0.2,,,,0.4,0.2,0.5,0.047,,-2.3,-2.6,-5.0,-0.4,81.0,199.0,0.40700000000000003,,,,81.0,199.0,0.40700000000000003,0.40700000000000003,62.0,77.0,0.805,17.0,30.0,47.0,56.0,18.0,2.0,,58.0,224.0
