Tm,Unnamed: 0,Year,Player,Pos,Age,G,GS,MP,PER,TS%,3PAr,FTr,ORB%,DRB%,TRB%,AST%,STL%,BLK%,TOV%,USG%,blanl,OWS,DWS,WS,WS/48,blank2,OBPM,DBPM,BPM,VORP,FG,FGA,FG%,3P,3PA,3P%,2P,2PA,2P%,eFG%,FT,FTA,FT%,ORB,DRB,TRB,AST,STL,BLK,TOV,PF,PTS
FTW,876,1954.0,Fred Schaus,SF,28.0,69.0,,2581.0,16.5,0.518,,0.794,,,,,,,,,,5.1,4.3,8.5,0.185,,,,,,351.0,996.0,0.397,,,,351.0,996.0,0.397,0.397,404.0,484.0,0.835,,,495.0,247.0,,,,261.0,1028.0
NYK,877,1954.0,Fred Schaus,SF,28.0,44.0,,1243.0,13.8,0.465,,0.41200000000000003,,,,,,,,,,1.9,0.8,2.7,0.10300000000000001,,,,,,136.0,352.0,0.386,,,,136.0,352.0,0.386,0.386,115.0,145.0,0.7929999999999999,,,217.0,88.0,,,,141.0,387.0
TOT,875,1954.0,Fred Schaus,SF,28.0,67.0,,1515.0,14.3,0.474,,0.47,,,,,,,,,,2.6,1.1,3.7,0.11800000000000001,,,,,,161.0,415.0,0.38799999999999996,,,,161.0,415.0,0.38799999999999996,0.38799999999999996,153.0,195.0,0.785,,,267.0,109.0,,,,176.0,475.0
