Tm,Unnamed: 0,Year,Player,Pos,Age,G,GS,MP,PER,TS%,3PAr,FTr,ORB%,DRB%,TRB%,AST%,STL%,BLK%,TOV%,USG%,blanl,OWS,DWS,WS,WS/48,blank2,OBPM,DBPM,BPM,VORP,FG,FGA,FG%,3P,3PA,3P%,2P,2PA,2P%,eFG%,FT,FTA,FT%,ORB,DRB,TRB,AST,STL,BLK,TOV,PF,PTS
PHO,2921,1970.0,Gail Goodrich*,PG,26.0,81.0,,3236.0,16.9,0.535,,0.483,,,,24.9,,,,,,5.4,1.3,6.7,0.099,,,,,,718.0,1746.0,0.45399999999999996,,,,718.0,1746.0,0.45399999999999996,0.45399999999999996,495.0,663.0,0.8079999999999999,,,437.0,605.0,,,,253.0,1931.0
LAL,4464,1976.0,Gail Goodrich*,SG,32.0,82.0,,3061.0,20.1,0.555,,0.483,3.5,4.5,4.4,25.7,2.1,0.3,,,,8.8,3.5,12.3,0.19399999999999998,,3.5,-1.9,0.8,1.8,826.0,1773.0,0.48700000000000004,,,,826.0,1773.0,0.48700000000000004,0.48700000000000004,508.0,588.0,0.8640000000000001,96.0,155.0,295.0,427.0,126.0,17.0,,258.0,2127.0
NOJ,5501,1979.0,Gail Goodrich*,SG,35.0,81.0,,2553.0,16.2,0.545,,0.316,4.0,5.6,4.8,23.5,1.9,0.4,16.4,20.8,,4.9,1.4,6.3,0.11800000000000001,,1.5,-1.9,-0.6,0.9,520.0,1050.0,0.495,,,,520.0,1050.0,0.495,0.495,264.0,332.0,0.853,75.0,115.0,183.0,388.0,90.0,22.0,205.0,186.0,1304.0
