Tm,Unnamed: 0,Year,Player,Pos,Age,G,GS,MP,PER,TS%,3PAr,FTr,ORB%,DRB%,TRB%,AST%,STL%,BLK%,TOV%,USG%,blanl,OWS,DWS,WS,WS/48,blank2,OBPM,DBPM,BPM,VORP,FG,FGA,FG%,3P,3PA,3P%,2P,2PA,2P%,eFG%,FT,FTA,FT%,ORB,DRB,TRB,AST,STL,BLK,TOV,PF,PTS
LAC,11994,1995.0,Gary Grant,PG,29.0,78.0,65.0,2105.0,15.3,0.539,0.11,0.331,4.5,10.0,7.3,42.5,3.7,0.5,26.7,23.8,,0.3,2.9,3.0,0.069,,-0.2,0.4,0.2,0.8,361.0,830.0,0.47,17.0,62.0,0.294,356.0,808.0,0.493,0.48200000000000004,119.0,162.0,0.855,80.0,158.0,238.0,587.0,144.0,14.0,258.0,192.0,846.0
NYK,12470,1996.0,Gary Grant,PG,30.0,47.0,1.0,596.0,13.5,0.562,0.133,0.32,2.5,7.7,5.2,19.0,3.5,0.4,17.9,19.7,,0.4,1.0,1.4,0.11,,-1.6,0.5,-1.1,0.1,88.0,181.0,0.486,8.0,24.0,0.33299999999999996,80.0,157.0,0.51,0.508,48.0,58.0,0.828,12.0,40.0,52.0,69.0,39.0,3.0,45.0,91.0,232.0
MIA,13026,1997.0,Gary Grant,PG,31.0,28.0,0.0,365.0,9.1,0.46,0.418,0.2,2.6,9.6,6.2,20.4,2.4,0.0,18.4,18.9,,-0.2,0.6,0.4,0.052000000000000005,,-3.0,0.0,-3.0,-0.1,39.0,110.0,0.355,14.0,46.0,0.304,25.0,64.0,0.391,0.418,18.0,22.0,0.818,8.0,30.0,38.0,45.0,16.0,0.0,27.0,39.0,110.0
POR,15146,2001.0,Gary Grant,PG,35.0,22.0,2.0,359.0,22.8,0.7140000000000001,0.204,0.151,2.7,14.0,7.8,59.7,7.7,0.4,19.5,30.8,,0.6,0.5,1.1,0.209,,2.9,-0.5,-0.5,0.1,43.0,93.0,0.7140000000000001,7.0,19.0,0.368,36.0,74.0,0.7140000000000001,0.7140000000000001,12.0,14.0,0.857,8.0,40.0,48.0,84.0,17.0,2.0,24.0,30.0,105.0
