Tm,Unnamed: 0,Year,Player,Pos,Age,G,GS,MP,PER,TS%,3PAr,FTr,ORB%,DRB%,TRB%,AST%,STL%,BLK%,TOV%,USG%,blanl,OWS,DWS,WS,WS/48,blank2,OBPM,DBPM,BPM,VORP,FG,FGA,FG%,3P,3PA,3P%,2P,2PA,2P%,eFG%,FT,FTA,FT%,ORB,DRB,TRB,AST,STL,BLK,TOV,PF,PTS
GSW,7795,1985.0,Gary Plummer,PF,22.0,66.0,0.0,702.0,7.5,0.45899999999999996,0.017,0.397,7.9,14.0,10.7,4.9,1.0,1.1,15.5,18.0,,-0.4,0.2,-0.2,-0.012,,-4.6,-2.2,-6.8,-0.9,92.0,232.0,0.397,1.0,4.0,0.25,91.0,228.0,0.39899999999999997,0.39899999999999997,65.0,92.0,0.7070000000000001,54.0,80.0,134.0,26.0,15.0,14.0,50.0,127.0,250.0
DEN,11218,1993.0,Gary Plummer,PF,30.0,60.0,0.0,737.0,8.6,0.521,0.013000000000000001,0.41700000000000004,7.6,17.3,12.4,7.7,0.9,0.9,22.4,19.2,,-0.5,0.9,0.4,0.024,,-4.7,-0.8,-5.4,-0.6,106.0,228.0,0.465,0.0,3.0,0.0,106.0,225.0,0.47100000000000003,0.465,69.0,95.0,0.726,53.0,120.0,173.0,40.0,14.0,11.0,78.0,141.0,281.0
