Tm,Unnamed: 0,Year,Player,Pos,Age,G,GS,MP,PER,TS%,3PAr,FTr,ORB%,DRB%,TRB%,AST%,STL%,BLK%,TOV%,USG%,blanl,OWS,DWS,WS,WS/48,blank2,OBPM,DBPM,BPM,VORP,FG,FGA,FG%,3P,3PA,3P%,2P,2PA,2P%,eFG%,FT,FTA,FT%,ORB,DRB,TRB,AST,STL,BLK,TOV,PF,PTS
POR,13897,1998.0,Gary Trent,PF,23.0,82.0,28.0,1918.0,16.8,0.569,0.025,0.45399999999999996,9.9,17.2,13.5,10.5,1.4,1.4,15.8,22.6,,2.9,2.6,5.5,0.139,,-0.4,0.2,-0.2,0.8,361.0,674.0,0.536,4.0,11.0,0.444,361.0,663.0,0.544,0.536,160.0,229.0,0.6990000000000001,156.0,272.0,428.0,87.0,48.0,35.0,129.0,186.0,882.0
TOR,13898,1998.0,Gary Trent,PF,23.0,13.0,7.0,355.0,14.9,0.474,0.021,0.336,13.1,20.0,16.4,7.0,1.2,1.6,11.6,23.4,,0.1,0.1,0.3,0.039,,-2.2,-3.3,-5.5,-0.3,64.0,146.0,0.43799999999999994,0.0,3.0,0.0,64.0,143.0,0.44799999999999995,0.43799999999999994,31.0,49.0,0.633,43.0,61.0,104.0,14.0,8.0,8.0,22.0,46.0,159.0
TOT,13896,1998.0,Gary Trent,PF,23.0,54.0,20.0,1360.0,16.2,0.527,0.024,0.42,10.5,17.9,14.3,9.6,1.4,1.4,13.6,22.8,,1.6,1.6,3.1,0.11,,-0.9,-0.7,-1.6,0.1,241.0,505.0,0.47700000000000004,4.0,12.0,0.33299999999999996,237.0,493.0,0.48100000000000004,0.48100000000000004,144.0,212.0,0.679,123.0,215.0,338.0,72.0,35.0,27.0,94.0,161.0,630.0
DAL,15458,2001.0,Gary Trent,SF,26.0,45.0,23.0,1362.0,20.8,0.51,0.013999999999999999,0.39,14.0,18.6,16.1,12.7,2.1,1.8,14.2,26.0,,3.0,1.0,4.0,0.14,,1.8,-1.2,0.5,0.8,287.0,602.0,0.493,0.0,5.0,0.0,287.0,597.0,0.5,0.493,145.0,235.0,0.617,127.0,224.0,351.0,77.0,29.0,23.0,66.0,122.0,719.0
MIN,17000,2004.0,Gary Trent,SF,29.0,80.0,22.0,1222.0,15.9,0.5489999999999999,0.018000000000000002,0.37799999999999995,10.7,16.7,13.7,10.0,1.4,1.8,12.8,19.9,,2.0,1.3,3.3,0.128,,0.1,-0.2,-0.1,0.6,208.0,389.0,0.535,0.0,6.0,0.0,208.0,387.0,0.537,0.535,92.0,144.0,0.758,106.0,185.0,291.0,77.0,32.0,27.0,59.0,160.0,478.0
