Tm,Unnamed: 0,Year,Player,Pos,Age,G,GS,MP,PER,TS%,3PAr,FTr,ORB%,DRB%,TRB%,AST%,STL%,BLK%,TOV%,USG%,blanl,OWS,DWS,WS,WS/48,blank2,OBPM,DBPM,BPM,VORP,FG,FGA,FG%,3P,3PA,3P%,2P,2PA,2P%,eFG%,FT,FTA,FT%,ORB,DRB,TRB,AST,STL,BLK,TOV,PF,PTS
CLE,3147,1971.0,Gary Freeman,SF,22.0,11.0,,47.0,12.3,0.5820000000000001,,0.16699999999999998,,,8.2,12.3,,,,,,0.1,0.0,0.1,0.10800000000000001,,,,,,7.0,12.0,0.583,,,,7.0,12.0,0.583,0.583,1.0,2.0,0.5,,,8.0,4.0,,,,4.0,15.0
MIL,3146,1971.0,Gary Freeman,SF,22.0,41.0,,335.0,15.4,0.5479999999999999,,0.311,,,13.9,11.3,,,,,,0.7,0.5,1.1,0.161,,,,,,62.0,122.0,0.508,,,,62.0,122.0,0.508,0.508,28.0,38.0,0.737,,,98.0,31.0,,,,63.0,152.0
TOT,3145,1971.0,Gary Freeman,SF,22.0,52.0,,382.0,15.0,0.551,,0.299,,,13.2,11.4,,,,,,0.8,0.5,1.2,0.155,,,,,,69.0,134.0,0.515,,,,69.0,134.0,0.515,0.515,29.0,40.0,0.725,,,106.0,35.0,,,,67.0,167.0
