Tm,Unnamed: 0,Year,Player,Pos,Age,G,GS,MP,PER,TS%,3PAr,FTr,ORB%,DRB%,TRB%,AST%,STL%,BLK%,TOV%,USG%,blanl,OWS,DWS,WS,WS/48,blank2,OBPM,DBPM,BPM,VORP,FG,FGA,FG%,3P,3PA,3P%,2P,2PA,2P%,eFG%,FT,FTA,FT%,ORB,DRB,TRB,AST,STL,BLK,TOV,PF,PTS
SAS,7570,1985.0,Gene Banks,SF,25.0,82.0,81.0,2722.0,16.7,0.642,0.012,0.521,9.9,16.4,13.0,14.0,1.8,0.5,18.8,19.9,,5.9,2.0,7.9,0.14,,2.8,1.2,3.6,3.6,505.0,919.0,0.586,1.0,8.0,0.33299999999999996,505.0,914.0,0.588,0.5870000000000001,200.0,278.0,0.774,222.0,390.0,612.0,279.0,105.0,23.0,171.0,256.0,1206.0
CHI,8315,1987.0,Gene Banks,SF,27.0,82.0,39.0,2139.0,15.5,0.58,0.027999999999999997,0.371,9.1,12.3,9.6,16.6,1.8,0.6,17.7,17.9,,3.7,1.7,4.3,0.09699999999999999,,2.4,0.5,1.8,2.0,356.0,688.0,0.539,0.0,19.0,0.0,356.0,669.0,0.545,0.539,183.0,255.0,0.767,178.0,193.0,360.0,251.0,81.0,17.0,139.0,212.0,895.0
