Tm,Unnamed: 0,Year,Player,Pos,Age,G,GS,MP,PER,TS%,3PAr,FTr,ORB%,DRB%,TRB%,AST%,STL%,BLK%,TOV%,USG%,blanl,OWS,DWS,WS,WS/48,blank2,OBPM,DBPM,BPM,VORP,FG,FGA,FG%,3P,3PA,3P%,2P,2PA,2P%,eFG%,FT,FTA,FT%,ORB,DRB,TRB,AST,STL,BLK,TOV,PF,PTS
DET,1753,1962.0,George Lee,SF,25.0,75.0,,1735.0,14.6,0.47200000000000003,,0.56,,,,,,,,,,1.8,1.2,2.6,0.073,,,,,,310.0,776.0,0.39899999999999997,,,,310.0,776.0,0.39899999999999997,0.39899999999999997,276.0,394.0,0.7609999999999999,,,490.0,89.0,,,,158.0,896.0
SFW,2576,1968.0,George Lee,SG,31.0,64.0,,1192.0,77.0,0.847,,1.75,,,,6.5,,,,,,0.4,0.8,1.2,1.3840000000000001,,,,,,149.0,394.0,0.75,,,,149.0,394.0,0.75,0.75,152.0,193.0,0.857,,,217.0,64.0,,,,113.0,450.0
