Tm,Unnamed: 0,Year,Player,Pos,Age,G,GS,MP,PER,TS%,3PAr,FTr,ORB%,DRB%,TRB%,AST%,STL%,BLK%,TOV%,USG%,blanl,OWS,DWS,WS,WS/48,blank2,OBPM,DBPM,BPM,VORP,FG,FGA,FG%,3P,3PA,3P%,2P,2PA,2P%,eFG%,FT,FTA,FT%,ORB,DRB,TRB,AST,STL,BLK,TOV,PF,PTS
FTW,1235,1957.0,George Yardley*,SF,28.0,72.0,,2691.0,21.9,0.498,,0.502,,,,,,,,,,8.0,2.8,10.0,0.179,,,,,,522.0,1273.0,0.425,,,,522.0,1273.0,0.425,0.425,503.0,639.0,0.787,,,755.0,159.0,,,,231.0,1547.0
DET,1457,1959.0,George Yardley*,SF,30.0,72.0,,2843.0,23.3,0.505,,0.498,,,,,,,,,,10.2,2.2,12.3,0.20800000000000002,,,,,,673.0,1624.0,0.415,,,,673.0,1624.0,0.415,0.415,655.0,808.0,0.816,,,768.0,97.0,,,,226.0,2001.0
TOT,1456,1959.0,George Yardley*,SF,30.0,61.0,,1839.0,20.5,0.495,,0.391,,,,,,,,,,5.0,1.8,6.8,0.177,,,,,,446.0,1042.0,0.428,,,,446.0,1042.0,0.428,0.428,317.0,407.0,0.779,,,431.0,65.0,,,,159.0,1209.0
SYR,1576,1960.0,George Yardley*,SF,31.0,73.0,,2402.0,20.5,0.525,,0.457,,,,,,,,,,6.9,2.1,9.0,0.207,,,,,,546.0,1205.0,0.48200000000000004,,,,546.0,1205.0,0.48200000000000004,0.48200000000000004,381.0,467.0,0.816,,,579.0,122.0,,,,227.0,1473.0
