Tm,Unnamed: 0,Year,Player,Pos,Age,G,GS,MP,PER,TS%,3PAr,FTr,ORB%,DRB%,TRB%,AST%,STL%,BLK%,TOV%,USG%,blanl,OWS,DWS,WS,WS/48,blank2,OBPM,DBPM,BPM,VORP,FG,FGA,FG%,3P,3PA,3P%,2P,2PA,2P%,eFG%,FT,FTA,FT%,ORB,DRB,TRB,AST,STL,BLK,TOV,PF,PTS
STL,2577,1968.0,George Lehmann,PG,25.0,55.0,,497.0,9.4,0.401,,0.25,,,,24.5,,,,,,-0.5,0.5,0.0,-0.005,,,,,,59.0,172.0,0.34299999999999997,,,,59.0,172.0,0.34299999999999997,0.34299999999999997,35.0,43.0,0.8140000000000001,,,44.0,93.0,,,,54.0,153.0
ATL,2770,1969.0,George Lehmann,PG,26.0,11.0,,138.0,11.3,0.415,,0.179,,,,27.0,,,,,,-0.1,0.1,0.0,-0.006,,,,,,26.0,67.0,0.38799999999999996,,,,26.0,67.0,0.38799999999999996,0.38799999999999996,8.0,12.0,0.667,,,9.0,27.0,,,,18.0,60.0
