Tm,Unnamed: 0,Year,Player,Pos,Age,G,GS,MP,PER,TS%,3PAr,FTr,ORB%,DRB%,TRB%,AST%,STL%,BLK%,TOV%,USG%,blanl,OWS,DWS,WS,WS/48,blank2,OBPM,DBPM,BPM,VORP,FG,FGA,FG%,3P,3PA,3P%,2P,2PA,2P%,eFG%,FT,FTA,FT%,ORB,DRB,TRB,AST,STL,BLK,TOV,PF,PTS
CLE,10296,1991.0,Gerald Paddio,SF,25.0,70.0,22.0,1181.0,9.3,0.461,0.047,0.184,3.7,7.8,5.8,11.9,0.9,0.3,11.5,22.8,,-0.9,0.5,-0.4,-0.018000000000000002,,-4.1,-2.9,-7.0,-1.5,212.0,506.0,0.419,6.0,24.0,0.25,206.0,482.0,0.42700000000000005,0.425,74.0,93.0,0.7959999999999999,38.0,80.0,118.0,90.0,20.0,6.0,71.0,71.0,504.0
SEA,11200,1993.0,Gerald Paddio,SF,27.0,41.0,3.0,307.0,16.3,0.47,0.05,0.132,6.4,12.8,9.5,16.6,2.3,1.3,8.7,25.3,,0.2,0.4,0.6,0.096,,-0.9,-0.9,-1.8,0.0,71.0,159.0,0.447,2.0,8.0,0.25,69.0,151.0,0.457,0.45299999999999996,14.0,21.0,0.667,17.0,33.0,50.0,33.0,14.0,6.0,16.0,24.0,158.0
IND,11695,1994.0,Gerald Paddio,SF,28.0,7.0,1.0,55.0,5.2,0.39799999999999996,0.0,0.087,0.0,10.1,5.3,11.4,0.9,0.0,14.3,22.2,,-0.1,0.0,-0.1,-0.07400000000000001,,-7.7,-3.0,-10.7,-0.1,9.0,23.0,0.391,0.0,0.0,,9.0,23.0,0.391,0.391,1.0,2.0,0.5,0.0,5.0,5.0,4.0,1.0,0.0,4.0,2.0,19.0
NYK,11696,1994.0,Gerald Paddio,SF,28.0,3.0,0.0,8.0,0.6,0.4,0.0,0.0,0.0,0.0,0.0,0.0,0.0,0.0,0.0,27.4,,0.0,0.0,0.0,-0.016,,-8.2,-6.6,-14.8,0.0,2.0,5.0,0.4,0.0,0.0,,2.0,5.0,0.4,0.4,0.0,0.0,,0.0,0.0,0.0,0.0,0.0,0.0,0.0,3.0,4.0
TOT,11694,1994.0,Gerald Paddio,SF,28.0,18.0,1.0,137.0,8.5,0.395,0.017,0.267,4.2,9.3,6.8,12.3,1.5,0.0,8.2,23.1,,-0.2,0.1,-0.1,-0.035,,-5.1,-3.4,-8.5,-0.2,22.0,60.0,0.36700000000000005,0.0,1.0,0.0,22.0,59.0,0.373,0.36700000000000005,9.0,16.0,0.563,5.0,11.0,16.0,11.0,4.0,0.0,6.0,9.0,53.0
WSB,11697,1994.0,Gerald Paddio,SF,28.0,8.0,0.0,74.0,11.8,0.39299999999999996,0.031,0.43799999999999994,7.8,9.7,8.7,14.3,2.0,0.0,5.0,23.3,,0.0,0.0,0.0,-0.008,,-2.8,-3.3,-6.2,-0.1,11.0,32.0,0.344,0.0,1.0,0.0,11.0,31.0,0.355,0.344,8.0,14.0,0.5710000000000001,5.0,6.0,11.0,7.0,3.0,0.0,2.0,4.0,30.0
