Tm,Unnamed: 0,Year,Player,Pos,Age,G,GS,MP,PER,TS%,3PAr,FTr,ORB%,DRB%,TRB%,AST%,STL%,BLK%,TOV%,USG%,blanl,OWS,DWS,WS,WS/48,blank2,OBPM,DBPM,BPM,VORP,FG,FGA,FG%,3P,3PA,3P%,2P,2PA,2P%,eFG%,FT,FTA,FT%,ORB,DRB,TRB,AST,STL,BLK,TOV,PF,PTS
MEM,16158,2003.0,Gordan Giricek,SG,25.0,49.0,35.0,1187.0,10.8,0.522,0.272,0.22399999999999998,1.7,8.4,5.1,10.0,1.0,0.3,15.2,23.5,,-0.1,0.0,0.0,-0.002,,-1.5,-3.3,-4.8,-0.8,207.0,478.0,0.433,46.0,130.0,0.354,161.0,348.0,0.46299999999999997,0.48100000000000004,88.0,107.0,0.8220000000000001,18.0,90.0,108.0,70.0,22.0,6.0,94.0,104.0,548.0
ORL,16682,2004.0,Gordan Giricek,SF,26.0,48.0,27.0,1435.0,13.6,0.54,0.366,0.23399999999999999,2.9,13.7,7.7,11.7,1.6,0.5,12.5,19.1,,1.4,0.7,1.7,0.083,,0.2,-1.1,-0.8,0.3,188.0,427.0,0.44,46.0,119.0,0.40700000000000003,142.0,314.0,0.505,0.5,67.0,81.0,0.8270000000000001,37.0,127.0,164.0,80.0,41.0,10.0,63.0,98.0,489.0
PHI,18938,2008.0,Gordan Giricek,SG,30.0,12.0,0.0,110.0,6.7,0.41600000000000004,0.366,0.195,1.1,14.2,7.6,15.3,1.4,0.7,15.2,21.5,,-0.2,0.1,-0.1,-0.027999999999999997,,-4.9,-1.7,-6.6,-0.1,13.0,41.0,0.317,5.0,15.0,0.33299999999999996,8.0,26.0,0.308,0.37799999999999995,6.0,8.0,0.75,1.0,13.0,14.0,11.0,3.0,1.0,8.0,9.0,37.0
PHO,18939,2008.0,Gordan Giricek,SG,30.0,22.0,0.0,442.0,12.3,0.58,0.314,0.107,2.5,9.9,6.5,11.7,0.9,0.3,12.1,19.2,,0.5,0.2,0.7,0.076,,0.0,-2.0,-2.0,0.0,79.0,159.0,0.49700000000000005,19.0,50.0,0.38,60.0,109.0,0.55,0.557,16.0,17.0,0.941,9.0,42.0,51.0,35.0,8.0,2.0,23.0,49.0,193.0
TOT,18936,2008.0,Gordan Giricek,SG-SF,30.0,76.0,62.0,2148.0,13.2,0.529,0.32799999999999996,0.228,2.9,10.8,6.7,11.0,1.5,0.6,14.2,21.5,,2.2,0.7,2.4,0.055999999999999994,,-0.1,-1.6,-2.5,-0.2,350.0,803.0,0.44,85.0,249.0,0.395,265.0,572.0,0.478,0.5,150.0,183.0,0.885,51.0,202.0,238.0,137.0,56.0,15.0,145.0,159.0,935.0
UTA,18937,2008.0,Gordan Giricek,SG,30.0,81.0,44.0,1660.0,16.4,0.5660000000000001,0.33299999999999996,0.259,2.8,12.1,6.8,15.2,2.4,0.7,17.0,28.5,,1.1,0.8,1.9,0.096,,0.3,-1.0,-2.0,0.0,283.0,632.0,0.462,52.0,122.0,0.426,245.0,527.0,0.479,0.53,111.0,137.0,1.0,25.0,157.0,182.0,137.0,46.0,11.0,90.0,155.0,715.0
