Tm,Unnamed: 0,Year,Player,Pos,Age,G,GS,MP,PER,TS%,3PAr,FTr,ORB%,DRB%,TRB%,AST%,STL%,BLK%,TOV%,USG%,blanl,OWS,DWS,WS,WS/48,blank2,OBPM,DBPM,BPM,VORP,FG,FGA,FG%,3P,3PA,3P%,2P,2PA,2P%,eFG%,FT,FTA,FT%,ORB,DRB,TRB,AST,STL,BLK,TOV,PF,PTS
OKC,23164,2015.0,Grant Jerrett,PF,21.0,5.0,0.0,25.0,-11.0,0.20600000000000002,0.765,0.0,4.4,12.7,8.6,5.9,0.0,6.3,10.5,32.7,,-0.2,0.0,-0.2,-0.373,,-12.3,-4.1,-16.4,-0.1,3.0,17.0,0.17600000000000002,1.0,13.0,0.077,2.0,4.0,0.5,0.20600000000000002,0.0,0.0,,1.0,3.0,4.0,1.0,0.0,2.0,2.0,7.0,7.0
TOT,23163,2015.0,Grant Jerrett,PF,21.0,8.0,0.0,51.0,1.5,0.303,0.5770000000000001,0.038,4.4,15.2,9.9,9.6,2.1,3.1,10.2,25.4,,-0.2,0.1,-0.1,-0.128,,-6.8,-1.5,-8.4,-0.1,7.0,26.0,0.26899999999999996,1.0,15.0,0.067,6.0,11.0,0.545,0.28800000000000003,1.0,1.0,1.0,2.0,7.0,9.0,3.0,2.0,2.0,3.0,11.0,16.0
UTA,23165,2015.0,Grant Jerrett,PF,21.0,3.0,0.0,26.0,13.6,0.47700000000000004,0.222,0.111,4.5,17.7,11.1,13.2,4.1,0.0,9.6,18.4,,0.0,0.0,0.1,0.10800000000000001,,-1.6,1.0,-0.6,0.0,4.0,9.0,0.444,0.0,2.0,0.0,4.0,7.0,0.5710000000000001,0.444,1.0,1.0,1.0,1.0,4.0,5.0,2.0,2.0,0.0,1.0,4.0,9.0
