Tm,Unnamed: 0,Year,Player,Pos,Age,G,GS,MP,PER,TS%,3PAr,FTr,ORB%,DRB%,TRB%,AST%,STL%,BLK%,TOV%,USG%,blanl,OWS,DWS,WS,WS/48,blank2,OBPM,DBPM,BPM,VORP,FG,FGA,FG%,3P,3PA,3P%,2P,2PA,2P%,eFG%,FT,FTA,FT%,ORB,DRB,TRB,AST,STL,BLK,TOV,PF,PTS
IND,7880,1985.0,Granville Waiters,C,24.0,78.0,8.0,1040.0,10.4,0.532,0.005,0.263,8.5,17.3,12.8,7.7,1.1,4.6,20.6,14.9,,-0.1,1.5,1.3,0.062,,-4.2,2.6,-1.7,0.1,123.0,238.0,0.517,0.0,1.0,0.0,123.0,237.0,0.519,0.517,31.0,51.0,0.608,64.0,163.0,227.0,60.0,24.0,85.0,65.0,164.0,277.0
HOU,8254,1986.0,Granville Waiters,C,25.0,43.0,0.0,156.0,3.2,0.324,0.026000000000000002,0.154,10.3,9.1,9.7,5.9,1.2,3.6,20.9,13.2,,-0.3,0.1,-0.2,-0.051,,-6.3,0.8,-5.4,-0.1,13.0,39.0,0.33299999999999996,0.0,1.0,0.0,13.0,38.0,0.342,0.33299999999999996,1.0,6.0,0.16699999999999998,15.0,13.0,28.0,8.0,4.0,10.0,11.0,30.0,27.0
CHI,9057,1988.0,Granville Waiters,C,27.0,44.0,26.0,534.0,6.5,0.43799999999999994,0.034,0.09699999999999999,9.1,19.0,14.1,5.3,0.9,7.9,16.7,13.5,,0.0,0.6,0.5,0.049,,-4.1,2.3,-2.6,-0.1,40.0,93.0,0.43,0.0,1.0,0.0,40.0,92.0,0.435,0.43,5.0,9.0,0.556,38.0,49.0,87.0,22.0,10.0,31.0,16.0,83.0,85.0
