Tm,Unnamed: 0,Year,Player,Pos,Age,G,GS,MP,PER,TS%,3PAr,FTr,ORB%,DRB%,TRB%,AST%,STL%,BLK%,TOV%,USG%,blanl,OWS,DWS,WS,WS/48,blank2,OBPM,DBPM,BPM,VORP,FG,FGA,FG%,3P,3PA,3P%,2P,2PA,2P%,eFG%,FT,FTA,FT%,ORB,DRB,TRB,AST,STL,BLK,TOV,PF,PTS
BOS,21584,2012.0,Greg Stiemsma,C,26.0,55.0,3.0,766.0,13.6,0.579,0.0,0.33899999999999997,7.7,19.0,13.6,5.6,2.6,8.5,19.2,10.8,,0.6,2.2,2.7,0.17,,-3.0,7.5,4.5,1.2,66.0,121.0,0.545,0.0,0.0,,66.0,121.0,0.545,0.545,29.0,41.0,0.7070000000000001,48.0,129.0,177.0,28.0,37.0,85.0,33.0,144.0,161.0
MIN,22163,2013.0,Greg Stiemsma,C,27.0,76.0,19.0,1209.0,10.5,0.498,0.0,0.248,5.6,19.5,12.3,3.9,1.9,5.8,16.1,13.6,,-0.3,2.0,1.7,0.069,,-5.1,3.7,-1.4,0.2,127.0,278.0,0.457,0.0,0.0,,127.0,278.0,0.457,0.457,53.0,69.0,0.768,61.0,200.0,261.0,30.0,44.0,90.0,59.0,184.0,307.0
NOP,22772,2014.0,Greg Stiemsma,C,28.0,55.0,20.0,1007.0,9.7,0.584,0.008,0.262,8.2,18.0,13.0,5.0,1.8,4.7,24.4,8.1,,0.5,1.0,1.5,0.07200000000000001,,-2.3,2.9,0.6,0.7,70.0,122.0,0.574,0.0,1.0,0.0,70.0,121.0,0.579,0.574,19.0,32.0,0.594,72.0,154.0,226.0,36.0,35.0,57.0,44.0,169.0,159.0
TOR,23422,2015.0,Greg Stiemsma,C,29.0,17.0,0.0,66.0,7.8,0.7170000000000001,0.0,0.5,15.7,10.5,13.1,6.6,1.6,0.0,41.8,11.5,,0.0,0.0,0.1,0.05,,-1.1,-0.6,-1.7,0.0,6.0,8.0,0.75,0.0,0.0,,6.0,8.0,0.75,0.75,2.0,4.0,0.5,9.0,6.0,15.0,3.0,2.0,0.0,7.0,15.0,14.0
