Tm,Unnamed: 0,Year,Player,Pos,Age,G,GS,MP,PER,TS%,3PAr,FTr,ORB%,DRB%,TRB%,AST%,STL%,BLK%,TOV%,USG%,blanl,OWS,DWS,WS,WS/48,blank2,OBPM,DBPM,BPM,VORP,FG,FGA,FG%,3P,3PA,3P%,2P,2PA,2P%,eFG%,FT,FTA,FT%,ORB,DRB,TRB,AST,STL,BLK,TOV,PF,PTS
PHI,16577,2004.0,Greg Buckner,SG,27.0,75.0,5.0,1514.0,11.6,0.519,0.251,0.204,5.5,12.4,8.6,11.0,2.5,0.8,15.4,14.8,,1.5,1.7,3.1,0.1,,-0.6,0.7,0.0,0.8,185.0,398.0,0.465,15.0,55.0,0.273,170.0,343.0,0.496,0.484,65.0,81.0,0.802,72.0,144.0,216.0,96.0,72.0,16.0,62.0,203.0,450.0
DEN,17743,2006.0,Greg Buckner,SG,29.0,73.0,41.0,1758.0,13.7,0.638,0.583,0.267,5.0,11.7,7.9,13.2,2.5,0.9,12.6,12.6,,3.0,2.0,4.8,0.153,,1.9,1.1,2.7,1.8,181.0,417.0,0.528,86.0,243.0,0.405,111.0,182.0,0.61,0.609,63.0,81.0,0.782,66.0,178.0,209.0,133.0,87.0,20.0,52.0,180.0,491.0
DAL,18296,2007.0,Greg Buckner,SG,30.0,76.0,16.0,1372.0,13.3,0.5660000000000001,0.344,0.42200000000000004,8.6,13.7,10.9,8.8,2.1,1.5,12.1,14.2,,1.7,1.7,2.3,0.126,,0.7,1.1,1.6,0.8,123.0,299.0,0.525,32.0,103.0,0.385,101.0,207.0,0.544,0.5379999999999999,59.0,81.0,0.794,67.0,123.0,174.0,70.0,47.0,20.0,40.0,152.0,305.0
MIN,18826,2008.0,Greg Buckner,SG,31.0,31.0,4.0,520.0,7.2,0.489,0.42700000000000005,0.188,2.2,12.7,7.2,10.8,2.1,0.3,18.6,13.5,,-0.2,0.3,0.1,0.008,,-2.9,-0.3,-3.2,-0.2,45.0,117.0,0.385,15.0,50.0,0.3,30.0,67.0,0.44799999999999995,0.449,19.0,22.0,0.8640000000000001,10.0,55.0,65.0,39.0,21.0,2.0,29.0,63.0,124.0
MEM,19429,2009.0,Greg Buckner,SF,32.0,63.0,0.0,878.0,6.3,0.456,0.321,0.157,4.4,13.9,9.1,9.9,1.8,0.7,18.3,11.1,,-0.4,0.7,0.3,0.019,,-3.6,0.4,-3.2,-0.3,61.0,159.0,0.384,13.0,51.0,0.255,48.0,108.0,0.444,0.425,20.0,25.0,0.8,32.0,98.0,130.0,57.0,29.0,8.0,38.0,108.0,155.0
