Tm,Unnamed: 0,Year,Player,Pos,Age,G,GS,MP,PER,TS%,3PAr,FTr,ORB%,DRB%,TRB%,AST%,STL%,BLK%,TOV%,USG%,blanl,OWS,DWS,WS,WS/48,blank2,OBPM,DBPM,BPM,VORP,FG,FGA,FG%,3P,3PA,3P%,2P,2PA,2P%,eFG%,FT,FTA,FT%,ORB,DRB,TRB,AST,STL,BLK,TOV,PF,PTS
GSW,4993,1977.0,Gus Williams,PG,23.0,82.0,,1930.0,17.0,0.49700000000000005,,0.273,3.7,8.5,6.1,19.6,3.6,0.8,,,,1.6,2.6,4.2,0.11699999999999999,,0.6,0.2,0.8,1.2,365.0,853.0,0.46399999999999997,,,,365.0,853.0,0.46399999999999997,0.46399999999999997,173.0,233.0,0.747,72.0,161.0,233.0,292.0,140.0,26.0,,218.0,903.0
SEA,7542,1984.0,Gus Williams,PG,30.0,82.0,80.0,2969.0,21.8,0.534,0.031,0.303,5.1,7.1,5.7,36.2,3.3,0.9,13.5,28.5,,7.2,4.4,11.6,0.187,,4.1,0.7,4.2,4.5,773.0,1592.0,0.495,9.0,43.0,0.225,764.0,1552.0,0.495,0.495,331.0,436.0,0.8170000000000001,127.0,173.0,275.0,675.0,200.0,41.0,232.0,198.0,1875.0
WSB,8280,1986.0,Gus Williams,PG,32.0,79.0,78.0,2960.0,17.3,0.48200000000000004,0.11900000000000001,0.233,2.6,5.4,3.9,30.8,2.9,0.6,12.7,26.0,,1.2,3.9,5.1,0.083,,1.4,-0.4,1.0,2.3,638.0,1483.0,0.43,51.0,176.0,0.29,587.0,1307.0,0.45,0.447,251.0,346.0,0.7340000000000001,72.0,123.0,195.0,608.0,178.0,32.0,213.0,159.0,1578.0
ATL,8656,1987.0,Gus Williams,SG,33.0,33.0,0.0,481.0,9.6,0.42200000000000004,0.12300000000000001,0.27399999999999997,1.8,7.1,4.5,38.0,1.7,0.6,24.8,18.6,,-0.4,0.5,0.1,0.006999999999999999,,-3.3,-1.6,-4.9,-0.4,53.0,146.0,0.363,5.0,18.0,0.278,48.0,128.0,0.375,0.38,27.0,40.0,0.675,8.0,32.0,40.0,139.0,17.0,5.0,54.0,53.0,138.0
