Tm,Unnamed: 0,Year,Player,Pos,Age,G,GS,MP,PER,TS%,3PAr,FTr,ORB%,DRB%,TRB%,AST%,STL%,BLK%,TOV%,USG%,blanl,OWS,DWS,WS,WS/48,blank2,OBPM,DBPM,BPM,VORP,FG,FGA,FG%,3P,3PA,3P%,2P,2PA,2P%,eFG%,FT,FTA,FT%,ORB,DRB,TRB,AST,STL,BLK,TOV,PF,PTS
MEM,19884,2009.0,Hakim Warrick,PF,26.0,82.0,43.0,2152.0,16.9,0.5920000000000001,0.07400000000000001,0.545,7.8,17.0,12.3,7.5,1.3,2.3,16.7,22.5,,3.2,1.7,4.7,0.111,,-0.7,-0.3,-2.4,-0.2,373.0,712.0,0.524,13.0,48.0,0.271,373.0,704.0,0.53,0.524,299.0,388.0,0.7709999999999999,130.0,290.0,420.0,75.0,48.0,39.0,161.0,232.0,1045.0
CHI,20468,2010.0,Hakim Warrick,PF,27.0,28.0,0.0,533.0,15.7,0.56,0.006,0.593,8.5,12.8,10.6,5.2,0.7,1.1,9.6,20.2,,1.0,0.5,1.5,0.133,,-1.4,-1.7,-3.1,-0.2,83.0,172.0,0.483,0.0,1.0,0.0,83.0,171.0,0.485,0.483,77.0,102.0,0.755,40.0,62.0,102.0,17.0,7.0,8.0,23.0,43.0,243.0
MIL,20467,2010.0,Hakim Warrick,PF,27.0,48.0,6.0,1024.0,15.6,0.54,0.016,0.455,9.2,14.6,11.8,5.8,0.9,0.8,11.2,22.6,,1.2,1.3,2.5,0.11900000000000001,,-1.8,-0.8,-2.6,-0.2,182.0,378.0,0.48100000000000004,1.0,6.0,0.16699999999999998,181.0,372.0,0.48700000000000004,0.483,125.0,172.0,0.727,87.0,125.0,212.0,35.0,17.0,10.0,57.0,83.0,490.0
PHO,21639,2012.0,Hakim Warrick,PF,29.0,80.0,6.0,1416.0,16.5,0.581,0.055999999999999994,0.659,7.2,17.0,12.1,9.3,1.1,0.5,13.9,23.4,,2.6,0.8,3.4,0.11599999999999999,,-0.8,-1.2,-1.9,0.0,228.0,446.0,0.511,1.0,11.0,0.1,227.0,435.0,0.522,0.512,212.0,294.0,0.768,88.0,208.0,296.0,69.0,32.0,9.0,79.0,100.0,669.0
CHA,22222,2013.0,Hakim Warrick,PF,30.0,27.0,14.0,482.0,11.3,0.473,0.018000000000000002,0.528,4.8,16.6,10.6,9.0,1.3,1.0,12.6,21.7,,-0.2,0.1,-0.1,-0.006999999999999999,,-4.5,-2.6,-7.1,-0.6,66.0,163.0,0.405,0.0,3.0,0.0,66.0,160.0,0.413,0.405,58.0,86.0,0.674,21.0,68.0,89.0,25.0,12.0,6.0,29.0,37.0,190.0
NOH,22221,2013.0,Hakim Warrick,PF,30.0,1.0,0.0,7.0,28.8,0.6940000000000001,0.0,1.0,0.0,0.0,0.0,0.0,7.7,0.0,0.0,19.1,,0.0,0.0,0.1,0.353,,4.1,0.3,4.4,0.0,1.0,2.0,0.5,0.0,0.0,,1.0,2.0,0.5,0.5,2.0,2.0,1.0,0.0,0.0,0.0,0.0,1.0,0.0,0.0,0.0,4.0
TOT,22220,2013.0,Hakim Warrick,PF,30.0,76.0,14.0,1557.0,15.6,0.547,0.018000000000000002,0.5329999999999999,9.0,16.4,11.4,8.9,1.4,1.0,12.5,21.8,,2.2,1.8,4.0,0.124,,-1.6,-1.1,-2.8,-0.3,265.0,550.0,0.48200000000000004,1.0,7.0,0.14300000000000002,264.0,543.0,0.486,0.483,202.0,274.0,0.737,127.0,187.0,314.0,52.0,24.0,18.0,80.0,126.0,733.0
