Tm,Unnamed: 0,Year,Player,Pos,Age,G,GS,MP,PER,TS%,3PAr,FTr,ORB%,DRB%,TRB%,AST%,STL%,BLK%,TOV%,USG%,blanl,OWS,DWS,WS,WS/48,blank2,OBPM,DBPM,BPM,VORP,FG,FGA,FG%,3P,3PA,3P%,2P,2PA,2P%,eFG%,FT,FTA,FT%,ORB,DRB,TRB,AST,STL,BLK,TOV,PF,PTS
DEN,7251,1984.0,Howard Carter,SG,22.0,55.0,5.0,688.0,12.0,0.499,0.06,0.193,5.7,7.5,6.6,13.2,1.2,0.3,10.9,21.1,,0.3,0.1,0.4,0.027999999999999997,,-1.2,-3.3,-4.5,-0.4,145.0,316.0,0.45899999999999996,5.0,19.0,0.263,140.0,297.0,0.47100000000000003,0.467,47.0,61.0,0.77,38.0,48.0,86.0,71.0,19.0,4.0,42.0,81.0,342.0
DAL,7600,1985.0,Howard Carter,SG,23.0,11.0,0.0,66.0,-7.4,0.192,0.13,0.043,1.7,3.5,2.6,7.3,0.7,0.0,25.4,19.9,,-0.4,0.0,-0.4,-0.309,,-13.3,-3.0,-16.3,-0.2,4.0,23.0,0.174,0.0,3.0,0.0,4.0,20.0,0.2,0.174,1.0,1.0,1.0,1.0,2.0,3.0,4.0,1.0,0.0,8.0,4.0,9.0
