Tm,Unnamed: 0,Year,Player,Pos,Age,G,GS,MP,PER,TS%,3PAr,FTr,ORB%,DRB%,TRB%,AST%,STL%,BLK%,TOV%,USG%,blanl,OWS,DWS,WS,WS/48,blank2,OBPM,DBPM,BPM,VORP,FG,FGA,FG%,3P,3PA,3P%,2P,2PA,2P%,eFG%,FT,FTA,FT%,ORB,DRB,TRB,AST,STL,BLK,TOV,PF,PTS
SAS,15325,2001.0,Ira Newble,SF,26.0,27.0,6.0,184.0,8.9,0.435,0.16399999999999998,0.29100000000000004,8.4,12.9,10.8,5.3,0.6,1.5,10.1,17.6,,0.0,0.2,0.2,0.055,,-3.4,-0.9,-4.3,-0.1,21.0,55.0,0.382,4.0,9.0,0.444,17.0,46.0,0.37,0.418,8.0,16.0,0.5,13.0,22.0,35.0,6.0,2.0,4.0,7.0,18.0,54.0
ATL,16320,2003.0,Ira Newble,SF,28.0,73.0,45.0,1931.0,11.7,0.56,0.18,0.335,7.1,12.8,10.0,8.6,1.6,1.2,14.0,13.7,,2.5,0.9,3.3,0.08900000000000001,,-0.2,0.8,-0.3,0.6,231.0,467.0,0.498,32.0,84.0,0.381,199.0,383.0,0.52,0.529,75.0,90.0,0.852,86.0,185.0,271.0,99.0,50.0,26.0,69.0,174.0,564.0
CLE,19133,2008.0,Ira Newble,SG,33.0,74.0,69.0,1832.0,14.9,0.556,0.405,0.281,11.4,15.7,13.5,8.9,2.5,2.2,15.8,15.6,,0.6,1.3,1.9,0.179,,0.4,0.6,-0.5,0.0,182.0,424.0,0.449,19.0,53.0,0.5329999999999999,163.0,371.0,0.496,0.541,55.0,69.0,0.797,78.0,142.0,220.0,91.0,50.0,19.0,61.0,144.0,438.0
LAL,19135,2008.0,Ira Newble,SF,33.0,6.0,0.0,31.0,10.0,0.389,0.222,0.0,22.4,17.2,19.7,13.4,1.6,2.3,25.0,17.1,,0.0,0.0,0.0,0.037000000000000005,,-2.3,1.3,-1.0,0.0,3.0,9.0,0.33299999999999996,1.0,2.0,0.5,2.0,7.0,0.28600000000000003,0.389,0.0,0.0,,6.0,5.0,11.0,3.0,1.0,1.0,3.0,5.0,7.0
SEA,19134,2008.0,Ira Newble,SF,33.0,2.0,0.0,17.0,0.5,0.28600000000000003,0.28600000000000003,0.0,0.0,0.0,0.0,8.8,0.0,0.0,0.0,17.8,,0.0,0.0,-0.1,-0.14400000000000002,,-8.2,-6.7,-15.0,-0.1,2.0,7.0,0.28600000000000003,0.0,2.0,0.0,2.0,5.0,0.4,0.28600000000000003,0.0,0.0,,0.0,0.0,0.0,1.0,0.0,0.0,0.0,0.0,4.0
TOT,19132,2008.0,Ira Newble,SG-SF,33.0,49.0,13.0,698.0,9.7,0.507,0.282,0.149,7.5,13.1,10.2,4.0,2.1,0.9,15.5,14.2,,0.1,0.8,0.9,0.061,,-3.1,-0.2,-3.3,-0.2,76.0,174.0,0.43700000000000006,16.0,49.0,0.327,60.0,125.0,0.48,0.483,20.0,26.0,0.769,47.0,78.0,125.0,18.0,28.0,8.0,34.0,69.0,188.0
