Tm,Unnamed: 0,Year,Player,Pos,Age,G,GS,MP,PER,TS%,3PAr,FTr,ORB%,DRB%,TRB%,AST%,STL%,BLK%,TOV%,USG%,blanl,OWS,DWS,WS,WS/48,blank2,OBPM,DBPM,BPM,VORP,FG,FGA,FG%,3P,3PA,3P%,2P,2PA,2P%,eFG%,FT,FTA,FT%,ORB,DRB,TRB,AST,STL,BLK,TOV,PF,PTS
NYK,17748,2006.0,Jackie Butler,C,20.0,55.0,0.0,740.0,90.3,1.025,0.0,0.5,10.9,19.3,15.0,6.1,10.6,3.4,19.9,53.7,,0.7,0.6,1.2,1.3330000000000002,,24.8,0.0,21.5,0.1,117.0,215.0,1.0,0.0,0.0,,117.0,215.0,1.0,1.0,58.0,77.0,1.0,67.0,116.0,183.0,25.0,17.0,31.0,62.0,127.0,292.0
SAS,18299,2007.0,Jackie Butler,C,21.0,11.0,2.0,103.0,9.6,0.52,0.0,0.28600000000000003,7.3,18.0,12.9,8.1,1.0,0.0,20.2,22.8,,-0.1,0.2,0.1,0.047,,-5.4,-0.7,-6.1,-0.1,16.0,35.0,0.457,0.0,0.0,,16.0,35.0,0.457,0.457,9.0,10.0,0.9,6.0,16.0,22.0,5.0,2.0,0.0,10.0,16.0,41.0
