Tm,Unnamed: 0,Year,Player,Pos,Age,G,GS,MP,PER,TS%,3PAr,FTr,ORB%,DRB%,TRB%,AST%,STL%,BLK%,TOV%,USG%,blanl,OWS,DWS,WS,WS/48,blank2,OBPM,DBPM,BPM,VORP,FG,FGA,FG%,3P,3PA,3P%,2P,2PA,2P%,eFG%,FT,FTA,FT%,ORB,DRB,TRB,AST,STL,BLK,TOV,PF,PTS
SEA,5636,1979.0,Jackie Robinson,SF,23.0,12.0,,105.0,13.6,0.483,,0.366,9.0,10.0,9.5,17.5,2.2,0.5,18.8,21.9,,0.0,0.2,0.1,0.065,,-1.5,0.0,-1.5,0.0,19.0,41.0,0.46299999999999997,,,,19.0,41.0,0.46299999999999997,0.46299999999999997,8.0,15.0,0.5329999999999999,9.0,10.0,19.0,13.0,5.0,1.0,11.0,9.0,46.0
DET,6006,1980.0,Jackie Robinson,SF,24.0,7.0,,51.0,17.1,0.618,0.059000000000000004,0.647,6.1,4.2,5.1,0.0,2.6,3.1,8.4,18.0,,0.1,0.0,0.2,0.16699999999999998,,-0.2,-2.9,-3.2,0.0,9.0,17.0,0.529,0.0,1.0,0.0,9.0,16.0,0.563,0.529,9.0,11.0,0.818,3.0,2.0,5.0,0.0,3.0,3.0,2.0,8.0,27.0
CHI,6734,1982.0,Jackie Robinson,SF,26.0,3.0,0.0,29.0,8.0,0.465,0.0,0.444,12.3,0.0,5.9,0.0,0.0,0.0,8.5,17.0,,0.0,0.0,0.0,0.037000000000000005,,-3.4,-6.3,-9.8,-0.1,3.0,9.0,0.33299999999999996,0.0,0.0,,3.0,9.0,0.33299999999999996,0.33299999999999996,4.0,4.0,1.0,3.0,0.0,3.0,0.0,0.0,0.0,1.0,1.0,10.0
