Tm,Unnamed: 0,Year,Player,Pos,Age,G,GS,MP,PER,TS%,3PAr,FTr,ORB%,DRB%,TRB%,AST%,STL%,BLK%,TOV%,USG%,blanl,OWS,DWS,WS,WS/48,blank2,OBPM,DBPM,BPM,VORP,FG,FGA,FG%,3P,3PA,3P%,2P,2PA,2P%,eFG%,FT,FTA,FT%,ORB,DRB,TRB,AST,STL,BLK,TOV,PF,PTS
BAL,3446,1972.0,Jack Marin,SF,27.0,82.0,,2947.0,18.2,0.536,,0.337,,,8.5,11.1,,,,,,6.6,4.1,9.1,0.151,,,,,,690.0,1444.0,0.489,,,,690.0,1444.0,0.489,0.489,356.0,398.0,0.894,,,608.0,231.0,,,,275.0,1736.0
HOU,3983,1974.0,Jack Marin,SF,29.0,81.0,,3019.0,15.1,0.516,,0.221,2.8,7.4,7.7,15.5,0.9,0.4,,,,4.2,1.9,6.1,0.098,,-0.8,-2.7,-3.5,-0.4,624.0,1334.0,0.474,,,,624.0,1334.0,0.474,0.474,248.0,292.0,0.8490000000000001,29.0,77.0,499.0,291.0,23.0,8.0,,247.0,1496.0
BUF,4526,1976.0,Jack Marin,SF,31.0,81.0,,2147.0,16.6,0.598,,0.35100000000000003,5.1,13.1,8.9,11.2,1.5,1.3,,,,2.4,1.5,3.9,0.146,,1.0,-1.0,0.0,0.3,380.0,836.0,0.545,,,,380.0,836.0,0.545,0.545,193.0,222.0,0.877,104.0,259.0,363.0,133.0,51.0,18.0,,238.0,953.0
TOT,4525,1976.0,Jack Marin,SF,31.0,79.0,,1909.0,14.4,0.5479999999999999,,0.252,3.5,10.3,6.7,13.2,1.1,0.7,,,,2.9,1.4,3.6,0.09699999999999999,,-0.1,-1.4,-2.2,-0.1,355.0,812.0,0.501,,,,355.0,812.0,0.501,0.501,161.0,188.0,0.856,69.0,183.0,252.0,167.0,46.0,26.0,,213.0,863.0
CHI,4850,1977.0,Jack Marin,SF,32.0,67.0,,1631.0,12.8,0.485,,0.21600000000000003,3.4,10.2,6.6,12.1,1.1,0.4,,,,1.4,1.2,2.7,0.078,,-1.3,-1.5,-2.8,-0.3,302.0,718.0,0.465,,,,302.0,718.0,0.465,0.465,134.0,155.0,0.865,59.0,153.0,212.0,118.0,38.0,6.0,,134.0,738.0
