Tm,Unnamed: 0,Year,Player,Pos,Age,G,GS,MP,PER,TS%,3PAr,FTr,ORB%,DRB%,TRB%,AST%,STL%,BLK%,TOV%,USG%,blanl,OWS,DWS,WS,WS/48,blank2,OBPM,DBPM,BPM,VORP,FG,FGA,FG%,3P,3PA,3P%,2P,2PA,2P%,eFG%,FT,FTA,FT%,ORB,DRB,TRB,AST,STL,BLK,TOV,PF,PTS
TOT,9694,1990.0,Jack Haley,PF,26.0,67.0,26.0,1084.0,8.5,0.449,0.003,0.36,10.7,19.4,14.8,3.5,0.8,0.7,15.2,17.6,,-0.6,0.9,0.3,0.013000000000000001,,-5.1,-1.8,-6.9,-1.3,138.0,347.0,0.39799999999999996,0.0,1.0,0.0,138.0,346.0,0.39899999999999997,0.39799999999999996,85.0,125.0,0.68,115.0,185.0,300.0,26.0,18.0,12.0,72.0,170.0,361.0
LAL,10621,1992.0,Jack Haley,C,28.0,49.0,9.0,394.0,3.6,0.39299999999999996,0.0,0.345,8.8,18.8,13.7,2.5,0.9,1.2,20.5,13.5,,-0.7,0.4,-0.3,-0.034,,-7.4,-1.2,-8.7,-0.7,31.0,84.0,0.369,0.0,0.0,,31.0,84.0,0.369,0.369,14.0,29.0,0.483,31.0,64.0,95.0,7.0,7.0,8.0,25.0,75.0,76.0
SAS,12005,1995.0,Jack Haley,PF,31.0,31.0,0.0,117.0,12.8,0.515,0.016,0.525,8.1,20.6,14.4,2.9,1.3,3.0,14.9,33.1,,0.0,0.2,0.1,0.054000000000000006,,-6.4,-3.3,-10.9,-0.3,26.0,61.0,0.43799999999999994,0.0,1.0,0.0,26.0,60.0,0.43799999999999994,0.43799999999999994,21.0,32.0,0.81,8.0,19.0,27.0,2.0,3.0,5.0,13.0,31.0,73.0
CHI,12479,1996.0,Jack Haley,PF,32.0,51.0,1.0,289.0,12.3,0.56,0.0,0.59,16.7,22.5,18.3,9.4,1.9,1.1,23.3,49.6,,0.0,0.3,0.4,0.064,,-4.2,-1.6,-6.0,-0.1,37.0,78.0,0.474,0.0,0.0,,37.0,78.0,0.474,0.474,36.0,46.0,1.0,21.0,50.0,71.0,10.0,11.0,1.0,26.0,56.0,110.0
NJN,13604,1998.0,Jack Haley,PF,34.0,78.0,26.0,1178.0,19.6,0.513,0.055999999999999994,1.167,17.9,29.5,23.4,11.6,0.8,1.5,14.6,27.3,,0.9,1.3,2.2,0.149,,-1.1,-1.6,-4.3,0.0,161.0,343.0,0.469,0.0,1.0,0.0,161.0,343.0,0.469,0.469,112.0,181.0,0.737,140.0,216.0,356.0,31.0,20.0,21.0,65.0,199.0,434.0
