Tm,Unnamed: 0,Year,Player,Pos,Age,G,GS,MP,PER,TS%,3PAr,FTr,ORB%,DRB%,TRB%,AST%,STL%,BLK%,TOV%,USG%,blanl,OWS,DWS,WS,WS/48,blank2,OBPM,DBPM,BPM,VORP,FG,FGA,FG%,3P,3PA,3P%,2P,2PA,2P%,eFG%,FT,FTA,FT%,ORB,DRB,TRB,AST,STL,BLK,TOV,PF,PTS
PHO,16437,2003.0,Jake Tsakalidis,C,23.0,67.0,47.0,1582.0,11.7,0.522,0.003,0.43,9.8,19.4,14.5,3.7,0.8,4.2,20.6,15.5,,1.0,1.8,2.8,0.085,,-3.4,1.5,-3.2,-0.3,190.0,400.0,0.475,0.0,1.0,0.0,190.0,399.0,0.47600000000000003,0.475,111.0,159.0,0.698,130.0,244.0,374.0,23.0,23.0,69.0,78.0,193.0,491.0
HOU,18686,2007.0,Jake Tsakalidis,C,27.0,13.0,0.0,132.0,12.0,0.524,0.0,0.682,15.8,19.1,17.4,3.4,0.4,0.6,9.5,11.1,,0.3,0.2,0.5,0.16899999999999998,,-2.5,-0.2,-2.7,0.0,9.0,22.0,0.409,0.0,0.0,,9.0,22.0,0.409,0.409,12.0,15.0,0.8,18.0,22.0,40.0,3.0,1.0,1.0,3.0,17.0,30.0
MEM,18685,2007.0,Jake Tsakalidis,C,27.0,51.0,28.0,732.0,17.3,0.632,0.0,0.527,13.1,22.0,17.6,6.0,1.4,4.5,25.7,16.1,,1.5,1.4,2.8,0.18600000000000003,,-1.5,1.5,-0.9,0.2,100.0,165.0,0.606,0.0,0.0,,100.0,165.0,0.606,0.606,57.0,87.0,0.778,78.0,134.0,212.0,18.0,14.0,32.0,39.0,107.0,257.0
TOT,18684,2007.0,Jake Tsakalidis,C,27.0,36.0,7.0,390.0,8.4,0.47100000000000003,0.0,0.542,12.7,18.7,15.7,1.9,1.1,2.3,21.2,13.2,,-0.1,0.4,0.3,0.031,,-5.1,-0.6,-5.7,-0.4,29.0,72.0,0.40299999999999997,0.0,0.0,,29.0,72.0,0.40299999999999997,0.40299999999999997,26.0,39.0,0.667,42.0,62.0,104.0,5.0,8.0,12.0,24.0,51.0,84.0
