Tm,Unnamed: 0,Year,Player,Pos,Age,G,GS,MP,PER,TS%,3PAr,FTr,ORB%,DRB%,TRB%,AST%,STL%,BLK%,TOV%,USG%,blanl,OWS,DWS,WS,WS/48,blank2,OBPM,DBPM,BPM,VORP,FG,FGA,FG%,3P,3PA,3P%,2P,2PA,2P%,eFG%,FT,FTA,FT%,ORB,DRB,TRB,AST,STL,BLK,TOV,PF,PTS
DEN,24481,2017.0,Jamal Murray,SG,19.0,82.0,10.0,1764.0,11.9,0.518,0.47100000000000003,0.16399999999999998,2.6,10.7,6.7,14.0,1.4,1.1,12.6,21.6,,0.6,0.7,1.4,0.037000000000000005,,-0.5,-2.1,-2.6,-0.3,295.0,730.0,0.40399999999999997,115.0,344.0,0.33399999999999996,180.0,386.0,0.466,0.483,106.0,120.0,0.883,41.0,173.0,214.0,170.0,52.0,24.0,113.0,124.0,811.0
