Tm,Unnamed: 0,Year,Player,Pos,Age,G,GS,MP,PER,TS%,3PAr,FTr,ORB%,DRB%,TRB%,AST%,STL%,BLK%,TOV%,USG%,blanl,OWS,DWS,WS,WS/48,blank2,OBPM,DBPM,BPM,VORP,FG,FGA,FG%,3P,3PA,3P%,2P,2PA,2P%,eFG%,FT,FTA,FT%,ORB,DRB,TRB,AST,STL,BLK,TOV,PF,PTS
SEA,6904,1983.0,James Donaldson,C,25.0,82.0,11.0,1789.0,16.0,0.63,0.0,0.7140000000000001,12.3,22.2,17.3,7.3,0.8,4.5,18.2,16.2,,2.5,3.4,5.6,0.156,,-0.7,2.2,0.6,1.2,289.0,496.0,0.609,0.0,0.0,,289.0,496.0,0.609,0.609,151.0,240.0,0.688,138.0,370.0,501.0,97.0,27.0,139.0,132.0,186.0,728.0
SDC,7282,1984.0,James Donaldson,C,26.0,82.0,67.0,2525.0,15.3,0.648,0.0,0.541,7.4,21.6,14.6,4.6,0.8,3.0,18.6,14.5,,3.9,1.9,5.8,0.11,,0.1,1.1,1.2,2.1,360.0,604.0,0.596,0.0,0.0,,360.0,604.0,0.596,0.596,249.0,327.0,0.7609999999999999,165.0,484.0,649.0,90.0,40.0,139.0,171.0,214.0,969.0
LAC,8005,1986.0,James Donaldson,C,28.0,82.0,58.0,2392.0,14.6,0.679,0.0,0.833,8.0,26.2,16.4,3.6,0.6,3.5,24.9,15.2,,2.5,2.5,5.0,0.10099999999999999,,-1.3,0.5,-0.9,0.7,351.0,551.0,0.637,0.0,0.0,,351.0,551.0,0.637,0.637,227.0,303.0,0.8140000000000001,168.0,500.0,668.0,48.0,28.0,130.0,206.0,217.0,929.0
DAL,10561,1992.0,James Donaldson,C,34.0,82.0,82.0,3028.0,15.3,0.6579999999999999,0.0,0.62,10.8,25.7,18.0,4.6,0.8,2.7,19.6,13.6,,6.5,3.9,10.4,0.166,,0.8,1.9,2.6,3.5,327.0,615.0,0.586,0.0,0.0,,327.0,615.0,0.586,0.586,267.0,329.0,0.812,295.0,678.0,973.0,84.0,51.0,136.0,146.0,191.0,889.0
NYK,10562,1992.0,James Donaldson,C,34.0,14.0,0.0,81.0,-0.3,0.318,0.0,0.111,2.9,23.8,13.4,3.2,0.0,4.0,27.0,14.0,,-0.3,0.1,-0.1,-0.076,,-11.7,1.6,-10.1,-0.2,5.0,18.0,0.278,0.0,0.0,,5.0,18.0,0.278,0.278,2.0,2.0,1.0,2.0,17.0,19.0,2.0,0.0,5.0,7.0,17.0,12.0
TOT,10560,1992.0,James Donaldson,C,34.0,83.0,78.0,2682.0,13.0,0.627,0.0,0.5529999999999999,9.5,25.3,16.3,4.5,0.5,2.8,17.7,13.3,,3.4,2.4,5.7,0.10300000000000001,,-1.2,1.4,0.2,1.5,256.0,459.0,0.5579999999999999,0.0,0.0,,256.0,459.0,0.5579999999999999,0.5579999999999999,204.0,254.0,0.8029999999999999,171.0,624.0,795.0,96.0,28.0,139.0,123.0,189.0,716.0
UTA,11940,1995.0,James Donaldson,C,37.0,43.0,40.0,613.0,10.7,0.628,0.0,0.643,7.5,27.0,17.6,3.1,0.5,4.8,20.1,10.0,,0.3,0.7,1.0,0.099,,-2.7,2.2,-0.5,0.2,44.0,74.0,0.595,0.0,0.0,,44.0,74.0,0.595,0.595,22.0,31.0,0.71,19.0,88.0,107.0,14.0,6.0,28.0,22.0,66.0,110.0
