Tm,Unnamed: 0,Year,Player,Pos,Age,G,GS,MP,PER,TS%,3PAr,FTr,ORB%,DRB%,TRB%,AST%,STL%,BLK%,TOV%,USG%,blanl,OWS,DWS,WS,WS/48,blank2,OBPM,DBPM,BPM,VORP,FG,FGA,FG%,3P,3PA,3P%,2P,2PA,2P%,eFG%,FT,FTA,FT%,ORB,DRB,TRB,AST,STL,BLK,TOV,PF,PTS
LAC,18649,2007.0,James Singleton,SF,25.0,59.0,10.0,753.0,13.6,0.5870000000000001,0.171,0.354,11.6,22.1,16.9,7.0,2.1,3.5,15.2,13.7,,1.2,1.1,2.3,0.147,,-0.9,1.8,0.2,0.4,77.0,151.0,0.51,10.0,20.0,0.5,67.0,131.0,0.511,0.5429999999999999,39.0,50.0,0.78,63.0,134.0,197.0,29.0,19.0,21.0,28.0,95.0,203.0
DAL,20402,2010.0,James Singleton,SF,28.0,62.0,6.0,884.0,16.4,0.615,0.344,0.353,11.7,20.7,16.2,6.3,2.7,2.5,15.3,17.1,,1.9,1.1,3.0,0.163,,-0.3,1.7,-0.4,0.4,117.0,221.0,0.529,13.0,40.0,0.325,104.0,181.0,0.575,0.5589999999999999,67.0,78.0,1.0,89.0,161.0,250.0,17.0,26.0,28.0,36.0,110.0,314.0
TOT,20401,2010.0,James Singleton,PF-SF,28.0,57.0,3.0,977.0,11.4,0.452,0.146,0.244,12.6,20.0,16.3,4.8,1.5,3.3,14.8,15.4,,-0.1,1.2,1.1,0.055999999999999994,,-3.0,1.4,-1.6,0.1,97.0,254.0,0.382,7.0,37.0,0.18899999999999997,90.0,217.0,0.415,0.396,53.0,62.0,0.855,108.0,168.0,276.0,31.0,28.0,43.0,49.0,113.0,254.0
WAS,21563,2012.0,James Singleton,PF,30.0,32.0,3.0,766.0,19.6,0.6,0.12,0.295,13.5,24.3,17.4,9.5,1.8,3.6,14.7,15.6,,0.7,0.9,1.0,0.18600000000000003,,1.3,1.3,2.3,0.3,73.0,190.0,0.547,2.0,15.0,0.222,71.0,175.0,0.591,0.56,47.0,56.0,0.9329999999999999,91.0,130.0,221.0,22.0,17.0,36.0,37.0,82.0,195.0
