Tm,Unnamed: 0,Year,Player,Pos,Age,G,GS,MP,PER,TS%,3PAr,FTr,ORB%,DRB%,TRB%,AST%,STL%,BLK%,TOV%,USG%,blanl,OWS,DWS,WS,WS/48,blank2,OBPM,DBPM,BPM,VORP,FG,FGA,FG%,3P,3PA,3P%,2P,2PA,2P%,eFG%,FT,FTA,FT%,ORB,DRB,TRB,AST,STL,BLK,TOV,PF,PTS
MIA,23660,2016.0,James Ennis,SF,25.0,62.0,3.0,1051.0,11.5,0.541,0.385,0.381,6.0,14.0,10.1,18.0,1.3,1.4,11.9,14.6,,1.2,0.8,1.9,0.08800000000000001,,-0.9,-0.6,-1.5,0.1,101.0,247.0,0.409,31.0,95.0,0.326,70.0,152.0,0.461,0.47200000000000003,79.0,94.0,0.84,51.0,125.0,176.0,48.0,25.0,17.0,39.0,89.0,312.0
NOP,23662,2016.0,James Ennis,SF,25.0,9.0,5.0,282.0,18.1,0.647,0.5,0.24,6.5,7.3,6.9,10.3,2.1,0.9,13.3,20.0,,0.7,0.1,0.8,0.139,,4.0,-1.3,2.7,0.3,50.0,100.0,0.5,24.0,50.0,0.48,26.0,50.0,0.52,0.62,19.0,24.0,0.792,17.0,18.0,35.0,18.0,12.0,3.0,17.0,26.0,143.0
TOT,23659,2016.0,James Ennis,SF,25.0,22.0,5.0,329.0,17.8,0.621,0.513,0.301,6.9,7.4,7.1,10.1,2.4,1.3,12.9,19.8,,0.7,0.2,0.9,0.133,,3.4,-1.0,2.4,0.4,54.0,113.0,0.478,26.0,58.0,0.44799999999999995,28.0,55.0,0.509,0.593,25.0,34.0,0.735,21.0,21.0,42.0,21.0,16.0,5.0,19.0,28.0,159.0
MEM,24245,2017.0,James Ennis,SF,26.0,64.0,28.0,1501.0,18.3,0.581,0.615,0.769,10.9,14.9,10.0,7.6,5.1,4.6,13.8,21.8,,1.4,1.7,3.2,0.10099999999999999,,1.0,1.9,2.8,0.8,146.0,321.0,0.455,51.0,137.0,0.37200000000000005,95.0,184.0,0.516,0.534,86.0,110.0,0.782,69.0,190.0,259.0,64.0,46.0,19.0,59.0,165.0,429.0
