Tm,Unnamed: 0,Year,Player,Pos,Age,G,GS,MP,PER,TS%,3PAr,FTr,ORB%,DRB%,TRB%,AST%,STL%,BLK%,TOV%,USG%,blanl,OWS,DWS,WS,WS/48,blank2,OBPM,DBPM,BPM,VORP,FG,FGA,FG%,3P,3PA,3P%,2P,2PA,2P%,eFG%,FT,FTA,FT%,ORB,DRB,TRB,AST,STL,BLK,TOV,PF,PTS
SAS,18716,2007.0,James White,SG,24.0,6.0,2.0,137.0,12.1,0.525,0.171,0.366,2.8,14.4,8.8,5.8,1.2,0.5,9.5,18.2,,0.1,0.2,0.3,0.10800000000000001,,-2.8,-0.2,-3.1,0.0,18.0,41.0,0.439,2.0,7.0,0.28600000000000003,16.0,34.0,0.47100000000000003,0.46299999999999997,12.0,15.0,0.8,3.0,17.0,20.0,5.0,3.0,1.0,5.0,7.0,50.0
HOU,19895,2009.0,James White,SF,26.0,4.0,0.0,11.0,14.6,0.7,0.4,0.0,0.0,0.0,0.0,19.2,4.8,6.6,37.5,33.8,,0.0,0.0,0.0,-0.066,,-5.5,-0.1,-5.7,0.0,3.0,5.0,0.6,1.0,2.0,0.5,2.0,3.0,0.667,0.7,0.0,0.0,,0.0,0.0,0.0,1.0,1.0,1.0,3.0,2.0,7.0
NYK,22232,2013.0,James White,SF,30.0,57.0,16.0,435.0,9.1,0.503,0.353,0.16399999999999998,1.3,12.0,6.5,10.3,1.6,0.8,12.0,15.2,,0.1,0.3,0.5,0.051,,-2.6,-0.9,-3.4,-0.2,50.0,116.0,0.431,14.0,41.0,0.341,36.0,75.0,0.48,0.491,11.0,19.0,0.579,5.0,43.0,48.0,29.0,13.0,4.0,17.0,44.0,125.0
