Tm,Unnamed: 0,Year,Player,Pos,Age,G,GS,MP,PER,TS%,3PAr,FTr,ORB%,DRB%,TRB%,AST%,STL%,BLK%,TOV%,USG%,blanl,OWS,DWS,WS,WS/48,blank2,OBPM,DBPM,BPM,VORP,FG,FGA,FG%,3P,3PA,3P%,2P,2PA,2P%,eFG%,FT,FTA,FT%,ORB,DRB,TRB,AST,STL,BLK,TOV,PF,PTS
ATL,22679,2014.0,James Nunnally,SF,23.0,4.0,0.0,54.0,6.2,0.455,0.556,0.222,2.2,14.9,8.6,5.6,0.9,1.5,16.8,20.0,,-0.1,0.0,-0.1,-0.055,,-5.9,-2.2,-8.1,-0.1,6.0,18.0,0.33299999999999996,3.0,10.0,0.3,3.0,8.0,0.375,0.41700000000000004,3.0,4.0,0.75,1.0,7.0,8.0,2.0,1.0,1.0,4.0,2.0,18.0
PHI,22680,2014.0,James Nunnally,SF,23.0,9.0,0.0,111.0,6.1,0.43,0.536,0.179,0.0,11.1,5.4,7.7,2.2,0.7,9.0,12.7,,-0.1,0.1,0.0,-0.005,,-4.8,-1.6,-6.4,-0.1,9.0,28.0,0.321,5.0,15.0,0.33299999999999996,4.0,13.0,0.308,0.41100000000000003,3.0,5.0,0.6,0.0,11.0,11.0,6.0,5.0,1.0,3.0,9.0,26.0
TOT,22678,2014.0,James Nunnally,SF,23.0,13.0,0.0,165.0,6.1,0.44,0.5429999999999999,0.196,0.7,12.4,6.4,7.0,1.8,1.0,12.3,15.1,,-0.2,0.1,-0.1,-0.021,,-5.2,-1.8,-7.0,-0.2,15.0,46.0,0.326,8.0,25.0,0.32,7.0,21.0,0.33299999999999996,0.413,6.0,9.0,0.667,1.0,18.0,19.0,8.0,6.0,2.0,7.0,11.0,44.0
