Tm,Unnamed: 0,Year,Player,Pos,Age,G,GS,MP,PER,TS%,3PAr,FTr,ORB%,DRB%,TRB%,AST%,STL%,BLK%,TOV%,USG%,blanl,OWS,DWS,WS,WS/48,blank2,OBPM,DBPM,BPM,VORP,FG,FGA,FG%,3P,3PA,3P%,2P,2PA,2P%,eFG%,FT,FTA,FT%,ORB,DRB,TRB,AST,STL,BLK,TOV,PF,PTS
IND,16563,2004.0,Jamison Brewer,SG,23.0,13.0,1.0,160.0,13.4,0.525,0.4,0.529,7.2,15.4,10.5,36.4,2.4,0.9,37.5,15.2,,0.1,0.2,0.2,0.106,,-0.6,0.5,-3.1,0.0,13.0,35.0,0.529,5.0,14.0,0.35700000000000004,9.0,21.0,0.6,0.529,4.0,9.0,0.444,5.0,9.0,11.0,18.0,7.0,1.0,10.0,11.0,32.0
NYK,17150,2005.0,Jamison Brewer,PG,24.0,18.0,0.0,185.0,4.0,0.363,0.405,0.35100000000000003,3.8,10.2,7.0,9.4,2.3,0.4,23.3,13.7,,-0.4,0.1,-0.3,-0.07400000000000001,,-5.5,0.0,-5.5,-0.2,11.0,37.0,0.297,3.0,15.0,0.2,8.0,22.0,0.364,0.33799999999999997,6.0,13.0,0.462,6.0,16.0,22.0,12.0,8.0,1.0,13.0,11.0,31.0
