Tm,Unnamed: 0,Year,Player,Pos,Age,G,GS,MP,PER,TS%,3PAr,FTr,ORB%,DRB%,TRB%,AST%,STL%,BLK%,TOV%,USG%,blanl,OWS,DWS,WS,WS/48,blank2,OBPM,DBPM,BPM,VORP,FG,FGA,FG%,3P,3PA,3P%,2P,2PA,2P%,eFG%,FT,FTA,FT%,ORB,DRB,TRB,AST,STL,BLK,TOV,PF,PTS
DEN,22825,2014.0,Jan Vesely,PF,23.0,21.0,0.0,306.0,14.5,0.503,0.0,0.321,9.8,17.7,13.8,5.4,4.3,3.9,13.2,14.8,,0.1,0.6,0.7,0.109,,-2.1,4.3,2.2,0.3,41.0,81.0,0.506,0.0,0.0,,41.0,81.0,0.506,0.506,11.0,26.0,0.423,28.0,50.0,78.0,11.0,27.0,16.0,14.0,57.0,93.0
TOT,22823,2014.0,Jan Vesely,PF,23.0,54.0,1.0,776.0,12.7,0.498,0.0,0.324,11.7,16.1,13.9,4.0,3.4,3.5,15.4,13.2,,0.2,1.4,1.6,0.09699999999999999,,-2.7,3.2,0.5,0.5,89.0,173.0,0.514,0.0,0.0,,89.0,173.0,0.514,0.514,19.0,56.0,0.33899999999999997,81.0,110.0,191.0,21.0,53.0,35.0,36.0,121.0,197.0
WAS,22824,2014.0,Jan Vesely,PF,23.0,57.0,20.0,1078.0,11.5,0.544,0.009000000000000001,0.342,12.9,15.6,13.9,7.3,2.8,3.3,19.7,12.7,,0.7,1.0,1.7,0.09,,-1.6,2.5,-0.2,0.5,117.0,218.0,0.537,0.0,1.0,0.0,117.0,217.0,0.539,0.537,33.0,62.0,0.532,101.0,148.0,249.0,47.0,39.0,32.0,60.0,156.0,267.0
