Tm,Unnamed: 0,Year,Player,Pos,Age,G,GS,MP,PER,TS%,3PAr,FTr,ORB%,DRB%,TRB%,AST%,STL%,BLK%,TOV%,USG%,blanl,OWS,DWS,WS,WS/48,blank2,OBPM,DBPM,BPM,VORP,FG,FGA,FG%,3P,3PA,3P%,2P,2PA,2P%,eFG%,FT,FTA,FT%,ORB,DRB,TRB,AST,STL,BLK,TOV,PF,PTS
NYN,4963,1977.0,Jan Van,SF,25.0,72.0,,2398.0,12.0,0.52,,0.374,6.3,13.5,9.7,7.3,1.4,1.6,,,,2.0,2.5,4.5,0.091,,-2.0,1.5,-0.5,0.9,271.0,609.0,0.445,,,,271.0,609.0,0.445,0.445,195.0,228.0,0.855,156.0,304.0,460.0,117.0,74.0,68.0,,205.0,737.0
NJN,7175,1983.0,Jan Van,SF,31.0,82.0,0.0,2399.0,10.8,0.624,0.044000000000000004,0.927,5.5,19.5,11.7,13.1,1.9,2.0,26.7,12.8,,0.9,3.3,3.9,0.11900000000000001,,-2.0,2.6,0.4,1.5,212.0,458.0,0.5,7.0,20.0,0.35,205.0,438.0,0.513,0.5,146.0,183.0,0.8390000000000001,108.0,326.0,429.0,247.0,100.0,76.0,158.0,307.0,561.0
