Tm,Unnamed: 0,Year,Player,Pos,Age,G,GS,MP,PER,TS%,3PAr,FTr,ORB%,DRB%,TRB%,AST%,STL%,BLK%,TOV%,USG%,blanl,OWS,DWS,WS,WS/48,blank2,OBPM,DBPM,BPM,VORP,FG,FGA,FG%,3P,3PA,3P%,2P,2PA,2P%,eFG%,FT,FTA,FT%,ORB,DRB,TRB,AST,STL,BLK,TOV,PF,PTS
DAL,21796,2013.0,Jared Cunningham,SG,21.0,8.0,0.0,26.0,14.8,0.5379999999999999,0.214,0.14300000000000002,4.4,8.4,6.4,6.8,2.0,0.0,11.8,29.6,,0.0,0.0,0.0,0.033,,-1.8,-4.5,-6.3,0.0,6.0,14.0,0.429,2.0,3.0,0.667,4.0,11.0,0.364,0.5,2.0,2.0,1.0,1.0,2.0,3.0,1.0,1.0,0.0,2.0,3.0,16.0
ATL,22397,2014.0,Jared Cunningham,SG,22.0,5.0,0.0,22.0,-1.8,0.34700000000000003,0.5,1.0,0.0,5.2,2.6,18.8,0.0,0.0,41.0,10.1,,-0.1,0.0,-0.1,-0.11,,-8.8,-3.5,-12.4,-0.1,1.0,2.0,0.5,0.0,1.0,0.0,1.0,1.0,1.0,0.5,0.0,2.0,0.0,0.0,1.0,1.0,3.0,0.0,0.0,2.0,3.0,2.0
SAC,22398,2014.0,Jared Cunningham,SG,22.0,8.0,0.0,58.0,12.4,0.47700000000000004,0.316,0.737,1.9,7.9,4.9,12.7,2.6,0.0,0.0,19.1,,0.1,0.0,0.2,0.145,,0.0,-2.3,-2.3,0.0,5.0,19.0,0.263,1.0,6.0,0.16699999999999998,4.0,13.0,0.308,0.289,13.0,14.0,0.929,1.0,4.0,5.0,5.0,3.0,0.0,0.0,13.0,24.0
LAC,22998,2015.0,Jared Cunningham,SG,23.0,19.0,0.0,89.0,7.3,0.452,0.39399999999999996,0.39399999999999996,1.3,9.9,5.7,16.4,1.7,0.0,15.3,23.2,,-0.1,0.1,0.0,-0.023,,-4.0,-2.7,-6.7,-0.1,12.0,33.0,0.364,4.0,13.0,0.308,8.0,20.0,0.4,0.424,7.0,13.0,0.5379999999999999,1.0,8.0,9.0,10.0,3.0,0.0,7.0,12.0,35.0
CLE,23630,2016.0,Jared Cunningham,SG,24.0,40.0,3.0,355.0,5.9,0.46399999999999997,0.35200000000000004,0.527,1.0,8.2,4.6,7.6,1.7,0.5,13.8,16.6,,-0.2,0.4,0.1,0.018000000000000002,,-4.4,-1.0,-5.4,-0.3,32.0,91.0,0.35200000000000004,10.0,32.0,0.313,22.0,59.0,0.373,0.40700000000000003,30.0,48.0,0.625,3.0,26.0,29.0,19.0,12.0,2.0,18.0,37.0,104.0
MIL,23631,2016.0,Jared Cunningham,SG,24.0,4.0,0.0,55.0,5.8,0.46799999999999997,0.5,0.5,0.0,18.5,9.3,2.5,1.9,0.0,14.9,16.4,,-0.1,0.0,0.0,-0.012,,-5.7,-3.2,-8.9,-0.1,4.0,14.0,0.28600000000000003,2.0,7.0,0.28600000000000003,2.0,7.0,0.28600000000000003,0.35700000000000004,6.0,7.0,0.857,0.0,9.0,9.0,1.0,2.0,0.0,3.0,4.0,16.0
TOT,23629,2016.0,Jared Cunningham,SG,24.0,44.0,3.0,410.0,8.5,0.46399999999999997,0.371,0.762,1.4,9.6,5.3,14.4,1.9,0.4,14.0,16.6,,0.1,0.4,0.1,0.075,,-2.4,-1.3,-5.1,-0.1,36.0,105.0,0.34299999999999997,12.0,39.0,0.308,24.0,66.0,0.364,0.4,36.0,55.0,0.813,3.0,35.0,38.0,20.0,14.0,2.0,21.0,41.0,120.0
