Tm,Unnamed: 0,Year,Player,Pos,Age,G,GS,MP,PER,TS%,3PAr,FTr,ORB%,DRB%,TRB%,AST%,STL%,BLK%,TOV%,USG%,blanl,OWS,DWS,WS,WS/48,blank2,OBPM,DBPM,BPM,VORP,FG,FGA,FG%,3P,3PA,3P%,2P,2PA,2P%,eFG%,FT,FTA,FT%,ORB,DRB,TRB,AST,STL,BLK,TOV,PF,PTS
WAS,23656,2016.0,Jarell Eddie,SF,24.0,26.0,0.0,147.0,11.0,0.46,0.723,0.12300000000000001,1.5,16.3,8.8,5.0,1.7,0.6,1.4,20.7,,0.0,0.1,0.1,0.046,,-1.5,-3.2,-4.7,-0.1,20.0,65.0,0.308,15.0,47.0,0.319,5.0,18.0,0.278,0.423,8.0,8.0,1.0,2.0,21.0,23.0,5.0,5.0,1.0,1.0,5.0,63.0
PHO,24240,2017.0,Jarell Eddie,SF,25.0,5.0,0.0,62.0,9.7,0.523,0.8420000000000001,0.474,1.7,10.8,6.1,0.0,0.8,0.0,4.2,16.2,,0.1,0.0,0.1,0.054000000000000006,,-1.5,-5.9,-7.3,-0.1,6.0,19.0,0.316,4.0,16.0,0.25,2.0,3.0,0.667,0.42100000000000004,8.0,9.0,0.889,1.0,6.0,7.0,0.0,1.0,0.0,1.0,1.0,24.0
