Tm,Unnamed: 0,Year,Player,Pos,Age,G,GS,MP,PER,TS%,3PAr,FTr,ORB%,DRB%,TRB%,AST%,STL%,BLK%,TOV%,USG%,blanl,OWS,DWS,WS,WS/48,blank2,OBPM,DBPM,BPM,VORP,FG,FGA,FG%,3P,3PA,3P%,2P,2PA,2P%,eFG%,FT,FTA,FT%,ORB,DRB,TRB,AST,STL,BLK,TOV,PF,PTS
UTA,19447,2009.0,Jarron Collins,C,30.0,82.0,68.0,1732.0,11.5,0.5870000000000001,0.012,0.902,11.9,14.5,12.4,9.8,1.1,1.3,18.4,15.0,,3.1,1.4,4.2,0.11699999999999999,,-0.5,0.3,-0.7,0.6,158.0,343.0,0.498,0.0,1.0,0.0,158.0,342.0,0.5,0.498,188.0,262.0,0.74,138.0,199.0,333.0,97.0,36.0,27.0,79.0,255.0,482.0
PHO,20029,2010.0,Jarron Collins,C,31.0,34.0,10.0,261.0,3.7,0.405,0.0,0.8059999999999999,10.1,16.4,13.4,2.9,0.4,0.8,19.2,8.8,,-0.1,0.1,0.1,0.01,,-3.9,-0.3,-4.2,-0.1,12.0,31.0,0.387,0.0,0.0,,12.0,31.0,0.387,0.387,10.0,25.0,0.4,22.0,40.0,62.0,6.0,2.0,3.0,10.0,42.0,34.0
LAC,20636,2011.0,Jarron Collins,C,32.0,23.0,0.0,157.0,1.8,0.43799999999999994,0.0,0.667,5.3,7.4,6.3,0.9,1.3,0.5,20.5,6.9,,-0.1,0.1,0.0,0.0,,-5.5,-0.5,-6.0,-0.2,5.0,15.0,0.33299999999999996,0.0,0.0,,5.0,15.0,0.33299999999999996,0.33299999999999996,7.0,10.0,0.7,7.0,10.0,17.0,1.0,4.0,1.0,5.0,24.0,17.0
POR,20637,2011.0,Jarron Collins,C,32.0,5.0,0.0,24.0,0.0,0.16699999999999998,0.0,0.0,34.2,0.0,17.8,5.9,0.0,0.0,25.0,15.6,,-0.1,0.0,-0.1,-0.124,,-4.7,-2.7,-7.4,0.0,1.0,6.0,0.16699999999999998,0.0,0.0,,1.0,6.0,0.16699999999999998,0.16699999999999998,0.0,0.0,,7.0,0.0,7.0,1.0,0.0,0.0,2.0,5.0,2.0
TOT,20635,2011.0,Jarron Collins,C,32.0,28.0,0.0,181.0,1.6,0.374,0.0,0.47600000000000003,9.1,6.4,7.9,1.5,1.1,0.4,21.6,8.1,,-0.1,0.1,-0.1,-0.016,,-5.4,-0.8,-6.2,-0.2,6.0,21.0,0.28600000000000003,0.0,0.0,,6.0,21.0,0.28600000000000003,0.28600000000000003,7.0,10.0,0.7,14.0,10.0,24.0,2.0,4.0,1.0,7.0,29.0,19.0
