Tm,Unnamed: 0,Year,Player,Pos,Age,G,GS,MP,PER,TS%,3PAr,FTr,ORB%,DRB%,TRB%,AST%,STL%,BLK%,TOV%,USG%,blanl,OWS,DWS,WS,WS/48,blank2,OBPM,DBPM,BPM,VORP,FG,FGA,FG%,3P,3PA,3P%,2P,2PA,2P%,eFG%,FT,FTA,FT%,ORB,DRB,TRB,AST,STL,BLK,TOV,PF,PTS
PHI,20407,2010.0,Jason Smith,PF,23.0,76.0,2.0,1107.0,10.7,0.491,0.16699999999999998,0.265,9.5,16.6,12.3,7.5,1.7,3.6,15.4,16.1,,0.2,1.4,1.5,0.067,,-2.7,0.4,-2.3,0.0,141.0,310.0,0.455,10.0,29.0,0.345,137.0,296.0,0.46299999999999997,0.461,54.0,82.0,0.69,77.0,153.0,230.0,33.0,22.0,50.0,48.0,142.0,340.0
NOH,22153,2013.0,Jason Smith,PF,26.0,77.0,29.0,1102.0,16.8,0.544,0.026000000000000002,0.299,9.8,16.9,13.3,7.0,1.3,4.3,13.6,23.4,,1.2,1.4,2.2,0.11,,-0.6,0.9,-0.1,0.5,181.0,348.0,0.52,1.0,9.0,0.111,180.0,339.0,0.531,0.522,86.0,102.0,0.843,89.0,152.0,241.0,36.0,26.0,45.0,55.0,150.0,420.0
NOP,22762,2014.0,Jason Smith,PF,27.0,31.0,27.0,830.0,12.4,0.495,0.0,0.177,7.0,18.5,12.7,5.6,0.7,2.9,8.4,18.2,,0.5,0.4,0.9,0.054000000000000006,,-2.6,-0.9,-3.5,-0.3,131.0,282.0,0.465,0.0,0.0,,131.0,282.0,0.465,0.465,39.0,50.0,0.78,51.0,130.0,181.0,29.0,11.0,29.0,28.0,100.0,301.0
NYK,23410,2015.0,Jason Smith,C,28.0,82.0,31.0,1785.0,12.0,0.49700000000000005,0.071,0.258,6.2,15.0,10.5,13.5,0.9,2.1,13.6,19.7,,0.5,0.7,1.2,0.032,,-2.5,-0.9,-3.4,-0.6,257.0,592.0,0.434,15.0,42.0,0.35700000000000004,242.0,550.0,0.44,0.447,127.0,153.0,0.83,98.0,226.0,324.0,140.0,32.0,44.0,104.0,205.0,656.0
ORL,24001,2016.0,Jason Smith,C,29.0,76.0,2.0,1181.0,14.6,0.513,0.032,0.133,4.9,15.8,10.3,8.6,1.4,4.6,9.7,22.1,,0.4,1.4,1.8,0.07200000000000001,,-3.1,0.6,-2.5,-0.1,244.0,503.0,0.485,4.0,16.0,0.25,240.0,487.0,0.493,0.489,54.0,67.0,0.8059999999999999,53.0,166.0,219.0,62.0,33.0,65.0,57.0,163.0,546.0
WAS,24591,2017.0,Jason Smith,C,30.0,74.0,3.0,1068.0,13.6,0.598,0.237,0.155,6.8,20.4,13.6,5.0,1.0,4.3,14.2,16.7,,1.0,1.3,2.3,0.10300000000000001,,-2.0,0.6,-1.3,0.2,174.0,329.0,0.529,37.0,78.0,0.474,137.0,251.0,0.546,0.585,35.0,51.0,0.6859999999999999,64.0,194.0,258.0,37.0,21.0,55.0,58.0,168.0,420.0
