Tm,Unnamed: 0,Year,Player,Pos,Age,G,GS,MP,PER,TS%,3PAr,FTr,ORB%,DRB%,TRB%,AST%,STL%,BLK%,TOV%,USG%,blanl,OWS,DWS,WS,WS/48,blank2,OBPM,DBPM,BPM,VORP,FG,FGA,FG%,3P,3PA,3P%,2P,2PA,2P%,eFG%,FT,FTA,FT%,ORB,DRB,TRB,AST,STL,BLK,TOV,PF,PTS
NOP,23499,2015.0,Jeff Withey,C,24.0,58.0,4.0,684.0,17.6,0.59,0.008,0.7809999999999999,10.1,17.9,14.0,6.4,1.1,6.1,12.2,17.3,,1.2,0.6,1.8,0.149,,-1.4,1.7,0.3,0.4,69.0,129.0,0.535,0.0,1.0,0.0,69.0,128.0,0.539,0.535,52.0,73.0,0.7120000000000001,49.0,101.0,150.0,26.0,15.0,50.0,20.0,73.0,190.0
UTA,24677,2017.0,Jeff Withey,C,26.0,51.0,10.0,658.0,18.8,0.588,0.012,0.466,14.3,20.7,16.2,5.0,1.9,6.8,13.0,15.1,,1.1,1.3,2.3,0.205,,-1.2,3.7,1.7,0.6,87.0,162.0,0.537,0.0,2.0,0.0,87.0,160.0,0.544,0.537,43.0,59.0,0.75,56.0,117.0,173.0,20.0,21.0,53.0,28.0,75.0,217.0
