Tm,Unnamed: 0,Year,Player,Pos,Age,G,GS,MP,PER,TS%,3PAr,FTr,ORB%,DRB%,TRB%,AST%,STL%,BLK%,TOV%,USG%,blanl,OWS,DWS,WS,WS/48,blank2,OBPM,DBPM,BPM,VORP,FG,FGA,FG%,3P,3PA,3P%,2P,2PA,2P%,eFG%,FT,FTA,FT%,ORB,DRB,TRB,AST,STL,BLK,TOV,PF,PTS
HOU,7151,1983.0,Jeff Taylor,SG,23.0,44.0,5.0,774.0,7.9,0.43799999999999994,0.006,0.28800000000000003,3.3,7.8,5.4,18.6,2.4,1.1,25.0,12.4,,-0.6,0.5,-0.2,-0.011000000000000001,,-4.4,0.4,-4.0,-0.4,64.0,160.0,0.4,0.0,1.0,0.0,64.0,159.0,0.40299999999999997,0.4,30.0,46.0,0.652,25.0,53.0,78.0,110.0,40.0,15.0,60.0,82.0,158.0
DET,8605,1987.0,Jeff Taylor,SG,27.0,12.0,0.0,44.0,11.7,0.7290000000000001,0.0,1.0,2.5,7.1,4.9,9.0,2.2,1.3,35.7,20.6,,0.0,0.1,0.0,0.05,,-3.8,0.2,-3.6,0.0,6.0,10.0,0.6,0.0,0.0,,6.0,10.0,0.6,0.6,9.0,10.0,0.9,1.0,3.0,4.0,3.0,2.0,1.0,8.0,4.0,21.0
