Tm,Unnamed: 0,Year,Player,Pos,Age,G,GS,MP,PER,TS%,3PAr,FTr,ORB%,DRB%,TRB%,AST%,STL%,BLK%,TOV%,USG%,blanl,OWS,DWS,WS,WS/48,blank2,OBPM,DBPM,BPM,VORP,FG,FGA,FG%,3P,3PA,3P%,2P,2PA,2P%,eFG%,FT,FTA,FT%,ORB,DRB,TRB,AST,STL,BLK,TOV,PF,PTS
POR,19949,2010.0,Jeff Ayres,C,22.0,39.0,4.0,405.0,12.1,0.705,0.0,0.308,7.6,22.5,15.0,0.4,0.9,3.2,14.0,10.1,,0.8,0.6,1.3,0.156,,-2.5,-0.4,-2.9,-0.1,43.0,65.0,0.662,0.0,0.0,,43.0,65.0,0.662,0.662,18.0,20.0,0.9,25.0,73.0,98.0,1.0,7.0,16.0,12.0,76.0,104.0
IND,21710,2013.0,Jeff Ayres,PF,25.0,37.0,1.0,369.0,14.5,0.5329999999999999,0.032,0.19399999999999998,12.8,22.2,17.5,7.2,1.5,2.4,14.5,19.7,,0.3,0.7,1.0,0.129,,-2.3,0.6,-2.9,0.0,61.0,126.0,0.484,2.0,4.0,0.5,59.0,122.0,0.484,0.49200000000000005,21.0,23.0,0.9129999999999999,29.0,75.0,104.0,15.0,6.0,12.0,23.0,44.0,145.0
SAS,22896,2015.0,Jeff Ayres,PF,27.0,73.0,10.0,952.0,14.4,0.618,0.0,0.379,11.2,23.3,17.3,8.6,1.1,1.9,24.1,16.3,,1.0,1.4,2.4,0.147,,-1.6,2.1,0.5,0.6,101.0,174.0,0.58,0.0,0.0,,101.0,174.0,0.58,0.58,38.0,55.0,0.75,89.0,169.0,258.0,60.0,13.0,25.0,63.0,146.0,240.0
LAC,23548,2016.0,Jeff Ayres,C,28.0,17.0,0.0,107.0,8.3,0.585,0.043,0.261,4.1,18.1,11.2,6.9,0.0,2.2,19.0,13.4,,0.1,0.1,0.2,0.077,,-4.7,0.1,-4.6,-0.1,12.0,23.0,0.522,0.0,1.0,0.0,12.0,22.0,0.545,0.522,6.0,6.0,1.0,4.0,18.0,22.0,5.0,0.0,3.0,6.0,18.0,30.0
