Tm,Unnamed: 0,Year,Player,Pos,Age,G,GS,MP,PER,TS%,3PAr,FTr,ORB%,DRB%,TRB%,AST%,STL%,BLK%,TOV%,USG%,blanl,OWS,DWS,WS,WS/48,blank2,OBPM,DBPM,BPM,VORP,FG,FGA,FG%,3P,3PA,3P%,2P,2PA,2P%,eFG%,FT,FTA,FT%,ORB,DRB,TRB,AST,STL,BLK,TOV,PF,PTS
ATL,24023,2016.0,Jeff Teague,PG,27.0,80.0,79.0,2628.0,20.6,0.5660000000000001,0.278,0.36200000000000004,1.6,11.3,6.4,37.9,2.9,2.0,17.6,26.6,,5.0,3.0,7.7,0.166,,2.5,0.4,1.8,2.1,456.0,1040.0,0.47600000000000003,110.0,275.0,0.4,382.0,815.0,0.514,0.514,318.0,376.0,0.8809999999999999,34.0,181.0,214.0,579.0,125.0,37.0,232.0,181.0,1304.0
IND,24608,2017.0,Jeff Teague,PG,28.0,82.0,82.0,2657.0,19.2,0.574,0.27699999999999997,0.457,1.4,12.4,7.0,36.4,1.9,1.1,16.5,22.1,,5.7,2.4,8.1,0.146,,2.4,-0.6,1.9,2.6,402.0,909.0,0.442,90.0,252.0,0.35700000000000004,312.0,657.0,0.475,0.49200000000000005,360.0,415.0,0.867,33.0,298.0,331.0,639.0,100.0,32.0,216.0,165.0,1254.0
