Tm,Unnamed: 0,Year,Player,Pos,Age,G,GS,MP,PER,TS%,3PAr,FTr,ORB%,DRB%,TRB%,AST%,STL%,BLK%,TOV%,USG%,blanl,OWS,DWS,WS,WS/48,blank2,OBPM,DBPM,BPM,VORP,FG,FGA,FG%,3P,3PA,3P%,2P,2PA,2P%,eFG%,FT,FTA,FT%,ORB,DRB,TRB,AST,STL,BLK,TOV,PF,PTS
GSW,20868,2011.0,Jeremy Lin,PG,22.0,29.0,0.0,285.0,14.8,0.45799999999999996,0.069,0.34700000000000003,4.7,8.9,6.8,20.4,5.9,2.4,17.8,15.6,,0.0,0.4,0.5,0.078,,-2.4,3.0,0.6,0.2,28.0,72.0,0.389,1.0,5.0,0.2,27.0,67.0,0.40299999999999997,0.396,19.0,25.0,0.76,12.0,22.0,34.0,42.0,33.0,9.0,18.0,31.0,76.0
NYK,21449,2012.0,Jeremy Lin,PG,23.0,35.0,25.0,940.0,19.9,0.552,0.196,0.478,2.2,11.1,6.6,41.0,3.0,0.8,21.4,28.1,,1.3,1.4,2.7,0.14,,2.0,0.2,2.2,1.0,171.0,383.0,0.446,24.0,75.0,0.32,147.0,308.0,0.47700000000000004,0.478,146.0,183.0,0.7979999999999999,18.0,89.0,107.0,216.0,55.0,9.0,126.0,78.0,512.0
HOU,22602,2014.0,Jeremy Lin,PG,25.0,82.0,82.0,2640.0,14.9,0.5720000000000001,0.34600000000000003,0.4,2.0,9.1,5.3,29.4,2.5,1.0,18.8,20.8,,3.0,2.5,5.4,0.10300000000000001,,0.6,-0.1,0.3,1.5,396.0,897.0,0.446,87.0,257.0,0.358,309.0,640.0,0.49200000000000005,0.508,218.0,275.0,0.823,34.0,215.0,247.0,497.0,134.0,29.0,236.0,205.0,1095.0
LAL,23216,2015.0,Jeremy Lin,PG,26.0,74.0,30.0,1907.0,15.6,0.539,0.26899999999999996,0.41,1.4,10.2,5.7,28.6,2.2,1.4,17.7,21.9,,1.8,0.8,2.7,0.068,,0.5,-1.3,-0.8,0.6,277.0,654.0,0.424,65.0,176.0,0.369,212.0,478.0,0.444,0.473,213.0,268.0,0.795,26.0,170.0,196.0,339.0,82.0,32.0,166.0,189.0,832.0
CHO,23843,2016.0,Jeremy Lin,SG,27.0,78.0,13.0,2048.0,13.8,0.534,0.31,0.401,2.2,11.4,6.8,18.6,1.4,1.7,14.9,22.2,,1.3,2.3,3.5,0.08199999999999999,,-0.9,-0.2,-1.1,0.5,300.0,728.0,0.41200000000000003,76.0,226.0,0.336,224.0,502.0,0.446,0.46399999999999997,238.0,292.0,0.815,42.0,211.0,253.0,235.0,58.0,42.0,150.0,165.0,914.0
BRK,24422,2017.0,Jeremy Lin,PG,28.0,36.0,33.0,883.0,19.2,0.5660000000000001,0.39,0.353,1.3,14.7,8.1,35.5,2.2,1.2,15.7,26.6,,1.3,0.8,2.1,0.115,,2.5,-0.5,2.0,0.9,175.0,400.0,0.43799999999999994,58.0,156.0,0.37200000000000005,117.0,244.0,0.48,0.51,115.0,141.0,0.816,11.0,124.0,135.0,184.0,41.0,14.0,86.0,79.0,523.0
