Tm,Unnamed: 0,Year,Player,Pos,Age,G,GS,MP,PER,TS%,3PAr,FTr,ORB%,DRB%,TRB%,AST%,STL%,BLK%,TOV%,USG%,blanl,OWS,DWS,WS,WS/48,blank2,OBPM,DBPM,BPM,VORP,FG,FGA,FG%,3P,3PA,3P%,2P,2PA,2P%,eFG%,FT,FTA,FT%,ORB,DRB,TRB,AST,STL,BLK,TOV,PF,PTS
NYK,23703,2016.0,Jerian Grant,PG,23.0,76.0,6.0,1265.0,11.2,0.479,0.256,0.315,2.0,10.2,6.2,21.8,2.0,0.6,16.3,19.0,,-0.2,1.0,0.8,0.03,,-2.3,-1.1,-3.4,-0.5,154.0,391.0,0.39399999999999996,22.0,100.0,0.22,132.0,291.0,0.45399999999999996,0.42200000000000004,96.0,123.0,0.78,23.0,120.0,143.0,177.0,50.0,10.0,87.0,97.0,426.0
CHI,24296,2017.0,Jerian Grant,PG,24.0,63.0,28.0,1028.0,13.1,0.555,0.445,0.243,1.8,9.9,5.8,17.3,2.3,0.6,11.7,16.0,,1.3,1.2,2.5,0.11800000000000001,,0.0,-0.3,-0.3,0.4,128.0,301.0,0.425,49.0,134.0,0.366,79.0,167.0,0.473,0.507,65.0,73.0,0.89,17.0,94.0,111.0,120.0,47.0,8.0,44.0,93.0,370.0
