Tm,Unnamed: 0,Year,Player,Pos,Age,G,GS,MP,PER,TS%,3PAr,FTr,ORB%,DRB%,TRB%,AST%,STL%,BLK%,TOV%,USG%,blanl,OWS,DWS,WS,WS/48,blank2,OBPM,DBPM,BPM,VORP,FG,FGA,FG%,3P,3PA,3P%,2P,2PA,2P%,eFG%,FT,FTA,FT%,ORB,DRB,TRB,AST,STL,BLK,TOV,PF,PTS
NYK,10283,1991.0,Jerrod Mustaf,PF,21.0,62.0,5.0,825.0,8.3,0.503,0.004,0.382,7.3,16.1,11.8,6.2,0.9,1.0,18.6,17.3,,-0.4,0.8,0.4,0.022000000000000002,,-4.5,-0.6,-5.1,-0.6,106.0,228.0,0.465,0.0,1.0,0.0,106.0,227.0,0.467,0.465,56.0,87.0,0.644,51.0,118.0,169.0,36.0,15.0,14.0,61.0,109.0,268.0
PHO,11676,1994.0,Jerrod Mustaf,PF,24.0,52.0,9.0,545.0,13.8,0.52,0.008,0.408,11.6,19.9,15.8,11.3,2.0,2.0,18.5,22.2,,0.0,0.8,0.8,0.075,,-2.6,0.9,-1.7,0.0,92.0,193.0,0.47700000000000004,0.0,1.0,0.0,92.0,193.0,0.47700000000000004,0.47700000000000004,49.0,71.0,0.69,45.0,100.0,145.0,45.0,21.0,16.0,51.0,59.0,233.0
