Tm,Unnamed: 0,Year,Player,Pos,Age,G,GS,MP,PER,TS%,3PAr,FTr,ORB%,DRB%,TRB%,AST%,STL%,BLK%,TOV%,USG%,blanl,OWS,DWS,WS,WS/48,blank2,OBPM,DBPM,BPM,VORP,FG,FGA,FG%,3P,3PA,3P%,2P,2PA,2P%,eFG%,FT,FTA,FT%,ORB,DRB,TRB,AST,STL,BLK,TOV,PF,PTS
NOJ,5588,1979.0,Jim McElroy,PG,25.0,79.0,,2698.0,16.2,0.556,,0.37200000000000005,3.0,6.7,4.8,24.2,2.4,1.0,17.2,21.0,,3.1,1.8,4.9,0.10800000000000001,,0.7,-0.2,-0.3,1.2,539.0,1097.0,0.51,,,,539.0,1097.0,0.51,0.51,259.0,340.0,0.779,61.0,154.0,215.0,453.0,148.0,49.0,237.0,183.0,1337.0
DET,5954,1980.0,Jim McElroy,PG,26.0,36.0,,1012.0,11.4,0.517,0.039,0.33399999999999996,1.2,4.0,2.6,21.0,1.1,0.7,17.7,18.9,,0.5,0.0,0.5,0.025,,-1.9,-3.5,-5.4,-0.9,162.0,356.0,0.455,3.0,14.0,0.214,159.0,342.0,0.465,0.45899999999999996,95.0,119.0,0.7979999999999999,12.0,38.0,50.0,162.0,25.0,14.0,88.0,78.0,422.0
TOT,5953,1980.0,Jim McElroy,PG,26.0,67.0,,1528.0,10.6,0.49200000000000005,0.04,0.326,2.2,4.7,3.4,20.0,1.4,0.7,17.9,18.8,,0.2,0.6,0.8,0.024,,-2.3,-2.5,-4.7,-1.0,228.0,527.0,0.433,5.0,21.0,0.23800000000000002,223.0,506.0,0.441,0.43700000000000006,132.0,172.0,0.767,32.0,67.0,99.0,227.0,46.0,19.0,131.0,123.0,593.0
ATL,6679,1982.0,Jim McElroy,PG,28.0,54.0,17.0,680.0,9.3,0.47600000000000003,0.040999999999999995,0.31,4.1,6.5,5.1,18.1,2.0,0.8,25.7,20.2,,0.0,0.5,0.3,0.036000000000000004,,-2.8,-0.3,-3.3,-0.2,78.0,202.0,0.41600000000000004,2.0,8.0,0.28600000000000003,77.0,194.0,0.425,0.42,48.0,59.0,0.8140000000000001,20.0,38.0,49.0,84.0,21.0,9.0,79.0,62.0,205.0
