Tm,Unnamed: 0,Year,Player,Pos,Age,G,GS,MP,PER,TS%,3PAr,FTr,ORB%,DRB%,TRB%,AST%,STL%,BLK%,TOV%,USG%,blanl,OWS,DWS,WS,WS/48,blank2,OBPM,DBPM,BPM,VORP,FG,FGA,FG%,3P,3PA,3P%,2P,2PA,2P%,eFG%,FT,FTA,FT%,ORB,DRB,TRB,AST,STL,BLK,TOV,PF,PTS
DET,6996,1983.0,Jim Johnstone,PF,22.0,16.0,0.0,137.0,5.6,0.451,0.0,0.75,8.2,14.7,11.4,8.6,0.7,2.3,29.3,10.6,,-0.1,0.1,0.0,-0.001,,-4.9,0.6,-4.3,-0.1,9.0,20.0,0.45,0.0,0.0,,9.0,20.0,0.45,0.45,6.0,15.0,0.4,11.0,19.0,30.0,10.0,2.0,6.0,11.0,24.0,24.0
SAS,6995,1983.0,Jim Johnstone,C,22.0,7.0,0.0,54.0,1.7,0.287,0.0,0.5,8.4,23.4,16.2,2.1,0.9,1.0,24.7,12.0,,-0.1,0.1,-0.1,-0.065,,-8.2,-0.9,-9.1,-0.1,2.0,10.0,0.2,0.0,0.0,,2.0,10.0,0.2,0.2,3.0,5.0,0.6,4.0,12.0,16.0,1.0,1.0,1.0,4.0,9.0,7.0
TOT,6994,1983.0,Jim Johnstone,PF-C,22.0,23.0,0.0,191.0,4.5,0.39899999999999997,0.0,0.667,8.2,17.2,12.7,6.8,0.7,1.9,27.9,11.0,,-0.2,0.2,-0.1,-0.02,,-5.8,0.2,-5.7,-0.2,11.0,30.0,0.36700000000000005,0.0,0.0,,11.0,30.0,0.36700000000000005,0.36700000000000005,9.0,20.0,0.45,15.0,31.0,46.0,11.0,3.0,7.0,15.0,33.0,31.0
