Tm,Unnamed: 0,Year,Player,Pos,Age,G,GS,MP,PER,TS%,3PAr,FTr,ORB%,DRB%,TRB%,AST%,STL%,BLK%,TOV%,USG%,blanl,OWS,DWS,WS,WS/48,blank2,OBPM,DBPM,BPM,VORP,FG,FGA,FG%,3P,3PA,3P%,2P,2PA,2P%,eFG%,FT,FTA,FT%,ORB,DRB,TRB,AST,STL,BLK,TOV,PF,PTS
DET,2716,1969.0,Jim Fox,C,25.0,25.0,,380.0,13.2,0.52,,0.634,,,,7.7,,,,,,0.4,0.3,0.6,0.078,,,,,,45.0,96.0,0.469,,,,45.0,96.0,0.469,0.469,34.0,53.0,0.642,,,139.0,23.0,,,,56.0,124.0
PHO,2916,1970.0,Jim Fox,C,26.0,81.0,,2041.0,15.6,0.5720000000000001,,0.368,,,,9.6,,,,,,4.7,0.9,5.6,0.133,,,,,,413.0,788.0,0.524,,,,413.0,788.0,0.524,0.524,218.0,283.0,0.77,,,679.0,143.0,,,,261.0,1044.0
CHI,3383,1972.0,Jim Fox,C,28.0,82.0,,1628.0,19.5,0.531,,0.528,,,19.4,17.1,,,,,,3.1,3.0,6.1,0.18100000000000002,,,,,,280.0,611.0,0.45799999999999996,,,,280.0,611.0,0.45799999999999996,0.45799999999999996,239.0,321.0,0.745,,,598.0,196.0,,,,213.0,799.0
CIN,3384,1972.0,Jim Fox,C,28.0,71.0,,2047.0,14.4,0.513,,0.7090000000000001,,,16.0,6.2,,,,,,2.2,0.8,3.1,0.07200000000000001,,,,,,334.0,735.0,0.45399999999999996,,,,334.0,735.0,0.45399999999999996,0.45399999999999996,207.0,269.0,0.77,,,659.0,80.0,,,,236.0,875.0
TOT,3382,1972.0,Jim Fox,C,28.0,81.0,,2354.0,14.4,0.52,,0.6709999999999999,,,16.2,9.3,,,,,,2.9,1.2,3.9,0.079,,,,,,354.0,788.0,0.47,,,,354.0,788.0,0.47,0.47,227.0,297.0,0.764,,,818.0,166.0,,,,266.0,935.0
SEA,4189,1975.0,Jim Fox,C,31.0,78.0,,2439.0,16.3,0.58,,0.435,10.4,22.0,16.1,13.7,1.2,0.5,,,,5.2,2.2,6.6,0.146,,1.5,0.8,2.3,2.4,322.0,673.0,0.515,,,,322.0,673.0,0.515,0.515,241.0,293.0,0.823,244.0,470.0,827.0,227.0,56.0,21.0,,247.0,885.0
MIL,4454,1976.0,Jim Fox,C,32.0,70.0,,918.0,12.4,0.5720000000000001,,0.389,9.6,16.9,13.3,6.0,1.4,0.9,,,,1.3,0.9,2.2,0.11599999999999999,,-1.4,0.1,-1.3,0.2,105.0,203.0,0.517,,,,105.0,203.0,0.517,0.517,62.0,79.0,0.785,82.0,153.0,235.0,42.0,27.0,16.0,,129.0,272.0
NYN,4752,1977.0,Jim Fox,C,33.0,71.0,,1165.0,13.8,0.517,,0.28600000000000003,8.3,21.0,14.3,6.7,0.8,1.2,,,,1.0,1.3,2.4,0.09699999999999999,,-2.5,-0.9,-3.4,-0.4,184.0,398.0,0.462,,,,184.0,398.0,0.462,0.462,95.0,114.0,0.833,100.0,229.0,329.0,49.0,20.0,25.0,,158.0,463.0
