Tm,Unnamed: 0,Year,Player,Pos,Age,G,GS,MP,PER,TS%,3PAr,FTr,ORB%,DRB%,TRB%,AST%,STL%,BLK%,TOV%,USG%,blanl,OWS,DWS,WS,WS/48,blank2,OBPM,DBPM,BPM,VORP,FG,FGA,FG%,3P,3PA,3P%,2P,2PA,2P%,eFG%,FT,FTA,FT%,ORB,DRB,TRB,AST,STL,BLK,TOV,PF,PTS
KCK,4739,1977.0,Jim Eakins,C,30.0,82.0,,1338.0,14.6,0.565,,0.6609999999999999,8.4,20.0,14.0,11.3,1.0,2.0,,,,2.1,1.5,3.6,0.128,,-0.1,0.5,0.4,0.8,151.0,336.0,0.449,,,,151.0,336.0,0.449,0.449,188.0,222.0,0.847,112.0,249.0,361.0,119.0,29.0,49.0,,195.0,490.0
MIL,5114,1978.0,Jim Eakins,C,31.0,17.0,,155.0,11.5,0.539,,0.765,8.0,11.8,9.9,9.0,1.1,2.3,16.5,13.3,,0.2,0.1,0.3,0.10800000000000001,,-1.3,-0.3,-1.6,0.0,14.0,34.0,0.41200000000000003,,,,14.0,34.0,0.41200000000000003,0.41200000000000003,21.0,26.0,0.8079999999999999,12.0,17.0,29.0,12.0,4.0,7.0,9.0,25.0,49.0
SAS,5113,1978.0,Jim Eakins,C,31.0,16.0,,251.0,11.1,0.665,,0.654,7.4,11.6,9.6,8.1,0.5,2.0,26.4,14.0,,0.4,0.2,0.5,0.10300000000000001,,-0.5,-0.6,-1.2,0.1,30.0,52.0,0.5770000000000001,,,,30.0,52.0,0.5770000000000001,0.5770000000000001,29.0,34.0,0.853,17.0,29.0,46.0,17.0,3.0,10.0,24.0,46.0,89.0
TOT,5112,1978.0,Jim Eakins,C,31.0,33.0,,406.0,11.2,0.614,,0.698,7.7,11.7,9.7,8.4,0.8,2.1,22.7,13.7,,0.6,0.3,0.9,0.105,,-0.8,-0.5,-1.3,0.1,44.0,86.0,0.512,,,,44.0,86.0,0.512,0.512,50.0,60.0,0.833,29.0,46.0,75.0,29.0,7.0,17.0,33.0,71.0,138.0
