Tm,Unnamed: 0,Year,Player,Pos,Age,G,GS,MP,PER,TS%,3PAr,FTr,ORB%,DRB%,TRB%,AST%,STL%,BLK%,TOV%,USG%,blanl,OWS,DWS,WS,WS/48,blank2,OBPM,DBPM,BPM,VORP,FG,FGA,FG%,3P,3PA,3P%,2P,2PA,2P%,eFG%,FT,FTA,FT%,ORB,DRB,TRB,AST,STL,BLK,TOV,PF,PTS
MNL,1201,1957.0,Jim Paxson,SF,24.0,71.0,,1274.0,9.2,0.379,,0.48700000000000004,,,,,,,,,,-1.2,1.2,0.0,0.001,,,,,,138.0,485.0,0.285,,,,138.0,485.0,0.285,0.285,170.0,236.0,0.72,,,266.0,86.0,,,,163.0,446.0
CIN,1312,1958.0,Jim Paxson,SG,25.0,67.0,,1795.0,11.6,0.431,,0.446,,,,,,,,,,0.9,1.9,2.8,0.07400000000000001,,,,,,225.0,639.0,0.35200000000000004,,,,225.0,639.0,0.35200000000000004,0.35200000000000004,209.0,285.0,0.733,,,350.0,139.0,,,,183.0,659.0
POR,8956,1988.0,Jim Paxson,SG,30.0,82.0,82.0,2756.0,20.1,0.573,0.134,0.361,3.4,7.6,5.5,20.1,2.4,0.4,15.7,25.1,,7.8,2.4,10.2,0.17800000000000002,,3.4,-0.9,1.8,2.6,682.0,1323.0,0.536,26.0,98.0,0.375,678.0,1298.0,0.5489999999999999,0.537,388.0,478.0,0.889,75.0,153.0,222.0,299.0,140.0,17.0,156.0,172.0,1756.0
TOT,8955,1988.0,Jim Paxson,SG,30.0,45.0,3.0,801.0,11.7,0.521,0.07,0.265,2.2,4.1,3.2,12.7,1.8,0.4,10.5,19.4,,0.7,0.5,1.2,0.071,,-1.3,-2.4,-3.7,-0.3,137.0,298.0,0.46,5.0,21.0,0.23800000000000002,132.0,277.0,0.47700000000000004,0.46799999999999997,68.0,79.0,0.861,15.0,30.0,45.0,76.0,30.0,5.0,39.0,73.0,347.0
BOS,9847,1990.0,Jim Paxson,SG,32.0,72.0,25.0,1283.0,13.3,0.56,0.068,0.319,2.2,5.6,3.7,14.1,2.1,0.4,11.4,20.0,,0.7,0.7,1.4,0.09,,-0.5,-1.9,-2.7,-0.1,202.0,445.0,0.49200000000000005,5.0,24.0,0.25,198.0,421.0,0.517,0.49700000000000005,84.0,103.0,0.885,24.0,56.0,77.0,137.0,38.0,8.0,57.0,115.0,492.0
