Tm,Unnamed: 0,Year,Player,Pos,Age,G,GS,MP,PER,TS%,3PAr,FTr,ORB%,DRB%,TRB%,AST%,STL%,BLK%,TOV%,USG%,blanl,OWS,DWS,WS,WS/48,blank2,OBPM,DBPM,BPM,VORP,FG,FGA,FG%,3P,3PA,3P%,2P,2PA,2P%,eFG%,FT,FTA,FT%,ORB,DRB,TRB,AST,STL,BLK,TOV,PF,PTS
BUF,4903,1977.0,Jim Price,PG,27.0,20.0,,333.0,10.8,0.465,,0.192,1.5,8.8,5.1,15.8,3.4,0.7,,,,-0.1,0.3,0.2,0.032,,-3.1,0.5,-2.7,-0.1,44.0,104.0,0.423,,,,44.0,104.0,0.423,0.423,17.0,20.0,0.85,5.0,29.0,34.0,38.0,25.0,5.0,,52.0,105.0
MIL,4902,1977.0,Jim Price,PG,27.0,80.0,,2525.0,15.4,0.545,,0.271,3.7,8.4,6.1,21.9,2.8,0.7,,,,1.4,2.3,2.9,0.10800000000000001,,1.1,0.7,1.8,1.5,398.0,958.0,0.512,,,,398.0,958.0,0.512,0.512,141.0,166.0,0.8590000000000001,74.0,187.0,261.0,395.0,148.0,32.0,,264.0,937.0
DEN,5274,1978.0,Jim Price,PG,28.0,55.0,,1384.0,11.8,0.517,,0.225,3.1,11.7,7.5,19.5,3.0,0.5,23.9,14.8,,0.1,2.1,2.2,0.076,,-1.8,1.7,-0.2,0.6,188.0,422.0,0.48100000000000004,,,,188.0,422.0,0.48100000000000004,0.48100000000000004,59.0,74.0,0.797,41.0,143.0,184.0,208.0,96.0,14.0,101.0,181.0,435.0
DET,5275,1978.0,Jim Price,PG,28.0,34.0,,839.0,13.5,0.478,,0.284,3.4,9.1,6.3,17.1,2.4,0.3,15.3,22.0,,0.4,0.7,1.2,0.066,,-1.0,-0.9,-2.0,0.0,153.0,363.0,0.42100000000000004,,,,153.0,363.0,0.42100000000000004,0.42100000000000004,84.0,103.0,0.816,27.0,74.0,101.0,102.0,45.0,5.0,74.0,82.0,390.0
TOT,5273,1978.0,Jim Price,PG,28.0,83.0,,1929.0,16.1,0.5,,0.271,3.5,10.6,7.0,22.0,3.0,0.7,19.3,17.9,,1.9,2.5,3.7,0.095,,1.6,1.3,2.0,1.9,317.0,717.0,0.44799999999999995,,,,317.0,717.0,0.44799999999999995,0.44799999999999995,169.0,194.0,0.871,62.0,203.0,260.0,286.0,128.0,24.0,175.0,247.0,803.0
LAL,5622,1979.0,Jim Price,PG,29.0,82.0,,2628.0,19.7,0.524,,0.26899999999999996,4.8,8.6,6.6,29.2,2.8,0.5,20.9,15.9,,2.2,2.8,5.0,0.111,,3.9,0.0,3.0,1.6,538.0,1197.0,0.49700000000000005,,,,538.0,1197.0,0.49700000000000005,0.49700000000000005,187.0,234.0,0.9109999999999999,120.0,258.0,378.0,369.0,157.0,29.0,100.0,229.0,1263.0
