Tm,Unnamed: 0,Year,Player,Pos,Age,G,GS,MP,PER,TS%,3PAr,FTr,ORB%,DRB%,TRB%,AST%,STL%,BLK%,TOV%,USG%,blanl,OWS,DWS,WS,WS/48,blank2,OBPM,DBPM,BPM,VORP,FG,FGA,FG%,3P,3PA,3P%,2P,2PA,2P%,eFG%,FT,FTA,FT%,ORB,DRB,TRB,AST,STL,BLK,TOV,PF,PTS
CIN,1535,1960.0,Jim Palmer,C,26.0,67.0,,1624.0,13.9,0.505,,0.389,,,,,,,,,,1.8,0.6,2.4,0.098,,,,,,256.0,633.0,0.45799999999999996,,,,256.0,633.0,0.45799999999999996,0.45799999999999996,178.0,246.0,0.7240000000000001,,,472.0,65.0,,,,211.0,690.0
TOT,1534,1960.0,Jim Palmer,C,26.0,74.0,,1482.0,11.5,0.47,,0.303,,,,,,,,,,1.4,0.5,1.9,0.062,,,,,,246.0,574.0,0.429,,,,246.0,574.0,0.429,0.429,119.0,174.0,0.684,,,389.0,70.0,,,,224.0,611.0
NYK,1654,1961.0,Jim Palmer,C,27.0,55.0,,1082.0,10.8,0.456,,0.284,,,,,,,,,,0.7,0.4,1.1,0.049,,,,,,175.0,419.0,0.418,,,,175.0,419.0,0.418,0.418,80.0,119.0,0.677,,,278.0,53.0,,,,159.0,430.0
