Tm,Unnamed: 0,Year,Player,Pos,Age,G,GS,MP,PER,TS%,3PAr,FTr,ORB%,DRB%,TRB%,AST%,STL%,BLK%,TOV%,USG%,blanl,OWS,DWS,WS,WS/48,blank2,OBPM,DBPM,BPM,VORP,FG,FGA,FG%,3P,3PA,3P%,2P,2PA,2P%,eFG%,FT,FTA,FT%,ORB,DRB,TRB,AST,STL,BLK,TOV,PF,PTS
CHS,81,1950.0,Joe Graboski,F-C,20.0,57.0,,,,0.355,,0.36,,,,,,,,,,-0.6,1.2,0.6,,,,,,,75.0,247.0,0.304,,,,75.0,247.0,0.304,0.304,53.0,89.0,0.596,,,,37.0,,,,95.0,203.0
INO,662,1953.0,Joe Graboski,C,23.0,69.0,,2769.0,17.3,0.451,,0.642,,,,,,,,,,3.4,3.8,7.2,0.142,,,,,,320.0,827.0,0.387,,,,320.0,827.0,0.387,0.387,350.0,513.0,0.682,,,687.0,156.0,,,,303.0,904.0
PHW,1613,1961.0,Joe Graboski,PF,31.0,73.0,,2759.0,14.5,0.428,,0.361,,,,,,,,,,0.1,3.3,2.8,0.08199999999999999,,,,,,397.0,1118.0,0.37200000000000005,,,,397.0,1118.0,0.37200000000000005,0.37200000000000005,270.0,360.0,0.7829999999999999,,,751.0,190.0,,,,272.0,1058.0
TOT,1723,1962.0,Joe Graboski,F-C,32.0,38.0,,468.0,,0.387,,0.294,,,,,,,,,,,,,,,,,,,77.0,221.0,0.348,,,,77.0,221.0,0.348,0.348,39.0,65.0,0.6,,,154.0,28.0,,,,62.0,193.0
