Tm,Unnamed: 0,Year,Player,Pos,Age,G,GS,MP,PER,TS%,3PAr,FTr,ORB%,DRB%,TRB%,AST%,STL%,BLK%,TOV%,USG%,blanl,OWS,DWS,WS,WS/48,blank2,OBPM,DBPM,BPM,VORP,FG,FGA,FG%,3P,3PA,3P%,2P,2PA,2P%,eFG%,FT,FTA,FT%,ORB,DRB,TRB,AST,STL,BLK,TOV,PF,PTS
HOU,13862,1998.0,Joe Stephens,SF,25.0,7.0,0.0,37.0,17.7,0.441,0.6,0.214,27.1,12.3,19.3,5.7,17.5,0.0,37.5,40.5,,0.0,0.0,0.0,-0.01,,-1.1,5.1,-7.4,0.0,10.0,28.0,0.35700000000000004,3.0,10.0,0.33299999999999996,7.0,18.0,0.389,0.41100000000000003,4.0,6.0,0.667,3.0,3.0,6.0,1.0,3.0,0.0,3.0,3.0,27.0
VAN,14892,2000.0,Joe Stephens,SF,27.0,13.0,0.0,181.0,10.2,0.389,0.157,0.078,8.5,15.3,11.9,9.8,2.0,1.2,10.2,14.8,,-0.1,0.1,0.0,0.012,,-3.2,-0.5,-3.6,-0.1,19.0,51.0,0.373,0.0,8.0,0.0,19.0,43.0,0.442,0.373,3.0,4.0,0.75,13.0,23.0,36.0,11.0,7.0,3.0,6.0,9.0,41.0
