Tm,Unnamed: 0,Year,Player,Pos,Age,G,GS,MP,PER,TS%,3PAr,FTr,ORB%,DRB%,TRB%,AST%,STL%,BLK%,TOV%,USG%,blanl,OWS,DWS,WS,WS/48,blank2,OBPM,DBPM,BPM,VORP,FG,FGA,FG%,3P,3PA,3P%,2P,2PA,2P%,eFG%,FT,FTA,FT%,ORB,DRB,TRB,AST,STL,BLK,TOV,PF,PTS
ATL,16921,2004.0,Joel Przybilla,C,24.0,12.0,12.0,314.0,7.1,0.382,0.0,0.58,11.3,25.0,18.2,1.9,0.8,4.0,20.3,11.4,,-0.3,0.3,0.0,0.006,,-6.2,0.3,-5.9,-0.3,18.0,50.0,0.36,0.0,0.0,,18.0,50.0,0.36,0.36,12.0,29.0,0.414,31.0,70.0,101.0,4.0,5.0,17.0,16.0,48.0,48.0
CHA,20971,2011.0,Joel Przybilla,C,31.0,5.0,0.0,74.0,0.3,0.38299999999999995,0.0,0.4,14.6,24.7,19.6,0.0,0.0,1.1,37.3,11.9,,-0.2,0.1,-0.1,-0.07400000000000001,,-10.0,-4.1,-14.1,-0.2,4.0,10.0,0.4,0.0,0.0,,4.0,10.0,0.4,0.4,1.0,4.0,0.25,9.0,15.0,24.0,0.0,0.0,1.0,7.0,16.0,9.0
TOT,20969,2011.0,Joel Przybilla,C,31.0,36.0,12.0,519.0,6.7,0.573,0.0,0.62,10.5,26.4,18.1,3.6,0.8,3.6,34.2,10.7,,-0.1,0.6,0.5,0.046,,-5.5,0.8,-4.7,-0.3,25.0,50.0,0.568,0.0,0.0,,25.0,50.0,0.568,0.568,14.0,31.0,0.519,37.0,108.0,145.0,13.0,5.0,17.0,29.0,79.0,64.0
POR,21532,2012.0,Joel Przybilla,C,32.0,82.0,67.0,1952.0,15.5,0.652,0.004,0.6759999999999999,13.0,33.1,22.8,6.4,1.0,7.6,33.3,13.0,,3.2,3.4,6.6,0.163,,-1.4,3.9,1.2,1.5,199.0,333.0,0.625,0.0,1.0,0.0,199.0,333.0,0.627,0.625,112.0,174.0,0.68,204.0,513.0,717.0,74.0,34.0,163.0,98.0,239.0,488.0
MIL,22106,2013.0,Joel Przybilla,C,33.0,71.0,62.0,1128.0,10.2,0.568,0.006999999999999999,0.634,12.3,31.0,17.2,12.1,1.0,8.2,69.4,9.3,,0.3,1.5,1.9,0.079,,-4.1,3.0,-1.3,0.2,76.0,142.0,0.535,0.0,1.0,0.0,76.0,141.0,0.539,0.535,38.0,90.0,0.5,78.0,205.0,283.0,21.0,20.0,118.0,43.0,199.0,190.0
