Tm,Unnamed: 0,Year,Player,Pos,Age,G,GS,MP,PER,TS%,3PAr,FTr,ORB%,DRB%,TRB%,AST%,STL%,BLK%,TOV%,USG%,blanl,OWS,DWS,WS,WS/48,blank2,OBPM,DBPM,BPM,VORP,FG,FGA,FG%,3P,3PA,3P%,2P,2PA,2P%,eFG%,FT,FTA,FT%,ORB,DRB,TRB,AST,STL,BLK,TOV,PF,PTS
BOS,22281,2014.0,Joel Anthony,C,31.0,21.0,0.0,149.0,8.1,0.384,0.0,0.231,9.6,14.1,11.8,1.9,1.0,4.1,6.5,9.1,,0.0,0.1,0.1,0.043,,-5.3,1.1,-4.2,-0.1,10.0,26.0,0.385,0.0,0.0,,10.0,26.0,0.385,0.385,2.0,6.0,0.33299999999999996,13.0,18.0,31.0,2.0,3.0,8.0,2.0,13.0,22.0
MIA,22280,2014.0,Joel Anthony,PF,31.0,80.0,51.0,1463.0,10.4,0.598,0.0,0.8170000000000001,11.0,16.4,12.5,3.7,1.4,9.4,22.9,10.2,,1.2,2.2,3.4,0.122,,-2.1,4.1,0.9,1.1,85.0,159.0,0.5589999999999999,0.0,0.0,,85.0,159.0,0.5589999999999999,0.5589999999999999,66.0,92.0,1.0,123.0,162.0,266.0,27.0,36.0,109.0,45.0,194.0,219.0
TOT,22279,2014.0,Joel Anthony,C,31.0,33.0,0.0,186.0,8.1,0.39399999999999996,0.0,0.25,9.1,14.6,11.8,1.6,0.8,5.2,7.8,9.3,,0.0,0.2,0.2,0.044000000000000004,,-5.7,1.0,-4.7,-0.1,12.0,32.0,0.375,0.0,0.0,,12.0,32.0,0.375,0.375,4.0,8.0,0.5,15.0,23.0,38.0,2.0,3.0,12.0,3.0,17.0,28.0
DET,23540,2016.0,Joel Anthony,C,33.0,49.0,0.0,406.0,14.7,0.6659999999999999,0.0,0.8,8.8,17.0,12.4,1.8,1.5,9.5,14.3,9.1,,0.5,0.7,1.2,0.177,,-2.8,5.0,2.2,0.3,36.0,62.0,0.6,0.0,0.0,,36.0,62.0,0.6,0.6,15.0,22.0,0.75,32.0,61.0,93.0,5.0,12.0,49.0,12.0,55.0,87.0
SAS,24117,2017.0,Joel Anthony,C,34.0,19.0,0.0,122.0,11.6,0.64,0.0,0.5,7.6,20.9,14.4,3.4,0.8,4.0,17.0,8.7,,0.1,0.2,0.4,0.141,,-3.1,2.5,-0.6,0.0,10.0,16.0,0.625,0.0,0.0,,10.0,16.0,0.625,0.625,5.0,8.0,0.625,8.0,23.0,31.0,3.0,2.0,6.0,4.0,11.0,25.0
