Tm,Unnamed: 0,Year,Player,Pos,Age,G,GS,MP,PER,TS%,3PAr,FTr,ORB%,DRB%,TRB%,AST%,STL%,BLK%,TOV%,USG%,blanl,OWS,DWS,WS,WS/48,blank2,OBPM,DBPM,BPM,VORP,FG,FGA,FG%,3P,3PA,3P%,2P,2PA,2P%,eFG%,FT,FTA,FT%,ORB,DRB,TRB,AST,STL,BLK,TOV,PF,PTS
BUF,4766,1977.0,John Gianelli,C,26.0,57.0,,1283.0,10.8,0.461,,0.19399999999999998,7.3,16.0,11.7,6.2,0.7,2.7,,,,0.2,1.0,1.2,0.046,,-4.1,0.4,-3.7,-0.6,171.0,397.0,0.431,,,,171.0,397.0,0.431,0.431,55.0,77.0,0.7140000000000001,94.0,203.0,297.0,57.0,21.0,70.0,,117.0,397.0
NYK,4765,1977.0,John Gianelli,C,26.0,82.0,,2797.0,13.0,0.521,,0.27899999999999997,10.2,19.3,14.8,8.0,1.0,2.3,,,,2.7,2.7,5.5,0.121,,-1.2,1.6,0.4,1.7,343.0,726.0,0.479,,,,343.0,726.0,0.479,0.479,135.0,195.0,0.76,214.0,475.0,689.0,163.0,38.0,118.0,,263.0,821.0
TOT,4764,1977.0,John Gianelli,C,26.0,76.0,,1913.0,11.5,0.47600000000000003,,0.21600000000000003,8.3,17.1,12.7,5.9,0.8,2.6,,,,0.8,1.7,2.5,0.063,,-3.3,0.7,-2.7,-0.3,257.0,579.0,0.444,,,,257.0,579.0,0.444,0.444,90.0,125.0,0.72,154.0,321.0,475.0,83.0,35.0,98.0,,171.0,604.0
MIL,5496,1979.0,John Gianelli,C,28.0,82.0,,2327.0,11.7,0.511,,0.196,7.4,15.9,11.5,10.1,1.0,2.0,17.7,13.5,,1.4,1.8,3.2,0.07,,-1.0,1.0,-0.1,1.1,307.0,629.0,0.488,,,,307.0,629.0,0.488,0.488,79.0,123.0,0.706,166.0,343.0,509.0,192.0,54.0,92.0,147.0,196.0,693.0
UTA,5849,1980.0,John Gianelli,C,29.0,17.0,,285.0,5.1,0.377,0.0,0.242,6.0,19.0,12.7,7.7,1.0,1.4,23.1,14.3,,-0.6,0.1,-0.4,-0.071,,-6.7,-0.5,-7.2,-0.4,23.0,66.0,0.348,0.0,0.0,,23.0,66.0,0.348,0.348,9.0,16.0,0.563,14.0,48.0,62.0,17.0,6.0,7.0,22.0,26.0,55.0
