Tm,Unnamed: 0,Year,Player,Pos,Age,G,GS,MP,PER,TS%,3PAr,FTr,ORB%,DRB%,TRB%,AST%,STL%,BLK%,TOV%,USG%,blanl,OWS,DWS,WS,WS/48,blank2,OBPM,DBPM,BPM,VORP,FG,FGA,FG%,3P,3PA,3P%,2P,2PA,2P%,eFG%,FT,FTA,FT%,ORB,DRB,TRB,AST,STL,BLK,TOV,PF,PTS
ATL,10032,1991.0,John Battle,SG,28.0,82.0,48.0,1863.0,16.4,0.542,0.067,0.46399999999999997,2.3,8.6,5.3,22.3,1.8,0.4,15.0,26.4,,3.4,1.0,4.0,0.102,,0.8,-1.0,-1.7,0.1,397.0,862.0,0.506,16.0,49.0,0.39,383.0,813.0,0.514,0.507,270.0,316.0,0.8540000000000001,34.0,125.0,159.0,217.0,45.0,9.0,113.0,145.0,1078.0
CLE,11864,1995.0,John Battle,SG,32.0,76.0,2.0,1637.0,12.6,0.535,0.272,0.36,1.3,6.1,3.8,24.6,1.6,0.6,11.9,24.4,,1.3,0.7,2.0,0.084,,-1.5,-2.9,-4.5,-0.3,316.0,659.0,0.48,11.0,31.0,0.355,314.0,642.0,0.49200000000000005,0.485,145.0,171.0,0.848,19.0,93.0,112.0,159.0,36.0,5.0,91.0,116.0,779.0
