Tm,Unnamed: 0,Year,Player,Pos,Age,G,GS,MP,PER,TS%,3PAr,FTr,ORB%,DRB%,TRB%,AST%,STL%,BLK%,TOV%,USG%,blanl,OWS,DWS,WS,WS/48,blank2,OBPM,DBPM,BPM,VORP,FG,FGA,FG%,3P,3PA,3P%,2P,2PA,2P%,eFG%,FT,FTA,FT%,ORB,DRB,TRB,AST,STL,BLK,TOV,PF,PTS
CLE,10735,1992.0,John Morton,SG,24.0,66.0,3.0,1207.0,12.2,0.5329999999999999,0.18600000000000003,0.75,6.4,8.0,7.2,27.9,2.5,0.9,24.2,25.8,,0.5,1.0,1.5,0.057999999999999996,,-2.2,-0.8,-3.0,-0.1,120.0,274.0,0.43799999999999994,7.0,30.0,0.33299999999999996,116.0,262.0,0.44299999999999995,0.445,113.0,139.0,0.889,41.0,62.0,103.0,243.0,61.0,18.0,107.0,112.0,357.0
MIA,10736,1992.0,John Morton,SF,24.0,21.0,0.0,216.0,10.5,0.491,0.185,0.358,1.5,8.4,4.9,18.7,2.7,0.3,20.4,22.8,,-0.2,0.2,0.0,-0.01,,-3.7,-2.0,-5.7,-0.2,33.0,81.0,0.40700000000000003,2.0,15.0,0.133,31.0,66.0,0.47,0.42,24.0,29.0,0.828,3.0,16.0,19.0,27.0,12.0,1.0,24.0,20.0,92.0
TOT,10734,1992.0,John Morton,SF-SG,24.0,25.0,0.0,270.0,9.7,0.483,0.172,0.409,2.5,8.3,5.4,17.3,2.4,0.2,20.3,21.5,,-0.2,0.2,-0.1,-0.009000000000000001,,-3.9,-2.0,-5.9,-0.3,36.0,93.0,0.387,2.0,16.0,0.125,34.0,77.0,0.442,0.39799999999999996,32.0,38.0,0.8420000000000001,6.0,20.0,26.0,32.0,13.0,1.0,28.0,23.0,106.0
