Tm,Unnamed: 0,Year,Player,Pos,Age,G,GS,MP,PER,TS%,3PAr,FTr,ORB%,DRB%,TRB%,AST%,STL%,BLK%,TOV%,USG%,blanl,OWS,DWS,WS,WS/48,blank2,OBPM,DBPM,BPM,VORP,FG,FGA,FG%,3P,3PA,3P%,2P,2PA,2P%,eFG%,FT,FTA,FT%,ORB,DRB,TRB,AST,STL,BLK,TOV,PF,PTS
CLE,8311,1987.0,John Bagley,PG,26.0,81.0,77.0,2472.0,16.0,0.524,0.141,0.326,3.4,10.7,6.6,40.7,2.7,0.3,22.4,22.4,,2.3,2.3,4.6,0.092,,0.4,0.1,0.5,1.5,366.0,865.0,0.488,31.0,103.0,0.301,357.0,828.0,0.502,0.49,170.0,215.0,0.831,76.0,237.0,291.0,735.0,129.0,10.0,239.0,165.0,911.0
NJN,9127,1989.0,John Bagley,PG,28.0,82.0,74.0,2774.0,12.4,0.503,0.18,0.256,2.5,8.5,5.4,33.1,2.1,0.2,22.9,17.9,,0.8,1.7,2.6,0.044000000000000004,,-0.6,-0.8,-1.4,0.4,393.0,896.0,0.439,47.0,161.0,0.292,346.0,735.0,0.47100000000000003,0.465,148.0,180.0,0.8220000000000001,61.0,196.0,257.0,479.0,110.0,10.0,201.0,162.0,981.0
BOS,10934,1993.0,John Bagley,PG,32.0,73.0,59.0,1742.0,12.7,0.489,0.083,0.24,2.8,7.4,5.1,35.9,1.8,0.2,38.1,20.0,,0.6,1.4,1.9,0.053,,-1.3,-1.7,-3.0,-0.2,223.0,506.0,0.45899999999999996,10.0,42.0,0.23800000000000002,213.0,464.0,0.495,0.461,68.0,95.0,0.833,38.0,123.0,161.0,480.0,57.0,4.0,148.0,123.0,524.0
ATL,11384,1994.0,John Bagley,PG,33.0,3.0,0.0,13.0,7.6,0.34700000000000003,0.0,1.0,0.0,8.5,4.2,28.1,0.0,0.0,0.0,9.5,,0.0,0.0,0.0,0.105,,-5.2,-3.7,-8.9,0.0,0.0,2.0,0.0,0.0,0.0,,0.0,2.0,0.0,0.0,2.0,2.0,1.0,0.0,1.0,1.0,3.0,0.0,0.0,0.0,2.0,2.0
