Tm,Unnamed: 0,Year,Player,Pos,Age,G,GS,MP,PER,TS%,3PAr,FTr,ORB%,DRB%,TRB%,AST%,STL%,BLK%,TOV%,USG%,blanl,OWS,DWS,WS,WS/48,blank2,OBPM,DBPM,BPM,VORP,FG,FGA,FG%,3P,3PA,3P%,2P,2PA,2P%,eFG%,FT,FTA,FT%,ORB,DRB,TRB,AST,STL,BLK,TOV,PF,PTS
LAL,2360,1967.0,John Block,PF,22.0,22.0,,118.0,15.1,0.478,,0.654,,,,5.3,,,,,,0.1,0.1,0.2,0.079,,,,,,20.0,52.0,0.385,,,,20.0,52.0,0.385,0.385,24.0,34.0,0.706,,,45.0,5.0,,,,20.0,64.0
SDR,3092,1971.0,John Block,PF,26.0,82.0,,2489.0,17.1,0.505,,0.462,,,13.2,9.2,,,,,,2.5,3.5,5.5,0.133,,,,,,453.0,1061.0,0.442,,,,453.0,1061.0,0.442,0.442,316.0,400.0,0.802,,,703.0,141.0,,,,275.0,1195.0
MIL,3332,1972.0,John Block,PF,27.0,79.0,,1524.0,14.3,0.516,,0.519,,,13.0,7.7,,,,,,1.9,2.2,4.2,0.131,,,,,,233.0,530.0,0.44,,,,233.0,530.0,0.44,0.44,206.0,275.0,0.7490000000000001,,,410.0,95.0,,,,213.0,672.0
PHI,3600,1973.0,John Block,PF,28.0,48.0,,1558.0,17.6,0.511,,0.428,,,12.6,8.9,,,,,,2.5,0.9,3.4,0.10400000000000001,,,,,,311.0,706.0,0.441,,,,311.0,706.0,0.441,0.441,236.0,302.0,0.7809999999999999,,,442.0,94.0,,,,173.0,858.0
KCO,3868,1974.0,John Block,PF,29.0,82.0,,1777.0,13.9,0.525,,0.42200000000000004,7.6,15.3,13.0,7.6,1.7,1.0,,,,0.8,1.5,2.3,0.08199999999999999,,-1.7,-0.7,-2.4,-0.2,275.0,634.0,0.444,,,,275.0,634.0,0.444,0.444,164.0,206.0,0.8420000000000001,129.0,260.0,389.0,94.0,68.0,35.0,,229.0,714.0
NOJ,4128,1975.0,John Block,PF,30.0,4.0,,57.0,15.2,0.40399999999999997,,0.345,10.2,21.8,15.8,18.1,3.1,0.9,,,,-0.1,0.1,0.0,0.002,,-1.6,0.4,-1.2,0.0,9.0,29.0,0.31,,,,9.0,29.0,0.31,0.31,9.0,10.0,0.9,6.0,12.0,18.0,7.0,4.0,1.0,,11.0,27.0
TOT,4127,1975.0,John Block,PF,30.0,73.0,,2041.0,17.0,0.528,,0.42700000000000005,7.7,18.2,13.0,8.6,2.1,1.9,,,,3.2,1.7,4.2,0.159,,-0.1,0.7,0.6,0.6,391.0,886.0,0.46,,,,391.0,886.0,0.46,0.46,300.0,378.0,0.794,69.0,163.0,562.0,113.0,42.0,32.0,,242.0,1082.0
CHI,4400,1976.0,John Block,PF,31.0,50.0,,882.0,17.2,0.539,,0.5,7.6,30.9,14.4,8.0,6.8,2.0,,,,1.5,1.6,3.1,0.17,,0.0,0.7,0.7,0.6,150.0,317.0,0.5,,,,150.0,317.0,0.5,0.5,105.0,134.0,0.784,63.0,151.0,214.0,44.0,38.0,31.0,,110.0,405.0
