Tm,Unnamed: 0,Year,Player,Pos,Age,G,GS,MP,PER,TS%,3PAr,FTr,ORB%,DRB%,TRB%,AST%,STL%,BLK%,TOV%,USG%,blanl,OWS,DWS,WS,WS/48,blank2,OBPM,DBPM,BPM,VORP,FG,FGA,FG%,3P,3PA,3P%,2P,2PA,2P%,eFG%,FT,FTA,FT%,ORB,DRB,TRB,AST,STL,BLK,TOV,PF,PTS
NYK,2189,1965.0,John Rudometkin,SF,24.0,56.0,,696.0,16.5,0.524,,0.35600000000000004,,,,0.0,,,,,,1.5,0.3,1.6,0.10800000000000001,,,,,,154.0,326.0,0.47200000000000003,,,,154.0,326.0,0.47200000000000003,0.47200000000000003,87.0,116.0,0.768,,,164.0,30.0,,,,86.0,395.0
SFW,2190,1965.0,John Rudometkin,SF,24.0,22.0,,354.0,9.2,0.39299999999999996,,0.342,,,,6.3,,,,,,-0.5,0.4,-0.1,-0.01,,,,,,49.0,146.0,0.336,,,,49.0,146.0,0.336,0.336,34.0,50.0,0.68,,,92.0,16.0,,,,49.0,132.0
TOT,2188,1965.0,John Rudometkin,SF,24.0,23.0,,376.0,8.9,0.392,,0.325,,,,5.9,,,,,,-0.5,0.4,-0.1,-0.012,,,,,,52.0,154.0,0.33799999999999997,,,,52.0,154.0,0.33799999999999997,0.33799999999999997,34.0,50.0,0.68,,,99.0,16.0,,,,54.0,138.0
