Tm,Unnamed: 0,Year,Player,Pos,Age,G,GS,MP,PER,TS%,3PAr,FTr,ORB%,DRB%,TRB%,AST%,STL%,BLK%,TOV%,USG%,blanl,OWS,DWS,WS,WS/48,blank2,OBPM,DBPM,BPM,VORP,FG,FGA,FG%,3P,3PA,3P%,2P,2PA,2P%,eFG%,FT,FTA,FT%,ORB,DRB,TRB,AST,STL,BLK,TOV,PF,PTS
IND,9332,1989.0,John Long,SG,32.0,81.0,81.0,2265.0,15.2,0.539,0.08800000000000001,0.21,3.9,8.5,6.2,17.5,2.1,0.3,12.2,26.4,,2.0,2.3,3.9,0.09300000000000001,,0.3,-0.8,-0.5,0.8,490.0,1170.0,0.474,34.0,77.0,0.442,471.0,1103.0,0.478,0.494,219.0,246.0,0.937,75.0,157.0,229.0,258.0,96.0,11.0,153.0,167.0,1218.0
TOT,9331,1989.0,John Long,SG,32.0,68.0,1.0,919.0,9.5,0.474,0.055999999999999994,0.212,2.3,6.8,4.7,12.5,1.5,0.2,12.7,20.5,,-0.2,0.4,0.2,0.011000000000000001,,-3.3,-2.1,-5.5,-0.8,147.0,359.0,0.409,8.0,20.0,0.4,139.0,339.0,0.41,0.42100000000000004,70.0,76.0,0.9209999999999999,18.0,59.0,77.0,80.0,29.0,3.0,57.0,84.0,372.0
ATL,9789,1990.0,John Long,SG,33.0,48.0,19.0,1030.0,10.7,0.495,0.076,0.14300000000000002,2.8,6.5,4.6,11.8,2.2,0.3,15.5,19.7,,-0.1,0.4,0.2,0.01,,-1.7,-1.5,-3.3,-0.3,174.0,384.0,0.45299999999999996,10.0,29.0,0.345,164.0,355.0,0.462,0.466,46.0,55.0,0.836,26.0,57.0,83.0,85.0,45.0,5.0,75.0,66.0,404.0
DET,10247,1991.0,John Long,SG,34.0,82.0,82.0,2514.0,17.4,0.536,0.071,0.325,6.7,10.3,7.5,13.5,2.6,0.8,16.4,27.9,,3.6,1.8,5.3,0.102,,1.3,0.1,0.2,1.3,637.0,1294.0,0.505,5.0,16.0,0.33299999999999996,635.0,1279.0,0.51,0.506,243.0,275.0,0.96,152.0,185.0,337.0,206.0,129.0,26.0,206.0,224.0,1514.0
TOR,13136,1997.0,John Long,SG,40.0,32.0,0.0,370.0,8.9,0.499,0.29100000000000004,0.239,1.8,11.1,6.3,9.4,1.3,0.4,15.7,18.5,,-0.1,0.2,0.1,0.015,,-4.2,-2.8,-7.0,-0.5,46.0,117.0,0.39299999999999996,12.0,34.0,0.353,34.0,83.0,0.41,0.444,25.0,28.0,0.893,6.0,34.0,40.0,21.0,9.0,2.0,24.0,28.0,129.0
