Tm,Unnamed: 0,Year,Player,Pos,Age,G,GS,MP,PER,TS%,3PAr,FTr,ORB%,DRB%,TRB%,AST%,STL%,BLK%,TOV%,USG%,blanl,OWS,DWS,WS,WS/48,blank2,OBPM,DBPM,BPM,VORP,FG,FGA,FG%,3P,3PA,3P%,2P,2PA,2P%,eFG%,FT,FTA,FT%,ORB,DRB,TRB,AST,STL,BLK,TOV,PF,PTS
SEA,7846,1985.0,Jon Sundvold,PG,23.0,73.0,2.0,1284.0,12.1,0.488,0.095,0.14800000000000002,2.0,6.0,4.0,26.4,1.5,0.0,16.6,19.4,,0.5,0.7,1.2,0.044000000000000004,,-1.6,-3.0,-4.7,-0.9,217.0,488.0,0.445,12.0,38.0,0.316,208.0,451.0,0.461,0.45399999999999996,64.0,72.0,0.889,23.0,68.0,91.0,239.0,36.0,1.0,85.0,87.0,507.0
SAS,9020,1988.0,Jon Sundvold,PG,26.0,76.0,42.0,1765.0,14.5,0.539,0.198,0.127,2.2,5.6,4.0,31.7,1.4,0.1,14.6,20.4,,2.7,0.5,3.0,0.08,,0.5,-3.6,-3.9,-0.6,365.0,751.0,0.486,50.0,149.0,0.406,315.0,602.0,0.523,0.519,70.0,84.0,0.8959999999999999,22.0,78.0,98.0,315.0,35.0,2.0,97.0,110.0,850.0
MIA,10848,1992.0,Jon Sundvold,SG,30.0,68.0,8.0,1338.0,12.6,0.506,0.33299999999999996,0.14300000000000002,1.8,7.4,4.5,35.9,1.5,0.0,12.5,23.9,,0.6,0.5,1.0,0.151,,-1.2,-2.7,-4.3,0.0,307.0,675.0,0.455,48.0,100.0,1.0,259.0,583.0,0.444,0.5,47.0,57.0,1.0,18.0,69.0,87.0,137.0,27.0,1.0,87.0,78.0,709.0
