Tm,Unnamed: 0,Year,Player,Pos,Age,G,GS,MP,PER,TS%,3PAr,FTr,ORB%,DRB%,TRB%,AST%,STL%,BLK%,TOV%,USG%,blanl,OWS,DWS,WS,WS/48,blank2,OBPM,DBPM,BPM,VORP,FG,FGA,FG%,3P,3PA,3P%,2P,2PA,2P%,eFG%,FT,FTA,FT%,ORB,DRB,TRB,AST,STL,BLK,TOV,PF,PTS
DET,23161,2015.0,Jonas Jerebko,PF,27.0,80.0,73.0,2232.0,15.7,0.5770000000000001,0.384,0.292,9.9,19.3,13.0,9.2,2.3,1.2,15.5,20.2,,2.9,1.5,4.4,0.13,,0.5,0.5,1.0,1.0,290.0,603.0,0.48100000000000004,36.0,115.0,0.419,254.0,488.0,0.52,0.546,125.0,176.0,0.861,194.0,284.0,478.0,58.0,79.0,29.0,82.0,230.0,741.0
TOT,23160,2015.0,Jonas Jerebko,PF,27.0,75.0,0.0,1230.0,15.0,0.5489999999999999,0.369,0.174,8.0,17.2,12.5,9.0,1.9,1.1,9.7,16.2,,2.0,1.4,3.5,0.135,,0.5,0.4,0.9,0.9,169.0,379.0,0.446,54.0,140.0,0.386,115.0,239.0,0.48100000000000004,0.517,56.0,66.0,0.848,93.0,189.0,282.0,71.0,46.0,18.0,44.0,135.0,448.0
BOS,24372,2017.0,Jonas Jerebko,PF,29.0,78.0,6.0,1232.0,15.5,0.537,0.496,0.273,9.4,19.8,14.5,8.7,1.8,1.6,14.0,17.6,,0.9,1.5,2.4,0.141,,0.4,0.4,0.7,0.4,118.0,286.0,0.435,45.0,130.0,0.406,75.0,178.0,0.523,0.521,61.0,78.0,0.833,77.0,213.0,288.0,71.0,26.0,24.0,52.0,137.0,340.0
