Tm,Unnamed: 0,Year,Player,Pos,Age,G,GS,MP,PER,TS%,3PAr,FTr,ORB%,DRB%,TRB%,AST%,STL%,BLK%,TOV%,USG%,blanl,OWS,DWS,WS,WS/48,blank2,OBPM,DBPM,BPM,VORP,FG,FGA,FG%,3P,3PA,3P%,2P,2PA,2P%,eFG%,FT,FTA,FT%,ORB,DRB,TRB,AST,STL,BLK,TOV,PF,PTS
NJN,21282,2012.0,Jordan Farmar,PG,25.0,73.0,18.0,1796.0,17.4,0.5920000000000001,0.467,0.2,1.5,10.1,5.7,34.9,1.8,0.3,16.7,22.6,,1.8,1.0,1.9,0.10400000000000001,,2.4,-2.1,-0.9,0.5,255.0,651.0,0.467,109.0,304.0,0.44,146.0,347.0,0.484,0.5539999999999999,82.0,100.0,0.905,24.0,149.0,173.0,368.0,62.0,6.0,139.0,128.0,701.0
LAL,22449,2014.0,Jordan Farmar,PG,27.0,82.0,5.0,1690.0,15.4,0.563,0.48700000000000004,0.187,2.7,10.3,6.4,34.6,2.4,0.6,19.6,23.2,,2.1,1.8,3.9,0.111,,1.9,-0.5,0.7,1.2,291.0,631.0,0.461,114.0,307.0,0.43799999999999994,177.0,324.0,0.546,0.552,57.0,85.0,0.746,39.0,144.0,183.0,225.0,77.0,11.0,108.0,109.0,749.0
LAC,23054,2015.0,Jordan Farmar,PG,28.0,36.0,0.0,529.0,9.9,0.513,0.614,0.07,1.7,7.1,4.5,18.0,1.9,0.8,16.4,16.6,,0.2,0.4,0.6,0.053,,-0.7,-1.3,-2.0,0.0,61.0,158.0,0.386,35.0,97.0,0.361,26.0,61.0,0.426,0.49700000000000005,10.0,11.0,0.909,8.0,34.0,42.0,67.0,20.0,5.0,32.0,52.0,167.0
MEM,23668,2016.0,Jordan Farmar,PG,29.0,12.0,10.0,291.0,13.2,0.527,0.45,0.1,1.5,8.6,4.9,20.6,2.7,0.6,14.7,18.9,,0.2,0.2,0.4,0.064,,0.2,-1.4,-1.2,0.1,42.0,100.0,0.42,16.0,45.0,0.35600000000000004,26.0,55.0,0.473,0.5,10.0,10.0,1.0,4.0,21.0,25.0,37.0,15.0,2.0,18.0,22.0,110.0
SAC,24254,2017.0,Jordan Farmar,PG,30.0,2.0,0.0,35.0,14.4,0.5,0.75,0.0,3.3,6.5,4.9,38.6,2.9,0.0,20.0,19.4,,0.0,0.0,0.0,0.064,,0.7,-3.8,-3.1,0.0,4.0,12.0,0.33299999999999996,4.0,9.0,0.444,0.0,3.0,0.0,0.5,0.0,0.0,,1.0,2.0,3.0,9.0,2.0,0.0,3.0,1.0,12.0
