Tm,Unnamed: 0,Year,Player,Pos,Age,G,GS,MP,PER,TS%,3PAr,FTr,ORB%,DRB%,TRB%,AST%,STL%,BLK%,TOV%,USG%,blanl,OWS,DWS,WS,WS/48,blank2,OBPM,DBPM,BPM,VORP,FG,FGA,FG%,3P,3PA,3P%,2P,2PA,2P%,eFG%,FT,FTA,FT%,ORB,DRB,TRB,AST,STL,BLK,TOV,PF,PTS
BRK,23105,2015.0,Jorge Gutierrez,PG,26.0,15.0,2.0,244.0,10.9,0.523,0.222,0.222,1.5,17.8,8.9,26.0,2.2,0.3,19.1,19.0,,0.1,0.2,0.2,0.059000000000000004,,-2.6,-0.8,-3.4,0.0,25.0,54.0,0.5,3.0,12.0,0.25,22.0,42.0,0.5379999999999999,0.5,9.0,12.0,0.75,3.0,19.0,22.0,30.0,10.0,1.0,14.0,37.0,62.0
MIL,23106,2015.0,Jorge Gutierrez,PG,26.0,10.0,1.0,131.0,11.1,0.589,0.07400000000000001,0.37,4.4,11.3,7.9,17.4,1.9,0.0,22.3,13.9,,0.1,0.2,0.3,0.098,,-2.3,-0.3,-2.6,0.0,15.0,27.0,0.556,0.0,2.0,0.0,15.0,25.0,0.6,0.556,7.0,10.0,0.7,5.0,13.0,18.0,15.0,5.0,0.0,9.0,16.0,37.0
TOT,23104,2015.0,Jorge Gutierrez,PG,26.0,20.0,1.0,175.0,11.0,0.5670000000000001,0.073,0.317,3.3,12.9,8.1,19.6,1.8,0.0,20.4,15.2,,0.1,0.2,0.3,0.08800000000000001,,-2.5,-0.6,-3.1,0.0,22.0,41.0,0.537,0.0,3.0,0.0,22.0,38.0,0.579,0.537,9.0,13.0,0.6920000000000001,5.0,20.0,25.0,22.0,6.0,0.0,12.0,25.0,53.0
CHO,23715,2016.0,Jorge Gutierrez,PG,27.0,12.0,0.0,63.0,19.1,0.6940000000000001,0.182,1.0,0.0,12.3,6.1,40.3,2.4,0.0,27.5,15.6,,0.2,0.1,0.3,0.201,,-0.8,-2.4,-3.2,0.0,6.0,11.0,0.545,0.0,2.0,0.0,6.0,9.0,0.667,0.545,10.0,11.0,0.909,0.0,7.0,7.0,17.0,3.0,0.0,6.0,3.0,22.0
