Tm,Unnamed: 0,Year,Player,Pos,Age,G,GS,MP,PER,TS%,3PAr,FTr,ORB%,DRB%,TRB%,AST%,STL%,BLK%,TOV%,USG%,blanl,OWS,DWS,WS,WS/48,blank2,OBPM,DBPM,BPM,VORP,FG,FGA,FG%,3P,3PA,3P%,2P,2PA,2P%,eFG%,FT,FTA,FT%,ORB,DRB,TRB,AST,STL,BLK,TOV,PF,PTS
DEN,22164,2013.0,Julyan Stone,SG,24.0,22.0,2.0,179.0,13.0,0.9309999999999999,0.355,2.0,8.2,12.6,8.1,28.3,2.3,2.6,34.7,11.7,,0.2,0.2,0.4,0.128,,1.4,0.9,0.7,0.1,13.0,31.0,1.0,2.0,11.0,0.182,11.0,20.0,1.0,1.0,8.0,11.0,0.75,5.0,20.0,25.0,37.0,8.0,6.0,11.0,18.0,36.0
TOR,22773,2014.0,Julyan Stone,SG,25.0,21.0,0.0,120.0,6.6,0.491,0.47100000000000003,0.17600000000000002,1.9,17.6,9.7,14.5,1.3,0.0,21.4,8.8,,0.0,0.1,0.2,0.061,,-3.5,0.5,-3.0,0.0,7.0,17.0,0.41200000000000003,2.0,8.0,0.25,5.0,9.0,0.556,0.47100000000000003,2.0,3.0,0.667,2.0,18.0,20.0,12.0,3.0,0.0,5.0,13.0,18.0
