Tm,Unnamed: 0,Year,Player,Pos,Age,G,GS,MP,PER,TS%,3PAr,FTr,ORB%,DRB%,TRB%,AST%,STL%,BLK%,TOV%,USG%,blanl,OWS,DWS,WS,WS/48,blank2,OBPM,DBPM,BPM,VORP,FG,FGA,FG%,3P,3PA,3P%,2P,2PA,2P%,eFG%,FT,FTA,FT%,ORB,DRB,TRB,AST,STL,BLK,TOV,PF,PTS
LAC,7953,1986.0,Junior Bridgeman,SF,32.0,80.0,15.0,2042.0,14.8,0.516,0.04,0.264,3.1,9.2,6.2,13.6,1.2,0.5,11.9,23.9,,2.2,0.9,3.1,0.07400000000000001,,-0.5,-2.2,-2.7,-0.3,460.0,990.0,0.465,14.0,39.0,0.359,446.0,951.0,0.469,0.47200000000000003,181.0,206.0,0.8909999999999999,55.0,175.0,230.0,171.0,47.0,18.0,116.0,128.0,1115.0
MIL,8337,1987.0,Junior Bridgeman,SG,33.0,82.0,10.0,2431.0,18.8,0.544,0.035,0.247,7.4,12.4,9.3,17.6,2.0,1.1,14.5,26.3,,3.9,3.0,6.7,0.146,,1.7,-0.6,0.5,1.3,594.0,1243.0,0.506,6.0,31.0,0.444,589.0,1216.0,0.506,0.506,230.0,266.0,0.884,129.0,287.0,416.0,265.0,94.0,41.0,176.0,235.0,1423.0
