Tm,Unnamed: 0,Year,Player,Pos,Age,G,GS,MP,PER,TS%,3PAr,FTr,ORB%,DRB%,TRB%,AST%,STL%,BLK%,TOV%,USG%,blanl,OWS,DWS,WS,WS/48,blank2,OBPM,DBPM,BPM,VORP,FG,FGA,FG%,3P,3PA,3P%,2P,2PA,2P%,eFG%,FT,FTA,FT%,ORB,DRB,TRB,AST,STL,BLK,TOV,PF,PTS
CHA,22831,2014.0,Kemba Walker,PG,23.0,82.0,82.0,2859.0,18.8,0.517,0.295,0.298,2.3,13.5,7.5,31.2,2.9,1.0,12.4,25.8,,3.7,3.3,5.1,0.09300000000000001,,3.2,0.2,1.7,2.5,526.0,1244.0,0.423,109.0,332.0,0.33299999999999996,419.0,912.0,0.45899999999999996,0.466,296.0,371.0,0.8370000000000001,60.0,267.0,306.0,471.0,160.0,32.0,200.0,153.0,1455.0
CHO,24645,2017.0,Kemba Walker,PG,26.0,81.0,81.0,2885.0,21.3,0.569,0.415,0.32899999999999996,2.1,11.5,6.8,29.1,2.2,1.2,10.1,29.2,,6.3,3.6,9.9,0.165,,5.3,0.1,4.0,4.4,643.0,1449.0,0.444,240.0,602.0,0.39899999999999997,403.0,847.0,0.47600000000000003,0.527,371.0,438.0,0.847,56.0,301.0,357.0,435.0,126.0,39.0,171.0,119.0,1830.0
