Tm,Unnamed: 0,Year,Player,Pos,Age,G,GS,MP,PER,TS%,3PAr,FTr,ORB%,DRB%,TRB%,AST%,STL%,BLK%,TOV%,USG%,blanl,OWS,DWS,WS,WS/48,blank2,OBPM,DBPM,BPM,VORP,FG,FGA,FG%,3P,3PA,3P%,2P,2PA,2P%,eFG%,FT,FTA,FT%,ORB,DRB,TRB,AST,STL,BLK,TOV,PF,PTS
NYK,10407,1991.0,Kenny Walker,SF,26.0,82.0,64.0,2139.0,13.3,0.581,0.055999999999999994,0.451,10.0,14.5,11.9,6.5,1.6,2.3,11.7,17.9,,2.5,2.3,4.7,0.121,,-0.5,0.6,0.1,1.1,344.0,728.0,0.531,5.0,20.0,0.4,344.0,727.0,0.5329999999999999,0.534,140.0,185.0,0.78,192.0,220.0,389.0,86.0,63.0,59.0,83.0,290.0,826.0
WSB,12251,1995.0,Kenny Walker,SF,30.0,73.0,4.0,1397.0,10.7,0.5329999999999999,0.011000000000000001,0.667,9.7,14.6,12.1,3.6,1.0,2.6,21.6,11.5,,1.5,0.4,1.9,0.065,,-2.0,-0.6,-2.6,-0.2,132.0,274.0,0.48200000000000004,0.0,3.0,0.0,132.0,271.0,0.48700000000000004,0.48200000000000004,87.0,125.0,0.75,118.0,171.0,289.0,33.0,26.0,59.0,44.0,156.0,351.0
