Tm,Unnamed: 0,Year,Player,Pos,Age,G,GS,MP,PER,TS%,3PAr,FTr,ORB%,DRB%,TRB%,AST%,STL%,BLK%,TOV%,USG%,blanl,OWS,DWS,WS,WS/48,blank2,OBPM,DBPM,BPM,VORP,FG,FGA,FG%,3P,3PA,3P%,2P,2PA,2P%,eFG%,FT,FTA,FT%,ORB,DRB,TRB,AST,STL,BLK,TOV,PF,PTS
LAL,5779,1980.0,Kenny Carr,PF,24.0,72.0,,1149.0,12.6,0.522,0.0,0.304,10.5,21.1,16.3,6.8,1.6,1.4,34.8,22.8,,-0.2,1.5,1.1,0.046,,-3.3,-0.7,-4.0,-0.1,225.0,450.0,0.5,0.0,0.0,,225.0,450.0,0.5,0.5,83.0,137.0,1.0,70.0,222.0,292.0,60.0,38.0,31.0,116.0,152.0,533.0
CLE,6494,1982.0,Kenny Carr,PF,26.0,81.0,42.0,2615.0,17.0,0.56,0.017,0.446,11.0,25.6,17.6,10.2,1.9,1.5,17.4,21.8,,3.3,2.6,5.8,0.107,,0.4,0.4,0.8,1.9,469.0,918.0,0.517,1.0,9.0,0.111,469.0,914.0,0.524,0.518,292.0,409.0,0.7140000000000001,260.0,575.0,835.0,192.0,76.0,51.0,231.0,296.0,1230.0
DET,6495,1982.0,Kenny Carr,PF,26.0,28.0,6.0,444.0,12.7,0.507,0.006,0.488,12.7,21.4,16.9,7.2,0.6,0.7,16.4,21.5,,0.1,0.4,0.6,0.063,,-2.3,-1.9,-4.2,-0.3,77.0,168.0,0.45799999999999996,0.0,1.0,0.0,77.0,167.0,0.461,0.45799999999999996,53.0,82.0,0.6459999999999999,53.0,84.0,137.0,23.0,6.0,6.0,40.0,69.0,207.0
TOT,6493,1982.0,Kenny Carr,PF,26.0,79.0,48.0,1926.0,15.9,0.5429999999999999,0.013999999999999999,0.436,11.0,23.3,16.9,6.5,1.6,1.5,15.6,21.7,,1.4,2.3,3.8,0.099,,-1.0,-0.2,-1.2,0.4,378.0,768.0,0.503,1.0,10.0,0.1,378.0,764.0,0.509,0.504,198.0,302.0,0.6579999999999999,199.0,389.0,588.0,86.0,66.0,52.0,154.0,249.0,929.0
POR,8346,1987.0,Kenny Carr,PF,31.0,82.0,57.0,2455.0,17.3,0.5920000000000001,0.009000000000000001,0.51,10.6,27.9,19.3,9.1,1.3,1.1,18.7,21.1,,4.1,2.8,6.7,0.131,,1.2,0.4,1.0,1.9,518.0,923.0,0.561,2.0,6.0,0.33299999999999996,518.0,918.0,0.564,0.561,255.0,367.0,0.746,208.0,434.0,642.0,157.0,68.0,42.0,202.0,306.0,1283.0
