Tm,Unnamed: 0,Year,Player,Pos,Age,G,GS,MP,PER,TS%,3PAr,FTr,ORB%,DRB%,TRB%,AST%,STL%,BLK%,TOV%,USG%,blanl,OWS,DWS,WS,WS/48,blank2,OBPM,DBPM,BPM,VORP,FG,FGA,FG%,3P,3PA,3P%,2P,2PA,2P%,eFG%,FT,FTA,FT%,ORB,DRB,TRB,AST,STL,BLK,TOV,PF,PTS
MIL,5744,1980.0,Kent Benson,C,25.0,82.0,,2132.0,17.3,0.555,0.002,0.307,9.7,20.6,15.1,12.1,2.4,2.9,18.3,19.3,,3.5,2.9,6.4,0.14300000000000002,,1.2,2.7,2.8,2.6,413.0,798.0,0.518,0.0,1.0,0.0,413.0,798.0,0.518,0.518,180.0,245.0,0.735,187.0,397.0,584.0,204.0,89.0,81.0,156.0,280.0,1006.0
TOT,5743,1980.0,Kent Benson,C,25.0,73.0,,1891.0,13.1,0.513,0.008,0.228,7.3,18.3,12.9,12.2,1.8,2.7,18.8,17.4,,0.4,2.7,3.2,0.08,,-1.6,2.1,0.5,1.2,299.0,618.0,0.484,1.0,5.0,0.2,298.0,613.0,0.486,0.485,99.0,141.0,0.7020000000000001,126.0,327.0,453.0,178.0,73.0,92.0,157.0,246.0,698.0
DET,7939,1986.0,Kent Benson,C,31.0,82.0,72.0,2467.0,15.1,0.584,0.021,0.33,9.4,20.9,14.8,13.9,2.0,2.2,19.8,22.2,,2.5,3.0,5.2,0.131,,0.0,2.0,1.9,2.1,405.0,802.0,0.55,3.0,11.0,0.5,402.0,791.0,0.551,0.55,196.0,254.0,0.8220000000000001,219.0,434.0,653.0,172.0,72.0,98.0,190.0,230.0,940.0
UTA,8320,1987.0,Kent Benson,C,32.0,73.0,2.0,895.0,11.7,0.48200000000000004,0.022000000000000002,0.184,9.2,17.7,13.4,6.0,2.0,1.8,11.6,17.1,,0.1,1.6,1.7,0.08900000000000001,,-3.2,1.7,-1.5,0.1,140.0,316.0,0.44299999999999995,2.0,7.0,0.28600000000000003,138.0,309.0,0.447,0.446,47.0,58.0,0.81,80.0,151.0,231.0,39.0,39.0,28.0,45.0,138.0,329.0
CLE,8703,1988.0,Kent Benson,C,33.0,2.0,0.0,12.0,11.8,0.868,0.0,1.0,0.0,9.6,4.9,0.0,4.1,4.9,41.0,17.4,,0.0,0.0,0.0,0.015,,-5.3,2.3,-3.0,0.0,2.0,2.0,1.0,0.0,0.0,,2.0,2.0,1.0,1.0,1.0,2.0,0.5,0.0,1.0,1.0,0.0,1.0,1.0,2.0,2.0,5.0
