Tm,Unnamed: 0,Year,Player,Pos,Age,G,GS,MP,PER,TS%,3PAr,FTr,ORB%,DRB%,TRB%,AST%,STL%,BLK%,TOV%,USG%,blanl,OWS,DWS,WS,WS/48,blank2,OBPM,DBPM,BPM,VORP,FG,FGA,FG%,3P,3PA,3P%,2P,2PA,2P%,eFG%,FT,FTA,FT%,ORB,DRB,TRB,AST,STL,BLK,TOV,PF,PTS
NJN,16809,2004.0,Kenyon Martin,PF,26.0,77.0,77.0,2628.0,18.7,0.528,0.07,0.36200000000000004,7.1,25.3,16.2,13.7,2.3,3.7,14.0,25.0,,1.8,5.3,7.1,0.142,,-0.8,2.9,1.9,2.2,509.0,1082.0,0.488,15.0,67.0,0.28,500.0,1039.0,0.494,0.49200000000000005,256.0,392.0,0.684,164.0,484.0,640.0,192.0,98.0,121.0,192.0,294.0,1283.0
DEN,20881,2011.0,Kenyon Martin,PF,33.0,71.0,71.0,2272.0,17.5,0.5529999999999999,0.063,0.75,10.9,24.7,17.9,13.6,2.3,2.8,19.0,23.4,,2.0,3.6,5.3,0.11699999999999999,,-0.5,2.7,1.8,2.1,444.0,907.0,0.5379999999999999,14.0,38.0,0.368,444.0,895.0,0.544,0.539,199.0,308.0,0.7120000000000001,146.0,404.0,546.0,170.0,100.0,85.0,149.0,235.0,1087.0
LAC,21463,2012.0,Kenyon Martin,PF,34.0,42.0,0.0,940.0,9.9,0.445,0.059000000000000004,0.245,6.1,16.9,11.5,2.9,2.5,3.8,11.6,13.5,,-0.3,1.2,0.9,0.048,,-4.0,2.5,-1.5,0.1,97.0,220.0,0.441,3.0,13.0,0.231,94.0,207.0,0.45399999999999996,0.44799999999999995,20.0,54.0,0.37,49.0,132.0,181.0,18.0,44.0,43.0,32.0,103.0,217.0
NYK,22616,2014.0,Kenyon Martin,PF,36.0,32.0,15.0,633.0,13.9,0.583,0.008,0.43,8.9,18.7,12.9,11.9,2.1,3.8,16.5,13.7,,0.6,0.7,1.2,0.128,,-1.2,3.1,1.1,0.5,63.0,123.0,0.602,0.0,1.0,0.0,63.0,122.0,0.602,0.602,17.0,40.0,0.579,36.0,98.0,134.0,50.0,25.0,27.0,26.0,85.0,137.0
MIL,23230,2015.0,Kenyon Martin,PF,37.0,11.0,0.0,104.0,10.0,0.43700000000000006,0.0,0.091,6.7,14.2,10.5,7.0,2.5,4.9,11.6,11.2,,0.0,0.2,0.2,0.086,,-4.4,3.6,-0.8,0.0,9.0,22.0,0.409,0.0,0.0,,9.0,22.0,0.409,0.409,2.0,2.0,1.0,6.0,13.0,19.0,5.0,5.0,6.0,3.0,13.0,20.0
