Tm,Unnamed: 0,Year,Player,Pos,Age,G,GS,MP,PER,TS%,3PAr,FTr,ORB%,DRB%,TRB%,AST%,STL%,BLK%,TOV%,USG%,blanl,OWS,DWS,WS,WS/48,blank2,OBPM,DBPM,BPM,VORP,FG,FGA,FG%,3P,3PA,3P%,2P,2PA,2P%,eFG%,FT,FTA,FT%,ORB,DRB,TRB,AST,STL,BLK,TOV,PF,PTS
WSB,6945,1983.0,Kevin Grevey,SG,29.0,81.0,62.0,2616.0,15.5,0.524,0.129,0.31,5.9,8.1,7.0,16.2,1.4,0.6,11.2,25.2,,3.4,2.4,5.8,0.107,,1.3,-0.2,1.1,2.1,505.0,1128.0,0.45299999999999996,45.0,136.0,0.395,505.0,1128.0,0.47100000000000003,0.474,244.0,308.0,0.897,124.0,166.0,290.0,300.0,68.0,23.0,159.0,203.0,1289.0
MIL,7670,1985.0,Kevin Grevey,SG,31.0,78.0,6.0,1182.0,13.1,0.516,0.134,0.252,3.8,7.1,5.0,12.1,1.4,0.3,10.5,21.8,,1.0,1.3,2.1,0.105,,-0.7,-1.4,-2.8,-0.2,190.0,424.0,0.451,15.0,53.0,0.28300000000000003,182.0,391.0,0.47700000000000004,0.47,88.0,107.0,0.893,30.0,76.0,103.0,94.0,30.0,4.0,55.0,95.0,476.0
