Tm,Unnamed: 0,Year,Player,Pos,Age,G,GS,MP,PER,TS%,3PAr,FTr,ORB%,DRB%,TRB%,AST%,STL%,BLK%,TOV%,USG%,blanl,OWS,DWS,WS,WS/48,blank2,OBPM,DBPM,BPM,VORP,FG,FGA,FG%,3P,3PA,3P%,2P,2PA,2P%,eFG%,FT,FTA,FT%,ORB,DRB,TRB,AST,STL,BLK,TOV,PF,PTS
KCK,7393,1984.0,Kevin Loder,SF,24.0,71.0,13.0,1139.0,12.9,0.498,0.07,0.302,6.6,12.8,9.6,14.1,1.6,2.1,18.4,20.2,,0.4,1.1,1.5,0.062,,-1.6,-0.2,-1.9,0.0,208.0,448.0,0.46399999999999997,5.0,11.0,0.556,208.0,437.0,0.47600000000000003,0.46799999999999997,77.0,107.0,0.72,69.0,126.0,195.0,88.0,35.0,30.0,68.0,147.0,493.0
SDC,7394,1984.0,Kevin Loder,SF,24.0,1.0,0.0,4.0,-3.9,,,,0.0,0.0,0.0,0.0,0.0,0.0,,0.0,,0.0,0.0,0.0,-0.018000000000000002,,-5.3,-0.1,-5.3,0.0,0.0,0.0,,0.0,0.0,,0.0,0.0,,,0.0,0.0,,0.0,0.0,0.0,0.0,0.0,0.0,0.0,1.0,0.0
TOT,7392,1984.0,Kevin Loder,SF,24.0,11.0,0.0,137.0,9.5,0.493,0.07,0.302,5.7,9.3,7.5,13.7,1.0,2.1,18.4,17.5,,0.0,0.1,0.1,0.023,,-3.2,-0.2,-3.4,0.0,19.0,43.0,0.442,1.0,3.0,0.33299999999999996,18.0,40.0,0.45,0.45299999999999996,9.0,13.0,0.6920000000000001,7.0,11.0,18.0,14.0,3.0,5.0,11.0,16.0,48.0
