Tm,Unnamed: 0,Year,Player,Pos,Age,G,GS,MP,PER,TS%,3PAr,FTr,ORB%,DRB%,TRB%,AST%,STL%,BLK%,TOV%,USG%,blanl,OWS,DWS,WS,WS/48,blank2,OBPM,DBPM,BPM,VORP,FG,FGA,FG%,3P,3PA,3P%,2P,2PA,2P%,eFG%,FT,FTA,FT%,ORB,DRB,TRB,AST,STL,BLK,TOV,PF,PTS
DET,2021,1964.0,Kevin Loughery,SG,23.0,57.0,,845.0,9.5,0.41200000000000003,,0.252,,,,,,,,,,0.0,0.6,0.0,-0.017,,,,,,146.0,397.0,0.368,,,,146.0,397.0,0.368,0.368,71.0,100.0,0.71,,,109.0,104.0,,,,135.0,363.0
BAL,3439,1972.0,Kevin Loughery,SG,31.0,82.0,,3135.0,15.9,0.49700000000000005,,0.47100000000000003,,,5.6,24.2,,,,,,4.0,3.9,8.0,0.122,,,,,,717.0,1636.0,0.441,,,,717.0,1636.0,0.441,0.441,372.0,463.0,0.8490000000000001,,,349.0,384.0,,,,320.0,1806.0
TOT,3438,1972.0,Kevin Loughery,SG,31.0,76.0,,1771.0,14.0,0.49700000000000005,,0.396,,,4.7,15.5,,,,,,1.7,1.2,2.9,0.08,,,,,,341.0,809.0,0.42200000000000004,,,,341.0,809.0,0.42200000000000004,0.42200000000000004,263.0,320.0,0.8220000000000001,,,183.0,196.0,,,,213.0,945.0
PHI,3713,1973.0,Kevin Loughery,SG,32.0,74.0,,1729.0,14.2,0.501,,0.39399999999999996,,,5.3,22.1,,,,,,1.9,1.2,3.1,0.085,,,,,,337.0,792.0,0.426,,,,337.0,792.0,0.426,0.426,258.0,312.0,0.8270000000000001,,,178.0,188.0,,,,208.0,932.0
