Tm,Unnamed: 0,Year,Player,Pos,Age,G,GS,MP,PER,TS%,3PAr,FTr,ORB%,DRB%,TRB%,AST%,STL%,BLK%,TOV%,USG%,blanl,OWS,DWS,WS,WS/48,blank2,OBPM,DBPM,BPM,VORP,FG,FGA,FG%,3P,3PA,3P%,2P,2PA,2P%,eFG%,FT,FTA,FT%,ORB,DRB,TRB,AST,STL,BLK,TOV,PF,PTS
CLE,8828,1988.0,Kevin Henderson,SG,23.0,5.0,0.0,20.0,9.1,0.43799999999999994,0.0,2.4,18.1,5.7,11.8,13.6,0.0,0.0,16.3,26.2,,0.0,0.0,0.0,-0.039,,-2.7,-4.0,-6.7,0.0,2.0,5.0,0.4,0.0,0.0,,2.0,5.0,0.4,0.4,5.0,12.0,0.41700000000000004,3.0,1.0,4.0,2.0,0.0,0.0,2.0,2.0,9.0
GSW,8827,1988.0,Kevin Henderson,SG,23.0,12.0,2.0,170.0,6.4,0.45,0.021,0.292,3.8,7.4,5.6,29.6,2.2,0.0,31.1,16.5,,0.0,0.1,0.0,-0.011000000000000001,,-4.9,-1.5,-6.4,-0.1,19.0,48.0,0.396,0.0,1.0,0.0,19.0,47.0,0.40399999999999997,0.396,10.0,14.0,1.0,6.0,11.0,17.0,21.0,8.0,0.0,15.0,24.0,48.0
TOT,8826,1988.0,Kevin Henderson,SG,23.0,17.0,2.0,190.0,6.7,0.442,0.019,0.491,5.3,7.2,6.2,15.9,2.0,0.0,20.9,17.5,,-0.2,0.1,-0.2,-0.045,,-4.7,-1.8,-6.4,-0.2,21.0,53.0,0.396,0.0,1.0,0.0,21.0,52.0,0.40399999999999997,0.396,15.0,26.0,0.5770000000000001,9.0,12.0,21.0,23.0,8.0,0.0,17.0,26.0,57.0
