Tm,Unnamed: 0,Year,Player,Pos,Age,G,GS,MP,PER,TS%,3PAr,FTr,ORB%,DRB%,TRB%,AST%,STL%,BLK%,TOV%,USG%,blanl,OWS,DWS,WS,WS/48,blank2,OBPM,DBPM,BPM,VORP,FG,FGA,FG%,3P,3PA,3P%,2P,2PA,2P%,eFG%,FT,FTA,FT%,ORB,DRB,TRB,AST,STL,BLK,TOV,PF,PTS
MIA,12170,1995.0,Khalid Reeves,PG,22.0,67.0,17.0,1462.0,16.9,0.561,0.368,0.42200000000000004,4.1,11.0,7.5,30.2,2.7,0.5,19.3,20.6,,2.1,1.4,3.5,0.115,,2.1,-0.6,1.6,1.3,206.0,465.0,0.44299999999999995,67.0,171.0,0.392,139.0,294.0,0.473,0.515,140.0,196.0,0.7140000000000001,52.0,134.0,186.0,288.0,77.0,10.0,132.0,139.0,619.0
CHH,12676,1996.0,Khalid Reeves,PG,23.0,20.0,5.0,418.0,15.1,0.5770000000000001,0.305,0.43200000000000005,3.1,8.6,5.8,26.4,2.0,0.2,17.6,18.4,,0.8,0.2,1.0,0.111,,1.1,-2.1,-1.0,0.1,54.0,118.0,0.45799999999999996,11.0,36.0,0.306,43.0,82.0,0.524,0.504,43.0,51.0,0.843,11.0,29.0,40.0,72.0,16.0,1.0,30.0,46.0,162.0
NJN,13257,1997.0,Khalid Reeves,PG,24.0,50.0,18.0,1048.0,12.1,0.528,0.535,0.284,2.1,8.7,5.2,26.1,2.7,0.5,21.2,19.3,,1.2,0.5,1.3,0.06,,0.6,-0.3,-3.1,-0.1,141.0,359.0,0.39299999999999996,76.0,192.0,0.396,65.0,167.0,0.444,0.499,56.0,75.0,0.747,22.0,66.0,88.0,170.0,23.0,7.0,82.0,119.0,414.0
TOT,13256,1997.0,Khalid Reeves,PG,24.0,63.0,30.0,1432.0,11.1,0.53,0.483,0.361,2.5,8.6,5.5,25.6,2.3,0.5,19.3,18.7,,0.9,0.6,1.2,0.064,,-0.3,-1.3,-2.0,0.0,184.0,470.0,0.419,83.0,227.0,0.366,101.0,243.0,0.493,0.48,65.0,87.0,0.747,34.0,85.0,119.0,226.0,37.0,9.0,108.0,159.0,516.0
DAL,13783,1998.0,Khalid Reeves,PG,25.0,82.0,54.0,1950.0,13.1,0.522,0.315,0.359,3.6,7.6,5.3,24.4,2.2,0.4,18.3,19.2,,1.5,1.0,2.5,0.062,,-0.5,-1.6,-2.1,-0.1,248.0,593.0,0.418,56.0,152.0,0.368,192.0,441.0,0.474,0.465,165.0,213.0,0.775,54.0,131.0,185.0,230.0,80.0,10.0,130.0,195.0,717.0
DET,14336,1999.0,Khalid Reeves,PG,26.0,11.0,0.0,112.0,6.8,0.46,0.14300000000000002,0.667,3.3,4.4,3.8,15.9,2.0,0.0,20.5,14.5,,0.0,0.1,0.1,0.025,,-3.3,-1.6,-5.0,-0.1,8.0,21.0,0.381,1.0,3.0,0.33299999999999996,7.0,18.0,0.389,0.405,8.0,14.0,0.5710000000000001,3.0,4.0,7.0,11.0,4.0,0.0,7.0,13.0,25.0
CHI,14847,2000.0,Khalid Reeves,PG,27.0,3.0,0.0,48.0,7.8,0.387,0.25,0.41700000000000004,4.8,5.0,4.9,46.3,2.2,0.0,29.7,19.3,,-0.1,0.0,0.0,-0.046,,-5.1,-4.5,-9.6,-0.1,3.0,12.0,0.25,0.0,3.0,0.0,3.0,9.0,0.33299999999999996,0.25,5.0,5.0,1.0,2.0,2.0,4.0,13.0,2.0,0.0,6.0,8.0,11.0
