Tm,Unnamed: 0,Year,Player,Pos,Age,G,GS,MP,PER,TS%,3PAr,FTr,ORB%,DRB%,TRB%,AST%,STL%,BLK%,TOV%,USG%,blanl,OWS,DWS,WS,WS/48,blank2,OBPM,DBPM,BPM,VORP,FG,FGA,FG%,3P,3PA,3P%,2P,2PA,2P%,eFG%,FT,FTA,FT%,ORB,DRB,TRB,AST,STL,BLK,TOV,PF,PTS
NYN,4802,1977.0,Kim Hughes,C,24.0,81.0,,2081.0,9.8,0.418,,0.195,8.8,19.2,13.7,6.6,2.7,3.2,,,,-1.4,3.7,2.3,0.053,,-4.6,4.6,0.0,1.0,151.0,354.0,0.42700000000000005,,,,151.0,354.0,0.42700000000000005,0.42700000000000005,19.0,69.0,0.275,189.0,375.0,564.0,98.0,122.0,119.0,,308.0,321.0
NJN,5169,1978.0,Kim Hughes,C,25.0,56.0,,854.0,6.8,0.35600000000000004,,0.18100000000000002,10.3,17.3,13.6,5.4,2.5,3.0,24.8,9.9,,-1.0,1.3,0.4,0.021,,-4.5,3.6,-0.9,0.2,57.0,160.0,0.35600000000000004,,,,57.0,160.0,0.35600000000000004,0.35600000000000004,9.0,29.0,0.31,95.0,145.0,240.0,38.0,49.0,49.0,57.0,163.0,123.0
CLE,6231,1981.0,Kim Hughes,C,28.0,45.0,,331.0,4.4,0.35600000000000004,0.0,0.0,9.2,16.9,12.9,8.5,2.4,3.6,42.3,9.5,,-0.7,0.4,-0.3,-0.038,,-6.3,3.7,-2.6,-0.1,16.0,45.0,0.35600000000000004,0.0,0.0,,16.0,45.0,0.35600000000000004,0.35600000000000004,0.0,0.0,,29.0,48.0,77.0,24.0,17.0,21.0,33.0,73.0,32.0
DEN,6230,1981.0,Kim Hughes,C,28.0,81.0,,1208.0,11.7,0.53,0.0,0.247,11.9,21.2,16.1,8.5,3.0,4.9,29.8,9.9,,0.6,2.1,2.2,0.098,,-1.9,4.7,2.5,1.1,102.0,202.0,0.5379999999999999,0.0,0.0,,102.0,202.0,0.5379999999999999,0.5379999999999999,18.0,45.0,0.5,125.0,223.0,335.0,74.0,66.0,102.0,78.0,215.0,219.0
TOT,6229,1981.0,Kim Hughes,C,28.0,53.0,,490.0,6.3,0.38799999999999996,0.0,0.028999999999999998,10.1,18.0,13.9,8.3,2.6,3.9,38.3,9.2,,-0.7,0.6,-0.1,-0.006999999999999999,,-5.0,4.0,-0.9,0.1,27.0,70.0,0.386,0.0,0.0,,27.0,70.0,0.386,0.386,1.0,2.0,0.5,48.0,79.0,127.0,35.0,28.0,35.0,44.0,106.0,55.0
