Tm,Unnamed: 0,Year,Player,Pos,Age,G,GS,MP,PER,TS%,3PAr,FTr,ORB%,DRB%,TRB%,AST%,STL%,BLK%,TOV%,USG%,blanl,OWS,DWS,WS,WS/48,blank2,OBPM,DBPM,BPM,VORP,FG,FGA,FG%,3P,3PA,3P%,2P,2PA,2P%,eFG%,FT,FTA,FT%,ORB,DRB,TRB,AST,STL,BLK,TOV,PF,PTS
CHI,14586,2000.0,Kornel David,SF,28.0,50.0,6.0,902.0,13.6,0.528,0.02,0.457,8.8,14.2,11.3,8.6,1.6,1.4,15.4,20.9,,1.0,0.7,1.7,0.09,,-2.4,-0.5,-2.9,-0.2,109.0,243.0,0.449,0.0,3.0,0.0,109.0,242.0,0.45,0.449,90.0,111.0,0.8109999999999999,70.0,103.0,173.0,40.0,23.0,17.0,48.0,88.0,308.0
CLE,14587,2000.0,Kornel David,SF,28.0,6.0,0.0,31.0,16.9,0.511,0.0,0.444,14.2,14.6,14.4,5.2,6.5,2.3,15.7,17.9,,0.0,0.1,0.1,0.154,,-1.0,3.8,2.8,0.0,4.0,9.0,0.444,0.0,0.0,,4.0,9.0,0.444,0.444,3.0,4.0,0.75,4.0,4.0,8.0,1.0,4.0,1.0,2.0,7.0,11.0
DET,15079,2001.0,Kornel David,SF,29.0,10.0,0.0,69.0,12.2,0.455,0.0,0.0,9.1,20.6,14.7,7.4,2.9,1.0,15.4,16.3,,0.0,0.1,0.1,0.067,,-4.0,1.4,-2.6,0.0,10.0,22.0,0.455,0.0,0.0,,10.0,22.0,0.455,0.455,0.0,0.0,,6.0,13.0,19.0,3.0,4.0,1.0,4.0,8.0,20.0
TOR,15078,2001.0,Kornel David,SF,29.0,17.0,0.0,140.0,11.9,0.605,0.0,0.44799999999999995,7.1,19.8,13.3,4.4,0.8,1.5,16.8,13.3,,0.2,0.1,0.3,0.12,,-2.6,-0.9,-3.5,-0.1,15.0,29.0,0.517,0.0,0.0,,15.0,29.0,0.517,0.517,12.0,13.0,0.9229999999999999,9.0,24.0,33.0,4.0,2.0,3.0,7.0,20.0,42.0
TOT,15077,2001.0,Kornel David,SF,29.0,32.0,5.0,474.0,12.0,0.547,0.019,0.35700000000000004,7.8,20.1,13.8,7.0,1.9,1.3,16.2,20.7,,0.2,0.4,0.4,0.102,,-3.0,-0.1,-3.2,-0.1,67.0,157.0,0.49,0.0,3.0,0.0,67.0,154.0,0.49,0.49,45.0,56.0,0.9229999999999999,26.0,55.0,81.0,17.0,17.0,4.0,33.0,56.0,179.0
