Tm,Unnamed: 0,Year,Player,Pos,Age,G,GS,MP,PER,TS%,3PAr,FTr,ORB%,DRB%,TRB%,AST%,STL%,BLK%,TOV%,USG%,blanl,OWS,DWS,WS,WS/48,blank2,OBPM,DBPM,BPM,VORP,FG,FGA,FG%,3P,3PA,3P%,2P,2PA,2P%,eFG%,FT,FTA,FT%,ORB,DRB,TRB,AST,STL,BLK,TOV,PF,PTS
UTA,20239,2010.0,Kosta Koufos,C,20.0,48.0,7.0,565.0,15.2,0.54,0.0,0.319,11.3,19.4,15.5,5.7,1.1,4.3,21.9,18.5,,0.6,0.7,1.3,0.11199999999999999,,-2.3,0.7,-1.6,0.1,94.0,185.0,0.508,0.0,0.0,,94.0,185.0,0.508,0.508,36.0,51.0,0.706,50.0,88.0,138.0,20.0,12.0,31.0,26.0,70.0,224.0
MIN,20850,2011.0,Kosta Koufos,C,21.0,39.0,1.0,336.0,10.4,0.447,0.019,0.222,13.5,18.7,16.0,3.2,1.2,4.5,17.4,18.2,,-0.3,0.3,0.0,-0.004,,-5.5,-0.3,-5.8,-0.3,47.0,108.0,0.435,0.0,2.0,0.0,47.0,106.0,0.44299999999999995,0.435,12.0,24.0,0.5,42.0,55.0,97.0,7.0,8.0,20.0,25.0,50.0,106.0
TOT,20849,2011.0,Kosta Koufos,C,21.0,50.0,2.0,434.0,12.6,0.474,0.013000000000000001,0.287,14.6,19.1,16.8,2.5,1.1,4.4,15.5,19.9,,-0.2,0.4,0.2,0.027000000000000003,,-5.1,-1.5,-6.7,-0.5,68.0,150.0,0.45299999999999996,0.0,2.0,0.0,68.0,148.0,0.45899999999999996,0.45299999999999996,24.0,43.0,0.5579999999999999,57.0,73.0,130.0,7.0,10.0,25.0,31.0,59.0,160.0
DEN,21977,2013.0,Kosta Koufos,C,23.0,81.0,81.0,1817.0,20.3,0.608,0.002,0.452,18.2,23.3,19.4,2.9,1.5,4.4,13.2,25.6,,3.9,2.5,6.5,0.171,,0.4,1.1,1.5,1.6,295.0,508.0,0.599,0.0,1.0,0.0,295.0,507.0,0.599,0.599,58.0,104.0,0.632,211.0,351.0,562.0,32.0,44.0,103.0,53.0,246.0,648.0
MEM,23197,2015.0,Kosta Koufos,C,25.0,81.0,22.0,1349.0,16.5,0.53,0.0,0.237,14.0,25.8,18.4,4.7,1.3,4.4,14.9,19.4,,1.3,2.5,3.5,0.124,,-2.1,1.9,-0.9,0.4,227.0,459.0,0.508,0.0,0.0,,227.0,459.0,0.508,0.508,60.0,93.0,0.647,160.0,305.0,426.0,39.0,32.0,71.0,69.0,182.0,514.0
SAC,24400,2017.0,Kosta Koufos,C,27.0,78.0,62.0,1482.0,15.1,0.56,0.003,0.23399999999999999,12.4,22.9,16.4,5.3,1.3,3.8,12.7,15.4,,2.1,1.4,3.5,0.113,,-1.6,0.7,-1.2,0.3,236.0,444.0,0.551,0.0,1.0,0.0,236.0,444.0,0.552,0.551,57.0,104.0,0.613,169.0,285.0,423.0,47.0,40.0,70.0,61.0,185.0,529.0
