Tm,Unnamed: 0,Year,Player,Pos,Age,G,GS,MP,PER,TS%,3PAr,FTr,ORB%,DRB%,TRB%,AST%,STL%,BLK%,TOV%,USG%,blanl,OWS,DWS,WS,WS/48,blank2,OBPM,DBPM,BPM,VORP,FG,FGA,FG%,3P,3PA,3P%,2P,2PA,2P%,eFG%,FT,FTA,FT%,ORB,DRB,TRB,AST,STL,BLK,TOV,PF,PTS
BOS,21967,2013.0,Kris Joseph,SF,24.0,6.0,0.0,24.0,-3.2,0.27399999999999997,0.182,0.364,5.1,19.1,12.3,6.2,0.0,0.0,13.6,29.1,,-0.2,0.0,-0.1,-0.275,,-14.2,-5.0,-19.2,-0.1,2.0,11.0,0.182,0.0,2.0,0.0,2.0,9.0,0.222,0.182,3.0,4.0,0.75,1.0,4.0,5.0,1.0,0.0,0.0,2.0,2.0,7.0
BRK,21968,2013.0,Kris Joseph,SF,24.0,4.0,0.0,30.0,3.7,0.21,0.33299999999999996,1.3330000000000002,0.0,7.9,3.9,0.0,5.4,0.0,0.0,7.3,,-0.1,0.0,0.0,-0.008,,-5.9,2.4,-3.5,0.0,0.0,3.0,0.0,0.0,1.0,0.0,0.0,2.0,0.0,0.0,2.0,4.0,0.5,0.0,2.0,2.0,0.0,3.0,0.0,0.0,1.0,2.0
TOT,21966,2013.0,Kris Joseph,SF,24.0,10.0,0.0,54.0,0.6,0.257,0.214,0.5710000000000001,2.3,12.9,7.7,2.8,3.0,0.0,10.2,17.0,,-0.2,0.1,-0.1,-0.127,,-9.6,-0.9,-10.5,-0.1,2.0,14.0,0.14300000000000002,0.0,3.0,0.0,2.0,11.0,0.182,0.14300000000000002,5.0,8.0,0.625,1.0,6.0,7.0,1.0,3.0,0.0,2.0,3.0,9.0
