Tm,Unnamed: 0,Year,Player,Pos,Age,G,GS,MP,PER,TS%,3PAr,FTr,ORB%,DRB%,TRB%,AST%,STL%,BLK%,TOV%,USG%,blanl,OWS,DWS,WS,WS/48,blank2,OBPM,DBPM,BPM,VORP,FG,FGA,FG%,3P,3PA,3P%,2P,2PA,2P%,eFG%,FT,FTA,FT%,ORB,DRB,TRB,AST,STL,BLK,TOV,PF,PTS
PHO,7744,1985.0,Kyle Macy,PG,27.0,82.0,72.0,2845.0,16.1,0.578,0.146,0.24100000000000002,3.4,8.1,5.1,25.3,2.4,0.2,14.7,18.0,,5.4,3.8,9.2,0.168,,1.9,0.4,2.3,3.1,486.0,945.0,0.517,39.0,100.0,0.39,447.0,845.0,0.547,0.535,152.0,169.0,0.907,78.0,183.0,261.0,384.0,143.0,9.0,125.0,185.0,1163.0
CHI,8119,1986.0,Kyle Macy,PG,28.0,82.0,79.0,2426.0,12.3,0.557,0.23800000000000002,0.152,1.8,6.6,4.1,24.3,1.6,0.3,15.6,12.6,,3.6,0.3,3.9,0.077,,1.1,-2.1,-1.0,0.6,286.0,592.0,0.483,58.0,141.0,0.41100000000000003,228.0,451.0,0.506,0.532,73.0,90.0,0.8109999999999999,41.0,137.0,178.0,446.0,81.0,11.0,117.0,201.0,703.0
IND,8491,1987.0,Kyle Macy,PG,29.0,76.0,0.0,1250.0,11.7,0.524,0.135,0.12,2.1,7.8,4.9,21.4,2.3,0.3,13.9,13.9,,1.0,1.4,2.4,0.091,,-1.4,-0.3,-1.7,0.1,164.0,341.0,0.48100000000000004,14.0,46.0,0.304,150.0,295.0,0.508,0.501,34.0,41.0,0.8290000000000001,25.0,88.0,113.0,197.0,59.0,7.0,58.0,136.0,376.0
