Tm,Unnamed: 0,Year,Player,Pos,Age,G,GS,MP,PER,TS%,3PAr,FTr,ORB%,DRB%,TRB%,AST%,STL%,BLK%,TOV%,USG%,blanl,OWS,DWS,WS,WS/48,blank2,OBPM,DBPM,BPM,VORP,FG,FGA,FG%,3P,3PA,3P%,2P,2PA,2P%,eFG%,FT,FTA,FT%,ORB,DRB,TRB,AST,STL,BLK,TOV,PF,PTS
SAC,11763,1994.0,LaBradford Smith,SG,24.0,59.0,2.0,829.0,10.8,0.47600000000000003,0.20800000000000002,0.222,3.7,6.3,5.0,18.9,2.2,0.3,13.4,18.6,,0.1,0.4,0.5,0.031,,-1.7,-1.9,-3.6,-0.3,116.0,288.0,0.40299999999999997,21.0,60.0,0.35,95.0,228.0,0.41700000000000004,0.439,48.0,64.0,0.75,29.0,47.0,76.0,104.0,37.0,4.0,49.0,88.0,301.0
TOT,11761,1994.0,LaBradford Smith,SG,24.0,66.0,2.0,877.0,11.6,0.484,0.196,0.275,4.2,6.4,5.3,18.7,2.2,0.4,12.7,18.9,,0.4,0.4,0.8,0.045,,-1.3,-1.9,-3.2,-0.3,124.0,306.0,0.405,21.0,60.0,0.35,103.0,246.0,0.419,0.44,63.0,84.0,0.75,34.0,50.0,84.0,109.0,40.0,5.0,50.0,96.0,332.0
WSB,11762,1994.0,LaBradford Smith,SG,24.0,69.0,33.0,1546.0,25.5,0.578,0.085,1.111,12.0,8.1,9.7,19.8,3.1,1.3,18.9,24.9,,0.3,0.7,0.8,0.28300000000000003,,5.6,-0.4,3.6,0.1,261.0,570.0,0.45799999999999996,8.0,23.0,0.348,253.0,547.0,0.46299999999999997,0.465,109.0,127.0,0.858,30.0,80.0,106.0,186.0,58.0,9.0,103.0,178.0,639.0
