Tm,Unnamed: 0,Year,Player,Pos,Age,G,GS,MP,PER,TS%,3PAr,FTr,ORB%,DRB%,TRB%,AST%,STL%,BLK%,TOV%,USG%,blanl,OWS,DWS,WS,WS/48,blank2,OBPM,DBPM,BPM,VORP,FG,FGA,FG%,3P,3PA,3P%,2P,2PA,2P%,eFG%,FT,FTA,FT%,ORB,DRB,TRB,AST,STL,BLK,TOV,PF,PTS
POR,22875,2015.0,LaMarcus Aldridge,PF,29.0,81.0,81.0,3211.0,22.8,0.56,0.07400000000000001,0.314,12.6,25.5,16.5,13.2,1.4,4.2,9.5,30.2,,7.6,3.7,11.1,0.16899999999999998,,2.7,0.7,2.4,3.5,707.0,1423.0,0.512,37.0,105.0,0.35200000000000004,703.0,1408.0,0.516,0.513,351.0,444.0,0.845,278.0,599.0,765.0,192.0,82.0,94.0,153.0,240.0,1769.0
SAS,24104,2017.0,LaMarcus Aldridge,PF,31.0,74.0,74.0,2335.0,22.4,0.565,0.053,0.289,9.2,22.2,15.9,9.9,1.0,3.1,7.8,25.9,,5.6,4.5,10.1,0.215,,0.7,1.4,1.8,2.2,536.0,1049.0,0.513,23.0,56.0,0.41100000000000003,536.0,1029.0,0.521,0.513,259.0,302.0,0.858,176.0,456.0,632.0,139.0,46.0,89.0,99.0,158.0,1331.0
