Tm,Unnamed: 0,Year,Player,Pos,Age,G,GS,MP,PER,TS%,3PAr,FTr,ORB%,DRB%,TRB%,AST%,STL%,BLK%,TOV%,USG%,blanl,OWS,DWS,WS,WS/48,blank2,OBPM,DBPM,BPM,VORP,FG,FGA,FG%,3P,3PA,3P%,2P,2PA,2P%,eFG%,FT,FTA,FT%,ORB,DRB,TRB,AST,STL,BLK,TOV,PF,PTS
MIA,16876,2004.0,Lamar Odom,PF,24.0,80.0,80.0,3003.0,18.5,0.516,0.182,0.406,6.1,24.2,15.1,20.6,1.5,1.9,15.1,24.5,,3.6,4.8,8.4,0.134,,1.1,2.2,3.2,4.0,485.0,1127.0,0.43,61.0,205.0,0.298,424.0,922.0,0.46,0.457,340.0,458.0,0.742,160.0,616.0,776.0,327.0,85.0,71.0,236.0,273.0,1371.0
LAL,20933,2011.0,Lamar Odom,PF,31.0,82.0,80.0,3221.0,19.4,0.589,0.267,0.41600000000000004,8.7,26.5,17.3,22.4,1.7,3.3,16.8,20.8,,6.1,4.9,10.1,0.184,,2.3,3.1,3.8,4.4,473.0,925.0,0.53,80.0,215.0,0.382,405.0,715.0,0.5660000000000001,0.568,229.0,328.0,0.7,197.0,622.0,819.0,443.0,77.0,98.0,213.0,256.0,1186.0
DAL,21507,2012.0,Lamar Odom,SF,32.0,50.0,4.0,1027.0,9.2,0.423,0.318,0.281,4.0,18.7,11.4,12.9,1.0,1.4,11.7,20.1,,-0.9,1.2,0.3,0.013999999999999999,,-3.6,0.5,-3.1,-0.3,123.0,349.0,0.35200000000000004,28.0,111.0,0.252,95.0,238.0,0.39899999999999997,0.39299999999999996,58.0,98.0,0.5920000000000001,36.0,172.0,208.0,83.0,20.0,18.0,52.0,97.0,332.0
LAC,22070,2013.0,Lamar Odom,SF,33.0,82.0,74.0,2836.0,18.9,0.536,0.24600000000000002,0.41,8.8,26.3,17.7,28.6,2.2,3.0,19.5,24.1,,3.2,3.3,6.5,0.111,,2.4,3.8,4.6,4.6,481.0,1046.0,0.46,80.0,253.0,0.36,401.0,860.0,0.506,0.498,302.0,420.0,0.777,159.0,482.0,595.0,392.0,91.0,122.0,264.0,291.0,1304.0
