Tm,Unnamed: 0,Year,Player,Pos,Age,G,GS,MP,PER,TS%,3PAr,FTr,ORB%,DRB%,TRB%,AST%,STL%,BLK%,TOV%,USG%,blanl,OWS,DWS,WS,WS/48,blank2,OBPM,DBPM,BPM,VORP,FG,FGA,FG%,3P,3PA,3P%,2P,2PA,2P%,eFG%,FT,FTA,FT%,ORB,DRB,TRB,AST,STL,BLK,TOV,PF,PTS
DET,10491,1992.0,Lance Blanks,SG,25.0,43.0,0.0,214.0,11.9,0.535,0.29100000000000004,0.23,5.4,8.6,6.6,17.7,3.9,0.6,21.1,17.5,,0.1,0.3,0.4,0.096,,-1.1,1.3,0.2,0.1,26.0,61.0,0.455,6.0,16.0,0.375,24.0,45.0,0.5329999999999999,0.509,10.0,14.0,0.727,9.0,16.0,22.0,26.0,14.0,2.0,18.0,35.0,64.0
MIN,10950,1993.0,Lance Blanks,SG,26.0,61.0,2.0,642.0,8.4,0.491,0.287,0.213,3.4,9.3,6.4,16.9,1.3,0.5,15.9,13.5,,0.0,0.2,0.2,0.013000000000000001,,-2.9,-2.1,-5.0,-0.5,65.0,150.0,0.433,11.0,43.0,0.256,54.0,107.0,0.505,0.47,20.0,32.0,0.625,18.0,50.0,68.0,72.0,16.0,5.0,31.0,61.0,161.0
