Tm,Unnamed: 0,Year,Player,Pos,Age,G,GS,MP,PER,TS%,3PAr,FTr,ORB%,DRB%,TRB%,AST%,STL%,BLK%,TOV%,USG%,blanl,OWS,DWS,WS,WS/48,blank2,OBPM,DBPM,BPM,VORP,FG,FGA,FG%,3P,3PA,3P%,2P,2PA,2P%,eFG%,FT,FTA,FT%,ORB,DRB,TRB,AST,STL,BLK,TOV,PF,PTS
WAS,17499,2005.0,Laron Profit,SG,27.0,42.0,12.0,605.0,11.7,0.489,0.28800000000000003,0.317,6.1,14.2,10.0,23.5,3.1,1.3,23.1,16.9,,0.1,0.4,0.4,0.049,,-1.9,-0.1,-1.9,0.0,56.0,142.0,0.43799999999999994,8.0,28.0,0.28600000000000003,49.0,116.0,0.48,0.469,33.0,45.0,0.733,24.0,52.0,76.0,89.0,36.0,11.0,46.0,44.0,152.0
LAL,18071,2006.0,Laron Profit,SG,28.0,25.0,1.0,279.0,11.8,0.55,0.214,0.28600000000000003,3.4,14.7,9.1,8.8,2.1,1.4,20.2,19.4,,0.0,0.3,0.3,0.05,,-3.7,-0.5,-4.2,-0.2,40.0,84.0,0.47600000000000003,3.0,18.0,0.16699999999999998,37.0,66.0,0.561,0.494,21.0,24.0,0.875,8.0,35.0,43.0,15.0,11.0,5.0,24.0,25.0,104.0
