Tm,Unnamed: 0,Year,Player,Pos,Age,G,GS,MP,PER,TS%,3PAr,FTr,ORB%,DRB%,TRB%,AST%,STL%,BLK%,TOV%,USG%,blanl,OWS,DWS,WS,WS/48,blank2,OBPM,DBPM,BPM,VORP,FG,FGA,FG%,3P,3PA,3P%,2P,2PA,2P%,eFG%,FT,FTA,FT%,ORB,DRB,TRB,AST,STL,BLK,TOV,PF,PTS
GSW,9453,1989.0,Larry Smith,PF,31.0,82.0,78.0,2578.0,15.1,0.591,0.008,0.507,18.3,26.8,21.4,7.6,1.5,1.6,21.1,15.1,,3.7,3.0,6.1,0.113,,0.9,1.9,1.4,2.2,366.0,690.0,0.588,0.0,1.0,0.0,366.0,690.0,0.588,0.588,177.0,301.0,0.605,433.0,561.0,994.0,118.0,78.0,63.0,160.0,316.0,887.0
HOU,10832,1992.0,Larry Smith,PF,34.0,81.0,28.0,1923.0,10.3,0.537,0.011000000000000001,0.258,16.8,22.4,19.6,6.6,2.1,1.3,31.2,9.6,,0.7,3.6,4.4,0.109,,-1.8,3.5,1.6,1.8,128.0,263.0,0.5429999999999999,0.0,2.0,0.0,128.0,263.0,0.5489999999999999,0.5429999999999999,20.0,55.0,0.364,302.0,407.0,709.0,88.0,83.0,28.0,93.0,265.0,268.0
SAS,11275,1993.0,Larry Smith,PF,35.0,66.0,13.0,833.0,7.1,0.44,0.0,0.253,14.8,21.7,18.4,4.3,1.4,1.2,28.7,7.2,,0.0,1.2,1.2,0.069,,-3.0,1.9,-1.1,0.2,38.0,87.0,0.43700000000000006,0.0,0.0,,38.0,87.0,0.43700000000000006,0.43700000000000006,9.0,22.0,0.409,103.0,165.0,268.0,28.0,23.0,16.0,39.0,133.0,85.0
