Tm,Unnamed: 0,Year,Player,Pos,Age,G,GS,MP,PER,TS%,3PAr,FTr,ORB%,DRB%,TRB%,AST%,STL%,BLK%,TOV%,USG%,blanl,OWS,DWS,WS,WS/48,blank2,OBPM,DBPM,BPM,VORP,FG,FGA,FG%,3P,3PA,3P%,2P,2PA,2P%,eFG%,FT,FTA,FT%,ORB,DRB,TRB,AST,STL,BLK,TOV,PF,PTS
WSB,12225,1995.0,Larry Stewart,SF,26.0,81.0,43.0,2229.0,14.5,0.589,0.022000000000000002,1.25,9.3,20.4,11.8,12.0,2.9,1.8,18.5,19.3,,2.9,1.8,4.7,0.10099999999999999,,-0.5,0.4,-0.4,0.9,306.0,590.0,0.5429999999999999,0.0,3.0,0.0,306.0,587.0,0.544,0.5429999999999999,188.0,253.0,0.807,186.0,263.0,449.0,146.0,51.0,44.0,153.0,225.0,796.0
SEA,13335,1997.0,Larry Stewart,SF,28.0,70.0,21.0,982.0,10.8,0.512,0.147,0.369,9.3,11.8,10.5,8.2,1.7,2.0,17.7,16.6,,0.3,1.2,1.6,0.076,,-2.6,0.4,-2.2,0.0,112.0,252.0,0.444,9.0,37.0,0.243,103.0,215.0,0.479,0.462,67.0,93.0,0.72,75.0,96.0,171.0,52.0,31.0,23.0,63.0,108.0,300.0
