Tm,Unnamed: 0,Year,Player,Pos,Age,G,GS,MP,PER,TS%,3PAr,FTr,ORB%,DRB%,TRB%,AST%,STL%,BLK%,TOV%,USG%,blanl,OWS,DWS,WS,WS/48,blank2,OBPM,DBPM,BPM,VORP,FG,FGA,FG%,3P,3PA,3P%,2P,2PA,2P%,eFG%,FT,FTA,FT%,ORB,DRB,TRB,AST,STL,BLK,TOV,PF,PTS
HOU,6763,1982.0,Larry Spriggs,SF,22.0,4.0,0.0,37.0,11.7,0.589,0.0,0.182,5.8,12.4,9.0,15.5,2.7,0.0,25.2,17.6,,0.0,0.0,0.0,0.037000000000000005,,-1.7,0.0,-1.7,0.0,7.0,11.0,0.636,0.0,0.0,,7.0,11.0,0.636,0.636,0.0,2.0,0.0,2.0,4.0,6.0,4.0,2.0,0.0,4.0,7.0,14.0
CHI,7149,1983.0,Larry Spriggs,SF,23.0,9.0,0.0,39.0,15.7,0.455,0.0,0.35,5.5,19.2,12.3,11.3,1.2,2.7,8.0,24.9,,0.0,0.0,0.1,0.069,,-3.2,-1.9,-5.2,0.0,8.0,20.0,0.4,0.0,0.0,,8.0,20.0,0.4,0.4,5.0,7.0,0.7140000000000001,2.0,7.0,9.0,3.0,1.0,2.0,2.0,3.0,21.0
LAL,8214,1986.0,Larry Spriggs,SF,26.0,75.0,32.0,1292.0,11.9,0.598,0.024,0.61,7.5,13.1,10.0,13.3,1.8,1.1,24.6,22.9,,1.2,1.4,2.6,0.095,,-0.3,0.3,-0.1,0.6,194.0,354.0,0.5479999999999999,0.0,3.0,0.0,194.0,351.0,0.5529999999999999,0.5479999999999999,112.0,146.0,0.7759999999999999,77.0,150.0,227.0,132.0,47.0,13.0,115.0,195.0,500.0
