Tm,Unnamed: 0,Year,Player,Pos,Age,G,GS,MP,PER,TS%,3PAr,FTr,ORB%,DRB%,TRB%,AST%,STL%,BLK%,TOV%,USG%,blanl,OWS,DWS,WS,WS/48,blank2,OBPM,DBPM,BPM,VORP,FG,FGA,FG%,3P,3PA,3P%,2P,2PA,2P%,eFG%,FT,FTA,FT%,ORB,DRB,TRB,AST,STL,BLK,TOV,PF,PTS
BOS,3022,1970.0,Larry Siegfried,SG,30.0,79.0,,2560.0,16.5,0.522,,0.43200000000000005,,,,19.5,,,,,,3.7,4.4,6.4,0.166,,,,,,392.0,1031.0,0.442,,,,392.0,1031.0,0.442,0.442,336.0,389.0,0.8809999999999999,,,282.0,370.0,,,,222.0,1120.0
SDR,3257,1971.0,Larry Siegfried,PG,31.0,53.0,,1673.0,11.6,0.474,,0.405,,,5.4,25.5,,,,,,0.6,2.9,3.5,0.10099999999999999,,,,,,146.0,378.0,0.386,,,,146.0,378.0,0.386,0.386,130.0,153.0,0.85,,,207.0,346.0,,,,146.0,422.0
ATL,3516,1972.0,Larry Siegfried,PG,32.0,21.0,,335.0,7.6,0.402,,0.299,,,4.7,19.2,,,,,,-0.3,0.2,-0.1,-0.012,,,,,,25.0,77.0,0.325,,,,25.0,77.0,0.325,0.325,20.0,23.0,0.87,,,32.0,52.0,,,,32.0,70.0
HOU,3515,1972.0,Larry Siegfried,PG,32.0,10.0,,223.0,6.0,0.46,,0.304,,,2.0,10.8,,,,,,0.0,0.2,0.2,0.044000000000000004,,,,,,18.0,46.0,0.391,,,,18.0,46.0,0.391,0.391,12.0,14.0,0.857,,,10.0,20.0,,,,21.0,48.0
TOT,3514,1972.0,Larry Siegfried,PG,32.0,31.0,,558.0,6.9,0.424,,0.301,,,3.6,15.9,,,,,,-0.3,0.4,0.1,0.01,,,,,,43.0,123.0,0.35,,,,43.0,123.0,0.35,0.35,32.0,37.0,0.865,,,42.0,72.0,,,,53.0,118.0
