Tm,Unnamed: 0,Year,Player,Pos,Age,G,GS,MP,PER,TS%,3PAr,FTr,ORB%,DRB%,TRB%,AST%,STL%,BLK%,TOV%,USG%,blanl,OWS,DWS,WS,WS/48,blank2,OBPM,DBPM,BPM,VORP,FG,FGA,FG%,3P,3PA,3P%,2P,2PA,2P%,eFG%,FT,FTA,FT%,ORB,DRB,TRB,AST,STL,BLK,TOV,PF,PTS
BUF,5182,1978.0,Larry Johnson,SG,23.0,4.0,,38.0,8.0,0.21600000000000003,,0.154,2.8,11.2,7.1,23.5,6.1,2.7,17.8,17.7,,-0.2,0.1,-0.1,-0.099,,-6.7,3.8,-2.9,0.0,3.0,13.0,0.231,,,,3.0,13.0,0.231,0.231,0.0,2.0,0.0,1.0,4.0,5.0,7.0,5.0,2.0,3.0,3.0,6.0
CHH,12523,1996.0,Larry Johnson,PF,26.0,82.0,82.0,3323.0,19.8,0.574,0.172,0.46,11.2,20.7,15.9,19.4,1.3,1.0,13.3,22.9,,8.8,3.6,10.1,0.149,,3.6,0.8,3.4,4.6,728.0,1385.0,0.526,81.0,210.0,0.386,710.0,1314.0,0.54,0.532,427.0,564.0,0.8290000000000001,323.0,583.0,899.0,369.0,81.0,51.0,227.0,225.0,1810.0
NYK,15206,2001.0,Larry Johnson,SF,31.0,76.0,76.0,2613.0,15.8,0.57,0.273,0.373,8.7,15.2,10.4,13.5,1.3,1.1,14.4,22.1,,4.0,3.7,7.7,0.14400000000000002,,1.5,1.5,2.5,2.9,429.0,884.0,0.512,58.0,174.0,0.359,414.0,821.0,0.5429999999999999,0.535,214.0,283.0,0.8170000000000001,175.0,293.0,401.0,175.0,64.0,36.0,136.0,249.0,1087.0
