Tm,Unnamed: 0,Year,Player,Pos,Age,G,GS,MP,PER,TS%,3PAr,FTr,ORB%,DRB%,TRB%,AST%,STL%,BLK%,TOV%,USG%,blanl,OWS,DWS,WS,WS/48,blank2,OBPM,DBPM,BPM,VORP,FG,FGA,FG%,3P,3PA,3P%,2P,2PA,2P%,eFG%,FT,FTA,FT%,ORB,DRB,TRB,AST,STL,BLK,TOV,PF,PTS
GSW,10199,1991.0,Les Jepsen,C,23.0,21.0,0.0,105.0,7.7,0.35,0.027999999999999997,0.25,17.8,21.0,19.4,1.2,0.4,1.7,7.0,16.3,,-0.1,0.1,0.0,0.01,,-5.7,-4.2,-9.9,-0.2,11.0,36.0,0.306,0.0,1.0,0.0,11.0,35.0,0.314,0.306,6.0,9.0,0.667,17.0,20.0,37.0,1.0,1.0,3.0,3.0,16.0,28.0
SAC,10656,1992.0,Les Jepsen,C,24.0,31.0,0.0,87.0,10.1,0.433,0.042,0.45799999999999996,14.8,22.4,18.6,1.6,0.6,3.3,9.4,15.3,,0.0,0.1,0.1,0.057,,-5.6,-2.7,-8.3,-0.1,9.0,24.0,0.375,0.0,1.0,0.0,9.0,23.0,0.391,0.375,7.0,11.0,0.636,12.0,18.0,30.0,1.0,1.0,5.0,3.0,17.0,25.0
