Tm,Unnamed: 0,Year,Player,Pos,Age,G,GS,MP,PER,TS%,3PAr,FTr,ORB%,DRB%,TRB%,AST%,STL%,BLK%,TOV%,USG%,blanl,OWS,DWS,WS,WS/48,blank2,OBPM,DBPM,BPM,VORP,FG,FGA,FG%,3P,3PA,3P%,2P,2PA,2P%,eFG%,FT,FTA,FT%,ORB,DRB,TRB,AST,STL,BLK,TOV,PF,PTS
GSW,7035,1983.0,Lewis Lloyd,SG,23.0,73.0,24.0,1350.0,17.1,0.5720000000000001,0.006999999999999999,0.24600000000000002,10.2,15.2,10.4,13.8,2.5,1.3,21.9,27.1,,1.5,1.1,2.6,0.092,,0.1,-0.3,-0.2,0.6,293.0,566.0,0.556,1.0,4.0,0.25,292.0,562.0,0.556,0.556,100.0,139.0,0.7190000000000001,77.0,183.0,260.0,130.0,61.0,31.0,118.0,109.0,687.0
HOU,9784,1990.0,Lewis Lloyd,SG,30.0,82.0,82.0,2578.0,17.7,0.5770000000000001,0.023,0.314,7.6,9.2,8.4,20.6,1.9,0.9,21.6,26.6,,4.5,2.0,6.3,0.124,,2.4,-0.5,1.5,2.2,610.0,1182.0,0.569,3.0,15.0,0.25,607.0,1169.0,0.569,0.569,235.0,298.0,0.843,155.0,169.0,324.0,321.0,102.0,44.0,245.0,216.0,1458.0
PHI,9783,1990.0,Lewis Lloyd,SG,30.0,2.0,0.0,10.0,-20.4,0.5,0.0,0.0,0.0,0.0,0.0,0.0,0.0,0.0,66.7,25.4,,-0.1,0.0,-0.1,-0.5489999999999999,,-19.9,-2.9,-22.9,-0.1,1.0,2.0,0.5,0.0,0.0,,1.0,2.0,0.5,0.5,0.0,0.0,,0.0,0.0,0.0,0.0,0.0,0.0,4.0,3.0,2.0
TOT,9782,1990.0,Lewis Lloyd,SG,30.0,21.0,0.0,123.0,11.6,0.575,0.0,0.302,7.0,8.4,7.7,14.4,1.2,0.0,25.0,26.5,,-0.2,0.1,0.0,-0.012,,-3.7,-2.1,-5.8,-0.1,30.0,53.0,0.5660000000000001,0.0,0.0,,30.0,53.0,0.5660000000000001,0.5660000000000001,9.0,16.0,0.563,8.0,10.0,18.0,11.0,3.0,0.0,20.0,12.0,69.0
