Tm,Unnamed: 0,Year,Player,Pos,Age,G,GS,MP,PER,TS%,3PAr,FTr,ORB%,DRB%,TRB%,AST%,STL%,BLK%,TOV%,USG%,blanl,OWS,DWS,WS,WS/48,blank2,OBPM,DBPM,BPM,VORP,FG,FGA,FG%,3P,3PA,3P%,2P,2PA,2P%,eFG%,FT,FTA,FT%,ORB,DRB,TRB,AST,STL,BLK,TOV,PF,PTS
DEN,19642,2009.0,Linas Kleiza,SF,24.0,82.0,14.0,1889.0,14.4,0.585,0.466,0.46799999999999997,8.7,17.4,13.1,7.5,1.1,1.9,12.9,20.0,,3.1,1.6,4.7,0.11900000000000001,,1.1,-1.7,-0.6,0.7,311.0,659.0,0.47200000000000003,94.0,277.0,0.376,217.0,382.0,0.568,0.5429999999999999,164.0,213.0,0.852,92.0,241.0,333.0,95.0,44.0,19.0,89.0,200.0,880.0
TOR,21974,2013.0,Linas Kleiza,SF,28.0,49.0,23.0,1057.0,12.4,0.521,0.45799999999999996,0.264,4.7,17.2,11.0,7.9,1.2,0.5,13.0,23.1,,0.5,1.0,1.5,0.066,,-0.3,-1.9,-2.2,-0.1,178.0,410.0,0.43799999999999994,62.0,179.0,0.34600000000000003,139.0,275.0,0.505,0.486,81.0,100.0,0.8420000000000001,42.0,157.0,199.0,46.0,23.0,7.0,65.0,119.0,473.0
