Tm,Unnamed: 0,Year,Player,Pos,Age,G,GS,MP,PER,TS%,3PAr,FTr,ORB%,DRB%,TRB%,AST%,STL%,BLK%,TOV%,USG%,blanl,OWS,DWS,WS,WS/48,blank2,OBPM,DBPM,BPM,VORP,FG,FGA,FG%,3P,3PA,3P%,2P,2PA,2P%,eFG%,FT,FTA,FT%,ORB,DRB,TRB,AST,STL,BLK,TOV,PF,PTS
POR,5874,1980.0,Lionel Hollins,PG,26.0,81.0,,2741.0,15.6,0.496,0.047,0.335,3.1,7.3,5.3,23.9,3.5,0.9,20.2,29.4,,1.5,3.7,5.2,0.091,,0.2,0.5,0.5,1.7,531.0,1202.0,0.45399999999999996,1.0,10.0,0.1,531.0,1202.0,0.45399999999999996,0.45399999999999996,223.0,300.0,0.778,81.0,196.0,277.0,380.0,166.0,38.0,241.0,268.0,1285.0
TOT,5873,1980.0,Lionel Hollins,SG-PG,26.0,47.0,,1209.0,10.5,0.449,0.038,0.266,2.7,5.1,3.9,19.0,3.0,0.5,17.9,23.9,,-1.4,1.5,0.1,0.006,,-3.2,-0.8,-4.0,-0.6,212.0,526.0,0.40299999999999997,3.0,20.0,0.15,209.0,506.0,0.413,0.406,101.0,140.0,0.721,29.0,60.0,89.0,162.0,76.0,10.0,128.0,103.0,528.0
PHI,6592,1982.0,Lionel Hollins,SG,28.0,82.0,81.0,2257.0,12.5,0.508,0.032,0.278,3.4,7.3,4.8,21.4,2.7,0.6,21.2,21.1,,0.9,3.1,3.4,0.07200000000000001,,-1.1,0.3,-1.4,0.3,380.0,797.0,0.47700000000000004,2.0,16.0,0.2,378.0,781.0,0.484,0.478,132.0,188.0,0.77,47.0,152.0,191.0,352.0,104.0,20.0,207.0,205.0,894.0
SDC,6967,1983.0,Lionel Hollins,PG,29.0,56.0,54.0,1844.0,12.8,0.47600000000000003,0.028999999999999998,0.25,1.7,6.6,4.0,27.2,2.8,0.4,19.9,21.0,,-0.2,0.8,0.6,0.016,,-1.4,-1.9,-3.3,-0.6,313.0,717.0,0.43700000000000006,3.0,21.0,0.14300000000000002,310.0,696.0,0.445,0.439,129.0,179.0,0.721,30.0,98.0,128.0,373.0,111.0,14.0,198.0,155.0,758.0
DET,7335,1984.0,Lionel Hollins,PG,30.0,32.0,0.0,216.0,10.5,0.429,0.032,0.20600000000000002,1.9,9.2,5.4,34.1,2.8,0.3,25.9,16.5,,-0.2,0.2,0.1,0.013000000000000001,,-4.1,-1.4,-5.5,-0.2,24.0,63.0,0.381,0.0,2.0,0.0,24.0,61.0,0.39299999999999996,0.381,11.0,13.0,0.846,4.0,18.0,22.0,62.0,13.0,1.0,24.0,26.0,59.0
HOU,7682,1985.0,Lionel Hollins,PG,31.0,80.0,60.0,1950.0,11.1,0.508,0.024,0.252,1.9,8.0,5.0,26.2,1.9,0.3,22.1,15.6,,0.7,1.9,2.5,0.062,,-2.0,-0.7,-2.7,-0.3,249.0,540.0,0.461,3.0,13.0,0.231,246.0,527.0,0.467,0.46399999999999997,108.0,136.0,0.794,33.0,140.0,173.0,417.0,78.0,10.0,170.0,187.0,609.0
