Tm,Unnamed: 0,Year,Player,Pos,Age,G,GS,MP,PER,TS%,3PAr,FTr,ORB%,DRB%,TRB%,AST%,STL%,BLK%,TOV%,USG%,blanl,OWS,DWS,WS,WS/48,blank2,OBPM,DBPM,BPM,VORP,FG,FGA,FG%,3P,3PA,3P%,2P,2PA,2P%,eFG%,FT,FTA,FT%,ORB,DRB,TRB,AST,STL,BLK,TOV,PF,PTS
STL,2557,1968.0,Lou Hudson,SG,23.0,80.0,,2446.0,16.1,0.502,,0.32799999999999996,,,,10.4,,,,,,3.4,1.5,4.9,0.11,,,,,,620.0,1328.0,0.467,,,,620.0,1328.0,0.467,0.467,231.0,327.0,0.732,,,435.0,95.0,,,,277.0,1471.0
ATL,4801,1977.0,Lou Hudson,SG,32.0,81.0,,3113.0,19.5,0.5760000000000001,,0.299,4.8,9.0,7.4,17.3,2.7,0.6,,,,9.8,2.4,11.1,0.172,,3.2,-0.4,2.9,3.2,830.0,1713.0,0.531,,,,830.0,1713.0,0.531,0.531,397.0,502.0,0.8420000000000001,126.0,224.0,533.0,309.0,160.0,29.0,,248.0,2039.0
LAL,5532,1979.0,Lou Hudson,SG,34.0,82.0,,2283.0,14.2,0.556,,0.195,4.4,4.7,4.5,11.6,1.9,0.5,12.5,20.9,,2.8,1.3,4.2,0.095,,0.5,-1.5,-1.0,0.6,493.0,992.0,0.517,,,,493.0,992.0,0.517,0.517,137.0,177.0,0.887,80.0,108.0,188.0,193.0,94.0,17.0,150.0,196.0,1123.0
