Tm,Unnamed: 0,Year,Player,Pos,Age,G,GS,MP,PER,TS%,3PAr,FTr,ORB%,DRB%,TRB%,AST%,STL%,BLK%,TOV%,USG%,blanl,OWS,DWS,WS,WS/48,blank2,OBPM,DBPM,BPM,VORP,FG,FGA,FG%,3P,3PA,3P%,2P,2PA,2P%,eFG%,FT,FTA,FT%,ORB,DRB,TRB,AST,STL,BLK,TOV,PF,PTS
DET,12702,1996.0,Lou Roe,SF,23.0,49.0,2.0,372.0,9.0,0.43200000000000005,0.1,0.35600000000000004,10.1,15.0,12.7,6.5,1.5,1.7,14.0,15.5,,-0.1,0.5,0.4,0.053,,-4.4,0.5,-3.8,-0.2,32.0,90.0,0.35600000000000004,2.0,9.0,0.222,30.0,81.0,0.37,0.36700000000000005,24.0,32.0,0.75,30.0,48.0,78.0,15.0,10.0,8.0,17.0,42.0,90.0
GSW,13279,1997.0,Lou Roe,SF,24.0,17.0,0.0,107.0,3.0,0.355,0.22899999999999998,0.396,7.8,7.8,7.8,9.0,1.5,0.7,16.3,28.0,,-0.4,0.0,-0.4,-0.187,,-8.0,-4.4,-12.4,-0.3,14.0,48.0,0.292,3.0,11.0,0.273,11.0,37.0,0.297,0.32299999999999995,9.0,19.0,0.474,7.0,7.0,14.0,6.0,3.0,1.0,11.0,10.0,40.0
