Tm,Unnamed: 0,Year,Player,Pos,Age,G,GS,MP,PER,TS%,3PAr,FTr,ORB%,DRB%,TRB%,AST%,STL%,BLK%,TOV%,USG%,blanl,OWS,DWS,WS,WS/48,blank2,OBPM,DBPM,BPM,VORP,FG,FGA,FG%,3P,3PA,3P%,2P,2PA,2P%,eFG%,FT,FTA,FT%,ORB,DRB,TRB,AST,STL,BLK,TOV,PF,PTS
SEA,2870,1970.0,Lucius Allen,PG,22.0,81.0,,1817.0,13.7,0.495,,0.36,,,,24.5,,,,,,1.2,1.0,2.2,0.059000000000000004,,,,,,306.0,692.0,0.442,,,,306.0,692.0,0.442,0.442,182.0,249.0,0.731,,,211.0,342.0,,,,201.0,794.0
MIL,4105,1975.0,Lucius Allen,PG,27.0,80.0,,2693.0,18.8,0.547,,0.29600000000000004,4.1,8.1,6.2,23.1,2.6,0.5,,,,4.8,3.8,8.2,0.16399999999999998,,3.1,0.4,3.6,3.4,547.0,1130.0,0.505,,,,547.0,1130.0,0.505,0.505,216.0,274.0,0.838,89.0,202.0,291.0,426.0,137.0,22.0,,215.0,1268.0
TOT,4104,1975.0,Lucius Allen,PG,27.0,66.0,,2353.0,17.5,0.483,,0.262,3.7,7.6,5.7,24.6,2.6,0.6,,,,2.0,1.7,3.6,0.07400000000000001,,2.1,-0.7,1.4,2.0,511.0,1170.0,0.43700000000000006,,,,511.0,1170.0,0.43700000000000006,0.43700000000000006,238.0,306.0,0.778,90.0,188.0,278.0,372.0,136.0,29.0,,217.0,1260.0
LAL,4654,1977.0,Lucius Allen,PG,29.0,78.0,,2482.0,17.8,0.501,,0.267,3.9,7.8,5.9,24.9,2.7,0.7,,,,2.8,2.1,4.9,0.094,,2.4,-0.5,1.9,2.0,472.0,1035.0,0.45899999999999996,,,,472.0,1035.0,0.45899999999999996,0.45899999999999996,207.0,269.0,0.7759999999999999,81.0,193.0,251.0,405.0,122.0,28.0,,241.0,1139.0
KCK,5385,1979.0,Lucius Allen,PG,31.0,77.0,,2147.0,13.3,0.488,,0.26,3.6,8.6,6.1,22.8,2.3,0.8,18.7,20.6,,0.7,1.4,2.1,0.046,,-0.7,-0.2,-1.5,0.2,373.0,846.0,0.441,,,,373.0,846.0,0.441,0.441,174.0,220.0,0.7909999999999999,66.0,163.0,229.0,360.0,93.0,28.0,217.0,180.0,920.0
