Tm,Unnamed: 0,Year,Player,Pos,Age,G,GS,MP,PER,TS%,3PAr,FTr,ORB%,DRB%,TRB%,AST%,STL%,BLK%,TOV%,USG%,blanl,OWS,DWS,WS,WS/48,blank2,OBPM,DBPM,BPM,VORP,FG,FGA,FG%,3P,3PA,3P%,2P,2PA,2P%,eFG%,FT,FTA,FT%,ORB,DRB,TRB,AST,STL,BLK,TOV,PF,PTS
DEN,17252,2005.0,Luis Flores,PG,23.0,1.0,0.0,4.0,33.7,0.75,0.5,0.0,29.0,0.0,14.4,0.0,0.0,0.0,0.0,22.3,,0.0,0.0,0.0,0.324,,12.7,-10.5,2.3,0.0,1.0,2.0,0.5,1.0,1.0,1.0,0.0,1.0,0.0,0.75,0.0,0.0,,1.0,0.0,1.0,0.0,0.0,0.0,0.0,0.0,3.0
GSW,17251,2005.0,Luis Flores,PG,23.0,15.0,0.0,73.0,8.8,0.574,0.33299999999999996,0.07400000000000001,0.0,3.1,1.5,25.9,1.4,0.0,28.3,23.5,,-0.1,0.0,-0.1,-0.039,,-4.6,-5.6,-10.2,-0.2,13.0,27.0,0.48100000000000004,4.0,9.0,0.444,9.0,18.0,0.5,0.556,2.0,2.0,1.0,0.0,2.0,2.0,11.0,2.0,0.0,11.0,9.0,32.0
TOT,17250,2005.0,Luis Flores,PG,23.0,16.0,0.0,77.0,10.1,0.586,0.345,0.069,1.5,3.0,2.2,24.5,1.3,0.0,26.9,23.5,,-0.1,0.0,0.0,-0.02,,-3.7,-5.8,-9.6,-0.1,14.0,29.0,0.483,5.0,10.0,0.5,9.0,19.0,0.474,0.569,2.0,2.0,1.0,1.0,2.0,3.0,11.0,2.0,0.0,11.0,9.0,35.0
