Tm,Unnamed: 0,Year,Player,Pos,Age,G,GS,MP,PER,TS%,3PAr,FTr,ORB%,DRB%,TRB%,AST%,STL%,BLK%,TOV%,USG%,blanl,OWS,DWS,WS,WS/48,blank2,OBPM,DBPM,BPM,VORP,FG,FGA,FG%,3P,3PA,3P%,2P,2PA,2P%,eFG%,FT,FTA,FT%,ORB,DRB,TRB,AST,STL,BLK,TOV,PF,PTS
CHI,18105,2006.0,Luke Schenscher,C,23.0,20.0,0.0,149.0,9.3,0.5670000000000001,0.0,0.5,6.2,16.1,11.2,7.3,0.3,1.6,13.6,11.1,,0.1,0.2,0.3,0.095,,-3.3,0.9,-2.4,0.0,16.0,26.0,0.615,0.0,0.0,,16.0,26.0,0.615,0.615,4.0,13.0,0.308,8.0,21.0,29.0,7.0,1.0,3.0,5.0,21.0,36.0
POR,18644,2007.0,Luke Schenscher,C,24.0,11.0,0.0,118.0,3.9,0.364,0.0,0.304,10.3,16.1,13.2,1.3,0.9,2.7,13.3,12.0,,-0.1,0.1,0.0,-0.013000000000000001,,-5.9,-0.8,-6.8,-0.1,7.0,23.0,0.304,0.0,0.0,,7.0,23.0,0.304,0.304,5.0,7.0,0.7140000000000001,10.0,15.0,25.0,1.0,2.0,4.0,4.0,25.0,19.0
