Tm,Unnamed: 0,Year,Player,Pos,Age,G,GS,MP,PER,TS%,3PAr,FTr,ORB%,DRB%,TRB%,AST%,STL%,BLK%,TOV%,USG%,blanl,OWS,DWS,WS,WS/48,blank2,OBPM,DBPM,BPM,VORP,FG,FGA,FG%,3P,3PA,3P%,2P,2PA,2P%,eFG%,FT,FTA,FT%,ORB,DRB,TRB,AST,STL,BLK,TOV,PF,PTS
DET,5437,1979.0,M.L. Carr,SF,28.0,82.0,,3207.0,16.3,0.561,,0.381,8.4,16.4,12.4,10.8,2.8,1.1,17.7,18.9,,4.5,3.4,7.9,0.11800000000000001,,1.8,1.9,3.7,4.6,587.0,1143.0,0.514,,,,587.0,1143.0,0.514,0.514,323.0,435.0,0.743,219.0,420.0,631.0,262.0,197.0,58.0,255.0,287.0,1497.0
BOS,7598,1985.0,M.L. Carr,SF,34.0,82.0,27.0,1994.0,14.6,0.526,0.154,0.316,6.2,12.3,9.2,12.6,2.8,1.5,19.3,20.2,,1.9,3.2,5.2,0.125,,-0.2,1.5,1.3,1.7,362.0,763.0,0.474,12.0,41.0,0.391,350.0,722.0,0.485,0.48200000000000004,178.0,241.0,1.0,106.0,224.0,330.0,156.0,120.0,36.0,143.0,214.0,914.0
