Tm,Unnamed: 0,Year,Player,Pos,Age,G,GS,MP,PER,TS%,3PAr,FTr,ORB%,DRB%,TRB%,AST%,STL%,BLK%,TOV%,USG%,blanl,OWS,DWS,WS,WS/48,blank2,OBPM,DBPM,BPM,VORP,FG,FGA,FG%,3P,3PA,3P%,2P,2PA,2P%,eFG%,FT,FTA,FT%,ORB,DRB,TRB,AST,STL,BLK,TOV,PF,PTS
TOR,18785,2008.0,Maceo Baston,PF,32.0,16.0,2.0,106.0,18.0,0.6970000000000001,0.0,0.48,10.3,21.3,14.9,4.6,2.0,7.3,16.5,15.6,,0.3,0.2,0.4,0.201,,0.4,0.4,0.8,0.1,17.0,25.0,0.68,0.0,0.0,,17.0,25.0,0.68,0.68,10.0,12.0,0.833,9.0,19.0,26.0,3.0,4.0,11.0,6.0,20.0,41.0
IND,19380,2009.0,Maceo Baston,PF,33.0,47.0,2.0,405.0,13.7,0.7140000000000001,0.092,0.618,11.1,15.4,13.2,6.5,1.5,3.4,24.9,14.2,,0.5,0.5,1.1,0.127,,-1.9,1.4,-0.6,0.1,49.0,76.0,0.645,3.0,7.0,0.429,46.0,69.0,0.667,0.664,37.0,47.0,0.787,22.0,53.0,74.0,16.0,12.0,18.0,32.0,65.0,138.0
