Tm,Unnamed: 0,Year,Player,Pos,Age,G,GS,MP,PER,TS%,3PAr,FTr,ORB%,DRB%,TRB%,AST%,STL%,BLK%,TOV%,USG%,blanl,OWS,DWS,WS,WS/48,blank2,OBPM,DBPM,BPM,VORP,FG,FGA,FG%,3P,3PA,3P%,2P,2PA,2P%,eFG%,FT,FTA,FT%,ORB,DRB,TRB,AST,STL,BLK,TOV,PF,PTS
POR,12896,1997.0,Marcus Brown,PG,22.0,21.0,0.0,184.0,12.9,0.523,0.457,0.271,2.7,6.9,4.8,18.0,2.3,0.8,14.2,22.4,,0.2,0.2,0.4,0.105,,-0.1,-1.8,-1.9,0.0,28.0,70.0,0.4,13.0,32.0,0.406,15.0,38.0,0.395,0.493,13.0,19.0,0.684,4.0,11.0,15.0,20.0,8.0,2.0,13.0,26.0,82.0
DET,14533,2000.0,Marcus Brown,SG,25.0,6.0,0.0,45.0,1.1,0.336,0.5,0.14300000000000002,7.7,10.3,9.0,9.8,0.0,0.0,16.8,17.5,,-0.1,0.0,-0.1,-0.095,,-5.0,-3.6,-8.6,-0.1,4.0,14.0,0.28600000000000003,0.0,7.0,0.0,4.0,7.0,0.5710000000000001,0.28600000000000003,2.0,2.0,1.0,3.0,4.0,7.0,3.0,0.0,0.0,3.0,8.0,10.0
