Tm,Unnamed: 0,Year,Player,Pos,Age,G,GS,MP,PER,TS%,3PAr,FTr,ORB%,DRB%,TRB%,AST%,STL%,BLK%,TOV%,USG%,blanl,OWS,DWS,WS,WS/48,blank2,OBPM,DBPM,BPM,VORP,FG,FGA,FG%,3P,3PA,3P%,2P,2PA,2P%,eFG%,FT,FTA,FT%,ORB,DRB,TRB,AST,STL,BLK,TOV,PF,PTS
NYK,19450,2009.0,Mardy Collins,SG,24.0,52.0,9.0,777.0,9.2,0.445,0.20600000000000002,0.391,4.3,11.5,8.0,21.4,2.2,1.0,22.6,18.8,,-0.2,0.6,0.0,0.002,,-3.1,-0.5,-3.7,-0.1,87.0,228.0,0.382,13.0,47.0,0.27699999999999997,74.0,181.0,0.409,0.41,48.0,82.0,0.605,28.0,76.0,104.0,89.0,32.0,8.0,57.0,75.0,235.0
TOT,19449,2009.0,Mardy Collins,PG-SG,24.0,48.0,14.0,890.0,9.5,0.47,0.126,0.18600000000000003,3.9,10.1,6.9,19.8,1.8,0.8,17.8,16.6,,-0.5,0.4,-0.1,-0.003,,-3.6,-0.7,-4.2,-0.5,105.0,247.0,0.425,13.0,31.0,0.419,92.0,216.0,0.426,0.451,28.0,46.0,0.609,31.0,76.0,107.0,111.0,31.0,10.0,58.0,80.0,251.0
LAC,20031,2010.0,Mardy Collins,SG,25.0,43.0,14.0,815.0,9.9,0.48100000000000004,0.133,0.165,4.0,10.2,7.0,19.9,2.5,0.9,18.9,16.4,,-0.3,0.4,0.1,0.004,,-3.3,-0.4,-3.8,-0.4,97.0,224.0,0.433,13.0,28.0,0.46399999999999997,84.0,196.0,0.429,0.462,24.0,37.0,0.649,29.0,70.0,99.0,101.0,29.0,10.0,53.0,73.0,231.0
