Tm,Unnamed: 0,Year,Player,Pos,Age,G,GS,MP,PER,TS%,3PAr,FTr,ORB%,DRB%,TRB%,AST%,STL%,BLK%,TOV%,USG%,blanl,OWS,DWS,WS,WS/48,blank2,OBPM,DBPM,BPM,VORP,FG,FGA,FG%,3P,3PA,3P%,2P,2PA,2P%,eFG%,FT,FTA,FT%,ORB,DRB,TRB,AST,STL,BLK,TOV,PF,PTS
MEM,23608,2016.0,Mario Chalmers,PG,29.0,55.0,7.0,1253.0,18.0,0.57,0.335,0.604,2.0,11.4,6.5,27.0,3.3,0.9,16.2,22.3,,2.4,1.3,3.7,0.141,,2.3,-0.4,1.9,1.2,172.0,412.0,0.41700000000000004,45.0,138.0,0.326,127.0,274.0,0.46399999999999997,0.47200000000000003,206.0,249.0,0.8270000000000001,23.0,120.0,143.0,211.0,80.0,12.0,101.0,165.0,595.0
MIA,23607,2016.0,Mario Chalmers,PG,29.0,82.0,82.0,2626.0,14.0,0.578,0.595,0.406,2.5,11.9,6.6,24.3,3.4,0.6,20.7,18.9,,2.6,3.1,5.2,0.12,,1.3,0.8,1.4,1.8,278.0,663.0,0.45399999999999996,123.0,311.0,0.409,194.0,415.0,0.513,0.5489999999999999,206.0,266.0,0.9229999999999999,41.0,191.0,228.0,403.0,160.0,16.0,173.0,251.0,818.0
TOT,23606,2016.0,Mario Chalmers,PG,29.0,61.0,7.0,1373.0,17.3,0.561,0.336,0.59,1.9,11.5,6.5,26.6,3.3,0.9,16.4,21.9,,2.3,1.5,3.8,0.132,,1.8,-0.3,1.5,1.2,182.0,444.0,0.41,46.0,149.0,0.309,136.0,295.0,0.461,0.462,218.0,262.0,0.8320000000000001,24.0,133.0,157.0,230.0,88.0,13.0,110.0,181.0,628.0
