Tm,Unnamed: 0,Year,Player,Pos,Age,G,GS,MP,PER,TS%,3PAr,FTr,ORB%,DRB%,TRB%,AST%,STL%,BLK%,TOV%,USG%,blanl,OWS,DWS,WS,WS/48,blank2,OBPM,DBPM,BPM,VORP,FG,FGA,FG%,3P,3PA,3P%,2P,2PA,2P%,eFG%,FT,FTA,FT%,ORB,DRB,TRB,AST,STL,BLK,TOV,PF,PTS
CLE,12162,1995.0,Mark Price,PG,30.0,80.0,79.0,2728.0,22.7,0.623,0.413,0.318,2.9,9.2,5.6,48.0,3.7,0.3,20.1,28.8,,8.0,3.3,11.3,0.205,,6.3,-1.1,4.6,4.0,529.0,1066.0,0.526,152.0,374.0,0.486,436.0,826.0,0.556,0.5720000000000001,300.0,338.0,0.9520000000000001,66.0,189.0,251.0,666.0,115.0,12.0,214.0,119.0,1430.0
WSB,12669,1996.0,Mark Price,PG,31.0,7.0,1.0,127.0,10.3,0.435,0.5,0.16699999999999998,0.9,5.5,3.2,21.3,2.4,0.0,13.4,26.2,,-0.1,0.1,0.0,-0.011000000000000001,,-2.0,-3.7,-5.7,-0.1,18.0,60.0,0.3,10.0,30.0,0.33299999999999996,8.0,30.0,0.267,0.38299999999999995,10.0,10.0,1.0,1.0,6.0,7.0,18.0,6.0,0.0,10.0,7.0,56.0
GSW,13251,1997.0,Mark Price,PG,32.0,70.0,49.0,1876.0,16.5,0.597,0.48,0.29,2.3,9.1,5.7,29.8,1.9,0.1,19.5,19.6,,3.7,0.3,4.0,0.102,,2.7,-2.8,-0.1,0.9,263.0,589.0,0.447,112.0,283.0,0.396,151.0,306.0,0.493,0.542,155.0,171.0,0.9059999999999999,36.0,143.0,179.0,342.0,67.0,3.0,161.0,100.0,793.0
ORL,13777,1998.0,Mark Price,PG,33.0,63.0,33.0,1430.0,14.9,0.518,0.292,0.19399999999999998,1.9,8.8,5.3,38.6,2.0,0.3,21.9,23.7,,0.5,1.3,1.7,0.057999999999999996,,0.5,-2.2,-1.6,0.1,229.0,531.0,0.431,52.0,155.0,0.335,177.0,376.0,0.47100000000000003,0.48,87.0,103.0,0.845,24.0,105.0,129.0,297.0,53.0,5.0,162.0,92.0,597.0
