Tm,Unnamed: 0,Year,Player,Pos,Age,G,GS,MP,PER,TS%,3PAr,FTr,ORB%,DRB%,TRB%,AST%,STL%,BLK%,TOV%,USG%,blanl,OWS,DWS,WS,WS/48,blank2,OBPM,DBPM,BPM,VORP,FG,FGA,FG%,3P,3PA,3P%,2P,2PA,2P%,eFG%,FT,FTA,FT%,ORB,DRB,TRB,AST,STL,BLK,TOV,PF,PTS
MIL,9194,1989.0,Mark Davis,SF,25.0,31.0,0.0,251.0,15.3,0.5539999999999999,0.09300000000000001,0.33,6.8,9.8,8.3,8.3,2.5,1.2,9.7,20.4,,0.4,0.3,0.7,0.139,,0.1,-0.7,-0.5,0.1,48.0,97.0,0.495,1.0,9.0,0.111,47.0,88.0,0.534,0.5,26.0,32.0,0.813,15.0,21.0,36.0,14.0,13.0,5.0,12.0,38.0,123.0
PHO,9193,1989.0,Mark Davis,SF,25.0,2.0,0.0,7.0,5.9,0.34,0.2,0.4,15.9,0.0,7.6,0.0,0.0,0.0,0.0,33.3,,0.0,0.0,0.0,-0.051,,-5.9,-10.9,-16.8,0.0,1.0,5.0,0.2,0.0,1.0,0.0,1.0,4.0,0.25,0.2,2.0,2.0,1.0,1.0,0.0,1.0,0.0,0.0,0.0,0.0,1.0,4.0
TOT,9192,1989.0,Mark Davis,SF,25.0,33.0,0.0,258.0,15.0,0.5429999999999999,0.098,0.33299999999999996,7.1,9.6,8.3,8.1,2.5,1.2,9.3,20.7,,0.4,0.3,0.7,0.134,,0.0,-0.9,-1.0,0.1,49.0,102.0,0.48,1.0,10.0,0.1,48.0,92.0,0.522,0.485,28.0,34.0,0.8240000000000001,16.0,21.0,37.0,14.0,13.0,5.0,12.0,39.0,127.0
MIN,12398,1996.0,Mark Davis,SF,22.0,57.0,0.0,571.0,10.9,0.47,0.087,0.779,11.7,14.5,13.1,12.6,3.6,2.9,25.4,20.8,,-0.8,0.8,-0.1,-0.005,,-3.9,2.1,-1.9,0.0,55.0,149.0,0.369,4.0,13.0,0.308,51.0,136.0,0.375,0.38299999999999995,74.0,116.0,0.638,56.0,69.0,125.0,47.0,40.0,22.0,68.0,92.0,188.0
PHI,13535,1998.0,Mark Davis,SF,24.0,75.0,17.0,1705.0,13.7,0.525,0.174,0.414,8.6,12.1,10.3,13.5,2.9,1.5,24.0,18.8,,1.3,1.0,2.3,0.065,,-0.3,0.9,-0.4,0.7,251.0,535.0,0.469,24.0,93.0,0.258,227.0,442.0,0.514,0.49200000000000005,113.0,168.0,0.6729999999999999,138.0,185.0,323.0,135.0,85.0,31.0,118.0,230.0,639.0
MIA,14077,1999.0,Mark Davis,SF,25.0,4.0,1.0,35.0,-3.1,0.521,0.0,1.0,7.4,16.1,12.1,4.6,1.6,0.0,44.8,22.1,,-0.1,0.1,-0.1,-0.122,,-10.4,-0.5,-11.0,-0.1,2.0,6.0,0.33299999999999996,0.0,0.0,,2.0,6.0,0.33299999999999996,0.33299999999999996,5.0,6.0,0.833,2.0,5.0,7.0,1.0,1.0,0.0,7.0,12.0,9.0
GSW,14594,2000.0,Mark Davis,SF,26.0,23.0,7.0,464.0,9.8,0.45299999999999996,0.015,0.34299999999999997,6.6,12.8,9.5,12.8,2.7,0.6,20.2,17.9,,-0.4,0.3,-0.1,-0.012,,-3.9,0.1,-3.8,-0.2,56.0,137.0,0.409,0.0,2.0,0.0,56.0,135.0,0.415,0.409,31.0,47.0,0.66,31.0,53.0,84.0,38.0,25.0,4.0,40.0,52.0,143.0
