Tm,Unnamed: 0,Year,Player,Pos,Age,G,GS,MP,PER,TS%,3PAr,FTr,ORB%,DRB%,TRB%,AST%,STL%,BLK%,TOV%,USG%,blanl,OWS,DWS,WS,WS/48,blank2,OBPM,DBPM,BPM,VORP,FG,FGA,FG%,3P,3PA,3P%,2P,2PA,2P%,eFG%,FT,FTA,FT%,ORB,DRB,TRB,AST,STL,BLK,TOV,PF,PTS
NOJ,5433,1979.0,Marty Byrnes,SF,22.0,36.0,,530.0,10.6,0.498,,0.325,7.8,9.5,8.7,10.9,1.0,0.7,17.4,16.5,,0.1,0.3,0.4,0.032,,-2.3,-1.3,-3.7,-0.2,78.0,166.0,0.47,,,,78.0,166.0,0.47,0.47,33.0,54.0,0.611,41.0,53.0,94.0,43.0,12.0,8.0,40.0,42.0,189.0
PHO,5432,1979.0,Marty Byrnes,SF,22.0,43.0,,734.0,9.4,0.545,,0.44799999999999995,7.5,7.2,7.3,10.1,0.9,0.1,22.8,18.1,,0.1,0.5,0.5,0.036000000000000004,,-2.2,-1.6,-3.8,-0.3,109.0,223.0,0.489,,,,109.0,223.0,0.489,0.489,73.0,100.0,0.73,49.0,48.0,97.0,61.0,15.0,2.0,79.0,69.0,291.0
TOT,5431,1979.0,Marty Byrnes,SF,22.0,79.0,,1264.0,9.9,0.525,,0.396,7.7,8.1,7.9,10.4,0.9,0.4,20.7,17.5,,0.2,0.7,0.9,0.034,,-2.3,-1.5,-3.7,-0.6,187.0,389.0,0.48100000000000004,,,,187.0,389.0,0.48100000000000004,0.48100000000000004,106.0,154.0,0.688,90.0,101.0,191.0,104.0,27.0,10.0,119.0,111.0,480.0
LAL,5774,1980.0,Marty Byrnes,SF,23.0,32.0,,194.0,6.3,0.557,0.0,0.3,5.5,9.3,7.6,7.9,1.2,0.3,28.0,16.2,,-0.1,0.2,0.0,0.009000000000000001,,-4.3,-1.7,-6.0,-0.2,25.0,50.0,0.5,0.0,0.0,,25.0,50.0,0.5,0.5,13.0,15.0,0.867,9.0,18.0,27.0,13.0,5.0,1.0,22.0,32.0,63.0
DAL,6122,1981.0,Marty Byrnes,SF,24.0,72.0,,1360.0,13.6,0.539,0.044000000000000004,0.348,6.0,8.9,7.4,12.8,1.0,0.7,10.5,17.9,,2.1,0.2,2.3,0.081,,0.1,-1.8,-1.7,0.1,216.0,451.0,0.479,9.0,20.0,0.45,207.0,431.0,0.48,0.489,120.0,157.0,0.764,74.0,103.0,177.0,113.0,29.0,17.0,61.0,126.0,561.0
IND,6865,1983.0,Marty Byrnes,SF,26.0,80.0,12.0,1436.0,9.6,0.47,0.07,0.254,5.4,9.2,7.2,15.1,1.3,0.2,14.9,13.4,,0.8,0.2,1.0,0.034,,-1.7,-1.6,-3.3,-0.5,157.0,374.0,0.42,6.0,26.0,0.231,151.0,348.0,0.434,0.428,71.0,95.0,0.747,75.0,116.0,191.0,179.0,41.0,6.0,73.0,149.0,391.0
