Tm,Unnamed: 0,Year,Player,Pos,Age,G,GS,MP,PER,TS%,3PAr,FTr,ORB%,DRB%,TRB%,AST%,STL%,BLK%,TOV%,USG%,blanl,OWS,DWS,WS,WS/48,blank2,OBPM,DBPM,BPM,VORP,FG,FGA,FG%,3P,3PA,3P%,2P,2PA,2P%,eFG%,FT,FTA,FT%,ORB,DRB,TRB,AST,STL,BLK,TOV,PF,PTS
POR,16587,2004.0,Matt Carroll,SG,23.0,13.0,0.0,48.0,6.2,0.547,0.273,0.182,0.0,7.4,3.7,3.4,0.0,0.0,14.4,13.7,,0.0,0.0,0.0,0.011000000000000001,,-4.2,-4.2,-8.4,-0.1,5.0,11.0,0.455,1.0,3.0,0.33299999999999996,4.0,8.0,0.5,0.5,2.0,2.0,1.0,0.0,3.0,3.0,1.0,0.0,0.0,2.0,3.0,13.0
SAS,16588,2004.0,Matt Carroll,SG,23.0,3.0,0.0,22.0,-1.5,0.444,0.0,0.8,5.1,10.0,7.6,7.2,2.4,0.0,37.2,22.6,,-0.1,0.0,-0.1,-0.129,,-10.6,0.7,-9.8,0.0,2.0,5.0,0.4,0.0,0.0,,2.0,5.0,0.4,0.4,2.0,4.0,0.5,1.0,2.0,3.0,1.0,1.0,0.0,4.0,5.0,6.0
TOT,19438,2009.0,Matt Carroll,SG,28.0,55.0,10.0,616.0,5.5,0.51,0.31,0.375,1.6,12.2,6.8,7.2,1.8,0.8,24.4,16.5,,-0.1,0.7,0.0,-0.008,,-5.2,-0.2,-5.4,-0.1,65.0,171.0,0.43799999999999994,13.0,53.0,0.33299999999999996,52.0,118.0,0.462,0.469,21.0,25.0,0.84,7.0,62.0,69.0,27.0,21.0,6.0,33.0,67.0,164.0
DAL,20021,2010.0,Matt Carroll,SG,29.0,25.0,0.0,141.0,7.1,0.43700000000000006,0.38,0.182,3.8,9.7,5.7,7.7,2.1,0.5,16.4,22.7,,-0.2,0.1,-0.1,-0.028999999999999998,,-4.1,-1.2,-6.6,-0.1,18.0,50.0,0.36,4.0,19.0,0.21100000000000002,14.0,31.0,0.452,0.4,6.0,6.0,1.0,4.0,12.0,14.0,6.0,5.0,1.0,7.0,14.0,46.0
CHA,21768,2013.0,Matt Carroll,SG,32.0,80.0,47.0,2016.0,14.7,0.58,0.409,0.461,3.3,13.2,8.0,23.4,2.1,0.9,15.1,24.9,,3.4,1.2,4.6,0.11699999999999999,,1.4,0.2,-0.3,0.8,285.0,658.0,0.447,111.0,267.0,0.436,174.0,391.0,0.473,0.517,188.0,208.0,0.904,35.0,193.0,226.0,91.0,53.0,19.0,73.0,187.0,869.0
