Tm,Unnamed: 0,Year,Player,Pos,Age,G,GS,MP,PER,TS%,3PAr,FTr,ORB%,DRB%,TRB%,AST%,STL%,BLK%,TOV%,USG%,blanl,OWS,DWS,WS,WS/48,blank2,OBPM,DBPM,BPM,VORP,FG,FGA,FG%,3P,3PA,3P%,2P,2PA,2P%,eFG%,FT,FTA,FT%,ORB,DRB,TRB,AST,STL,BLK,TOV,PF,PTS
ROC,1228,1957.0,Maurice Stokes*,PF,23.0,72.0,,2761.0,22.1,0.42200000000000004,,0.39299999999999996,,,,,,,,,,0.2,6.8,6.0,0.125,,,,,,434.0,1249.0,0.354,,,,434.0,1249.0,0.354,0.354,319.0,447.0,0.7140000000000001,,,1256.0,331.0,,,,287.0,1125.0
CIN,1340,1958.0,Maurice Stokes*,PF,24.0,63.0,,2460.0,20.6,0.402,,0.282,,,,,,,,,,-0.5,5.0,4.5,0.08800000000000001,,,,,,414.0,1181.0,0.35100000000000003,,,,414.0,1181.0,0.35100000000000003,0.35100000000000003,238.0,333.0,0.715,,,1142.0,403.0,,,,226.0,1066.0
