Tm,Unnamed: 0,Year,Player,Pos,Age,G,GS,MP,PER,TS%,3PAr,FTr,ORB%,DRB%,TRB%,AST%,STL%,BLK%,TOV%,USG%,blanl,OWS,DWS,WS,WS/48,blank2,OBPM,DBPM,BPM,VORP,FG,FGA,FG%,3P,3PA,3P%,2P,2PA,2P%,eFG%,FT,FTA,FT%,ORB,DRB,TRB,AST,STL,BLK,TOV,PF,PTS
DET,16877,2004.0,Mehmet Okur,PF,24.0,72.0,33.0,1580.0,18.3,0.5379999999999999,0.265,0.386,11.9,19.2,15.4,9.5,1.2,3.0,13.7,21.7,,2.6,3.3,5.9,0.179,,0.0,1.3,1.3,1.3,251.0,542.0,0.46299999999999997,38.0,112.0,0.375,233.0,494.0,0.47200000000000003,0.48,162.0,209.0,0.775,160.0,261.0,421.0,71.0,36.0,63.0,101.0,167.0,682.0
UTA,20935,2011.0,Mehmet Okur,PF,31.0,82.0,82.0,2945.0,19.0,0.5920000000000001,0.35,0.512,10.2,23.4,16.6,17.7,1.3,3.0,13.2,23.5,,6.5,3.0,9.3,0.158,,3.0,0.8,2.1,3.0,519.0,1128.0,0.485,129.0,336.0,0.446,439.0,894.0,0.498,0.536,354.0,454.0,0.85,211.0,535.0,746.0,194.0,55.0,81.0,163.0,285.0,1472.0
NJN,21509,2012.0,Mehmet Okur,C,32.0,17.0,14.0,454.0,8.4,0.46,0.518,0.036000000000000004,5.5,15.5,10.4,11.1,1.1,0.8,15.0,16.8,,-0.2,0.1,0.0,-0.004,,-1.8,-1.3,-3.1,-0.1,52.0,139.0,0.374,23.0,72.0,0.319,29.0,67.0,0.433,0.457,3.0,5.0,0.6,22.0,59.0,81.0,30.0,9.0,5.0,25.0,45.0,130.0
