Tm,Unnamed: 0,Year,Player,Pos,Age,G,GS,MP,PER,TS%,3PAr,FTr,ORB%,DRB%,TRB%,AST%,STL%,BLK%,TOV%,USG%,blanl,OWS,DWS,WS,WS/48,blank2,OBPM,DBPM,BPM,VORP,FG,FGA,FG%,3P,3PA,3P%,2P,2PA,2P%,eFG%,FT,FTA,FT%,ORB,DRB,TRB,AST,STL,BLK,TOV,PF,PTS
CHI,16001,2002.0,Metta World,SF,22.0,76.0,74.0,2363.0,18.4,0.516,0.259,0.368,5.5,13.3,9.3,17.8,4.8,2.1,15.8,26.7,,0.2,2.6,2.3,0.083,,1.9,2.0,3.9,1.2,327.0,815.0,0.433,60.0,191.0,0.396,284.0,667.0,0.446,0.484,210.0,280.0,0.75,62.0,246.0,308.0,228.0,152.0,45.0,166.0,254.0,907.0
IND,18218,2006.0,Metta World,SF,26.0,73.0,71.0,2714.0,23.5,0.608,0.27699999999999997,0.511,5.1,14.9,9.6,19.2,4.2,1.6,13.4,26.2,,3.2,5.2,8.0,0.21899999999999997,,3.3,2.5,4.3,4.2,468.0,1112.0,0.496,75.0,242.0,0.41200000000000003,393.0,870.0,0.51,0.525,322.0,439.0,0.922,101.0,285.0,385.0,272.0,159.0,50.0,202.0,242.0,1333.0
TOT,18217,2006.0,Metta World,SF,26.0,56.0,56.0,2207.0,15.8,0.501,0.292,0.35200000000000004,5.1,13.8,9.5,15.8,4.5,1.7,14.0,23.6,,0.5,3.2,3.7,0.081,,0.6,2.3,2.9,2.0,350.0,867.0,0.423,78.0,253.0,0.312,272.0,614.0,0.46399999999999997,0.465,206.0,305.0,0.675,75.0,211.0,286.0,203.0,141.0,41.0,131.0,217.0,984.0
SAC,19326,2008.0,Metta World,SF,28.0,70.0,65.0,2641.0,18.8,0.5379999999999999,0.316,0.39899999999999997,5.6,16.0,10.1,17.6,3.1,1.4,11.9,25.5,,3.6,3.1,6.7,0.122,,2.2,1.4,3.3,3.5,458.0,1040.0,0.45299999999999996,93.0,260.0,0.38,365.0,780.0,0.475,0.49700000000000005,307.0,415.0,0.74,102.0,352.0,454.0,235.0,149.0,43.0,148.0,205.0,1316.0
HOU,19912,2009.0,Metta World,SF,29.0,69.0,55.0,2452.0,15.6,0.512,0.369,0.253,3.2,13.4,8.5,16.2,2.3,0.7,10.8,24.5,,1.6,4.0,5.5,0.10800000000000001,,1.1,1.2,2.3,2.7,416.0,1037.0,0.401,153.0,383.0,0.39899999999999997,263.0,654.0,0.402,0.475,196.0,262.0,0.748,65.0,294.0,359.0,229.0,105.0,24.0,140.0,155.0,1181.0
NYK,22855,2014.0,Metta World,SF,34.0,29.0,1.0,388.0,11.7,0.469,0.38299999999999995,0.113,5.3,12.8,8.9,7.1,3.3,1.8,11.4,20.0,,-0.2,0.4,0.3,0.032,,-1.9,-0.1,-2.1,0.0,56.0,141.0,0.397,17.0,54.0,0.315,39.0,87.0,0.44799999999999995,0.457,10.0,16.0,0.625,18.0,41.0,59.0,17.0,24.0,8.0,19.0,44.0,139.0
LAL,24679,2017.0,Metta World,SF,37.0,82.0,82.0,2605.0,12.5,0.517,0.5589999999999999,0.322,4.9,13.2,8.1,13.3,2.7,1.5,12.8,21.9,,1.9,3.5,5.3,0.098,,0.6,1.4,1.5,2.3,332.0,824.0,0.414,141.0,412.0,0.35600000000000004,201.0,444.0,0.46399999999999997,0.488,128.0,186.0,0.7340000000000001,101.0,271.0,372.0,234.0,124.0,42.0,121.0,198.0,929.0
