Tm,Unnamed: 0,Year,Player,Pos,Age,G,GS,MP,PER,TS%,3PAr,FTr,ORB%,DRB%,TRB%,AST%,STL%,BLK%,TOV%,USG%,blanl,OWS,DWS,WS,WS/48,blank2,OBPM,DBPM,BPM,VORP,FG,FGA,FG%,3P,3PA,3P%,2P,2PA,2P%,eFG%,FT,FTA,FT%,ORB,DRB,TRB,AST,STL,BLK,TOV,PF,PTS
BOS,10366,1991.0,Michael Smith,PF,25.0,65.0,7.0,620.0,14.3,0.52,0.12,0.22399999999999998,7.5,10.2,8.9,18.6,0.8,0.3,14.9,26.9,,0.3,0.4,0.7,0.055,,-0.4,-2.6,-3.0,-0.2,136.0,286.0,0.47600000000000003,6.0,28.0,0.25,134.0,258.0,0.519,0.49,53.0,64.0,0.828,40.0,60.0,100.0,79.0,9.0,2.0,54.0,51.0,327.0
LAC,12214,1995.0,Michael Smith,PF,29.0,29.0,0.0,319.0,13.3,0.52,0.06,0.22399999999999998,4.5,17.0,10.3,11.0,1.0,0.5,10.9,22.5,,0.2,0.2,0.3,0.046,,-2.9,-2.7,-5.6,-0.3,63.0,134.0,0.47,1.0,8.0,0.125,62.0,126.0,0.49200000000000005,0.474,26.0,30.0,0.867,13.0,43.0,56.0,20.0,6.0,2.0,18.0,41.0,153.0
SAC,13848,1998.0,Michael Smith,PF,25.0,82.0,52.0,2526.0,14.2,0.565,0.005,0.7440000000000001,11.9,23.9,17.7,12.4,2.3,2.5,21.0,16.1,,2.2,3.2,5.4,0.10800000000000001,,-0.3,2.8,2.4,2.5,220.0,406.0,0.605,1.0,2.0,1.0,220.0,404.0,0.603,0.607,128.0,262.0,0.5670000000000001,257.0,512.0,769.0,191.0,82.0,60.0,130.0,251.0,567.0
TOT,13847,1998.0,Michael Smith,PF,25.0,48.0,33.0,1053.0,14.3,0.524,0.005,0.531,12.9,20.2,16.5,12.5,2.0,1.0,17.6,12.3,,1.3,0.8,2.1,0.096,,-0.3,1.1,0.8,0.8,93.0,194.0,0.479,0.0,1.0,0.0,93.0,193.0,0.48200000000000004,0.479,65.0,103.0,0.631,120.0,186.0,306.0,88.0,41.0,15.0,51.0,95.0,251.0
VAN,14385,1999.0,Michael Smith,PF,26.0,48.0,29.0,1098.0,15.0,0.574,0.008,0.889,14.2,23.5,18.8,12.6,2.3,1.2,23.0,12.7,,1.3,0.9,2.3,0.099,,0.7,1.3,1.1,0.7,77.0,144.0,0.535,0.0,1.0,0.0,77.0,143.0,0.5379999999999999,0.535,76.0,128.0,0.6579999999999999,135.0,215.0,350.0,59.0,46.0,18.0,60.0,107.0,230.0
WAS,15418,2001.0,Michael Smith,SF,28.0,79.0,46.0,1610.0,14.5,0.611,0.005,0.706,12.3,28.9,20.4,9.6,1.8,1.6,17.8,10.9,,2.3,1.6,3.6,0.13699999999999998,,0.7,2.0,1.9,1.3,108.0,218.0,0.563,0.0,1.0,0.0,108.0,217.0,0.565,0.563,89.0,154.0,0.723,172.0,390.0,562.0,101.0,57.0,37.0,62.0,156.0,301.0
