Tm,Unnamed: 0,Year,Player,Pos,Age,G,GS,MP,PER,TS%,3PAr,FTr,ORB%,DRB%,TRB%,AST%,STL%,BLK%,TOV%,USG%,blanl,OWS,DWS,WS,WS/48,blank2,OBPM,DBPM,BPM,VORP,FG,FGA,FG%,3P,3PA,3P%,2P,2PA,2P%,eFG%,FT,FTA,FT%,ORB,DRB,TRB,AST,STL,BLK,TOV,PF,PTS
ATL,16554,2004.0,Michael Bradley,C,24.0,11.0,1.0,60.0,5.8,0.5,0.0,0.0,9.5,13.1,11.3,0.0,1.8,0.0,25.0,12.1,,0.0,0.0,0.0,-0.012,,-6.2,-4.0,-10.2,-0.1,6.0,12.0,0.5,0.0,0.0,,6.0,12.0,0.5,0.5,0.0,0.0,,5.0,7.0,12.0,0.0,2.0,0.0,4.0,8.0,12.0
TOR,16553,2004.0,Michael Bradley,PF,24.0,67.0,11.0,1314.0,12.8,0.526,0.08,0.667,13.5,30.5,17.7,8.4,1.5,3.8,43.6,14.6,,0.7,0.9,1.5,0.055999999999999994,,-2.5,1.5,-2.6,-0.1,151.0,314.0,0.52,1.0,6.0,0.16699999999999998,150.0,308.0,0.565,0.52,35.0,67.0,0.522,162.0,247.0,409.0,67.0,16.0,32.0,76.0,125.0,338.0
ORL,17144,2005.0,Michael Bradley,PF,25.0,8.0,0.0,55.0,8.3,0.429,0.0,0.0,6.2,22.1,14.3,5.1,0.9,2.6,12.5,6.3,,0.0,0.1,0.1,0.061,,-4.7,1.3,-3.4,0.0,3.0,7.0,0.429,0.0,0.0,,3.0,7.0,0.429,0.429,0.0,0.0,,3.0,11.0,14.0,2.0,1.0,2.0,1.0,4.0,6.0
SAC,17145,2005.0,Michael Bradley,PF,25.0,8.0,0.0,48.0,12.1,0.615,0.0,0.5,11.6,14.0,12.8,6.5,0.0,0.0,17.0,16.3,,0.1,0.0,0.1,0.076,,-1.5,-3.5,-5.1,0.0,8.0,12.0,0.667,0.0,0.0,,8.0,12.0,0.667,0.667,2.0,6.0,0.33299999999999996,5.0,6.0,11.0,2.0,0.0,0.0,3.0,8.0,18.0
TOT,17143,2005.0,Michael Bradley,PF,25.0,18.0,1.0,119.0,11.7,0.6,0.042,0.33299999999999996,7.6,19.8,13.4,6.7,1.6,1.2,30.6,12.1,,0.1,0.1,0.2,0.08199999999999999,,-2.7,-1.2,-3.9,-0.1,15.0,24.0,0.625,0.0,1.0,0.0,15.0,23.0,0.652,0.625,3.0,8.0,0.5,8.0,20.0,28.0,5.0,3.0,2.0,7.0,14.0,33.0
PHI,17733,2006.0,Michael Bradley,PF,26.0,46.0,1.0,367.0,22.0,0.765,0.2,0.4,12.7,21.4,17.1,12.7,0.7,1.4,19.1,19.0,,0.0,0.3,0.1,0.174,,0.6,-0.7,-2.3,0.0,32.0,79.0,0.8,1.0,5.0,0.2,31.0,74.0,1.0,0.8,2.0,3.0,0.667,40.0,67.0,107.0,17.0,5.0,7.0,19.0,39.0,67.0
