Tm,Unnamed: 0,Year,Player,Pos,Age,G,GS,MP,PER,TS%,3PAr,FTr,ORB%,DRB%,TRB%,AST%,STL%,BLK%,TOV%,USG%,blanl,OWS,DWS,WS,WS/48,blank2,OBPM,DBPM,BPM,VORP,FG,FGA,FG%,3P,3PA,3P%,2P,2PA,2P%,eFG%,FT,FTA,FT%,ORB,DRB,TRB,AST,STL,BLK,TOV,PF,PTS
SAS,6434,1981.0,Michael Wiley,PF,23.0,33.0,,271.0,19.8,0.591,0.013999999999999999,0.348,9.2,16.2,12.9,6.5,1.4,1.2,15.0,27.4,,0.5,0.3,0.8,0.14400000000000002,,0.2,-3.2,-3.1,-0.1,76.0,138.0,0.551,0.0,2.0,0.0,76.0,136.0,0.5589999999999999,0.551,36.0,48.0,0.75,22.0,42.0,64.0,11.0,8.0,6.0,28.0,38.0,188.0
SDC,6794,1982.0,Michael Wiley,PF,24.0,61.0,1.0,1013.0,16.2,0.599,0.013999999999999999,0.39299999999999996,7.7,13.9,10.7,7.3,1.9,0.9,14.4,19.8,,1.8,0.3,2.1,0.09699999999999999,,0.6,-1.7,-1.2,0.2,203.0,359.0,0.565,0.0,5.0,0.0,203.0,354.0,0.573,0.565,98.0,141.0,0.695,67.0,115.0,182.0,52.0,40.0,16.0,71.0,127.0,504.0
