Tm,Unnamed: 0,Year,Player,Pos,Age,G,GS,MP,PER,TS%,3PAr,FTr,ORB%,DRB%,TRB%,AST%,STL%,BLK%,TOV%,USG%,blanl,OWS,DWS,WS,WS/48,blank2,OBPM,DBPM,BPM,VORP,FG,FGA,FG%,3P,3PA,3P%,2P,2PA,2P%,eFG%,FT,FTA,FT%,ORB,DRB,TRB,AST,STL,BLK,TOV,PF,PTS
HOU,5609,1979.0,Mike Newlin,SG,30.0,82.0,,3065.0,17.4,0.5770000000000001,,0.418,3.2,9.1,6.9,24.2,2.1,0.4,20.3,23.3,,7.5,1.9,8.5,0.133,,3.2,-0.9,1.7,2.9,569.0,1206.0,0.507,,,,569.0,1206.0,0.507,0.507,385.0,445.0,0.8859999999999999,77.0,264.0,340.0,457.0,111.0,9.0,175.0,301.0,1523.0
NJN,6332,1981.0,Mike Newlin,SG,32.0,79.0,,2911.0,17.7,0.5710000000000001,0.114,0.366,4.2,6.7,5.4,19.9,2.1,0.2,14.4,26.8,,4.8,2.5,6.5,0.124,,2.5,-1.6,0.8,1.8,632.0,1329.0,0.49700000000000005,45.0,152.0,0.33299999999999996,622.0,1242.0,0.501,0.501,414.0,466.0,0.888,101.0,163.0,264.0,314.0,115.0,9.0,248.0,237.0,1688.0
NYK,6701,1982.0,Mike Newlin,SG,33.0,76.0,32.0,1507.0,11.5,0.519,0.037000000000000005,0.239,2.7,4.3,3.5,16.1,1.1,0.1,13.3,21.4,,1.1,0.4,1.5,0.049,,-1.3,-3.3,-4.7,-1.0,286.0,615.0,0.465,7.0,23.0,0.304,279.0,592.0,0.47100000000000003,0.47100000000000003,126.0,147.0,0.857,36.0,55.0,91.0,170.0,33.0,3.0,104.0,194.0,705.0
