Tm,Unnamed: 0,Year,Player,Pos,Age,G,GS,MP,PER,TS%,3PAr,FTr,ORB%,DRB%,TRB%,AST%,STL%,BLK%,TOV%,USG%,blanl,OWS,DWS,WS,WS/48,blank2,OBPM,DBPM,BPM,VORP,FG,FGA,FG%,3P,3PA,3P%,2P,2PA,2P%,eFG%,FT,FTA,FT%,ORB,DRB,TRB,AST,STL,BLK,TOV,PF,PTS
SEA,5142,1978.0,Mike Green,C,26.0,76.0,,1928.0,14.5,0.532,,0.35700000000000004,9.8,17.4,13.4,8.7,1.1,3.6,17.9,18.7,,1.4,2.5,3.9,0.106,,-1.4,1.5,0.1,1.0,290.0,658.0,0.494,,,,290.0,658.0,0.494,0.494,166.0,235.0,0.706,191.0,312.0,503.0,120.0,45.0,129.0,22.0,201.0,746.0
TOT,5141,1978.0,Mike Green,C,26.0,72.0,,1382.0,14.3,0.506,,0.276,10.1,16.8,13.6,7.1,1.0,3.6,15.4,19.0,,1.2,1.6,2.8,0.09699999999999999,,-1.3,0.3,-1.0,0.4,238.0,514.0,0.46299999999999997,,,,238.0,514.0,0.46299999999999997,0.46299999999999997,107.0,142.0,0.754,130.0,229.0,359.0,76.0,30.0,100.0,105.0,193.0,583.0
SAS,5502,1979.0,Mike Green,C,27.0,76.0,,1641.0,14.3,0.528,,0.302,10.5,17.4,14.1,8.3,1.0,3.8,14.9,19.1,,1.8,2.0,3.8,0.11199999999999999,,-0.5,1.6,1.1,1.3,235.0,477.0,0.493,,,,235.0,477.0,0.493,0.493,101.0,144.0,0.775,131.0,223.0,354.0,116.0,37.0,122.0,89.0,230.0,571.0
KCK,5854,1980.0,Mike Green,C,28.0,21.0,,459.0,10.6,0.456,0.013000000000000001,0.264,7.9,18.9,13.2,8.1,1.3,2.7,16.9,18.6,,-0.4,0.8,0.4,0.044000000000000004,,-3.9,1.9,-2.0,0.0,69.0,159.0,0.434,0.0,2.0,0.0,69.0,157.0,0.439,0.434,24.0,42.0,0.5710000000000001,35.0,78.0,113.0,28.0,13.0,21.0,36.0,55.0,162.0
