Tm,Unnamed: 0,Year,Player,Pos,Age,G,GS,MP,PER,TS%,3PAr,FTr,ORB%,DRB%,TRB%,AST%,STL%,BLK%,TOV%,USG%,blanl,OWS,DWS,WS,WS/48,blank2,OBPM,DBPM,BPM,VORP,FG,FGA,FG%,3P,3PA,3P%,2P,2PA,2P%,eFG%,FT,FTA,FT%,ORB,DRB,TRB,AST,STL,BLK,TOV,PF,PTS
BUF,5138,1978.0,Mike Glenn,SG,22.0,56.0,,947.0,14.3,0.5529999999999999,,0.17600000000000002,1.6,7.3,4.5,12.6,1.7,0.3,11.1,18.9,,1.5,0.4,1.9,0.096,,0.0,-2.2,-2.3,-0.1,195.0,370.0,0.527,,,,195.0,370.0,0.527,0.527,51.0,65.0,0.785,14.0,65.0,79.0,78.0,35.0,5.0,50.0,98.0,441.0
NYK,6196,1981.0,Mike Glenn,SG,25.0,82.0,,1506.0,16.6,0.601,0.027000000000000003,0.215,2.8,6.2,4.5,16.5,2.3,0.5,11.1,20.9,,3.1,1.3,4.4,0.139,,0.6,-1.3,-0.7,0.5,285.0,511.0,0.5579999999999999,4.0,11.0,0.364,281.0,500.0,0.562,0.562,98.0,110.0,0.905,28.0,61.0,88.0,136.0,72.0,7.0,64.0,126.0,672.0
ATL,7661,1985.0,Mike Glenn,SG,29.0,81.0,5.0,1503.0,16.0,0.615,0.006999999999999999,0.23,2.0,7.6,4.3,18.8,1.6,0.5,11.5,19.8,,2.8,1.1,3.9,0.161,,1.0,-1.3,-0.5,0.4,312.0,554.0,0.588,1.0,2.0,0.5,311.0,552.0,0.591,0.588,74.0,89.0,0.8809999999999999,20.0,87.0,104.0,171.0,46.0,9.0,63.0,146.0,681.0
MIL,8414,1987.0,Mike Glenn,SG,31.0,38.0,1.0,573.0,12.0,0.555,0.0,0.5379999999999999,0.8,10.2,5.5,9.1,1.4,0.3,7.8,19.4,,0.9,0.6,1.5,0.128,,-1.4,-1.3,-2.7,0.0,94.0,190.0,0.495,0.0,0.0,,94.0,190.0,0.495,0.495,47.0,49.0,0.9590000000000001,4.0,53.0,57.0,39.0,9.0,3.0,18.0,42.0,235.0
