Tm,Unnamed: 0,Year,Player,Pos,Age,G,GS,MP,PER,TS%,3PAr,FTr,ORB%,DRB%,TRB%,AST%,STL%,BLK%,TOV%,USG%,blanl,OWS,DWS,WS,WS/48,blank2,OBPM,DBPM,BPM,VORP,FG,FGA,FG%,3P,3PA,3P%,2P,2PA,2P%,eFG%,FT,FTA,FT%,ORB,DRB,TRB,AST,STL,BLK,TOV,PF,PTS
PHO,5760,1980.0,Mike Bratz,PG,24.0,82.0,,1589.0,12.6,0.513,0.125,0.319,4.8,8.2,6.3,19.1,2.7,0.3,18.2,22.3,,0.5,2.0,1.7,0.064,,-1.6,-0.5,-2.6,-0.2,269.0,687.0,0.45399999999999996,21.0,86.0,0.244,248.0,601.0,0.45399999999999996,0.45399999999999996,141.0,170.0,0.87,55.0,117.0,167.0,223.0,93.0,9.0,135.0,165.0,700.0
CLE,6106,1981.0,Mike Bratz,PG,25.0,80.0,,2595.0,11.5,0.45799999999999996,0.207,0.162,2.7,5.9,4.2,22.4,2.5,0.4,15.6,16.1,,0.7,1.4,2.1,0.038,,-0.6,-0.7,-1.3,0.5,319.0,817.0,0.39,57.0,169.0,0.337,262.0,648.0,0.40399999999999997,0.425,107.0,132.0,0.8109999999999999,66.0,132.0,198.0,452.0,136.0,17.0,162.0,194.0,802.0
SAS,6475,1982.0,Mike Bratz,PG,26.0,81.0,3.0,1616.0,14.2,0.495,0.244,0.26899999999999996,2.7,8.4,5.5,34.2,1.9,0.4,18.0,19.0,,1.5,1.2,2.7,0.081,,0.6,-1.8,-1.2,0.3,230.0,565.0,0.40700000000000003,46.0,138.0,0.33299999999999996,184.0,427.0,0.431,0.44799999999999995,119.0,152.0,0.7829999999999999,40.0,126.0,166.0,438.0,65.0,11.0,139.0,183.0,625.0
CHI,6850,1983.0,Mike Bratz,PG,27.0,15.0,0.0,140.0,7.0,0.409,0.19,0.31,2.3,12.2,7.3,20.8,2.3,0.0,22.7,17.0,,-0.2,0.1,-0.1,-0.031,,-4.6,-1.2,-5.8,-0.1,14.0,42.0,0.33299999999999996,1.0,8.0,0.125,13.0,34.0,0.382,0.345,10.0,13.0,0.769,3.0,16.0,19.0,23.0,7.0,0.0,14.0,20.0,39.0
GSW,7580,1985.0,Mike Bratz,PG,29.0,82.0,6.0,1428.0,12.9,0.502,0.10400000000000001,0.32799999999999996,2.9,8.4,5.5,23.9,2.9,0.3,15.9,18.8,,0.6,1.3,1.9,0.063,,-1.4,-1.2,-2.6,-0.2,213.0,521.0,0.424,15.0,51.0,0.294,198.0,470.0,0.446,0.436,120.0,137.0,0.8759999999999999,41.0,102.0,143.0,252.0,84.0,6.0,109.0,155.0,561.0
SAC,7947,1986.0,Mike Bratz,PG,30.0,33.0,0.0,269.0,6.9,0.449,0.2,0.257,0.8,8.8,4.8,18.2,2.3,0.0,17.9,14.3,,-0.1,0.2,0.1,0.016,,-3.9,-1.1,-5.1,-0.2,26.0,70.0,0.371,4.0,14.0,0.28600000000000003,22.0,56.0,0.39299999999999996,0.4,14.0,18.0,0.778,2.0,21.0,23.0,39.0,13.0,0.0,17.0,43.0,70.0
