Tm,Unnamed: 0,Year,Player,Pos,Age,G,GS,MP,PER,TS%,3PAr,FTr,ORB%,DRB%,TRB%,AST%,STL%,BLK%,TOV%,USG%,blanl,OWS,DWS,WS,WS/48,blank2,OBPM,DBPM,BPM,VORP,FG,FGA,FG%,3P,3PA,3P%,2P,2PA,2P%,eFG%,FT,FTA,FT%,ORB,DRB,TRB,AST,STL,BLK,TOV,PF,PTS
NJN,8802,1988.0,Mike Gminski,C,28.0,82.0,78.0,2525.0,19.0,0.594,0.006,0.528,14.0,23.9,17.2,8.5,1.6,5.4,19.4,22.7,,6.3,2.9,9.2,0.175,,1.5,2.3,1.7,2.3,491.0,949.0,0.517,0.0,3.0,0.0,491.0,948.0,0.518,0.517,351.0,393.0,0.893,229.0,462.0,668.0,158.0,56.0,116.0,140.0,163.0,1333.0
PHI,10156,1991.0,Mike Gminski,C,31.0,82.0,82.0,2739.0,18.5,0.535,0.027999999999999997,0.34700000000000003,10.7,22.9,16.2,7.4,1.0,2.9,11.1,21.9,,4.8,2.9,7.0,0.12300000000000001,,0.2,0.7,0.6,1.2,556.0,1166.0,0.47700000000000004,3.0,17.0,0.17600000000000002,556.0,1160.0,0.479,0.47700000000000004,297.0,341.0,0.938,213.0,556.0,769.0,138.0,46.0,106.0,129.0,142.0,1409.0
CHH,11519,1994.0,Mike Gminski,C,34.0,50.0,50.0,1405.0,14.7,0.532,0.015,0.18100000000000002,15.3,22.4,18.2,8.5,2.5,3.1,11.4,18.8,,1.0,1.1,2.1,0.10400000000000001,,-1.6,1.3,-2.2,0.0,248.0,524.0,0.506,1.0,6.0,0.33299999999999996,247.0,518.0,0.506,0.506,75.0,95.0,0.9,115.0,266.0,381.0,60.0,24.0,22.0,54.0,58.0,572.0
MIL,11520,1994.0,Mike Gminski,C,34.0,8.0,1.0,54.0,2.0,0.252,0.0,0.16699999999999998,6.0,27.0,16.0,0.0,0.0,3.8,7.2,22.2,,-0.2,0.0,-0.2,-0.17600000000000002,,-15.4,-6.5,-21.8,-0.3,5.0,24.0,0.20800000000000002,0.0,0.0,,5.0,24.0,0.20800000000000002,0.20800000000000002,3.0,4.0,0.75,3.0,12.0,15.0,0.0,0.0,3.0,2.0,3.0,13.0
TOT,11518,1994.0,Mike Gminski,C,34.0,81.0,81.0,2961.0,16.8,0.526,0.017,0.348,9.6,22.7,15.9,7.4,2.1,3.2,12.0,21.0,,3.4,3.0,6.5,0.105,,-0.9,0.4,-0.6,1.1,505.0,1126.0,0.44799999999999995,2.0,14.0,0.14300000000000002,505.0,1124.0,0.449,0.44799999999999995,355.0,392.0,0.9059999999999999,245.0,569.0,814.0,139.0,64.0,118.0,177.0,176.0,1365.0
