Tm,Unnamed: 0,Year,Player,Pos,Age,G,GS,MP,PER,TS%,3PAr,FTr,ORB%,DRB%,TRB%,AST%,STL%,BLK%,TOV%,USG%,blanl,OWS,DWS,WS,WS/48,blank2,OBPM,DBPM,BPM,VORP,FG,FGA,FG%,3P,3PA,3P%,2P,2PA,2P%,eFG%,FT,FTA,FT%,ORB,DRB,TRB,AST,STL,BLK,TOV,PF,PTS
ATL,9990,1990.0,Mike Williams,SF,26.0,5.0,0.0,14.0,-11.0,0.0,0.0,0.0,0.0,8.4,4.1,0.0,0.0,0.0,0.0,12.0,,-0.1,0.0,-0.1,-0.256,,-13.7,-4.2,-17.9,-0.1,0.0,4.0,0.0,0.0,0.0,,0.0,4.0,0.0,0.0,0.0,0.0,,0.0,1.0,1.0,0.0,0.0,0.0,0.0,2.0,0.0
SAC,9989,1990.0,Mike Williams,PF,26.0,16.0,0.0,88.0,5.8,0.451,0.071,0.429,6.4,21.8,14.1,3.0,1.7,4.7,15.3,9.6,,0.0,0.1,0.1,0.055,,-6.2,2.3,-4.0,0.0,6.0,14.0,0.429,0.0,1.0,0.0,6.0,13.0,0.462,0.429,3.0,6.0,0.5,5.0,17.0,22.0,2.0,3.0,7.0,3.0,28.0,15.0
TOT,9988,1990.0,Mike Williams,PF-SF,26.0,21.0,0.0,102.0,3.5,0.363,0.055999999999999994,0.33299999999999996,5.6,19.9,12.8,2.6,1.5,4.1,12.7,10.0,,-0.1,0.1,0.0,0.012,,-7.3,1.4,-5.9,-0.1,6.0,18.0,0.33299999999999996,0.0,1.0,0.0,6.0,17.0,0.353,0.33299999999999996,3.0,6.0,0.5,5.0,18.0,23.0,2.0,3.0,7.0,3.0,30.0,15.0
