Tm,Unnamed: 0,Year,Player,Pos,Age,G,GS,MP,PER,TS%,3PAr,FTr,ORB%,DRB%,TRB%,AST%,STL%,BLK%,TOV%,USG%,blanl,OWS,DWS,WS,WS/48,blank2,OBPM,DBPM,BPM,VORP,FG,FGA,FG%,3P,3PA,3P%,2P,2PA,2P%,eFG%,FT,FTA,FT%,ORB,DRB,TRB,AST,STL,BLK,TOV,PF,PTS
FTW,976,1955.0,Monk Meineke,PF,24.0,71.0,,2250.0,14.6,0.47200000000000003,,0.49700000000000005,,,,,,,,,,3.6,2.5,6.1,0.13,,,,,,240.0,630.0,0.381,,,,240.0,630.0,0.381,0.381,245.0,313.0,0.805,,,466.0,148.0,,,,334.0,725.0
ROC,1084,1956.0,Monk Meineke,PF,25.0,69.0,,1248.0,14.4,0.474,,0.56,,,,,,,,,,1.7,1.9,3.7,0.141,,,,,,154.0,414.0,0.37200000000000005,,,,154.0,414.0,0.37200000000000005,0.37200000000000005,181.0,232.0,0.78,,,316.0,102.0,,,,191.0,489.0
CIN,1302,1958.0,Monk Meineke,PF,27.0,67.0,,792.0,10.1,0.405,,0.33899999999999997,,,,,,,,,,-0.3,0.9,0.7,0.04,,,,,,125.0,351.0,0.35600000000000004,,,,125.0,351.0,0.35600000000000004,0.35600000000000004,77.0,119.0,0.647,,,226.0,38.0,,,,155.0,327.0
