Tm,Unnamed: 0,Year,Player,Pos,Age,G,GS,MP,PER,TS%,3PAr,FTr,ORB%,DRB%,TRB%,AST%,STL%,BLK%,TOV%,USG%,blanl,OWS,DWS,WS,WS/48,blank2,OBPM,DBPM,BPM,VORP,FG,FGA,FG%,3P,3PA,3P%,2P,2PA,2P%,eFG%,FT,FTA,FT%,ORB,DRB,TRB,AST,STL,BLK,TOV,PF,PTS
WAS,21003,2011.0,Mustafa Shakur,PG,26.0,22.0,0.0,159.0,6.8,0.389,0.16899999999999998,0.254,4.8,11.2,7.9,24.9,1.6,1.4,21.5,23.2,,-0.5,0.1,-0.4,-0.11199999999999999,,-5.8,-1.8,-7.6,-0.2,21.0,59.0,0.35600000000000004,1.0,10.0,0.1,20.0,49.0,0.408,0.364,8.0,15.0,0.5329999999999999,7.0,15.0,22.0,25.0,5.0,3.0,18.0,15.0,51.0
OKC,22745,2014.0,Mustafa Shakur,PG,29.0,3.0,0.0,11.0,-8.8,0.129,0.33299999999999996,0.667,0.0,0.0,0.0,45.1,0.0,0.0,34.0,23.7,,-0.1,0.0,-0.1,-0.34700000000000003,,-17.4,-12.5,-29.9,-0.1,0.0,3.0,0.0,0.0,1.0,0.0,0.0,2.0,0.0,0.0,1.0,2.0,0.5,0.0,0.0,0.0,4.0,0.0,0.0,2.0,2.0,1.0
