Tm,Unnamed: 0,Year,Player,Pos,Age,G,GS,MP,PER,TS%,3PAr,FTr,ORB%,DRB%,TRB%,AST%,STL%,BLK%,TOV%,USG%,blanl,OWS,DWS,WS,WS/48,blank2,OBPM,DBPM,BPM,VORP,FG,FGA,FG%,3P,3PA,3P%,2P,2PA,2P%,eFG%,FT,FTA,FT%,ORB,DRB,TRB,AST,STL,BLK,TOV,PF,PTS
SAS,22416,2014.0,Nando De,SG,26.0,72.0,6.0,920.0,13.2,0.545,0.34,0.237,3.1,14.0,8.7,21.6,2.5,0.7,23.7,18.6,,0.1,1.4,1.3,0.10099999999999999,,-1.2,1.2,-0.1,0.2,105.0,241.0,0.452,31.0,82.0,0.37799999999999995,74.0,159.0,0.516,0.505,35.0,44.0,0.818,23.0,115.0,138.0,138.0,41.0,6.0,81.0,87.0,276.0
TOR,22417,2014.0,Nando De,SF,26.0,21.0,0.0,193.0,12.9,0.495,0.36700000000000005,0.217,4.8,12.1,8.5,26.9,1.9,1.2,17.6,18.8,,0.2,0.2,0.4,0.098,,-0.7,-0.2,-0.9,0.1,22.0,60.0,0.36700000000000005,8.0,22.0,0.364,14.0,38.0,0.368,0.433,13.0,13.0,1.0,8.0,20.0,28.0,33.0,7.0,3.0,14.0,23.0,65.0
TOT,22415,2014.0,Nando De,SF,26.0,47.0,3.0,494.0,13.1,0.526,0.34600000000000003,0.22899999999999998,3.3,13.3,8.4,19.7,2.3,0.9,17.2,18.6,,0.3,0.7,1.0,0.1,,-1.0,0.6,-0.4,0.2,64.0,153.0,0.418,18.0,53.0,0.34,46.0,100.0,0.46,0.47700000000000004,31.0,35.0,0.8859999999999999,14.0,59.0,73.0,65.0,22.0,6.0,35.0,48.0,177.0
