Tm,Unnamed: 0,Year,Player,Pos,Age,G,GS,MP,PER,TS%,3PAr,FTr,ORB%,DRB%,TRB%,AST%,STL%,BLK%,TOV%,USG%,blanl,OWS,DWS,WS,WS/48,blank2,OBPM,DBPM,BPM,VORP,FG,FGA,FG%,3P,3PA,3P%,2P,2PA,2P%,eFG%,FT,FTA,FT%,ORB,DRB,TRB,AST,STL,BLK,TOV,PF,PTS
MIL,23501,2015.0,Nate Wolters,PG,23.0,58.0,31.0,1309.0,12.7,0.486,0.161,0.231,2.8,11.2,6.5,23.3,1.8,0.9,11.7,16.8,,0.9,0.2,1.2,0.043,,-1.4,-0.2,-3.4,-0.1,170.0,389.0,0.43700000000000006,18.0,62.0,0.29,152.0,327.0,0.465,0.46,59.0,90.0,0.6559999999999999,33.0,116.0,149.0,187.0,35.0,15.0,57.0,67.0,417.0
NOP,23502,2015.0,Nate Wolters,PG,23.0,10.0,0.0,105.0,3.5,0.316,0.077,0.077,6.5,13.0,9.7,14.8,1.5,1.4,27.1,16.0,,-0.3,0.1,-0.2,-0.109,,-7.4,0.3,-7.1,-0.1,8.0,26.0,0.308,0.0,2.0,0.0,8.0,24.0,0.33299999999999996,0.308,1.0,2.0,0.5,6.0,12.0,18.0,11.0,3.0,2.0,10.0,7.0,17.0
TOT,23500,2015.0,Nate Wolters,PG,23.0,21.0,0.0,247.0,4.6,0.35200000000000004,0.12300000000000001,0.105,3.7,11.9,7.8,12.2,1.7,0.6,17.9,13.3,,-0.4,0.2,-0.2,-0.036000000000000004,,-6.1,0.0,-6.1,-0.3,20.0,57.0,0.35100000000000003,0.0,7.0,0.0,20.0,50.0,0.4,0.35100000000000003,2.0,6.0,0.33299999999999996,8.0,26.0,34.0,21.0,8.0,2.0,13.0,18.0,42.0
