Tm,Unnamed: 0,Year,Player,Pos,Age,G,GS,MP,PER,TS%,3PAr,FTr,ORB%,DRB%,TRB%,AST%,STL%,BLK%,TOV%,USG%,blanl,OWS,DWS,WS,WS/48,blank2,OBPM,DBPM,BPM,VORP,FG,FGA,FG%,3P,3PA,3P%,2P,2PA,2P%,eFG%,FT,FTA,FT%,ORB,DRB,TRB,AST,STL,BLK,TOV,PF,PTS
POR,9743,1990.0,Nate Johnston,PF,23.0,15.0,0.0,74.0,13.2,0.418,0.081,0.297,15.9,14.9,15.4,1.9,1.9,5.8,10.7,24.9,,-0.1,0.1,0.1,0.057999999999999996,,-4.6,-0.2,-4.8,-0.1,14.0,37.0,0.37799999999999995,0.0,3.0,0.0,14.0,34.0,0.41200000000000003,0.37799999999999995,7.0,11.0,0.636,11.0,10.0,21.0,1.0,3.0,7.0,5.0,11.0,35.0
TOT,9741,1990.0,Nate Johnston,PF-SF,23.0,21.0,0.0,87.0,14.1,0.428,0.083,0.271,16.4,12.7,14.5,1.6,1.6,5.6,10.0,27.6,,-0.1,0.2,0.1,0.05,,-4.6,-1.6,-6.3,-0.1,18.0,48.0,0.375,1.0,4.0,0.25,17.0,44.0,0.386,0.385,9.0,13.0,0.6920000000000001,13.0,10.0,23.0,1.0,3.0,8.0,6.0,11.0,46.0
UTA,9742,1990.0,Nate Johnston,SF,23.0,6.0,0.0,13.0,19.2,0.46299999999999997,0.091,0.182,19.3,0.0,9.0,0.0,0.0,4.8,7.8,43.2,,0.0,0.0,0.0,0.008,,-4.5,-9.9,-14.4,0.0,4.0,11.0,0.364,1.0,1.0,1.0,3.0,10.0,0.3,0.409,2.0,2.0,1.0,2.0,0.0,2.0,0.0,0.0,1.0,1.0,0.0,11.0
