Tm,Unnamed: 0,Year,Player,Pos,Age,G,GS,MP,PER,TS%,3PAr,FTr,ORB%,DRB%,TRB%,AST%,STL%,BLK%,TOV%,USG%,blanl,OWS,DWS,WS,WS/48,blank2,OBPM,DBPM,BPM,VORP,FG,FGA,FG%,3P,3PA,3P%,2P,2PA,2P%,eFG%,FT,FTA,FT%,ORB,DRB,TRB,AST,STL,BLK,TOV,PF,PTS
DEN,21360,2012.0,Nene Hilario,PF,29.0,82.0,82.0,2755.0,20.4,0.657,0.013999999999999999,0.69,12.4,22.8,17.7,12.2,3.0,3.7,66.7,44.8,,7.1,3.8,10.8,0.201,,2.3,3.1,4.7,4.6,428.0,717.0,0.615,1.0,5.0,0.2,427.0,715.0,0.618,0.615,293.0,416.0,0.723,208.0,461.0,627.0,203.0,127.0,101.0,183.0,295.0,1135.0
TOT,21359,2012.0,Nene Hilario,C,29.0,39.0,33.0,1110.0,18.6,0.573,0.01,0.42700000000000005,6.7,23.3,15.1,12.0,1.9,2.7,17.1,22.6,,1.3,1.4,2.7,0.11699999999999999,,-0.6,1.7,1.1,0.9,211.0,393.0,0.537,0.0,4.0,0.0,211.0,389.0,0.542,0.537,113.0,168.0,0.6729999999999999,63.0,228.0,291.0,80.0,42.0,38.0,96.0,95.0,535.0
WAS,23744,2016.0,Nene Hilario,PF,33.0,67.0,58.0,1693.0,24.2,0.624,0.018000000000000002,0.48200000000000004,7.9,25.3,16.5,19.0,2.4,3.5,16.3,24.0,,1.3,2.7,4.0,0.191,,1.8,2.3,2.4,1.4,307.0,601.0,0.607,1.0,5.0,0.2,306.0,596.0,0.618,0.607,196.0,269.0,0.7290000000000001,101.0,306.0,407.0,177.0,66.0,47.0,139.0,180.0,766.0
HOU,24333,2017.0,Nene Hilario,C,34.0,67.0,8.0,1198.0,18.9,0.63,0.023,0.496,8.6,16.9,12.8,8.6,2.2,2.7,13.1,19.7,,2.5,1.6,4.1,0.165,,-0.4,0.9,0.5,0.8,245.0,397.0,0.617,3.0,9.0,0.33299999999999996,242.0,388.0,0.624,0.621,116.0,197.0,0.589,95.0,186.0,281.0,65.0,56.0,40.0,73.0,163.0,609.0
