Tm,Unnamed: 0,Year,Player,Pos,Age,G,GS,MP,PER,TS%,3PAr,FTr,ORB%,DRB%,TRB%,AST%,STL%,BLK%,TOV%,USG%,blanl,OWS,DWS,WS,WS/48,blank2,OBPM,DBPM,BPM,VORP,FG,FGA,FG%,3P,3PA,3P%,2P,2PA,2P%,eFG%,FT,FTA,FT%,ORB,DRB,TRB,AST,STL,BLK,TOV,PF,PTS
POR,22909,2015.0,Nicolas Batum,SF,26.0,82.0,82.0,2956.0,17.3,0.6459999999999999,0.5329999999999999,0.252,7.0,17.8,11.1,20.9,1.9,2.6,18.6,20.5,,4.8,3.2,7.9,0.18100000000000002,,3.2,2.6,4.2,4.6,381.0,833.0,0.519,165.0,444.0,0.409,249.0,465.0,0.625,0.619,178.0,210.0,0.857,116.0,495.0,611.0,420.0,91.0,83.0,208.0,194.0,1070.0
CHO,24133,2017.0,Nicolas Batum,SG,28.0,77.0,77.0,2617.0,15.8,0.546,0.457,0.29100000000000004,2.4,18.4,10.1,27.6,1.6,1.4,17.6,22.3,,2.0,2.9,5.0,0.09699999999999999,,1.1,0.9,2.0,2.5,393.0,975.0,0.426,139.0,405.0,0.348,258.0,570.0,0.49200000000000005,0.506,243.0,284.0,0.856,55.0,435.0,481.0,455.0,86.0,43.0,205.0,114.0,1164.0
