Tm,Unnamed: 0,Year,Player,Pos,Age,G,GS,MP,PER,TS%,3PAr,FTr,ORB%,DRB%,TRB%,AST%,STL%,BLK%,TOV%,USG%,blanl,OWS,DWS,WS,WS/48,blank2,OBPM,DBPM,BPM,VORP,FG,FGA,FG%,3P,3PA,3P%,2P,2PA,2P%,eFG%,FT,FTA,FT%,ORB,DRB,TRB,AST,STL,BLK,TOV,PF,PTS
BOS,4715,1977.0,Norm Cook,SF,21.0,25.0,,138.0,10.3,0.396,,0.23600000000000002,7.2,12.0,9.6,5.3,3.2,1.1,,,,-0.3,0.2,-0.1,-0.023,,-5.5,-1.1,-6.6,-0.2,27.0,72.0,0.375,,,,27.0,72.0,0.375,0.375,9.0,17.0,0.529,10.0,17.0,27.0,5.0,10.0,3.0,,27.0,63.0
DEN,5081,1978.0,Norm Cook,SF,22.0,2.0,,10.0,3.8,0.33299999999999996,,0.0,10.7,19.8,15.4,12.6,0.0,0.0,0.0,11.5,,0.0,0.0,0.0,0.064,,-2.8,-2.0,-4.7,0.0,1.0,3.0,0.33299999999999996,,,,1.0,3.0,0.33299999999999996,0.33299999999999996,0.0,0.0,,1.0,2.0,3.0,1.0,0.0,0.0,0.0,4.0,2.0
