Tm,Unnamed: 0,Year,Player,Pos,Age,G,GS,MP,PER,TS%,3PAr,FTr,ORB%,DRB%,TRB%,AST%,STL%,BLK%,TOV%,USG%,blanl,OWS,DWS,WS,WS/48,blank2,OBPM,DBPM,BPM,VORP,FG,FGA,FG%,3P,3PA,3P%,2P,2PA,2P%,eFG%,FT,FTA,FT%,ORB,DRB,TRB,AST,STL,BLK,TOV,PF,PTS
MEM,21469,2012.0,O.J. Mayo,SG,24.0,82.0,82.0,3120.0,14.7,0.551,0.374,0.23399999999999999,2.3,12.1,6.9,16.1,2.1,1.1,13.8,24.5,,4.3,2.2,5.6,0.094,,1.7,-0.4,0.4,1.9,562.0,1283.0,0.45799999999999996,145.0,378.0,0.384,417.0,905.0,0.49,0.516,247.0,281.0,0.879,61.0,252.0,311.0,262.0,98.0,26.0,226.0,204.0,1516.0
DAL,22023,2013.0,O.J. Mayo,SG,25.0,82.0,82.0,2913.0,13.9,0.556,0.34,0.22699999999999998,1.4,9.6,5.6,19.4,1.6,0.6,15.7,20.9,,2.3,1.8,4.2,0.069,,1.1,-0.7,0.4,1.7,461.0,1026.0,0.449,142.0,349.0,0.40700000000000003,319.0,677.0,0.47100000000000003,0.519,191.0,233.0,0.82,36.0,255.0,291.0,361.0,93.0,23.0,210.0,195.0,1255.0
MIL,23863,2016.0,O.J. Mayo,SG,28.0,71.0,24.0,1697.0,13.5,0.529,0.505,0.198,2.0,10.5,6.3,19.4,2.2,0.9,17.5,23.6,,0.9,1.9,2.8,0.079,,0.0,-1.3,-1.3,0.3,296.0,701.0,0.42200000000000004,99.0,277.0,0.37,197.0,424.0,0.465,0.493,115.0,139.0,0.8640000000000001,30.0,157.0,187.0,197.0,57.0,18.0,128.0,165.0,806.0
