Tm,Unnamed: 0,Year,Player,Pos,Age,G,GS,MP,PER,TS%,3PAr,FTr,ORB%,DRB%,TRB%,AST%,STL%,BLK%,TOV%,USG%,blanl,OWS,DWS,WS,WS/48,blank2,OBPM,DBPM,BPM,VORP,FG,FGA,FG%,3P,3PA,3P%,2P,2PA,2P%,eFG%,FT,FTA,FT%,ORB,DRB,TRB,AST,STL,BLK,TOV,PF,PTS
LAL,5940,1980.0,Ollie Mack,SG,22.0,27.0,,155.0,9.1,0.44,0.02,0.36,5.4,9.7,7.7,15.3,1.2,0.0,13.4,17.3,,0.0,0.1,0.1,0.035,,-3.3,-2.3,-5.6,-0.1,21.0,50.0,0.42,0.0,1.0,0.0,21.0,49.0,0.429,0.42,9.0,18.0,0.5,7.0,15.0,22.0,20.0,4.0,0.0,9.0,16.0,51.0
CHI,6294,1981.0,Ollie Mack,SG,23.0,23.0,,526.0,11.4,0.56,0.027000000000000003,0.33299999999999996,5.5,6.8,5.2,9.0,3.0,0.3,13.7,17.5,,0.6,0.3,0.8,0.077,,-0.5,-1.0,-1.5,0.1,77.0,149.0,0.517,0.0,4.0,0.0,77.0,145.0,0.531,0.517,29.0,33.0,0.879,25.0,24.0,49.0,33.0,20.0,3.0,26.0,34.0,183.0
TOT,6293,1981.0,Ollie Mack,SG,23.0,65.0,,1682.0,12.8,0.528,0.025,0.256,6.0,9.7,7.8,15.1,1.7,0.2,13.6,18.2,,1.1,0.5,1.6,0.067,,-0.3,-1.0,-1.3,0.3,279.0,606.0,0.49200000000000005,0.0,9.0,0.0,279.0,597.0,0.505,0.49200000000000005,80.0,125.0,0.745,92.0,138.0,230.0,163.0,56.0,7.0,70.0,117.0,638.0
DAL,6668,1982.0,Ollie Mack,SG,24.0,62.0,3.0,1666.0,13.0,0.485,0.034,0.205,6.1,9.7,7.8,15.1,1.6,0.4,9.7,18.3,,1.2,0.5,1.7,0.048,,-0.2,-1.0,-1.2,0.3,278.0,600.0,0.46299999999999997,0.0,9.0,0.0,278.0,591.0,0.47,0.46299999999999997,79.0,123.0,0.75,92.0,137.0,229.0,162.0,55.0,7.0,70.0,114.0,635.0
