Tm,Unnamed: 0,Year,Player,Pos,Age,G,GS,MP,PER,TS%,3PAr,FTr,ORB%,DRB%,TRB%,AST%,STL%,BLK%,TOV%,USG%,blanl,OWS,DWS,WS,WS/48,blank2,OBPM,DBPM,BPM,VORP,FG,FGA,FG%,3P,3PA,3P%,2P,2PA,2P%,eFG%,FT,FTA,FT%,ORB,DRB,TRB,AST,STL,BLK,TOV,PF,PTS
POR,16608,2004.0,Omar Cook,PG,22.0,17.0,0.0,139.0,4.7,0.259,0.037000000000000005,0.0,2.6,2.5,2.6,25.6,4.0,0.0,27.0,12.6,,-0.3,0.1,-0.2,-0.068,,-6.8,-1.5,-8.3,-0.2,7.0,27.0,0.259,0.0,1.0,0.0,7.0,26.0,0.26899999999999996,0.259,0.0,0.0,,3.0,3.0,6.0,24.0,10.0,0.0,10.0,14.0,14.0
TOR,17199,2005.0,Omar Cook,PG,23.0,5.0,0.0,74.0,17.0,0.43200000000000005,0.16699999999999998,0.25,3.0,7.8,5.4,48.7,4.2,1.0,18.4,20.2,,0.0,0.1,0.1,0.067,,-0.8,-1.3,-2.1,0.0,10.0,24.0,0.41700000000000004,0.0,4.0,0.0,10.0,20.0,0.5,0.41700000000000004,3.0,6.0,0.5,2.0,5.0,7.0,22.0,6.0,1.0,6.0,6.0,23.0
