Tm,Unnamed: 0,Year,Player,Pos,Age,G,GS,MP,PER,TS%,3PAr,FTr,ORB%,DRB%,TRB%,AST%,STL%,BLK%,TOV%,USG%,blanl,OWS,DWS,WS,WS/48,blank2,OBPM,DBPM,BPM,VORP,FG,FGA,FG%,3P,3PA,3P%,2P,2PA,2P%,eFG%,FT,FTA,FT%,ORB,DRB,TRB,AST,STL,BLK,TOV,PF,PTS
HOU,15960,2002.0,Oscar Torres,SG,25.0,65.0,13.0,1075.0,11.4,0.502,0.37,0.308,4.9,8.1,6.5,6.4,1.3,0.6,11.2,18.8,,0.7,0.1,0.9,0.039,,-1.2,-2.7,-3.9,-0.5,135.0,341.0,0.396,37.0,126.0,0.294,98.0,215.0,0.456,0.45,82.0,105.0,0.7809999999999999,47.0,75.0,122.0,40.0,25.0,9.0,49.0,64.0,389.0
GSW,16432,2003.0,Oscar Torres,SG,26.0,17.0,0.0,109.0,14.7,0.5920000000000001,0.361,0.556,3.0,8.7,5.9,4.4,1.9,1.2,15.2,20.6,,0.2,0.0,0.2,0.08800000000000001,,-0.1,-3.6,-3.7,0.0,16.0,36.0,0.444,7.0,13.0,0.5379999999999999,9.0,23.0,0.391,0.542,14.0,20.0,0.7,3.0,9.0,12.0,3.0,4.0,2.0,8.0,9.0,53.0
