Tm,Unnamed: 0,Year,Player,Pos,Age,G,GS,MP,PER,TS%,3PAr,FTr,ORB%,DRB%,TRB%,AST%,STL%,BLK%,TOV%,USG%,blanl,OWS,DWS,WS,WS/48,blank2,OBPM,DBPM,BPM,VORP,FG,FGA,FG%,3P,3PA,3P%,2P,2PA,2P%,eFG%,FT,FTA,FT%,ORB,DRB,TRB,AST,STL,BLK,TOV,PF,PTS
GSW,7912,1985.0,Othell Wilson,PG,23.0,74.0,23.0,1260.0,10.8,0.501,0.055,0.261,2.9,9.3,5.8,22.2,2.8,0.5,22.6,13.1,,0.1,0.7,0.7,0.027999999999999997,,-2.4,-0.3,-2.7,-0.2,134.0,291.0,0.46,3.0,16.0,0.188,131.0,275.0,0.47600000000000003,0.466,54.0,76.0,0.711,35.0,96.0,131.0,217.0,77.0,12.0,95.0,122.0,325.0
SAC,8667,1987.0,Othell Wilson,PG,25.0,53.0,2.0,789.0,12.1,0.503,0.09699999999999999,0.292,3.9,7.4,5.6,33.4,2.5,0.3,26.9,14.5,,0.1,0.5,0.6,0.038,,-2.0,-1.6,-3.6,-0.3,82.0,185.0,0.44299999999999995,3.0,18.0,0.16699999999999998,79.0,167.0,0.473,0.451,43.0,54.0,0.7959999999999999,28.0,53.0,81.0,207.0,42.0,4.0,77.0,67.0,210.0
