Tm,Unnamed: 0,Year,Player,Pos,Age,G,GS,MP,PER,TS%,3PAr,FTr,ORB%,DRB%,TRB%,AST%,STL%,BLK%,TOV%,USG%,blanl,OWS,DWS,WS,WS/48,blank2,OBPM,DBPM,BPM,VORP,FG,FGA,FG%,3P,3PA,3P%,2P,2PA,2P%,eFG%,FT,FTA,FT%,ORB,DRB,TRB,AST,STL,BLK,TOV,PF,PTS
DET,5531,1979.0,Otis Howard,PF,22.0,11.0,,91.0,15.1,0.444,,0.511,14.4,24.8,19.4,6.0,1.0,1.1,8.3,25.2,,0.0,0.1,0.1,0.07400000000000001,,-2.4,-3.1,-5.5,-0.1,19.0,45.0,0.42200000000000004,,,,19.0,45.0,0.42200000000000004,0.42200000000000004,11.0,23.0,0.478,13.0,21.0,34.0,4.0,2.0,2.0,5.0,16.0,49.0
MIL,5530,1979.0,Otis Howard,PF,22.0,3.0,,22.0,8.0,0.455,,0.0,25.1,10.0,17.6,6.0,0.0,0.0,15.4,23.0,,0.0,0.0,0.0,0.024,,-0.6,-4.7,-5.2,0.0,5.0,11.0,0.455,,,,5.0,11.0,0.455,0.455,0.0,0.0,,5.0,2.0,7.0,1.0,0.0,0.0,2.0,8.0,10.0
TOT,5529,1979.0,Otis Howard,PF,22.0,14.0,,113.0,13.7,0.446,,0.41100000000000003,16.5,21.9,19.1,6.0,0.8,0.9,9.6,24.7,,0.0,0.1,0.2,0.064,,-2.0,-3.4,-5.5,-0.1,24.0,56.0,0.429,,,,24.0,56.0,0.429,0.429,11.0,23.0,0.478,18.0,23.0,41.0,5.0,2.0,2.0,7.0,24.0,59.0
