Tm,Unnamed: 0,Year,Player,Pos,Age,G,GS,MP,PER,TS%,3PAr,FTr,ORB%,DRB%,TRB%,AST%,STL%,BLK%,TOV%,USG%,blanl,OWS,DWS,WS,WS/48,blank2,OBPM,DBPM,BPM,VORP,FG,FGA,FG%,3P,3PA,3P%,2P,2PA,2P%,eFG%,FT,FTA,FT%,ORB,DRB,TRB,AST,STL,BLK,TOV,PF,PTS
SAS,7715,1985.0,Ozell Jones,C,24.0,67.0,6.0,888.0,11.4,0.5660000000000001,0.006,0.461,8.5,21.4,15.2,7.7,1.6,3.6,22.0,12.5,,0.1,1.2,1.3,0.073,,-2.4,2.4,0.0,0.4,106.0,180.0,0.589,0.0,1.0,0.0,106.0,179.0,0.5920000000000001,0.589,33.0,83.0,0.39799999999999996,65.0,173.0,238.0,56.0,30.0,57.0,61.0,139.0,245.0
LAC,8093,1986.0,Ozell Jones,C,25.0,3.0,0.0,18.0,-7.1,0.0,0.0,0.0,0.0,12.5,6.1,0.0,5.2,3.0,60.0,11.1,,-0.1,0.0,-0.1,-0.249,,-14.8,4.2,-10.6,0.0,0.0,2.0,0.0,0.0,0.0,,0.0,2.0,0.0,0.0,0.0,0.0,,0.0,2.0,2.0,0.0,2.0,1.0,3.0,5.0,0.0
