Tm,Unnamed: 0,Year,Player,Pos,Age,G,GS,MP,PER,TS%,3PAr,FTr,ORB%,DRB%,TRB%,AST%,STL%,BLK%,TOV%,USG%,blanl,OWS,DWS,WS,WS/48,blank2,OBPM,DBPM,BPM,VORP,FG,FGA,FG%,3P,3PA,3P%,2P,2PA,2P%,eFG%,FT,FTA,FT%,ORB,DRB,TRB,AST,STL,BLK,TOV,PF,PTS
CHO,23717,2016.0,P.J. Hairston,SG,23.0,48.0,43.0,938.0,9.0,0.486,0.623,0.152,3.4,13.0,7.5,5.1,1.6,1.5,7.5,20.4,,-0.1,1.0,0.9,0.044000000000000004,,-2.2,-1.0,-3.2,-0.3,99.0,276.0,0.359,54.0,172.0,0.314,45.0,106.0,0.433,0.457,34.0,42.0,0.861,22.0,110.0,128.0,29.0,24.0,13.0,24.0,106.0,286.0
MEM,23718,2016.0,P.J. Hairston,SF,23.0,18.0,9.0,375.0,5.7,0.43799999999999994,0.523,0.16699999999999998,2.0,12.4,7.0,3.8,1.1,1.0,10.7,19.0,,-0.5,0.2,-0.3,-0.039,,-3.9,-2.7,-6.7,-0.4,46.0,132.0,0.348,16.0,69.0,0.23199999999999998,30.0,63.0,0.47600000000000003,0.409,16.0,22.0,0.727,7.0,39.0,46.0,9.0,8.0,4.0,17.0,31.0,124.0
TOT,23716,2016.0,P.J. Hairston,SF,23.0,66.0,52.0,1313.0,6.9,0.47,0.591,0.157,2.1,12.8,7.3,4.4,1.2,0.7,8.6,16.4,,-0.6,1.1,0.6,0.021,,-2.7,-1.5,-4.2,-0.7,145.0,408.0,0.355,70.0,241.0,0.29,75.0,167.0,0.449,0.441,50.0,64.0,0.7809999999999999,25.0,149.0,174.0,38.0,32.0,11.0,41.0,137.0,410.0
