Tm,Unnamed: 0,Year,Player,Pos,Age,G,GS,MP,PER,TS%,3PAr,FTr,ORB%,DRB%,TRB%,AST%,STL%,BLK%,TOV%,USG%,blanl,OWS,DWS,WS,WS/48,blank2,OBPM,DBPM,BPM,VORP,FG,FGA,FG%,3P,3PA,3P%,2P,2PA,2P%,eFG%,FT,FTA,FT%,ORB,DRB,TRB,AST,STL,BLK,TOV,PF,PTS
CLE,7863,1985.0,Paul Thompson,SF,23.0,82.0,27.0,1731.0,14.9,0.51,0.065,0.225,7.6,13.1,10.2,12.1,2.7,1.5,10.0,23.6,,2.0,1.8,3.7,0.10400000000000001,,0.2,0.8,0.6,1.1,309.0,662.0,0.467,9.0,39.0,0.261,300.0,623.0,0.48200000000000004,0.474,115.0,149.0,0.8490000000000001,120.0,192.0,312.0,122.0,70.0,37.0,73.0,192.0,742.0
MIL,7864,1985.0,Paul Thompson,SF,23.0,16.0,0.0,227.0,12.8,0.442,0.067,0.324,10.3,10.2,10.3,12.3,3.2,1.3,11.1,24.2,,0.0,0.4,0.4,0.083,,-1.3,0.8,-0.5,0.1,41.0,105.0,0.39,0.0,7.0,0.0,41.0,98.0,0.418,0.39,24.0,34.0,0.706,21.0,21.0,42.0,20.0,15.0,5.0,15.0,42.0,106.0
TOT,7862,1985.0,Paul Thompson,SF,23.0,49.0,27.0,942.0,13.4,0.455,0.065,0.19,6.6,11.7,9.1,12.1,2.8,1.5,10.3,23.7,,-0.2,1.3,1.1,0.055999999999999994,,-1.4,0.8,-0.5,0.4,189.0,459.0,0.41200000000000003,6.0,30.0,0.2,183.0,429.0,0.42700000000000005,0.418,69.0,87.0,0.7929999999999999,57.0,101.0,158.0,78.0,56.0,25.0,57.0,119.0,453.0
PHI,8230,1986.0,Paul Thompson,SF,24.0,23.0,8.0,432.0,9.3,0.42,0.062,0.222,7.0,9.3,8.2,7.9,1.7,2.2,12.3,22.6,,-0.4,0.4,0.1,0.008,,-3.8,-0.8,-4.6,-0.3,70.0,194.0,0.361,2.0,12.0,0.16699999999999998,68.0,182.0,0.374,0.366,37.0,43.0,0.86,27.0,36.0,63.0,24.0,15.0,17.0,30.0,49.0,179.0
