Tm,Unnamed: 0,Year,Player,Pos,Age,G,GS,MP,PER,TS%,3PAr,FTr,ORB%,DRB%,TRB%,AST%,STL%,BLK%,TOV%,USG%,blanl,OWS,DWS,WS,WS/48,blank2,OBPM,DBPM,BPM,VORP,FG,FGA,FG%,3P,3PA,3P%,2P,2PA,2P%,eFG%,FT,FTA,FT%,ORB,DRB,TRB,AST,STL,BLK,TOV,PF,PTS
BOS,4356,1975.0,Paul Westphal,SG,24.0,82.0,,1581.0,17.3,0.544,,0.406,4.2,7.6,6.3,21.5,2.2,1.4,,,,3.0,2.2,5.1,0.156,,1.8,-0.4,1.5,1.4,342.0,670.0,0.51,,,,342.0,670.0,0.51,0.51,119.0,156.0,0.779,49.0,119.0,163.0,235.0,78.0,34.0,,192.0,803.0
SEA,6423,1981.0,Paul Westphal,SG,30.0,36.0,,1078.0,16.5,0.517,0.05,0.368,1.1,5.7,3.5,21.5,2.0,0.7,11.8,24.9,,1.5,0.9,2.4,0.106,,0.6,-1.8,-1.2,0.2,221.0,500.0,0.442,6.0,25.0,0.24,215.0,475.0,0.45299999999999996,0.44799999999999995,153.0,184.0,0.8320000000000001,11.0,57.0,68.0,148.0,46.0,14.0,78.0,70.0,601.0
NYK,7188,1983.0,Paul Westphal,SG,32.0,80.0,59.0,1978.0,14.1,0.516,0.069,0.266,2.2,5.8,3.4,33.4,2.2,1.0,20.2,23.9,,1.0,2.7,3.7,0.091,,-0.7,-1.1,-1.8,0.1,318.0,693.0,0.45899999999999996,14.0,48.0,0.292,304.0,645.0,0.47100000000000003,0.469,148.0,184.0,0.804,19.0,96.0,115.0,439.0,87.0,16.0,196.0,180.0,798.0
PHO,7530,1984.0,Paul Westphal,SG,33.0,82.0,2.0,2960.0,23.8,0.593,0.083,0.45399999999999996,2.7,6.7,4.8,29.9,3.2,0.7,17.0,30.9,,8.2,3.2,10.5,0.19,,5.5,-0.2,4.1,4.0,809.0,1568.0,0.535,26.0,93.0,0.28,809.0,1568.0,0.544,0.535,396.0,487.0,0.862,74.0,185.0,259.0,529.0,210.0,38.0,280.0,218.0,2014.0
