Tm,Unnamed: 0,Year,Player,Pos,Age,G,GS,MP,PER,TS%,3PAr,FTr,ORB%,DRB%,TRB%,AST%,STL%,BLK%,TOV%,USG%,blanl,OWS,DWS,WS,WS/48,blank2,OBPM,DBPM,BPM,VORP,FG,FGA,FG%,3P,3PA,3P%,2P,2PA,2P%,eFG%,FT,FTA,FT%,ORB,DRB,TRB,AST,STL,BLK,TOV,PF,PTS
BAL,2005,1964.0,Paul Hogue,C,23.0,9.0,,58.0,-1.4,0.235,,0.14300000000000002,,,,,,,,,,-0.2,0.0,-0.1,-0.114,,,,,,3.0,14.0,0.214,,,,3.0,14.0,0.214,0.214,1.0,2.0,0.5,,,16.0,1.0,,,,20.0,7.0
NYK,2004,1964.0,Paul Hogue,C,23.0,50.0,,1340.0,7.4,0.522,,0.415,,,,,,,,,,0.1,0.8,0.1,0.044000000000000004,,,,,,152.0,419.0,0.563,,,,152.0,419.0,0.563,0.563,79.0,174.0,0.45399999999999996,,,430.0,42.0,,,,220.0,383.0
TOT,2003,1964.0,Paul Hogue,C,23.0,15.0,,147.0,3.6,0.39299999999999996,,0.233,,,,,,,,,,-0.1,0.0,-0.1,-0.018000000000000002,,,,,,12.0,30.0,0.4,,,,12.0,30.0,0.4,0.4,2.0,7.0,0.28600000000000003,,,31.0,6.0,,,,35.0,26.0
