Tm,Unnamed: 0,Year,Player,Pos,Age,G,GS,MP,PER,TS%,3PAr,FTr,ORB%,DRB%,TRB%,AST%,STL%,BLK%,TOV%,USG%,blanl,OWS,DWS,WS,WS/48,blank2,OBPM,DBPM,BPM,VORP,FG,FGA,FG%,3P,3PA,3P%,2P,2PA,2P%,eFG%,FT,FTA,FT%,ORB,DRB,TRB,AST,STL,BLK,TOV,PF,PTS
BOS,22093,2013.0,Paul Pierce,SG,35.0,82.0,82.0,3302.0,23.6,0.62,0.35,0.555,7.8,19.7,11.2,25.1,3.0,2.2,14.6,33.2,,8.3,5.7,12.9,0.207,,4.7,1.6,4.9,5.7,707.0,1598.0,0.49700000000000005,210.0,520.0,0.414,578.0,1201.0,0.547,0.551,627.0,812.0,0.86,117.0,485.0,578.0,410.0,154.0,86.0,303.0,255.0,2144.0
BRK,22701,2014.0,Paul Pierce,SF,36.0,75.0,68.0,2098.0,16.8,0.595,0.42100000000000004,0.435,1.5,18.3,9.9,14.5,2.2,1.2,15.3,22.4,,2.9,2.3,5.2,0.11900000000000001,,1.3,0.2,1.5,1.8,321.0,712.0,0.451,112.0,300.0,0.373,209.0,412.0,0.507,0.529,256.0,310.0,0.826,26.0,322.0,348.0,178.0,86.0,31.0,153.0,190.0,1010.0
WAS,23321,2015.0,Paul Pierce,SF,37.0,73.0,73.0,1914.0,15.2,0.58,0.462,0.32,2.7,14.3,8.7,11.9,1.2,1.0,10.9,19.9,,3.2,2.3,5.5,0.138,,1.7,-0.2,1.5,1.7,293.0,656.0,0.447,118.0,303.0,0.389,175.0,353.0,0.496,0.537,164.0,210.0,0.7809999999999999,45.0,249.0,294.0,144.0,46.0,24.0,92.0,160.0,868.0
LAC,24529,2017.0,Paul Pierce,SF,39.0,68.0,38.0,1231.0,8.2,0.535,0.614,0.18600000000000003,1.1,18.5,9.7,8.5,1.3,1.5,17.4,17.8,,-0.2,1.4,0.9,0.033,,-2.5,-0.3,-2.8,-0.2,144.0,397.0,0.4,75.0,242.0,0.349,69.0,155.0,0.48100000000000004,0.507,54.0,66.0,0.818,12.0,174.0,186.0,71.0,33.0,17.0,58.0,129.0,417.0
