Tm,Unnamed: 0,Year,Player,Pos,Age,G,GS,MP,PER,TS%,3PAr,FTr,ORB%,DRB%,TRB%,AST%,STL%,BLK%,TOV%,USG%,blanl,OWS,DWS,WS,WS/48,blank2,OBPM,DBPM,BPM,VORP,FG,FGA,FG%,3P,3PA,3P%,2P,2PA,2P%,eFG%,FT,FTA,FT%,ORB,DRB,TRB,AST,STL,BLK,TOV,PF,PTS
MIL,14137,1999.0,Paul Grant,C,25.0,2.0,0.0,5.0,10.9,0.5,0.0,0.0,0.0,0.0,0.0,0.0,11.0,0.0,33.3,28.7,,0.0,0.0,0.0,-0.14800000000000002,,-8.4,3.8,-4.6,0.0,1.0,2.0,0.5,0.0,0.0,,1.0,2.0,0.5,0.5,0.0,0.0,,0.0,0.0,0.0,0.0,1.0,0.0,1.0,0.0,2.0
MIN,14136,1999.0,Paul Grant,C,25.0,4.0,0.0,8.0,-14.3,0.25,0.0,0.0,13.0,0.0,7.0,0.0,0.0,0.0,20.0,27.5,,-0.1,0.0,-0.1,-0.319,,-14.0,-7.8,-21.8,0.0,1.0,4.0,0.25,0.0,0.0,,1.0,4.0,0.25,0.25,0.0,0.0,,1.0,0.0,1.0,0.0,0.0,0.0,1.0,4.0,2.0
TOT,14135,1999.0,Paul Grant,C,25.0,6.0,0.0,13.0,-4.6,0.33299999999999996,0.0,0.0,8.0,0.0,4.3,0.0,4.2,0.0,25.0,27.9,,-0.1,0.0,-0.1,-0.253,,-11.9,-3.3,-15.2,0.0,2.0,6.0,0.33299999999999996,0.0,0.0,,2.0,6.0,0.33299999999999996,0.33299999999999996,0.0,0.0,,1.0,0.0,1.0,0.0,1.0,0.0,2.0,4.0,4.0
UTA,16693,2004.0,Paul Grant,C,30.0,10.0,0.0,98.0,5.1,0.47100000000000003,0.0,0.348,8.7,12.9,10.8,5.4,0.6,0.9,20.9,15.9,,-0.1,0.1,0.0,-0.015,,-4.8,-2.0,-6.8,-0.1,11.0,23.0,0.478,0.0,0.0,,11.0,23.0,0.478,0.478,3.0,8.0,0.375,7.0,10.0,17.0,3.0,1.0,1.0,7.0,17.0,25.0
