Tm,Unnamed: 0,Year,Player,Pos,Age,G,GS,MP,PER,TS%,3PAr,FTr,ORB%,DRB%,TRB%,AST%,STL%,BLK%,TOV%,USG%,blanl,OWS,DWS,WS,WS/48,blank2,OBPM,DBPM,BPM,VORP,FG,FGA,FG%,3P,3PA,3P%,2P,2PA,2P%,eFG%,FT,FTA,FT%,ORB,DRB,TRB,AST,STL,BLK,TOV,PF,PTS
CHI,3252,1971.0,Paul Ruffner,C,22.0,10.0,,60.0,12.5,0.441,,0.22899999999999998,,,12.6,5.3,,,,,,-0.1,0.1,0.0,0.021,,,,,,15.0,35.0,0.429,,,,15.0,35.0,0.429,0.429,4.0,8.0,0.5,,,16.0,2.0,,,,10.0,34.0
BUF,4300,1975.0,Paul Ruffner,C,26.0,22.0,,103.0,12.1,0.45799999999999996,,0.48100000000000004,12.3,13.3,10.9,9.9,1.3,1.4,,,,0.0,0.1,0.1,0.028999999999999998,,-1.5,-1.9,-3.5,0.0,22.0,47.0,0.46799999999999997,,,,22.0,47.0,0.46799999999999997,0.46799999999999997,8.0,13.0,0.615,12.0,10.0,22.0,7.0,3.0,3.0,,22.0,45.0
