Tm,Unnamed: 0,Year,Player,Pos,Age,G,GS,MP,PER,TS%,3PAr,FTr,ORB%,DRB%,TRB%,AST%,STL%,BLK%,TOV%,USG%,blanl,OWS,DWS,WS,WS/48,blank2,OBPM,DBPM,BPM,VORP,FG,FGA,FG%,3P,3PA,3P%,2P,2PA,2P%,eFG%,FT,FTA,FT%,ORB,DRB,TRB,AST,STL,BLK,TOV,PF,PTS
POR,7517,1984.0,Pete Verhoeven,PF,24.0,71.0,22.0,1207.0,12.0,0.5329999999999999,0.01,0.25,9.9,13.6,11.8,8.5,3.2,2.0,17.8,17.3,,1.0,1.1,2.1,0.099,,-1.0,1.3,0.2,0.3,149.0,296.0,0.509,0.0,1.0,0.0,149.0,296.0,0.512,0.509,51.0,72.0,0.708,106.0,148.0,254.0,52.0,42.0,22.0,55.0,215.0,349.0
KCK,7877,1985.0,Pete Verhoeven,PF,25.0,54.0,0.0,366.0,8.6,0.517,0.0,0.231,8.8,10.8,9.8,5.9,1.9,1.0,14.4,15.0,,0.2,0.2,0.4,0.053,,-2.1,-0.8,-2.9,-0.1,51.0,108.0,0.47200000000000003,0.0,0.0,,51.0,108.0,0.47200000000000003,0.47200000000000003,21.0,25.0,0.84,28.0,35.0,63.0,17.0,15.0,7.0,20.0,85.0,123.0
GSW,8250,1986.0,Pete Verhoeven,PF,26.0,61.0,5.0,749.0,10.1,0.5539999999999999,0.012,0.257,9.1,14.3,11.6,4.8,1.8,1.2,13.9,11.3,,0.7,0.5,1.2,0.076,,-1.2,0.1,-1.1,0.2,90.0,167.0,0.539,1.0,2.0,0.5,89.0,165.0,0.539,0.542,25.0,43.0,0.581,65.0,95.0,160.0,29.0,29.0,17.0,30.0,141.0,206.0
IND,8633,1987.0,Pete Verhoeven,PF,27.0,5.0,0.0,44.0,5.2,0.35700000000000004,0.0,0.0,4.9,12.6,8.7,6.0,2.2,1.4,0.0,13.3,,0.0,0.1,0.0,0.04,,-5.1,0.7,-4.5,0.0,5.0,14.0,0.35700000000000004,0.0,0.0,,5.0,14.0,0.35700000000000004,0.35700000000000004,0.0,0.0,,2.0,5.0,7.0,2.0,2.0,1.0,0.0,11.0,10.0
