Tm,Unnamed: 0,Year,Player,Pos,Age,G,GS,MP,PER,TS%,3PAr,FTr,ORB%,DRB%,TRB%,AST%,STL%,BLK%,TOV%,USG%,blanl,OWS,DWS,WS,WS/48,blank2,OBPM,DBPM,BPM,VORP,FG,FGA,FG%,3P,3PA,3P%,2P,2PA,2P%,eFG%,FT,FTA,FT%,ORB,DRB,TRB,AST,STL,BLK,TOV,PF,PTS
DET,1403,1959.0,Phil Jordon,PF,25.0,72.0,,2058.0,16.8,0.46799999999999997,,0.313,,,,,,,,,,2.8,2.4,5.2,0.121,,,,,,399.0,967.0,0.413,,,,399.0,967.0,0.413,0.413,231.0,303.0,0.762,,,594.0,83.0,,,,193.0,1029.0
CIN,1636,1961.0,Phil Jordon,C,27.0,75.0,,2066.0,15.3,0.449,,0.348,,,,,,,,,,1.4,0.6,1.9,0.045,,,,,,381.0,970.0,0.395,,,,381.0,970.0,0.395,0.395,242.0,338.0,0.731,,,624.0,207.0,,,,227.0,1004.0
TOT,1635,1961.0,Phil Jordon,C,27.0,79.0,,2064.0,16.1,0.44299999999999995,,0.308,,,,,,,,,,0.7,0.8,1.5,0.08199999999999999,,,,,,360.0,933.0,0.413,,,,360.0,933.0,0.413,0.413,206.0,287.0,0.718,,,674.0,181.0,,,,273.0,926.0
NYK,1744,1962.0,Phil Jordon,C-F,28.0,76.0,,2195.0,17.5,0.505,,0.301,,,,,,,,,,0.2,1.7,0.2,0.15,,,,,,403.0,1028.0,0.47100000000000003,,,,403.0,1028.0,0.47100000000000003,0.47100000000000003,96.0,168.0,0.833,,,482.0,156.0,,,,258.0,902.0
STL,1873,1963.0,Phil Jordon,C,29.0,73.0,,1420.0,9.5,0.418,,0.192,,,,,,,,,,-1.2,1.9,0.7,0.024,,,,,,211.0,527.0,0.4,,,,211.0,527.0,0.4,0.4,56.0,101.0,0.5539999999999999,,,319.0,103.0,,,,172.0,478.0
