Tm,Unnamed: 0,Year,Player,Pos,Age,G,GS,MP,PER,TS%,3PAr,FTr,ORB%,DRB%,TRB%,AST%,STL%,BLK%,TOV%,USG%,blanl,OWS,DWS,WS,WS/48,blank2,OBPM,DBPM,BPM,VORP,FG,FGA,FG%,3P,3PA,3P%,2P,2PA,2P%,eFG%,FT,FTA,FT%,ORB,DRB,TRB,AST,STL,BLK,TOV,PF,PTS
BAL,3617,1973.0,Phil Chenier,SG,22.0,81.0,,2776.0,15.2,0.486,,0.252,,,5.1,15.3,,,,,,2.3,3.1,5.5,0.095,,,,,,602.0,1332.0,0.452,,,,602.0,1332.0,0.452,0.452,194.0,247.0,0.795,,,288.0,301.0,,,,191.0,1398.0
CAP,3886,1974.0,Phil Chenier,SG,23.0,76.0,,2942.0,17.2,0.475,,0.20800000000000002,3.6,9.0,6.3,12.6,2.4,1.2,,,,3.1,4.3,7.4,0.121,,0.9,0.9,1.8,2.8,697.0,1607.0,0.434,,,,697.0,1607.0,0.434,0.434,274.0,334.0,0.82,114.0,274.0,388.0,239.0,155.0,67.0,,135.0,1668.0
IND,5790,1980.0,Phil Chenier,SG,29.0,23.0,,380.0,8.9,0.423,0.044000000000000004,0.193,2.4,7.3,4.8,15.9,1.8,1.4,15.1,17.6,,-0.3,0.2,0.0,0.0,,-4.3,-1.6,-5.8,-0.4,52.0,135.0,0.385,2.0,6.0,0.33299999999999996,50.0,129.0,0.38799999999999996,0.39299999999999996,18.0,26.0,0.6920000000000001,9.0,26.0,35.0,47.0,15.0,10.0,26.0,29.0,124.0
TOT,5788,1980.0,Phil Chenier,SG,29.0,43.0,,850.0,9.5,0.431,0.034,0.192,2.2,7.2,4.7,14.0,1.8,0.9,12.7,20.0,,-0.6,0.6,0.0,0.002,,-3.6,-1.2,-4.9,-0.6,136.0,349.0,0.39,5.0,12.0,0.41700000000000004,131.0,337.0,0.389,0.397,49.0,67.0,0.731,19.0,59.0,78.0,89.0,33.0,15.0,55.0,55.0,326.0
WSB,5789,1980.0,Phil Chenier,SG,29.0,80.0,,2952.0,17.7,0.528,0.027999999999999997,0.306,3.1,9.2,5.6,15.7,2.8,1.1,15.4,23.2,,4.9,4.9,8.8,0.147,,1.7,1.0,2.3,3.2,690.0,1533.0,0.483,3.0,6.0,0.5,690.0,1533.0,0.483,0.483,301.0,365.0,0.841,84.0,243.0,320.0,294.0,176.0,58.0,67.0,186.0,1681.0
GSW,6135,1981.0,Phil Chenier,SG,30.0,9.0,,82.0,5.6,0.40700000000000003,0.091,0.182,1.3,9.6,5.4,11.1,0.0,0.0,10.1,19.2,,0.0,0.0,0.0,-0.016,,-4.9,-4.2,-9.1,-0.1,11.0,33.0,0.33299999999999996,1.0,3.0,0.33299999999999996,10.0,30.0,0.33299999999999996,0.348,6.0,6.0,1.0,1.0,7.0,8.0,7.0,0.0,0.0,4.0,10.0,29.0
