Tm,Unnamed: 0,Year,Player,Pos,Age,G,GS,MP,PER,TS%,3PAr,FTr,ORB%,DRB%,TRB%,AST%,STL%,BLK%,TOV%,USG%,blanl,OWS,DWS,WS,WS/48,blank2,OBPM,DBPM,BPM,VORP,FG,FGA,FG%,3P,3PA,3P%,2P,2PA,2P%,eFG%,FT,FTA,FT%,ORB,DRB,TRB,AST,STL,BLK,TOV,PF,PTS
TOR,13653,1998.0,Popeye Jones,PF,27.0,79.0,61.0,2421.0,13.4,0.522,0.024,0.225,15.3,20.4,16.4,8.6,1.5,1.3,16.4,18.9,,2.0,2.2,4.2,0.083,,-1.5,0.3,-1.5,0.3,258.0,537.0,0.48,2.0,13.0,0.667,257.0,524.0,0.49,0.48100000000000004,99.0,121.0,0.818,270.0,410.0,680.0,84.0,58.0,39.0,116.0,269.0,616.0
BOS,14198,1999.0,Popeye Jones,PF,28.0,18.0,2.0,206.0,12.4,0.462,0.02,0.33299999999999996,14.9,13.5,14.2,11.2,1.3,0.0,10.7,14.2,,0.3,0.1,0.5,0.113,,-0.4,-1.1,-1.5,0.0,20.0,51.0,0.392,0.0,1.0,0.0,20.0,50.0,0.4,0.392,14.0,17.0,0.8240000000000001,28.0,24.0,52.0,15.0,5.0,0.0,7.0,31.0,54.0
DEN,14712,2000.0,Popeye Jones,PF,29.0,40.0,1.0,330.0,12.4,0.46299999999999997,0.028999999999999998,0.183,13.4,20.6,17.0,9.0,0.5,1.2,10.4,16.5,,0.3,0.2,0.6,0.08199999999999999,,-2.2,-1.3,-3.5,-0.1,44.0,104.0,0.423,2.0,3.0,0.667,42.0,101.0,0.41600000000000004,0.433,14.0,19.0,0.737,41.0,62.0,103.0,19.0,3.0,6.0,13.0,50.0,104.0
WAS,15750,2002.0,Popeye Jones,PF,31.0,79.0,40.0,1920.0,14.4,0.49,0.039,0.359,14.9,25.6,20.2,10.5,1.5,0.9,13.5,15.7,,2.4,1.9,4.3,0.107,,0.0,0.7,0.8,1.3,222.0,508.0,0.43700000000000006,4.0,11.0,0.364,218.0,497.0,0.439,0.441,106.0,130.0,0.815,233.0,345.0,578.0,127.0,50.0,19.0,88.0,209.0,554.0
DAL,16239,2003.0,Popeye Jones,PF,32.0,81.0,80.0,2385.0,14.1,0.515,0.053,0.263,17.6,24.7,19.2,10.5,1.7,1.2,18.3,17.6,,2.1,2.2,3.7,0.098,,-0.4,0.7,0.3,1.0,372.0,839.0,0.479,14.0,39.0,0.359,371.0,827.0,0.48,0.479,102.0,133.0,0.767,329.0,515.0,844.0,163.0,61.0,31.0,124.0,267.0,825.0
GSW,16770,2004.0,Popeye Jones,PF,33.0,5.0,0.0,10.0,-7.8,0.0,0.0,0.0,11.2,0.0,5.6,0.0,0.0,0.0,0.0,9.2,,0.0,0.0,0.0,-0.16899999999999998,,-9.5,-3.5,-13.0,0.0,0.0,2.0,0.0,0.0,0.0,,0.0,2.0,0.0,0.0,0.0,0.0,,1.0,0.0,1.0,0.0,0.0,0.0,0.0,2.0,0.0
