Tm,Unnamed: 0,Year,Player,Pos,Age,G,GS,MP,PER,TS%,3PAr,FTr,ORB%,DRB%,TRB%,AST%,STL%,BLK%,TOV%,USG%,blanl,OWS,DWS,WS,WS/48,blank2,OBPM,DBPM,BPM,VORP,FG,FGA,FG%,3P,3PA,3P%,2P,2PA,2P%,eFG%,FT,FTA,FT%,ORB,DRB,TRB,AST,STL,BLK,TOV,PF,PTS
POR,17069,2004.0,Qyntel Woods,SF,22.0,62.0,8.0,673.0,11.2,0.505,0.122,0.253,8.2,15.8,12.0,11.5,2.4,1.6,16.5,22.2,,-0.1,0.5,0.2,0.034,,-3.6,-1.1,-5.0,-0.3,88.0,237.0,0.5,10.0,29.0,0.345,78.0,208.0,0.514,0.513,38.0,60.0,0.633,46.0,90.0,136.0,46.0,20.0,14.0,52.0,88.0,224.0
MIA,17656,2005.0,Qyntel Woods,SF,23.0,3.0,0.0,40.0,7.7,0.41700000000000004,0.0,0.0,6.1,11.2,8.8,0.0,5.3,0.0,14.3,16.3,,-0.1,0.1,0.0,0.024,,-6.2,0.0,-6.3,0.0,5.0,12.0,0.41700000000000004,0.0,0.0,,5.0,12.0,0.41700000000000004,0.41700000000000004,0.0,0.0,,2.0,4.0,6.0,0.0,4.0,0.0,2.0,6.0,10.0
NYK,18216,2006.0,Qyntel Woods,SF,24.0,49.0,16.0,1013.0,12.4,0.5720000000000001,0.23600000000000002,0.299,5.2,17.7,11.4,8.0,1.7,1.1,17.5,15.6,,0.7,0.6,1.3,0.061,,-0.7,0.0,-0.7,0.3,129.0,254.0,0.508,22.0,60.0,0.36700000000000005,107.0,194.0,0.552,0.551,49.0,76.0,0.645,44.0,146.0,190.0,47.0,32.0,13.0,61.0,96.0,329.0
