Tm,Unnamed: 0,Year,Player,Pos,Age,G,GS,MP,PER,TS%,3PAr,FTr,ORB%,DRB%,TRB%,AST%,STL%,BLK%,TOV%,USG%,blanl,OWS,DWS,WS,WS/48,blank2,OBPM,DBPM,BPM,VORP,FG,FGA,FG%,3P,3PA,3P%,2P,2PA,2P%,eFG%,FT,FTA,FT%,ORB,DRB,TRB,AST,STL,BLK,TOV,PF,PTS
NYK,743,1953.0,Ralph Polson,PF,23.0,3.0,,37.0,9.6,0.43,,0.667,,,,,,,,,,0.0,0.0,0.1,0.084,,,,,,3.0,9.0,0.33299999999999996,,,,3.0,9.0,0.33299999999999996,0.33299999999999996,4.0,6.0,0.667,,,8.0,2.0,,,,8.0,10.0
PHW,744,1953.0,Ralph Polson,PF,23.0,46.0,,773.0,11.1,0.43200000000000005,,0.529,,,,,,,,,,0.3,0.5,0.7,0.045,,,,,,62.0,170.0,0.365,,,,62.0,170.0,0.365,0.365,57.0,90.0,0.633,,,203.0,22.0,,,,94.0,181.0
TOT,742,1953.0,Ralph Polson,PF,23.0,49.0,,810.0,11.0,0.43200000000000005,,0.536,,,,,,,,,,0.3,0.5,0.8,0.047,,,,,,65.0,179.0,0.363,,,,65.0,179.0,0.363,0.363,61.0,96.0,0.635,,,211.0,24.0,,,,102.0,191.0
