Tm,Unnamed: 0,Year,Player,Pos,Age,G,GS,MP,PER,TS%,3PAr,FTr,ORB%,DRB%,TRB%,AST%,STL%,BLK%,TOV%,USG%,blanl,OWS,DWS,WS,WS/48,blank2,OBPM,DBPM,BPM,VORP,FG,FGA,FG%,3P,3PA,3P%,2P,2PA,2P%,eFG%,FT,FTA,FT%,ORB,DRB,TRB,AST,STL,BLK,TOV,PF,PTS
ATL,9096,1988.0,Randy Wittman,SG,28.0,82.0,82.0,2760.0,13.0,0.555,0.02,0.16,2.0,6.2,3.9,17.5,1.4,0.5,13.3,18.8,,3.9,2.0,5.9,0.10300000000000001,,0.9,-0.1,0.8,1.9,467.0,881.0,0.531,5.0,16.0,0.4,462.0,865.0,0.536,0.534,104.0,135.0,0.7979999999999999,51.0,131.0,170.0,306.0,81.0,18.0,114.0,118.0,1043.0
SAC,9538,1989.0,Randy Wittman,SF,29.0,31.0,2.0,416.0,8.2,0.466,0.034,0.188,1.5,5.2,3.4,10.5,1.1,0.0,8.7,13.7,,0.1,0.1,0.2,0.018000000000000002,,-4.1,-2.1,-6.1,-0.4,50.0,117.0,0.42700000000000005,2.0,4.0,0.5,48.0,113.0,0.425,0.436,16.0,22.0,0.727,6.0,20.0,26.0,32.0,10.0,0.0,12.0,12.0,118.0
TOT,9537,1989.0,Randy Wittman,SF,29.0,64.0,13.0,1120.0,8.7,0.479,0.021,0.14300000000000002,2.7,5.1,3.9,13.5,1.0,0.1,9.5,12.4,,0.6,0.2,0.7,0.031,,-2.7,-1.7,-4.4,-0.7,130.0,286.0,0.455,3.0,6.0,0.5,127.0,280.0,0.45399999999999996,0.46,28.0,41.0,0.6829999999999999,26.0,54.0,80.0,111.0,23.0,2.0,32.0,43.0,291.0
IND,10900,1992.0,Randy Wittman,SG,32.0,61.0,11.0,704.0,9.0,0.522,0.063,0.11199999999999999,3.3,8.4,5.3,15.2,1.4,0.7,15.6,11.8,,0.5,0.1,0.6,0.038,,-1.9,-1.3,-3.4,-0.1,80.0,169.0,0.508,1.0,5.0,0.5,79.0,167.0,0.508,0.512,12.0,19.0,0.833,20.0,34.0,54.0,79.0,13.0,4.0,23.0,31.0,173.0
