Tm,Unnamed: 0,Year,Player,Pos,Age,G,GS,MP,PER,TS%,3PAr,FTr,ORB%,DRB%,TRB%,AST%,STL%,BLK%,TOV%,USG%,blanl,OWS,DWS,WS,WS/48,blank2,OBPM,DBPM,BPM,VORP,FG,FGA,FG%,3P,3PA,3P%,2P,2PA,2P%,eFG%,FT,FTA,FT%,ORB,DRB,TRB,AST,STL,BLK,TOV,PF,PTS
BLB,804,1954.0,Ray Felix,C,23.0,72.0,,2672.0,22.9,0.491,,0.716,,,,,,,,,,7.6,1.0,8.6,0.155,,,,,,410.0,983.0,0.41700000000000004,,,,410.0,983.0,0.41700000000000004,0.41700000000000004,449.0,704.0,0.638,,,958.0,82.0,,,,253.0,1269.0
MNL,1486,1960.0,Ray Felix,C,29.0,31.0,,696.0,12.0,0.441,,0.303,,,,,,,,,,0.2,0.9,1.1,0.073,,,,,,105.0,261.0,0.402,,,,105.0,261.0,0.402,0.402,51.0,79.0,0.6459999999999999,,,258.0,29.0,,,,133.0,261.0
NYK,1485,1960.0,Ray Felix,C,29.0,72.0,,2024.0,20.4,0.512,,0.7020000000000001,,,,,,,,,,4.8,2.5,7.2,0.172,,,,,,364.0,832.0,0.442,,,,364.0,832.0,0.442,0.442,331.0,498.0,0.747,,,818.0,67.0,,,,293.0,1038.0
TOT,1484,1960.0,Ray Felix,C,29.0,47.0,,882.0,11.3,0.423,,0.315,,,,,,,,,,-0.1,0.9,0.8,0.045,,,,,,136.0,355.0,0.38299999999999995,,,,136.0,355.0,0.38299999999999995,0.38299999999999995,70.0,112.0,0.625,,,340.0,31.0,,,,177.0,342.0
LAL,1717,1962.0,Ray Felix,C,31.0,80.0,,1510.0,9.6,0.475,,0.38,,,,,,,,,,0.8,1.9,2.3,0.07400000000000001,,,,,,189.0,508.0,0.43,,,,189.0,508.0,0.43,0.43,135.0,193.0,0.6990000000000001,,,539.0,55.0,,,,302.0,513.0
