Tm,Unnamed: 0,Year,Player,Pos,Age,G,GS,MP,PER,TS%,3PAr,FTr,ORB%,DRB%,TRB%,AST%,STL%,BLK%,TOV%,USG%,blanl,OWS,DWS,WS,WS/48,blank2,OBPM,DBPM,BPM,VORP,FG,FGA,FG%,3P,3PA,3P%,2P,2PA,2P%,eFG%,FT,FTA,FT%,ORB,DRB,TRB,AST,STL,BLK,TOV,PF,PTS
ORL,16672,2004.0,Reece Gaines,PG,23.0,38.0,1.0,364.0,6.1,0.35600000000000004,0.11599999999999999,0.29100000000000004,2.4,9.9,6.1,16.6,1.6,0.4,15.7,14.3,,-0.4,0.0,-0.5,-0.065,,-5.4,-2.4,-7.7,-0.5,25.0,86.0,0.29100000000000004,3.0,10.0,0.3,22.0,76.0,0.289,0.308,16.0,25.0,0.64,8.0,31.0,39.0,40.0,11.0,2.0,18.0,22.0,69.0
HOU,17263,2005.0,Reece Gaines,PG,24.0,10.0,0.0,108.0,4.7,0.452,0.444,0.14800000000000002,0.0,11.6,5.9,4.5,1.5,0.0,12.2,14.3,,-0.1,0.1,0.0,0.017,,-4.9,-0.4,-5.4,-0.1,10.0,27.0,0.37,3.0,12.0,0.25,7.0,15.0,0.467,0.426,3.0,4.0,0.75,0.0,11.0,11.0,3.0,3.0,0.0,4.0,12.0,26.0
TOT,17262,2005.0,Reece Gaines,PG,24.0,21.0,0.0,187.0,3.5,0.396,0.28,0.08,0.6,8.0,4.4,5.8,1.4,0.4,11.9,14.6,,-0.3,0.1,-0.1,-0.034,,-5.8,-1.2,-7.0,-0.2,17.0,50.0,0.34,4.0,14.0,0.28600000000000003,13.0,36.0,0.361,0.38,3.0,4.0,0.75,1.0,13.0,14.0,7.0,5.0,1.0,7.0,17.0,41.0
MIL,17841,2006.0,Reece Gaines,PG,25.0,12.0,0.0,79.0,6.7,0.47200000000000003,0.16699999999999998,0.33299999999999996,1.5,3.0,2.2,8.7,1.3,0.9,11.5,15.0,,0.0,0.0,0.0,0.004,,-4.8,-2.2,-9.2,-0.1,7.0,23.0,0.5,1.0,2.0,0.5,6.0,21.0,0.6,0.5,1.0,4.0,0.25,1.0,2.0,3.0,4.0,2.0,1.0,3.0,5.0,15.0
