Tm,Unnamed: 0,Year,Player,Pos,Age,G,GS,MP,PER,TS%,3PAr,FTr,ORB%,DRB%,TRB%,AST%,STL%,BLK%,TOV%,USG%,blanl,OWS,DWS,WS,WS/48,blank2,OBPM,DBPM,BPM,VORP,FG,FGA,FG%,3P,3PA,3P%,2P,2PA,2P%,eFG%,FT,FTA,FT%,ORB,DRB,TRB,AST,STL,BLK,TOV,PF,PTS
NOJ,5552,1979.0,Rich Kelley,C,25.0,82.0,,2705.0,19.9,0.585,,0.541,14.1,25.3,19.5,18.5,2.1,3.0,23.6,19.2,,4.1,4.5,8.6,0.171,,2.7,3.5,5.4,4.5,440.0,870.0,0.506,,,,440.0,870.0,0.506,0.506,373.0,458.0,0.8140000000000001,303.0,723.0,1026.0,285.0,126.0,166.0,288.0,309.0,1253.0
NJN,5903,1980.0,Rich Kelley,C,26.0,57.0,,1466.0,13.8,0.5589999999999999,0.008,0.627,11.0,17.0,14.0,11.7,1.5,3.0,23.0,17.4,,1.0,2.2,3.2,0.105,,-1.1,2.3,1.2,1.2,186.0,399.0,0.466,0.0,3.0,0.0,186.0,396.0,0.47,0.466,197.0,250.0,0.7879999999999999,156.0,241.0,397.0,128.0,50.0,79.0,152.0,215.0,569.0
PHO,6631,1982.0,Rich Kelley,C,28.0,81.0,39.0,1892.0,16.5,0.597,0.005,0.706,13.2,21.3,17.4,21.1,3.4,2.5,30.0,18.5,,0.7,3.6,4.3,0.145,,-0.2,4.4,4.2,1.8,236.0,505.0,0.506,0.0,2.0,0.0,236.0,504.0,0.509,0.506,175.0,231.0,0.7829999999999999,168.0,329.0,497.0,293.0,79.0,71.0,244.0,292.0,639.0
DEN,7010,1983.0,Rich Kelley,C,29.0,38.0,0.0,565.0,10.9,0.503,0.0,0.496,10.9,19.9,15.4,11.6,1.6,1.6,23.6,14.7,,0.2,0.5,0.6,0.053,,-1.8,0.6,-1.2,0.1,59.0,141.0,0.418,0.0,0.0,,59.0,141.0,0.418,0.418,55.0,70.0,0.7859999999999999,61.0,111.0,172.0,59.0,21.0,18.0,53.0,115.0,173.0
TOT,7009,1983.0,Rich Kelley,C,29.0,80.0,23.0,1839.0,14.4,0.5660000000000001,0.006,0.64,11.5,20.3,15.3,12.8,1.9,2.9,24.2,17.3,,1.3,3.0,4.3,0.113,,-0.9,2.7,1.8,1.8,229.0,484.0,0.473,0.0,3.0,0.0,229.0,481.0,0.47600000000000003,0.473,244.0,310.0,0.8109999999999999,200.0,315.0,515.0,178.0,78.0,96.0,198.0,273.0,702.0
UTA,7717,1985.0,Rich Kelley,C,31.0,77.0,34.0,1674.0,13.2,0.579,0.009000000000000001,0.691,9.8,20.8,15.4,12.6,1.9,1.4,31.9,13.2,,0.7,2.2,2.4,0.11,,-1.2,2.9,1.0,0.9,132.0,264.0,0.5,0.0,2.0,0.0,132.0,264.0,0.5,0.5,124.0,162.0,0.8290000000000001,140.0,350.0,490.0,157.0,55.0,30.0,148.0,273.0,388.0
SAC,8097,1986.0,Rich Kelley,C,32.0,37.0,0.0,324.0,11.0,0.631,0.040999999999999995,0.449,10.2,18.0,14.1,16.4,1.5,0.5,27.3,10.1,,0.4,0.3,0.7,0.10400000000000001,,-0.7,1.0,0.3,0.2,28.0,49.0,0.5710000000000001,0.0,2.0,0.0,28.0,47.0,0.596,0.5710000000000001,18.0,22.0,0.818,29.0,52.0,81.0,43.0,10.0,3.0,22.0,62.0,74.0
