Tm,Unnamed: 0,Year,Player,Pos,Age,G,GS,MP,PER,TS%,3PAr,FTr,ORB%,DRB%,TRB%,AST%,STL%,BLK%,TOV%,USG%,blanl,OWS,DWS,WS,WS/48,blank2,OBPM,DBPM,BPM,VORP,FG,FGA,FG%,3P,3PA,3P%,2P,2PA,2P%,eFG%,FT,FTA,FT%,ORB,DRB,TRB,AST,STL,BLK,TOV,PF,PTS
BOS,8344,1987.0,Rick Carlisle,SG,27.0,77.0,1.0,760.0,7.9,0.5,0.174,0.254,5.2,7.7,6.5,17.5,1.3,0.3,20.3,21.3,,0.0,0.9,0.9,0.055999999999999994,,-2.9,-0.6,-3.6,-0.3,92.0,189.0,0.48700000000000004,5.0,16.0,0.313,92.0,179.0,0.514,0.48700000000000004,15.0,23.0,0.882,22.0,55.0,77.0,104.0,19.0,4.0,50.0,92.0,199.0
NYK,8723,1988.0,Rick Carlisle,SG,28.0,26.0,0.0,204.0,9.0,0.515,0.254,0.16399999999999998,3.3,4.1,3.6,22.2,2.6,1.2,23.4,18.7,,-0.1,0.2,0.2,0.036000000000000004,,-2.5,-1.1,-3.6,-0.1,29.0,67.0,0.433,6.0,17.0,0.353,23.0,50.0,0.46,0.478,10.0,11.0,0.909,6.0,7.0,13.0,32.0,11.0,4.0,22.0,39.0,74.0
NJN,9599,1990.0,Rick Carlisle,SG,30.0,5.0,0.0,21.0,-9.2,0.14300000000000002,0.429,0.0,0.0,0.0,0.0,31.6,2.3,2.8,36.4,21.0,,-0.2,0.0,-0.2,-0.344,,-15.6,-6.3,-21.9,-0.1,1.0,7.0,0.14300000000000002,0.0,3.0,0.0,1.0,4.0,0.25,0.14300000000000002,0.0,0.0,,0.0,0.0,0.0,5.0,1.0,1.0,4.0,7.0,2.0
