Tm,Unnamed: 0,Year,Player,Pos,Age,G,GS,MP,PER,TS%,3PAr,FTr,ORB%,DRB%,TRB%,AST%,STL%,BLK%,TOV%,USG%,blanl,OWS,DWS,WS,WS/48,blank2,OBPM,DBPM,BPM,VORP,FG,FGA,FG%,3P,3PA,3P%,2P,2PA,2P%,eFG%,FT,FTA,FT%,ORB,DRB,TRB,AST,STL,BLK,TOV,PF,PTS
IND,5634,1979.0,Rick Robey,C,23.0,43.0,,849.0,13.4,0.531,,0.41,9.7,21.1,15.4,8.4,1.3,0.7,20.4,20.1,,0.3,1.0,1.3,0.07200000000000001,,-2.1,-0.4,-2.5,-0.1,140.0,295.0,0.475,,,,140.0,295.0,0.475,0.475,90.0,121.0,0.7440000000000001,80.0,174.0,254.0,53.0,25.0,12.0,89.0,111.0,370.0
TOT,5633,1979.0,Rick Robey,C,23.0,79.0,,1763.0,14.5,0.53,,0.33299999999999996,10.2,21.0,15.6,10.5,1.2,0.4,17.5,20.7,,1.4,1.7,3.1,0.085,,-0.9,-0.6,-1.5,0.2,322.0,673.0,0.478,,,,322.0,673.0,0.478,0.478,174.0,224.0,0.777,168.0,345.0,513.0,132.0,48.0,15.0,164.0,232.0,818.0
BOS,7110,1983.0,Rick Robey,C,27.0,82.0,27.0,1918.0,15.5,0.563,0.005,0.45899999999999996,12.3,20.9,15.7,12.4,1.3,0.7,22.5,21.3,,2.8,2.7,5.5,0.139,,0.2,0.1,-0.1,0.9,379.0,727.0,0.545,0.0,2.0,0.0,379.0,726.0,0.546,0.545,184.0,269.0,0.816,209.0,321.0,530.0,126.0,53.0,19.0,151.0,244.0,942.0
PHO,8192,1986.0,Rick Robey,C,30.0,61.0,4.0,856.0,12.8,0.578,0.016,0.342,10.9,19.0,13.5,12.3,2.0,0.9,44.7,17.9,,0.6,0.8,1.4,0.078,,-1.1,1.2,-1.5,0.1,140.0,257.0,0.545,1.0,3.0,1.0,139.0,256.0,0.5429999999999999,0.547,61.0,88.0,0.693,80.0,118.0,198.0,65.0,20.0,14.0,77.0,120.0,342.0
