Tm,Unnamed: 0,Year,Player,Pos,Age,G,GS,MP,PER,TS%,3PAr,FTr,ORB%,DRB%,TRB%,AST%,STL%,BLK%,TOV%,USG%,blanl,OWS,DWS,WS,WS/48,blank2,OBPM,DBPM,BPM,VORP,FG,FGA,FG%,3P,3PA,3P%,2P,2PA,2P%,eFG%,FT,FTA,FT%,ORB,DRB,TRB,AST,STL,BLK,TOV,PF,PTS
SDR,2869,1970.0,Rick Adelman,PG,23.0,77.0,,1448.0,11.4,0.45299999999999996,,0.45399999999999996,,,,20.3,,,,,,0.2,2.1,2.2,0.07400000000000001,,,,,,177.0,449.0,0.39399999999999996,,,,177.0,449.0,0.39399999999999996,0.39399999999999996,131.0,204.0,0.747,,,216.0,238.0,,,,158.0,485.0
POR,3586,1973.0,Rick Adelman,PG,26.0,81.0,,2445.0,13.4,0.484,,0.41200000000000003,,,5.3,22.8,,,,,,1.5,1.9,3.4,0.071,,,,,,378.0,895.0,0.43700000000000006,,,,378.0,895.0,0.43700000000000006,0.43700000000000006,267.0,369.0,0.7509999999999999,,,282.0,413.0,,,,214.0,1023.0
CHI,4101,1975.0,Rick Adelman,PG,28.0,55.0,,618.0,11.3,0.47,,0.447,2.6,9.0,5.8,15.4,2.7,0.2,,,,0.1,0.9,0.7,0.075,,-2.1,0.8,-2.4,0.0,64.0,170.0,0.413,,,,64.0,170.0,0.413,0.413,54.0,76.0,0.718,16.0,53.0,69.0,56.0,36.0,1.0,,63.0,182.0
KCO,4103,1975.0,Rick Adelman,PG,28.0,18.0,,121.0,10.0,0.49700000000000005,,0.179,5.1,6.9,6.0,9.2,2.7,0.4,,,,0.1,0.1,0.2,0.077,,-3.5,0.3,-3.2,0.0,13.0,28.0,0.46399999999999997,,,,13.0,28.0,0.46399999999999997,0.46399999999999997,4.0,5.0,0.8,6.0,8.0,14.0,8.0,7.0,1.0,,12.0,30.0
NOJ,4102,1975.0,Rick Adelman,PG,28.0,28.0,,613.0,11.2,0.473,,0.371,2.1,7.1,4.5,15.5,3.4,0.5,,,,0.0,0.6,0.6,0.047,,-2.9,0.9,-2.0,0.0,67.0,159.0,0.42100000000000004,,,,67.0,159.0,0.42100000000000004,0.42100000000000004,41.0,59.0,0.695,13.0,42.0,55.0,69.0,47.0,6.0,,58.0,175.0
TOT,4100,1975.0,Rick Adelman,PG,28.0,58.0,,1074.0,11.1,0.474,,0.354,2.3,6.8,4.5,14.7,2.9,0.4,,,,0.2,1.2,1.3,0.059000000000000004,,-2.7,0.5,-2.3,-0.1,123.0,291.0,0.423,,,,123.0,291.0,0.423,0.423,73.0,103.0,0.7090000000000001,25.0,70.0,95.0,112.0,70.0,8.0,,101.0,319.0
