Tm,Unnamed: 0,Year,Player,Pos,Age,G,GS,MP,PER,TS%,3PAr,FTr,ORB%,DRB%,TRB%,AST%,STL%,BLK%,TOV%,USG%,blanl,OWS,DWS,WS,WS/48,blank2,OBPM,DBPM,BPM,VORP,FG,FGA,FG%,3P,3PA,3P%,2P,2PA,2P%,eFG%,FT,FTA,FT%,ORB,DRB,TRB,AST,STL,BLK,TOV,PF,PTS
MIN,24567,2017.0,Ricky Rubio,PG,26.0,82.0,82.0,2638.0,17.6,0.539,0.324,0.536,3.2,18.1,10.3,43.5,4.2,0.4,22.2,21.2,,4.5,3.6,6.1,0.11900000000000001,,1.8,1.8,1.9,2.3,261.0,670.0,0.402,62.0,196.0,0.34,211.0,537.0,0.44299999999999995,0.44799999999999995,266.0,314.0,0.8909999999999999,68.0,286.0,342.0,704.0,191.0,11.0,221.0,218.0,836.0
