Tm,Unnamed: 0,Year,Player,Pos,Age,G,GS,MP,PER,TS%,3PAr,FTr,ORB%,DRB%,TRB%,AST%,STL%,BLK%,TOV%,USG%,blanl,OWS,DWS,WS,WS/48,blank2,OBPM,DBPM,BPM,VORP,FG,FGA,FG%,3P,3PA,3P%,2P,2PA,2P%,eFG%,FT,FTA,FT%,ORB,DRB,TRB,AST,STL,BLK,TOV,PF,PTS
GSW,6860,1983.0,Rickey Brown,C,24.0,82.0,11.0,1260.0,11.2,0.531,0.008,0.292,11.6,22.1,15.9,4.8,1.4,1.6,18.0,17.8,,0.5,1.4,1.8,0.075,,-2.2,-1.0,-3.2,-0.2,192.0,418.0,0.512,0.0,2.0,0.0,192.0,418.0,0.512,0.512,86.0,122.0,0.762,136.0,228.0,364.0,21.0,36.0,29.0,84.0,243.0,470.0
TOT,6859,1983.0,Rickey Brown,C,24.0,76.0,7.0,1048.0,10.1,0.505,0.009000000000000001,0.301,9.2,18.4,13.7,3.3,0.6,1.4,17.2,18.2,,-0.1,0.8,0.7,0.034,,-3.8,-2.1,-5.9,-1.0,167.0,349.0,0.479,0.0,3.0,0.0,167.0,346.0,0.483,0.479,65.0,105.0,0.619,91.0,175.0,266.0,25.0,13.0,26.0,82.0,172.0,399.0
ATL,7587,1985.0,Rickey Brown,C,26.0,69.0,5.0,814.0,12.4,0.514,0.01,0.385,12.2,19.5,15.3,5.3,1.2,1.7,18.8,19.6,,0.1,1.0,0.9,0.077,,-2.6,0.4,-2.9,-0.2,94.0,201.0,0.47100000000000003,0.0,1.0,0.0,94.0,201.0,0.47600000000000003,0.47100000000000003,48.0,68.0,0.738,76.0,147.0,223.0,29.0,19.0,23.0,53.0,161.0,236.0
