Tm,Unnamed: 0,Year,Player,Pos,Age,G,GS,MP,PER,TS%,3PAr,FTr,ORB%,DRB%,TRB%,AST%,STL%,BLK%,TOV%,USG%,blanl,OWS,DWS,WS,WS/48,blank2,OBPM,DBPM,BPM,VORP,FG,FGA,FG%,3P,3PA,3P%,2P,2PA,2P%,eFG%,FT,FTA,FT%,ORB,DRB,TRB,AST,STL,BLK,TOV,PF,PTS
WSB,7745,1985.0,Rick Mahorn,PF,26.0,82.0,82.0,3023.0,13.6,0.536,0.004,0.331,10.0,25.0,16.2,8.0,1.4,3.4,22.5,17.0,,0.8,6.2,6.2,0.12300000000000001,,-2.0,3.9,1.3,2.2,414.0,816.0,0.507,0.0,3.0,0.0,414.0,813.0,0.509,0.507,148.0,254.0,0.6829999999999999,171.0,608.0,779.0,150.0,86.0,148.0,170.0,358.0,976.0
NJN,12568,1996.0,Rick Mahorn,PF,37.0,74.0,9.0,1077.0,11.8,0.574,0.021,0.514,9.4,20.4,14.1,6.7,1.6,2.2,18.1,16.8,,0.8,1.5,2.3,0.102,,-3.0,0.7,-2.3,-0.1,101.0,214.0,0.523,1.0,3.0,0.33299999999999996,100.0,211.0,0.527,0.526,88.0,110.0,0.8,93.0,186.0,279.0,33.0,19.0,31.0,58.0,156.0,291.0
DET,13687,1998.0,Rick Mahorn,PF,39.0,80.0,64.0,1963.0,13.7,0.622,0.019,0.451,11.1,23.1,16.4,5.3,1.3,2.4,21.5,16.7,,2.8,3.2,5.9,0.145,,-0.3,2.5,1.1,1.5,276.0,481.0,0.574,1.0,2.0,0.5,275.0,479.0,0.574,0.575,164.0,217.0,0.821,159.0,406.0,565.0,64.0,43.0,66.0,119.0,262.0,717.0
PHI,14234,1999.0,Rick Mahorn,PF,40.0,80.0,74.0,2439.0,13.9,0.546,0.016,0.444,8.4,21.2,14.3,6.8,2.1,2.7,21.8,15.8,,2.7,3.1,5.3,0.113,,-0.7,1.6,0.4,1.4,313.0,630.0,0.49700000000000005,2.0,9.0,0.222,311.0,621.0,0.501,0.498,189.0,256.0,0.7879999999999999,167.0,470.0,621.0,118.0,79.0,103.0,127.0,276.0,811.0
