Tm,Unnamed: 0,Year,Player,Pos,Age,G,GS,MP,PER,TS%,3PAr,FTr,ORB%,DRB%,TRB%,AST%,STL%,BLK%,TOV%,USG%,blanl,OWS,DWS,WS,WS/48,blank2,OBPM,DBPM,BPM,VORP,FG,FGA,FG%,3P,3PA,3P%,2P,2PA,2P%,eFG%,FT,FTA,FT%,ORB,DRB,TRB,AST,STL,BLK,TOV,PF,PTS
MEM,16021,2003.0,Robert Archibald,PF,22.0,12.0,0.0,72.0,2.4,0.34,0.0,0.9,9.5,17.0,13.3,6.1,0.0,2.9,20.0,21.8,,-0.3,0.0,-0.2,-0.158,,-9.5,-2.2,-11.7,-0.2,6.0,20.0,0.3,0.0,0.0,,6.0,20.0,0.3,0.3,7.0,18.0,0.389,6.0,11.0,17.0,3.0,0.0,3.0,7.0,9.0,19.0
ORL,16503,2004.0,Robert Archibald,PF,23.0,1.0,0.0,4.0,20.6,0.34700000000000003,0.0,1.0,0.0,29.0,14.2,0.0,13.2,0.0,0.0,32.6,,0.0,0.0,0.0,-0.08,,-8.6,-0.4,-9.0,0.0,1.0,2.0,0.5,0.0,0.0,,1.0,2.0,0.5,0.5,0.0,2.0,0.0,0.0,1.0,1.0,0.0,1.0,0.0,0.0,0.0,2.0
PHO,16502,2004.0,Robert Archibald,PF,23.0,1.0,0.0,6.0,-5.1,0.266,0.0,2.0,0.0,19.1,9.5,22.2,0.0,0.0,34.7,21.7,,0.0,0.0,0.0,-0.285,,-14.0,-2.7,-16.7,0.0,0.0,1.0,0.0,0.0,0.0,,0.0,1.0,0.0,0.0,1.0,2.0,0.5,0.0,1.0,1.0,1.0,0.0,0.0,1.0,1.0,1.0
TOR,16504,2004.0,Robert Archibald,C,23.0,30.0,3.0,246.0,5.6,0.34600000000000003,0.0,0.9,9.8,13.6,11.7,7.7,2.9,0.9,17.7,10.0,,-0.2,0.4,0.2,0.049,,-5.3,2.6,-2.7,0.0,8.0,30.0,0.267,0.0,0.0,,8.0,30.0,0.267,0.267,13.0,27.0,0.48100000000000004,21.0,29.0,50.0,12.0,13.0,3.0,9.0,49.0,29.0
TOT,16501,2004.0,Robert Archibald,C-PF,23.0,32.0,3.0,256.0,5.6,0.34299999999999997,0.0,0.9390000000000001,9.4,14.0,11.7,7.9,3.0,0.9,17.7,10.7,,-0.2,0.4,0.2,0.039,,-5.5,2.4,-3.1,-0.1,9.0,33.0,0.273,0.0,0.0,,9.0,33.0,0.273,0.273,14.0,31.0,0.452,21.0,31.0,52.0,13.0,14.0,3.0,10.0,50.0,32.0
