Tm,Unnamed: 0,Year,Player,Pos,Age,G,GS,MP,PER,TS%,3PAr,FTr,ORB%,DRB%,TRB%,AST%,STL%,BLK%,TOV%,USG%,blanl,OWS,DWS,WS,WS/48,blank2,OBPM,DBPM,BPM,VORP,FG,FGA,FG%,3P,3PA,3P%,2P,2PA,2P%,eFG%,FT,FTA,FT%,ORB,DRB,TRB,AST,STL,BLK,TOV,PF,PTS
LAL,3611,1973.0,Roger Brown,C,22.0,1.0,,5.0,-1.7,0.379,,,,,0.0,0.0,,,,,,0.0,0.0,0.0,-0.04,,,,,,0.0,0.0,,,,,0.0,0.0,,,1.0,3.0,0.33299999999999996,,,0.0,0.0,,,,1.0,1.0
DET,4690,1977.0,Roger Brown,C,26.0,43.0,,454.0,8.7,0.45,,0.46399999999999997,10.5,19.2,14.8,4.2,2.1,2.9,,,,0.0,0.4,0.4,0.038,,-4.4,1.8,-2.6,-0.1,29.0,72.0,0.40299999999999997,,,,29.0,72.0,0.40299999999999997,0.40299999999999997,18.0,26.0,0.778,47.0,83.0,130.0,12.0,15.0,25.0,,76.0,72.0
CHI,5769,1980.0,Roger Brown,C,29.0,4.0,,37.0,7.0,0.33299999999999996,0.0,0.0,6.2,23.8,15.2,3.3,0.0,4.6,0.0,3.3,,0.0,0.0,0.1,0.069,,-5.5,2.1,-3.4,0.0,1.0,3.0,0.33299999999999996,0.0,0.0,,1.0,3.0,0.33299999999999996,0.33299999999999996,0.0,0.0,,2.0,8.0,10.0,1.0,0.0,3.0,0.0,4.0,2.0
