Tm,Unnamed: 0,Year,Player,Pos,Age,G,GS,MP,PER,TS%,3PAr,FTr,ORB%,DRB%,TRB%,AST%,STL%,BLK%,TOV%,USG%,blanl,OWS,DWS,WS,WS/48,blank2,OBPM,DBPM,BPM,VORP,FG,FGA,FG%,3P,3PA,3P%,2P,2PA,2P%,eFG%,FT,FTA,FT%,ORB,DRB,TRB,AST,STL,BLK,TOV,PF,PTS
NJN,5993,1980.0,Roger Phegley,SG,23.0,28.0,,541.0,14.8,0.551,0.015,0.319,5.0,8.4,6.7,9.2,1.3,0.4,14.2,24.6,,0.6,0.5,1.0,0.092,,-1.1,-2.5,-3.6,-0.2,126.0,260.0,0.485,2.0,4.0,0.5,124.0,256.0,0.484,0.488,73.0,83.0,0.88,26.0,44.0,70.0,32.0,15.0,4.0,49.0,52.0,327.0
WSB,5992,1980.0,Roger Phegley,SG,23.0,50.0,,971.0,14.0,0.527,0.011000000000000001,0.37200000000000005,5.0,11.1,7.3,12.5,1.5,0.6,15.8,26.9,,1.1,0.5,1.6,0.078,,-0.3,-2.1,-2.7,-0.2,224.0,473.0,0.474,2.0,5.0,0.4,222.0,468.0,0.474,0.47600000000000003,104.0,120.0,0.867,49.0,66.0,115.0,70.0,19.0,3.0,70.0,106.0,554.0
CLE,6716,1982.0,Roger Phegley,SG,25.0,82.0,8.0,2269.0,14.3,0.545,0.061,0.27699999999999997,5.3,9.1,7.1,13.9,1.4,0.4,13.2,22.1,,2.9,0.8,3.7,0.078,,0.4,-1.8,-1.5,0.3,474.0,965.0,0.491,8.0,28.0,0.308,466.0,937.0,0.498,0.495,224.0,267.0,0.8390000000000001,90.0,156.0,246.0,184.0,65.0,15.0,165.0,262.0,1180.0
DAL,7443,1984.0,Roger Phegley,SG,27.0,10.0,0.0,76.0,2.6,0.32899999999999996,0.129,0.065,3.1,10.7,6.9,15.0,0.6,0.0,13.6,20.2,,-0.2,0.0,-0.2,-0.106,,-7.1,-3.1,-10.2,-0.2,9.0,31.0,0.29,1.0,4.0,0.25,8.0,27.0,0.29600000000000004,0.306,2.0,2.0,1.0,2.0,7.0,9.0,9.0,1.0,0.0,5.0,10.0,21.0
SAS,7442,1984.0,Roger Phegley,SG,27.0,62.0,4.0,617.0,20.7,0.7170000000000001,0.25,0.5,7.4,19.0,9.7,22.8,2.3,0.7,17.0,22.8,,0.4,0.5,0.9,0.212,,3.0,-1.5,-0.3,0.0,129.0,293.0,0.5,3.0,18.0,1.0,128.0,275.0,0.465,0.625,49.0,64.0,1.0,39.0,50.0,84.0,61.0,30.0,8.0,49.0,92.0,308.0
TOT,7441,1984.0,Roger Phegley,SG,27.0,81.0,9.0,1512.0,14.2,0.536,0.14300000000000002,0.27699999999999997,5.5,11.7,7.2,16.0,1.4,0.4,14.0,24.4,,1.6,1.0,2.6,0.083,,-0.4,-1.9,-2.3,-0.1,350.0,733.0,0.47700000000000004,5.0,31.0,0.444,346.0,724.0,0.479,0.48,177.0,203.0,1.0,75.0,110.0,185.0,114.0,36.0,8.0,119.0,158.0,881.0
