Tm,Unnamed: 0,Year,Player,Pos,Age,G,GS,MP,PER,TS%,3PAr,FTr,ORB%,DRB%,TRB%,AST%,STL%,BLK%,TOV%,USG%,blanl,OWS,DWS,WS,WS/48,blank2,OBPM,DBPM,BPM,VORP,FG,FGA,FG%,3P,3PA,3P%,2P,2PA,2P%,eFG%,FT,FTA,FT%,ORB,DRB,TRB,AST,STL,BLK,TOV,PF,PTS
DET,8930,1988.0,Ron Moore,C,26.0,9.0,0.0,25.0,-1.0,0.33899999999999997,0.0,0.308,9.2,0.0,4.5,5.6,3.9,0.0,16.9,29.5,,-0.1,0.0,-0.1,-0.165,,-8.8,-1.7,-10.6,-0.1,4.0,13.0,0.308,0.0,0.0,,4.0,13.0,0.308,0.308,2.0,4.0,0.5,2.0,0.0,2.0,1.0,2.0,0.0,3.0,8.0,10.0
PHO,8931,1988.0,Ron Moore,C,26.0,5.0,0.0,34.0,4.3,0.39399999999999996,0.0,0.25,0.0,20.0,9.9,0.0,4.2,0.0,5.3,22.5,,-0.1,0.0,0.0,-0.008,,-9.1,-3.9,-13.0,-0.1,5.0,16.0,0.313,0.0,0.0,,5.0,16.0,0.313,0.313,4.0,4.0,1.0,0.0,6.0,6.0,0.0,3.0,0.0,1.0,13.0,14.0
TOT,8929,1988.0,Ron Moore,C,26.0,14.0,0.0,59.0,2.0,0.369,0.0,0.276,3.9,11.5,7.6,2.4,4.1,0.0,11.0,25.5,,-0.2,0.1,-0.1,-0.07400000000000001,,-9.0,-3.0,-12.0,-0.1,9.0,29.0,0.31,0.0,0.0,,9.0,29.0,0.31,0.31,6.0,8.0,0.75,2.0,6.0,8.0,1.0,5.0,0.0,4.0,21.0,24.0
