Tm,Unnamed: 0,Year,Player,Pos,Age,G,GS,MP,PER,TS%,3PAr,FTr,ORB%,DRB%,TRB%,AST%,STL%,BLK%,TOV%,USG%,blanl,OWS,DWS,WS,WS/48,blank2,OBPM,DBPM,BPM,VORP,FG,FGA,FG%,3P,3PA,3P%,2P,2PA,2P%,eFG%,FT,FTA,FT%,ORB,DRB,TRB,AST,STL,BLK,TOV,PF,PTS
ATL,4728,1977.0,Ron Davis,SF,22.0,7.0,,67.0,2.1,0.24600000000000002,,0.371,3.1,8.1,5.6,4.2,4.8,0.0,,,,-0.4,0.1,-0.4,-0.256,,-12.0,-1.6,-13.6,-0.2,8.0,35.0,0.22899999999999998,,,,8.0,35.0,0.22899999999999998,0.22899999999999998,4.0,13.0,0.308,2.0,5.0,7.0,2.0,7.0,0.0,,9.0,20.0
SDC,6525,1982.0,Ron Davis,SF,27.0,64.0,0.0,817.0,11.8,0.488,0.025,0.503,12.1,11.0,11.6,8.1,2.1,0.8,15.3,22.2,,0.0,0.6,0.6,0.035,,-2.6,-1.4,-4.0,-0.1,139.0,314.0,0.44299999999999995,2.0,8.0,0.25,137.0,306.0,0.44799999999999995,0.446,94.0,158.0,0.595,47.0,72.0,119.0,47.0,36.0,11.0,61.0,98.0,374.0
