Tm,Unnamed: 0,Year,Player,Pos,Age,G,GS,MP,PER,TS%,3PAr,FTr,ORB%,DRB%,TRB%,AST%,STL%,BLK%,TOV%,USG%,blanl,OWS,DWS,WS,WS/48,blank2,OBPM,DBPM,BPM,VORP,FG,FGA,FG%,3P,3PA,3P%,2P,2PA,2P%,eFG%,FT,FTA,FT%,ORB,DRB,TRB,AST,STL,BLK,TOV,PF,PTS
POR,6109,1981.0,Ron Brewer,SG,25.0,82.0,,2815.0,14.2,0.544,0.027000000000000003,0.292,3.9,6.5,5.2,13.1,2.9,1.8,13.4,21.6,,3.3,2.3,5.6,0.109,,0.0,-0.1,-0.1,1.2,548.0,1182.0,0.494,6.0,32.0,0.33299999999999996,542.0,1150.0,0.494,0.494,210.0,256.0,0.84,88.0,160.0,229.0,216.0,102.0,79.0,167.0,181.0,1286.0
GSW,7238,1984.0,Ron Brewer,SG,28.0,53.0,34.0,1401.0,11.8,0.496,0.027000000000000003,0.293,3.7,4.6,4.1,6.6,2.3,1.3,10.5,19.2,,0.7,0.6,1.3,0.045,,-1.3,-1.2,-2.6,-0.2,246.0,562.0,0.466,7.0,15.0,0.467,239.0,547.0,0.474,0.466,98.0,119.0,0.8240000000000001,50.0,57.0,107.0,69.0,70.0,19.0,72.0,96.0,597.0
NJN,7584,1985.0,Ron Brewer,SG,29.0,11.0,0.0,245.0,15.5,0.62,0.024,0.214,3.5,4.7,4.1,6.2,1.0,1.2,5.2,16.0,,0.6,0.1,0.8,0.15,,0.8,-1.8,-1.0,0.1,49.0,84.0,0.583,0.0,2.0,0.0,49.0,82.0,0.598,0.583,16.0,18.0,0.889,8.0,10.0,18.0,11.0,5.0,5.0,5.0,15.0,114.0
SAS,7583,1985.0,Ron Brewer,SG,29.0,46.0,5.0,904.0,21.5,0.555,0.038,0.244,2.6,6.7,4.5,17.9,1.8,1.5,11.4,29.0,,1.5,0.5,2.0,0.158,,3.3,-2.4,0.5,0.4,182.0,385.0,0.504,3.0,13.0,0.3,180.0,381.0,0.51,0.508,77.0,88.0,1.0,21.0,37.0,53.0,93.0,27.0,25.0,54.0,54.0,444.0
CHI,7950,1986.0,Ron Brewer,SG,30.0,4.0,0.0,18.0,-2.0,0.371,0.0,0.111,0.0,0.0,0.0,0.0,0.0,0.0,17.5,25.9,,-0.1,0.0,-0.1,-0.22899999999999998,,-11.3,-7.3,-18.5,-0.1,3.0,9.0,0.33299999999999996,0.0,0.0,,3.0,9.0,0.33299999999999996,0.33299999999999996,1.0,1.0,1.0,0.0,0.0,0.0,0.0,0.0,0.0,2.0,1.0,7.0
CLE,7951,1986.0,Ron Brewer,SG,30.0,47.0,41.0,1724.0,14.0,0.502,0.079,0.20800000000000002,2.8,7.8,5.3,11.1,1.7,0.8,9.1,23.9,,1.0,0.3,1.3,0.037000000000000005,,0.1,-1.2,-1.9,0.0,387.0,833.0,0.465,5.0,21.0,0.294,382.0,812.0,0.47,0.46799999999999997,134.0,172.0,0.892,42.0,69.0,111.0,121.0,59.0,23.0,91.0,114.0,913.0
TOT,7949,1986.0,Ron Brewer,SG,30.0,75.0,52.0,2319.0,15.9,0.57,0.076,0.218,3.2,7.5,5.1,14.0,2.1,1.3,11.9,25.2,,2.6,1.0,3.3,0.111,,0.9,-1.4,-1.3,0.4,569.0,1194.0,0.525,8.0,31.0,0.389,561.0,1163.0,0.534,0.525,211.0,260.0,0.92,59.0,106.0,161.0,188.0,90.0,34.0,125.0,151.0,1357.0
