Tm,Unnamed: 0,Year,Player,Pos,Age,G,GS,MP,PER,TS%,3PAr,FTr,ORB%,DRB%,TRB%,AST%,STL%,BLK%,TOV%,USG%,blanl,OWS,DWS,WS,WS/48,blank2,OBPM,DBPM,BPM,VORP,FG,FGA,FG%,3P,3PA,3P%,2P,2PA,2P%,eFG%,FT,FTA,FT%,ORB,DRB,TRB,AST,STL,BLK,TOV,PF,PTS
SAC,18608,2007.0,Ronnie Price,PG,23.0,58.0,1.0,563.0,10.5,0.489,0.466,0.32,3.9,11.9,7.4,13.7,2.5,0.5,14.4,22.4,,-0.1,0.5,0.4,0.035,,-2.2,-0.8,-3.0,-0.1,67.0,172.0,0.39,21.0,65.0,0.32299999999999995,46.0,107.0,0.484,0.451,37.0,55.0,1.0,15.0,56.0,71.0,48.0,28.0,4.0,33.0,64.0,192.0
UTA,20967,2011.0,Ronnie Price,SG,27.0,61.0,17.0,806.0,12.3,0.516,0.368,0.244,4.2,9.2,5.6,22.0,3.1,1.3,21.5,19.1,,0.5,1.0,1.1,0.094,,0.1,-0.2,-1.3,0.1,98.0,242.0,0.431,26.0,75.0,0.34700000000000003,80.0,179.0,0.48100000000000004,0.495,41.0,59.0,0.7559999999999999,28.0,57.0,74.0,123.0,42.0,13.0,61.0,109.0,255.0
POR,22101,2013.0,Ronnie Price,PG,29.0,39.0,0.0,510.0,6.8,0.402,0.325,0.2,2.9,7.2,5.0,21.0,2.7,0.4,20.7,14.8,,-0.5,0.3,-0.2,-0.017,,-4.1,-0.7,-4.8,-0.4,39.0,120.0,0.325,10.0,39.0,0.256,29.0,81.0,0.358,0.36700000000000005,17.0,24.0,0.708,13.0,31.0,44.0,73.0,26.0,3.0,34.0,61.0,105.0
ORL,22710,2014.0,Ronnie Price,SG,30.0,31.0,2.0,377.0,7.6,0.379,0.467,0.141,2.4,10.5,6.5,25.6,3.4,0.4,21.0,15.0,,-0.5,0.4,-0.1,-0.006999999999999999,,-4.0,0.3,-3.8,-0.2,28.0,92.0,0.304,9.0,43.0,0.209,19.0,49.0,0.38799999999999996,0.353,9.0,13.0,0.6920000000000001,8.0,35.0,43.0,66.0,25.0,2.0,26.0,50.0,74.0
LAL,23338,2015.0,Ronnie Price,PG,31.0,43.0,20.0,982.0,10.2,0.455,0.489,0.20199999999999999,2.1,5.8,3.9,24.4,3.5,0.3,17.6,13.4,,0.2,0.6,0.7,0.036000000000000004,,-1.0,-1.0,-2.0,0.0,77.0,223.0,0.345,31.0,109.0,0.284,46.0,114.0,0.40399999999999997,0.415,36.0,45.0,0.8,19.0,50.0,69.0,165.0,67.0,4.0,52.0,118.0,221.0
PHO,24544,2017.0,Ronnie Price,PG,33.0,62.0,18.0,1211.0,9.6,0.517,0.708,0.192,4.0,8.2,6.1,18.7,3.9,0.9,24.6,16.4,,0.4,1.0,1.4,0.055999999999999994,,-0.7,1.2,-0.8,0.4,116.0,302.0,0.384,68.0,196.0,0.34700000000000003,48.0,106.0,0.45299999999999996,0.49700000000000005,31.0,41.0,0.8,25.0,74.0,99.0,147.0,74.0,13.0,70.0,161.0,331.0
