Tm,Unnamed: 0,Year,Player,Pos,Age,G,GS,MP,PER,TS%,3PAr,FTr,ORB%,DRB%,TRB%,AST%,STL%,BLK%,TOV%,USG%,blanl,OWS,DWS,WS,WS/48,blank2,OBPM,DBPM,BPM,VORP,FG,FGA,FG%,3P,3PA,3P%,2P,2PA,2P%,eFG%,FT,FTA,FT%,ORB,DRB,TRB,AST,STL,BLK,TOV,PF,PTS
MEM,21858,2013.0,Rudy Gay,SF,26.0,81.0,81.0,3175.0,17.8,0.5479999999999999,0.28600000000000003,0.311,6.1,15.1,10.1,12.4,2.2,2.7,14.1,25.7,,4.0,3.3,6.4,0.12300000000000001,,1.4,1.4,2.7,2.6,625.0,1355.0,0.47100000000000003,134.0,387.0,0.396,534.0,1086.0,0.507,0.511,301.0,400.0,0.805,140.0,359.0,499.0,158.0,118.0,79.0,203.0,230.0,1632.0
TOR,22470,2014.0,Rudy Gay,SF,27.0,33.0,32.0,1146.0,17.6,0.513,0.23199999999999998,0.263,5.3,19.1,12.1,15.3,2.6,2.9,13.6,30.8,,0.3,1.4,1.6,0.068,,0.4,1.1,0.9,0.8,240.0,565.0,0.425,44.0,131.0,0.373,196.0,434.0,0.452,0.46399999999999997,119.0,139.0,0.856,43.0,169.0,212.0,94.0,57.0,23.0,94.0,95.0,643.0
TOT,22469,2014.0,Rudy Gay,SF,27.0,75.0,74.0,2687.0,18.3,0.54,0.20800000000000002,0.32799999999999996,5.0,16.3,10.2,15.1,2.3,1.8,14.2,27.6,,2.3,3.9,4.8,0.091,,0.6,0.9,0.9,1.8,537.0,1253.0,0.455,84.0,260.0,0.33,472.0,993.0,0.48100000000000004,0.483,318.0,387.0,0.8220000000000001,113.0,362.0,461.0,209.0,113.0,56.0,224.0,182.0,1457.0
SAC,24275,2017.0,Rudy Gay,SF,30.0,70.0,70.0,2408.0,19.7,0.5670000000000001,0.256,0.354,4.9,17.5,10.8,19.0,2.2,2.3,14.5,27.0,,4.8,2.1,6.1,0.122,,2.8,0.4,2.1,2.5,508.0,1116.0,0.48200000000000004,79.0,220.0,0.37200000000000005,429.0,896.0,0.516,0.508,337.0,393.0,0.858,103.0,353.0,456.0,250.0,100.0,51.0,183.0,184.0,1432.0
