Tm,Unnamed: 0,Year,Player,Pos,Age,G,GS,MP,PER,TS%,3PAr,FTr,ORB%,DRB%,TRB%,AST%,STL%,BLK%,TOV%,USG%,blanl,OWS,DWS,WS,WS/48,blank2,OBPM,DBPM,BPM,VORP,FG,FGA,FG%,3P,3PA,3P%,2P,2PA,2P%,eFG%,FT,FTA,FT%,ORB,DRB,TRB,AST,STL,BLK,TOV,PF,PTS
NOP,23415,2015.0,Russ Smith,PG,23.0,6.0,0.0,29.0,-16.6,0.25,0.6,0.0,0.0,11.7,5.9,9.6,0.0,0.0,41.2,26.7,,-0.3,0.0,-0.3,-0.47700000000000004,,-16.7,-4.0,-20.7,-0.1,2.0,10.0,0.2,1.0,6.0,0.16699999999999998,1.0,4.0,0.25,0.25,0.0,0.0,,0.0,3.0,3.0,2.0,0.0,0.0,7.0,6.0,5.0
TOT,23414,2015.0,Russ Smith,PG,23.0,12.0,0.0,65.0,5.2,0.488,0.44,0.52,1.8,8.7,5.3,19.4,2.4,0.0,28.1,30.1,,-0.2,0.1,-0.1,-0.094,,-5.6,-2.5,-8.0,-0.1,8.0,25.0,0.32,2.0,11.0,0.182,6.0,14.0,0.429,0.36,12.0,13.0,0.9229999999999999,1.0,5.0,6.0,8.0,3.0,0.0,12.0,13.0,30.0
MEM,24005,2016.0,Russ Smith,PG,24.0,15.0,0.0,66.0,22.7,0.603,0.33299999999999996,0.867,3.2,14.4,7.8,27.3,4.3,1.4,20.2,32.8,,0.1,0.1,0.2,0.214,,3.4,0.3,2.2,0.0,7.0,22.0,0.4,1.0,5.0,0.2,6.0,17.0,0.5,0.433,12.0,13.0,0.9229999999999999,1.0,8.0,9.0,11.0,5.0,1.0,7.0,7.0,25.0
