Tm,Unnamed: 0,Year,Player,Pos,Age,G,GS,MP,PER,TS%,3PAr,FTr,ORB%,DRB%,TRB%,AST%,STL%,BLK%,TOV%,USG%,blanl,OWS,DWS,WS,WS/48,blank2,OBPM,DBPM,BPM,VORP,FG,FGA,FG%,3P,3PA,3P%,2P,2PA,2P%,eFG%,FT,FTA,FT%,ORB,DRB,TRB,AST,STL,BLK,TOV,PF,PTS
ORL,16208,2003.0,Ryan Humphrey,PF,23.0,35.0,1.0,322.0,2.9,0.32899999999999996,0.0,0.32899999999999996,10.4,14.3,12.3,3.2,0.6,3.7,17.7,16.4,,-0.7,0.3,-0.5,-0.071,,-8.3,-0.7,-9.1,-0.6,23.0,85.0,0.271,0.0,0.0,,23.0,85.0,0.271,0.271,18.0,28.0,0.643,30.0,39.0,69.0,7.0,4.0,16.0,21.0,57.0,64.0
TOT,16207,2003.0,Ryan Humphrey,PF,23.0,48.0,1.0,444.0,4.1,0.33899999999999997,0.0,0.325,8.6,16.8,12.7,3.7,1.0,3.0,14.4,16.2,,-0.9,0.4,-0.5,-0.052000000000000005,,-7.8,-0.7,-8.5,-0.7,35.0,120.0,0.292,0.0,0.0,,35.0,120.0,0.292,0.292,23.0,39.0,0.59,34.0,65.0,99.0,11.0,9.0,18.0,23.0,75.0,93.0
MEM,17322,2005.0,Ryan Humphrey,SF,25.0,35.0,0.0,317.0,10.2,0.428,0.25,0.359,20.3,23.6,16.5,13.9,4.8,1.1,33.3,24.6,,-0.1,0.4,0.1,0.013000000000000001,,-4.3,1.8,-5.8,0.0,42.0,103.0,0.408,0.0,2.0,0.0,42.0,101.0,0.41600000000000004,0.408,18.0,37.0,0.486,50.0,37.0,87.0,6.0,10.0,2.0,23.0,35.0,102.0
