Tm,Unnamed: 0,Year,Player,Pos,Age,G,GS,MP,PER,TS%,3PAr,FTr,ORB%,DRB%,TRB%,AST%,STL%,BLK%,TOV%,USG%,blanl,OWS,DWS,WS,WS/48,blank2,OBPM,DBPM,BPM,VORP,FG,FGA,FG%,3P,3PA,3P%,2P,2PA,2P%,eFG%,FT,FTA,FT%,ORB,DRB,TRB,AST,STL,BLK,TOV,PF,PTS
GSW,18466,2007.0,Sarunas Jasikevicius,PG,30.0,26.0,2.0,309.0,11.3,0.493,0.436,0.307,1.7,5.8,3.7,28.0,2.0,0.2,21.3,20.1,,0.0,0.2,0.2,0.023,,-2.5,-3.5,-6.0,-0.3,37.0,101.0,0.366,12.0,44.0,0.273,25.0,57.0,0.439,0.426,27.0,31.0,0.871,5.0,16.0,21.0,61.0,13.0,1.0,31.0,22.0,113.0
IND,18465,2007.0,Sarunas Jasikevicius,SG,30.0,75.0,15.0,1557.0,12.9,0.561,0.55,0.31,1.7,9.6,5.7,28.4,1.4,0.2,19.2,20.8,,1.6,1.7,3.3,0.10300000000000001,,0.3,-0.9,-0.6,0.6,170.0,429.0,0.41200000000000003,86.0,236.0,0.37200000000000005,84.0,193.0,0.43700000000000006,0.49700000000000005,121.0,133.0,0.922,19.0,134.0,153.0,227.0,40.0,4.0,116.0,108.0,547.0
TOT,18464,2007.0,Sarunas Jasikevicius,SG-PG,30.0,63.0,3.0,973.0,12.4,0.531,0.40399999999999997,0.295,1.7,6.4,4.0,28.3,1.3,0.1,19.8,20.6,,0.6,0.5,1.1,0.055999999999999994,,-1.0,-3.5,-4.5,-0.6,128.0,322.0,0.39799999999999996,44.0,130.0,0.33799999999999997,84.0,192.0,0.43799999999999994,0.466,86.0,95.0,0.905,15.0,54.0,69.0,172.0,26.0,1.0,90.0,75.0,386.0
