Tm,Unnamed: 0,Year,Player,Pos,Age,G,GS,MP,PER,TS%,3PAr,FTr,ORB%,DRB%,TRB%,AST%,STL%,BLK%,TOV%,USG%,blanl,OWS,DWS,WS,WS/48,blank2,OBPM,DBPM,BPM,VORP,FG,FGA,FG%,3P,3PA,3P%,2P,2PA,2P%,eFG%,FT,FTA,FT%,ORB,DRB,TRB,AST,STL,BLK,TOV,PF,PTS
DAL,12954,1997.0,Sasha Danilovic,SG,26.0,13.0,9.0,438.0,14.5,0.542,0.345,0.32799999999999996,2.1,7.0,4.5,10.5,1.8,0.2,10.0,23.2,,0.6,0.2,0.8,0.087,,0.7,-2.4,-1.8,0.0,73.0,174.0,0.42,22.0,60.0,0.36700000000000005,51.0,114.0,0.447,0.483,48.0,57.0,0.8420000000000001,8.0,26.0,34.0,25.0,15.0,1.0,22.0,37.0,216.0
MIA,12953,1997.0,Sasha Danilovic,SG,26.0,43.0,33.0,1351.0,14.4,0.591,0.444,0.391,2.6,7.1,4.9,14.9,1.6,0.5,17.7,21.2,,0.9,1.8,2.0,0.129,,1.4,0.2,0.4,0.4,175.0,396.0,0.451,63.0,176.0,0.436,112.0,220.0,0.509,0.5429999999999999,73.0,94.0,0.777,21.0,81.0,102.0,77.0,39.0,8.0,94.0,123.0,486.0
TOT,12952,1997.0,Sasha Danilovic,SG,26.0,56.0,42.0,1789.0,10.9,0.552,0.414,0.265,1.9,7.0,4.5,10.0,1.6,0.4,15.4,19.6,,0.8,2.0,2.8,0.07400000000000001,,-0.7,-0.4,-1.1,0.4,248.0,570.0,0.435,85.0,236.0,0.36,163.0,334.0,0.488,0.51,121.0,151.0,0.8009999999999999,29.0,107.0,136.0,102.0,54.0,9.0,116.0,160.0,702.0
