Tm,Unnamed: 0,Year,Player,Pos,Age,G,GS,MP,PER,TS%,3PAr,FTr,ORB%,DRB%,TRB%,AST%,STL%,BLK%,TOV%,USG%,blanl,OWS,DWS,WS,WS/48,blank2,OBPM,DBPM,BPM,VORP,FG,FGA,FG%,3P,3PA,3P%,2P,2PA,2P%,eFG%,FT,FTA,FT%,ORB,DRB,TRB,AST,STL,BLK,TOV,PF,PTS
LAL,21068,2011.0,Sasha Vujacic,SG,26.0,82.0,4.0,1449.0,15.1,0.605,0.601,0.201,4.9,13.6,8.7,19.5,3.0,0.5,17.3,24.4,,2.4,1.9,3.7,0.138,,2.1,0.1,0.8,0.9,219.0,482.0,0.45399999999999996,118.0,270.0,0.43700000000000006,101.0,212.0,0.494,0.5770000000000001,76.0,91.0,0.9470000000000001,33.0,135.0,159.0,139.0,77.0,7.0,52.0,154.0,632.0
NJN,21069,2011.0,Sasha Vujacic,SG,26.0,56.0,17.0,1594.0,12.6,0.518,0.446,0.16399999999999998,2.1,11.7,6.7,13.6,1.8,0.2,9.0,19.6,,1.2,1.0,2.2,0.066,,0.8,-1.0,-0.2,0.7,231.0,572.0,0.40399999999999997,94.0,255.0,0.369,137.0,317.0,0.43200000000000005,0.486,80.0,94.0,0.851,29.0,153.0,182.0,127.0,53.0,5.0,61.0,129.0,636.0
TOT,21067,2011.0,Sasha Vujacic,SG,26.0,67.0,17.0,1648.0,12.3,0.515,0.44,0.161,2.1,11.5,6.7,13.7,1.7,0.2,9.4,19.8,,1.1,1.0,2.1,0.061,,0.6,-1.1,-0.5,0.6,239.0,595.0,0.402,97.0,262.0,0.37,142.0,333.0,0.426,0.483,81.0,96.0,0.8440000000000001,30.0,156.0,186.0,132.0,54.0,5.0,66.0,136.0,656.0
LAC,22828,2014.0,Sasha Vujacic,SG,29.0,2.0,0.0,10.0,1.5,0.5,0.4,0.0,0.0,32.2,16.7,0.0,5.0,0.0,37.5,35.3,,-0.1,0.0,-0.1,-0.289,,-16.7,-3.4,-20.1,0.0,2.0,5.0,0.4,1.0,2.0,0.5,1.0,3.0,0.33299999999999996,0.5,0.0,0.0,,0.0,3.0,3.0,0.0,1.0,0.0,3.0,1.0,5.0
NYK,24642,2017.0,Sasha Vujacic,SG,32.0,61.0,25.0,908.0,11.1,0.503,0.544,0.17600000000000002,3.2,14.6,9.0,17.9,1.9,0.4,13.0,17.3,,0.3,0.8,1.1,0.06,,-0.8,-0.7,-1.5,0.1,106.0,277.0,0.38299999999999995,52.0,143.0,0.364,54.0,134.0,0.40299999999999997,0.47700000000000004,32.0,39.0,0.821,26.0,123.0,149.0,84.0,34.0,5.0,44.0,83.0,296.0
