Tm,Unnamed: 0,Year,Player,Pos,Age,G,GS,MP,PER,TS%,3PAr,FTr,ORB%,DRB%,TRB%,AST%,STL%,BLK%,TOV%,USG%,blanl,OWS,DWS,WS,WS/48,blank2,OBPM,DBPM,BPM,VORP,FG,FGA,FG%,3P,3PA,3P%,2P,2PA,2P%,eFG%,FT,FTA,FT%,ORB,DRB,TRB,AST,STL,BLK,TOV,PF,PTS
GSW,12906,1997.0,Scott Burrell,SF,26.0,29.0,0.0,457.0,9.6,0.47600000000000003,0.436,0.16399999999999998,6.5,14.1,10.3,12.0,1.6,1.3,15.7,17.4,,0.0,0.2,0.2,0.017,,-1.6,-1.2,-2.8,-0.1,53.0,140.0,0.379,22.0,61.0,0.361,31.0,79.0,0.392,0.457,15.0,23.0,0.652,25.0,54.0,79.0,35.0,14.0,8.0,28.0,60.0,143.0
TOT,12904,1997.0,Scott Burrell,SF,26.0,57.0,2.0,939.0,10.3,0.483,0.428,0.28,6.4,13.7,10.1,12.1,1.6,1.5,14.8,17.4,,0.3,0.5,0.8,0.042,,-1.3,-0.8,-2.1,0.0,98.0,271.0,0.36200000000000004,41.0,116.0,0.353,57.0,155.0,0.368,0.43700000000000006,57.0,76.0,0.75,49.0,109.0,158.0,74.0,28.0,19.0,53.0,120.0,294.0
CHI,13483,1998.0,Scott Burrell,SF,27.0,80.0,3.0,1096.0,15.7,0.516,0.384,0.171,8.3,12.4,10.3,9.5,3.1,2.5,11.0,18.5,,1.5,2.2,3.7,0.163,,0.9,1.8,2.8,1.3,159.0,375.0,0.424,51.0,144.0,0.354,108.0,231.0,0.46799999999999997,0.49200000000000005,47.0,64.0,0.7340000000000001,80.0,118.0,198.0,65.0,64.0,37.0,50.0,131.0,416.0
NJN,14543,2000.0,Scott Burrell,SF,29.0,74.0,10.0,1336.0,14.2,0.511,0.5539999999999999,0.20199999999999999,5.2,16.5,10.6,10.7,3.0,2.3,9.2,16.0,,1.7,1.5,3.2,0.115,,0.7,0.8,1.4,1.1,165.0,419.0,0.39399999999999996,82.0,232.0,0.389,83.0,187.0,0.444,0.49200000000000005,39.0,50.0,0.81,65.0,191.0,256.0,72.0,67.0,44.0,38.0,173.0,451.0
CHH,15034,2001.0,Scott Burrell,SF,30.0,65.0,62.0,2014.0,15.0,0.5710000000000001,0.47600000000000003,0.405,6.8,15.3,10.8,12.6,3.9,1.7,15.7,18.8,,2.8,2.9,5.6,0.135,,1.6,1.7,3.3,2.7,277.0,593.0,0.467,96.0,235.0,0.409,181.0,358.0,0.556,0.5479999999999999,100.0,144.0,0.792,96.0,272.0,368.0,161.0,75.0,40.0,85.0,187.0,750.0
