Tm,Unnamed: 0,Year,Player,Pos,Age,G,GS,MP,PER,TS%,3PAr,FTr,ORB%,DRB%,TRB%,AST%,STL%,BLK%,TOV%,USG%,blanl,OWS,DWS,WS,WS/48,blank2,OBPM,DBPM,BPM,VORP,FG,FGA,FG%,3P,3PA,3P%,2P,2PA,2P%,eFG%,FT,FTA,FT%,ORB,DRB,TRB,AST,STL,BLK,TOV,PF,PTS
CHA,19680,2009.0,Sean May,PF,24.0,35.0,12.0,838.0,19.1,0.551,0.028999999999999998,0.374,11.5,23.3,16.5,14.5,2.2,2.3,19.6,25.9,,1.3,1.0,2.2,0.127,,0.1,0.8,0.9,0.6,164.0,328.0,0.5,2.0,5.0,1.0,162.0,325.0,0.498,0.503,86.0,112.0,0.768,73.0,160.0,233.0,66.0,19.0,24.0,56.0,100.0,416.0
SAC,20279,2010.0,Sean May,C,25.0,37.0,4.0,331.0,11.7,0.49200000000000005,0.036000000000000004,0.28800000000000003,6.8,17.5,12.1,8.1,1.9,1.5,13.2,19.3,,0.0,0.3,0.3,0.044000000000000004,,-3.8,-0.5,-4.3,-0.2,51.0,111.0,0.45899999999999996,0.0,4.0,0.0,51.0,107.0,0.47700000000000004,0.45899999999999996,21.0,32.0,0.6559999999999999,20.0,50.0,70.0,17.0,12.0,7.0,19.0,46.0,123.0
