Tm,Unnamed: 0,Year,Player,Pos,Age,G,GS,MP,PER,TS%,3PAr,FTr,ORB%,DRB%,TRB%,AST%,STL%,BLK%,TOV%,USG%,blanl,OWS,DWS,WS,WS/48,blank2,OBPM,DBPM,BPM,VORP,FG,FGA,FG%,3P,3PA,3P%,2P,2PA,2P%,eFG%,FT,FTA,FT%,ORB,DRB,TRB,AST,STL,BLK,TOV,PF,PTS
ORL,10639,1992.0,Sean Higgins,PF,23.0,32.0,12.0,580.0,12.5,0.502,0.092,0.111,5.1,13.2,9.1,10.5,1.2,0.6,11.9,22.3,,0.0,0.3,0.4,0.031,,-2.0,-1.8,-3.8,-0.3,123.0,262.0,0.469,6.0,24.0,0.25,117.0,238.0,0.49200000000000005,0.48100000000000004,24.0,29.0,0.828,27.0,67.0,94.0,37.0,14.0,6.0,37.0,52.0,276.0
SAS,10638,1992.0,Sean Higgins,SF,23.0,50.0,0.0,464.0,9.1,0.49700000000000005,0.09,0.467,6.1,18.0,12.1,15.0,2.8,0.1,18.1,25.9,,-0.1,0.5,0.0,0.0,,-4.3,-0.2,-5.9,0.0,97.0,212.0,0.45799999999999996,3.0,19.0,0.158,94.0,193.0,0.48700000000000004,0.465,28.0,33.0,1.0,18.0,45.0,63.0,35.0,8.0,1.0,49.0,53.0,225.0
TOT,10637,1992.0,Sean Higgins,PF-SF,23.0,38.0,12.0,616.0,12.3,0.49700000000000005,0.09,0.13,5.1,13.5,9.2,10.8,1.3,0.6,12.3,22.5,,0.0,0.4,0.4,0.03,,-2.3,-1.7,-3.9,-0.3,127.0,277.0,0.45799999999999996,6.0,25.0,0.24,121.0,252.0,0.48,0.469,31.0,36.0,0.861,29.0,73.0,102.0,41.0,16.0,6.0,41.0,58.0,291.0
GSW,11079,1993.0,Sean Higgins,SF,24.0,29.0,4.0,591.0,9.2,0.509,0.172,0.21899999999999997,4.3,8.5,6.4,15.7,1.1,0.5,21.4,20.7,,-0.4,0.2,-0.1,-0.012,,-2.8,-1.9,-4.8,-0.4,96.0,215.0,0.447,13.0,37.0,0.35100000000000003,83.0,178.0,0.466,0.47700000000000004,35.0,47.0,0.745,23.0,45.0,68.0,66.0,13.0,5.0,64.0,54.0,240.0
NJN,12021,1995.0,Sean Higgins,SF,26.0,57.0,7.0,735.0,7.1,0.461,0.28600000000000003,0.147,3.7,7.8,5.7,6.6,0.7,0.8,10.7,19.5,,-0.3,0.4,0.0,0.002,,-3.9,-2.7,-6.6,-0.8,105.0,273.0,0.385,23.0,78.0,0.295,82.0,195.0,0.42100000000000004,0.42700000000000005,35.0,40.0,0.875,25.0,52.0,77.0,29.0,10.0,9.0,35.0,93.0,268.0
PHI,12500,1996.0,Sean Higgins,SF,27.0,44.0,4.0,916.0,10.4,0.517,0.39899999999999997,0.115,2.5,9.3,5.8,10.7,1.4,0.9,12.6,18.9,,0.2,0.1,0.3,0.013999999999999999,,-1.7,-2.5,-4.2,-0.5,134.0,323.0,0.415,48.0,129.0,0.37200000000000005,86.0,194.0,0.44299999999999995,0.489,35.0,37.0,0.946,20.0,72.0,92.0,55.0,24.0,11.0,49.0,90.0,351.0
POR,13620,1998.0,Sean Higgins,SF,29.0,2.0,0.0,12.0,-15.1,0.0,0.4,0.0,0.0,0.0,0.0,0.0,8.9,0.0,16.7,22.6,,-0.1,0.0,-0.1,-0.414,,-16.8,2.7,-14.1,0.0,0.0,5.0,0.0,0.0,2.0,0.0,0.0,3.0,0.0,0.0,0.0,0.0,,0.0,0.0,0.0,0.0,2.0,0.0,1.0,3.0,0.0
