Tm,Unnamed: 0,Year,Player,Pos,Age,G,GS,MP,PER,TS%,3PAr,FTr,ORB%,DRB%,TRB%,AST%,STL%,BLK%,TOV%,USG%,blanl,OWS,DWS,WS,WS/48,blank2,OBPM,DBPM,BPM,VORP,FG,FGA,FG%,3P,3PA,3P%,2P,2PA,2P%,eFG%,FT,FTA,FT%,ORB,DRB,TRB,AST,STL,BLK,TOV,PF,PTS
ATL,15062,2001.0,Sean Colson,PG,25.0,3.0,0.0,14.0,-10.6,0.0,0.2,0.0,0.0,24.0,11.9,29.4,0.0,0.0,28.6,22.3,,-0.1,0.0,-0.1,-0.465,,-17.5,-1.6,-19.0,-0.1,0.0,5.0,0.0,0.0,1.0,0.0,0.0,4.0,0.0,0.0,0.0,0.0,,0.0,3.0,3.0,3.0,0.0,0.0,2.0,0.0,0.0
HOU,15063,2001.0,Sean Colson,PG,25.0,10.0,0.0,30.0,14.9,0.361,0.21100000000000002,0.21100000000000002,7.9,3.8,5.8,43.0,1.8,0.0,0.0,31.9,,0.0,0.0,0.0,0.062,,3.8,-4.1,-0.3,0.0,6.0,19.0,0.316,1.0,4.0,0.25,5.0,15.0,0.33299999999999996,0.342,2.0,4.0,0.5,2.0,1.0,3.0,7.0,1.0,0.0,0.0,6.0,15.0
TOT,15061,2001.0,Sean Colson,PG,25.0,13.0,0.0,44.0,6.8,0.29100000000000004,0.20800000000000002,0.16699999999999998,5.4,10.2,7.7,38.7,1.2,0.0,7.2,28.8,,-0.1,0.0,-0.1,-0.106,,-3.0,-3.3,-6.3,0.0,6.0,24.0,0.25,1.0,5.0,0.2,5.0,19.0,0.263,0.271,2.0,4.0,0.5,2.0,4.0,6.0,10.0,1.0,0.0,2.0,6.0,15.0
