Tm,Unnamed: 0,Year,Player,Pos,Age,G,GS,MP,PER,TS%,3PAr,FTr,ORB%,DRB%,TRB%,AST%,STL%,BLK%,TOV%,USG%,blanl,OWS,DWS,WS,WS/48,blank2,OBPM,DBPM,BPM,VORP,FG,FGA,FG%,3P,3PA,3P%,2P,2PA,2P%,eFG%,FT,FTA,FT%,ORB,DRB,TRB,AST,STL,BLK,TOV,PF,PTS
NJN,20490,2010.0,Sean Williams,PF,23.0,73.0,29.0,1278.0,13.9,0.563,0.02,0.444,10.9,18.8,14.6,5.4,1.9,6.5,25.9,15.6,,0.8,1.7,2.5,0.09300000000000001,,-3.6,2.4,-1.6,0.1,164.0,305.0,0.5379999999999999,0.0,1.0,0.0,164.0,305.0,0.5379999999999999,0.5379999999999999,81.0,133.0,0.625,115.0,207.0,322.0,28.0,28.0,106.0,70.0,193.0,409.0
BOS,21661,2012.0,Sean Williams,C,25.0,3.0,0.0,42.0,18.6,0.606,0.0,1.167,11.8,21.4,16.8,10.4,3.8,5.5,24.8,13.8,,0.1,0.1,0.2,0.226,,-1.7,6.7,5.1,0.1,2.0,6.0,0.33299999999999996,0.0,0.0,,2.0,6.0,0.33299999999999996,0.33299999999999996,7.0,7.0,1.0,4.0,8.0,12.0,3.0,3.0,3.0,3.0,4.0,11.0
DAL,21660,2012.0,Sean Williams,C,25.0,8.0,0.0,65.0,18.8,0.778,0.0,0.375,15.7,6.9,11.2,5.5,0.8,6.1,27.3,18.3,,0.2,0.1,0.2,0.182,,1.1,1.7,2.7,0.1,12.0,16.0,0.75,0.0,0.0,,12.0,16.0,0.75,0.75,5.0,6.0,0.833,9.0,4.0,13.0,2.0,1.0,5.0,7.0,14.0,29.0
TOT,21659,2012.0,Sean Williams,C,25.0,11.0,0.0,107.0,18.7,0.722,0.0,0.591,14.1,12.6,13.4,7.4,2.0,5.9,26.5,16.5,,0.2,0.2,0.4,0.19899999999999998,,0.0,3.7,3.6,0.2,14.0,22.0,0.636,0.0,0.0,,14.0,22.0,0.636,0.636,12.0,13.0,0.9229999999999999,13.0,12.0,25.0,5.0,4.0,8.0,10.0,18.0,40.0
