Tm,Unnamed: 0,Year,Player,Pos,Age,G,GS,MP,PER,TS%,3PAr,FTr,ORB%,DRB%,TRB%,AST%,STL%,BLK%,TOV%,USG%,blanl,OWS,DWS,WS,WS/48,blank2,OBPM,DBPM,BPM,VORP,FG,FGA,FG%,3P,3PA,3P%,2P,2PA,2P%,eFG%,FT,FTA,FT%,ORB,DRB,TRB,AST,STL,BLK,TOV,PF,PTS
MIA,23283,2015.0,Shabazz Napier,PG,23.0,51.0,10.0,1012.0,9.3,0.517,0.518,0.24600000000000002,2.1,11.2,6.7,19.9,2.1,0.3,24.3,15.5,,-0.3,0.8,0.5,0.024,,-2.0,-0.6,-2.6,-0.2,87.0,228.0,0.382,43.0,118.0,0.364,44.0,110.0,0.4,0.47600000000000003,44.0,56.0,0.7859999999999999,17.0,96.0,113.0,130.0,40.0,4.0,81.0,76.0,261.0
ORL,23911,2016.0,Shabazz Napier,PG,24.0,55.0,0.0,600.0,9.6,0.46,0.517,0.22399999999999998,1.6,8.6,5.1,23.1,1.9,0.1,17.2,19.7,,-0.3,0.4,0.1,0.004,,-2.3,-2.6,-4.9,-0.4,68.0,201.0,0.33799999999999997,34.0,104.0,0.327,34.0,97.0,0.35100000000000003,0.423,33.0,45.0,0.733,9.0,46.0,55.0,97.0,23.0,1.0,46.0,38.0,203.0
POR,24484,2017.0,Shabazz Napier,PG,25.0,53.0,2.0,512.0,13.6,0.5329999999999999,0.503,0.268,1.7,11.5,6.6,19.5,3.1,0.3,16.7,21.2,,0.1,0.5,0.6,0.06,,-0.9,-1.3,-2.2,0.0,73.0,183.0,0.39899999999999997,34.0,92.0,0.37,39.0,91.0,0.429,0.49200000000000005,38.0,49.0,0.7759999999999999,8.0,53.0,61.0,67.0,32.0,2.0,41.0,38.0,218.0
