Tm,Unnamed: 0,Year,Player,Pos,Age,G,GS,MP,PER,TS%,3PAr,FTr,ORB%,DRB%,TRB%,AST%,STL%,BLK%,TOV%,USG%,blanl,OWS,DWS,WS,WS/48,blank2,OBPM,DBPM,BPM,VORP,FG,FGA,FG%,3P,3PA,3P%,2P,2PA,2P%,eFG%,FT,FTA,FT%,ORB,DRB,TRB,AST,STL,BLK,TOV,PF,PTS
HOU,20554,2011.0,Shane Battier,SG,32.0,82.0,82.0,2988.0,12.9,0.589,0.669,0.237,5.2,13.9,8.8,12.1,1.5,2.7,12.5,12.3,,4.4,4.6,9.0,0.14400000000000002,,1.0,3.0,3.8,4.3,292.0,654.0,0.456,157.0,373.0,0.42100000000000004,135.0,281.0,0.536,0.5670000000000001,88.0,113.0,0.821,131.0,276.0,407.0,175.0,79.0,90.0,78.0,196.0,829.0
MEM,20555,2011.0,Shane Battier,SG,32.0,81.0,81.0,3097.0,15.3,0.597,0.41600000000000004,0.37200000000000005,7.6,13.0,9.9,11.9,2.7,3.2,12.9,18.2,,4.8,4.5,9.1,0.153,,2.4,3.1,4.0,4.3,412.0,961.0,0.488,103.0,276.0,0.39799999999999996,309.0,685.0,0.535,0.5589999999999999,198.0,283.0,0.882,180.0,265.0,429.0,216.0,121.0,114.0,155.0,223.0,1125.0
TOT,20553,2011.0,Shane Battier,SF,32.0,82.0,59.0,2375.0,12.3,0.5670000000000001,0.525,0.183,4.4,13.7,9.0,11.1,1.5,2.4,12.6,11.7,,2.9,2.2,5.1,0.10300000000000001,,0.7,1.8,2.5,2.7,229.0,509.0,0.45,102.0,267.0,0.382,127.0,242.0,0.525,0.55,64.0,93.0,0.688,90.0,283.0,373.0,185.0,69.0,81.0,79.0,158.0,624.0
MIA,22301,2014.0,Shane Battier,SF,35.0,73.0,56.0,1786.0,10.7,0.623,0.873,0.127,4.6,8.6,6.2,8.0,2.2,2.5,10.7,11.0,,2.8,2.1,4.4,0.11900000000000001,,2.0,1.5,2.0,1.8,152.0,362.0,0.42,136.0,316.0,0.43,51.0,109.0,0.49200000000000005,0.608,32.0,38.0,0.8420000000000001,56.0,128.0,165.0,82.0,64.0,55.0,37.0,149.0,472.0
