Tm,Unnamed: 0,Year,Player,Pos,Age,G,GS,MP,PER,TS%,3PAr,FTr,ORB%,DRB%,TRB%,AST%,STL%,BLK%,TOV%,USG%,blanl,OWS,DWS,WS,WS/48,blank2,OBPM,DBPM,BPM,VORP,FG,FGA,FG%,3P,3PA,3P%,2P,2PA,2P%,eFG%,FT,FTA,FT%,ORB,DRB,TRB,AST,STL,BLK,TOV,PF,PTS
DAL,22588,2014.0,Shane Larkin,PG,21.0,48.0,0.0,489.0,8.3,0.446,0.27699999999999997,0.182,2.6,7.3,5.0,20.4,2.7,0.2,20.9,17.4,,-0.4,0.3,-0.1,-0.01,,-3.5,-1.2,-4.7,-0.3,52.0,137.0,0.38,12.0,38.0,0.316,40.0,99.0,0.40399999999999997,0.423,16.0,25.0,0.64,11.0,31.0,42.0,71.0,26.0,1.0,39.0,46.0,132.0
NYK,23201,2015.0,Shane Larkin,PG,22.0,76.0,22.0,1865.0,10.9,0.504,0.26899999999999996,0.18100000000000002,1.7,9.4,5.4,19.4,2.6,0.4,15.1,13.6,,0.8,0.9,1.7,0.045,,-1.6,-0.7,-2.4,-0.2,187.0,432.0,0.433,35.0,116.0,0.302,152.0,316.0,0.48100000000000004,0.473,61.0,78.0,0.782,29.0,147.0,176.0,226.0,93.0,9.0,83.0,150.0,470.0
BRK,23826,2016.0,Shane Larkin,PG,23.0,78.0,17.0,1751.0,13.3,0.515,0.215,0.213,1.8,9.9,5.8,29.3,2.7,0.6,21.0,17.7,,0.5,1.0,1.4,0.039,,-1.2,-1.0,-2.2,-0.1,222.0,502.0,0.442,39.0,108.0,0.361,183.0,394.0,0.46399999999999997,0.48100000000000004,83.0,107.0,0.7759999999999999,28.0,152.0,180.0,342.0,95.0,12.0,146.0,121.0,566.0
