Tm,Unnamed: 0,Year,Player,Pos,Age,G,GS,MP,PER,TS%,3PAr,FTr,ORB%,DRB%,TRB%,AST%,STL%,BLK%,TOV%,USG%,blanl,OWS,DWS,WS,WS/48,blank2,OBPM,DBPM,BPM,VORP,FG,FGA,FG%,3P,3PA,3P%,2P,2PA,2P%,eFG%,FT,FTA,FT%,ORB,DRB,TRB,AST,STL,BLK,TOV,PF,PTS
PHO,19086,2008.0,Shawn Marion,SF,29.0,81.0,81.0,3373.0,23.6,0.594,0.289,0.249,9.5,25.4,16.8,11.7,2.9,3.0,9.7,23.6,,8.6,6.4,14.6,0.214,,3.2,3.2,5.7,6.4,716.0,1466.0,0.526,141.0,364.0,0.39299999999999996,620.0,1273.0,0.599,0.5760000000000001,251.0,298.0,0.851,249.0,710.0,959.0,214.0,185.0,137.0,157.0,223.0,1769.0
MIA,19670,2009.0,Shawn Marion,SF,30.0,42.0,41.0,1516.0,17.1,0.522,0.14800000000000002,0.201,9.8,26.1,17.8,12.1,2.7,2.4,14.0,20.8,,1.4,2.2,3.6,0.113,,-1.2,2.4,1.1,1.2,215.0,446.0,0.48200000000000004,8.0,40.0,0.258,207.0,406.0,0.51,0.491,67.0,85.0,0.7879999999999999,107.0,258.0,365.0,77.0,57.0,45.0,56.0,92.0,505.0
TOR,19671,2009.0,Shawn Marion,SF,30.0,27.0,27.0,954.0,16.4,0.523,0.038,0.18100000000000002,9.1,18.4,13.8,10.9,1.7,1.7,11.7,20.2,,0.7,1.0,1.6,0.08199999999999999,,-0.3,1.4,1.1,0.7,167.0,342.0,0.488,2.0,13.0,0.154,165.0,329.0,0.502,0.491,50.0,62.0,0.8059999999999999,73.0,151.0,224.0,62.0,31.0,21.0,49.0,40.0,386.0
TOT,19669,2009.0,Shawn Marion,SF,30.0,69.0,68.0,2470.0,19.2,0.57,0.252,0.191,8.6,23.9,16.0,9.4,2.7,2.5,11.0,18.5,,3.5,3.9,7.4,0.153,,1.6,2.9,4.5,3.8,400.0,788.0,0.508,66.0,198.0,0.33299999999999996,372.0,735.0,0.5670000000000001,0.55,117.0,150.0,0.7959999999999999,180.0,507.0,643.0,139.0,125.0,85.0,105.0,150.0,972.0
DAL,22611,2014.0,Shawn Marion,SF,35.0,80.0,76.0,2409.0,18.0,0.5529999999999999,0.22899999999999998,0.19699999999999998,9.1,20.6,14.5,13.1,1.9,1.9,12.5,21.5,,2.9,3.4,5.6,0.127,,0.9,2.2,2.8,2.4,434.0,834.0,0.52,58.0,162.0,0.358,429.0,801.0,0.5379999999999999,0.531,126.0,164.0,0.7959999999999999,168.0,383.0,551.0,163.0,90.0,61.0,130.0,144.0,999.0
CLE,23227,2015.0,Shawn Marion,SF,36.0,57.0,24.0,1101.0,11.0,0.489,0.172,0.127,6.8,14.2,10.5,6.9,1.3,1.9,10.5,12.9,,0.8,0.9,1.7,0.07400000000000001,,-2.0,0.7,-1.3,0.2,119.0,267.0,0.446,12.0,46.0,0.261,107.0,221.0,0.484,0.46799999999999997,26.0,34.0,0.765,64.0,138.0,202.0,51.0,27.0,27.0,33.0,58.0,276.0
