Tm,Unnamed: 0,Year,Player,Pos,Age,G,GS,MP,PER,TS%,3PAr,FTr,ORB%,DRB%,TRB%,AST%,STL%,BLK%,TOV%,USG%,blanl,OWS,DWS,WS,WS/48,blank2,OBPM,DBPM,BPM,VORP,FG,FGA,FG%,3P,3PA,3P%,2P,2PA,2P%,eFG%,FT,FTA,FT%,ORB,DRB,TRB,AST,STL,BLK,TOV,PF,PTS
PHI,12338,1996.0,Shawn Bradley,C,23.0,82.0,59.0,2365.0,14.8,0.489,0.006,0.342,11.9,25.6,18.3,11.1,1.6,8.5,22.3,22.4,,-0.1,3.6,3.5,0.071,,-3.6,3.4,-0.2,1.1,315.0,693.0,0.455,0.0,3.0,0.0,315.0,690.0,0.457,0.455,148.0,232.0,0.76,243.0,416.0,659.0,98.0,54.0,274.0,148.0,338.0,778.0
NJN,12886,1997.0,Shawn Bradley,C,24.0,67.0,57.0,1995.0,16.3,0.48,0.011000000000000001,0.285,10.1,19.5,14.7,5.0,1.1,9.8,14.5,22.4,,0.2,3.7,3.0,0.071,,-4.0,4.2,0.2,1.1,344.0,776.0,0.44299999999999995,1.0,5.0,0.25,343.0,772.0,0.444,0.444,150.0,221.0,0.679,187.0,345.0,532.0,55.0,41.0,250.0,148.0,244.0,839.0
TOT,12885,1997.0,Shawn Bradley,C,24.0,79.0,70.0,2329.0,16.5,0.48100000000000004,0.009000000000000001,0.282,10.4,20.4,15.2,4.9,1.1,9.4,15.4,22.1,,0.0,4.1,3.0,0.062,,-3.8,4.0,-0.4,1.0,406.0,905.0,0.449,1.0,8.0,0.25,406.0,897.0,0.45299999999999996,0.449,169.0,246.0,0.687,221.0,417.0,638.0,63.0,49.0,288.0,179.0,286.0,961.0
DAL,17147,2005.0,Shawn Bradley,C,32.0,82.0,54.0,2001.0,19.6,0.601,0.013000000000000001,0.467,11.2,24.4,17.0,5.9,2.2,8.9,14.3,24.5,,3.9,3.8,7.4,0.204,,-0.4,4.7,4.3,2.8,300.0,711.0,0.536,1.0,6.0,0.33299999999999996,299.0,708.0,0.537,0.536,141.0,180.0,0.922,164.0,448.0,608.0,60.0,71.0,228.0,96.0,260.0,731.0
