Tm,Unnamed: 0,Year,Player,Pos,Age,G,GS,MP,PER,TS%,3PAr,FTr,ORB%,DRB%,TRB%,AST%,STL%,BLK%,TOV%,USG%,blanl,OWS,DWS,WS,WS/48,blank2,OBPM,DBPM,BPM,VORP,FG,FGA,FG%,3P,3PA,3P%,2P,2PA,2P%,eFG%,FT,FTA,FT%,ORB,DRB,TRB,AST,STL,BLK,TOV,PF,PTS
GSW,9295,1989.0,Shelton Jones,SF,22.0,2.0,0.0,13.0,27.3,0.6,0.0,0.0,15.5,0.0,7.7,21.8,10.3,0.0,16.7,17.5,,0.0,0.0,0.1,0.23,,5.9,5.1,11.0,0.0,3.0,5.0,0.6,0.0,0.0,,3.0,5.0,0.6,0.6,0.0,0.0,,2.0,0.0,2.0,2.0,3.0,0.0,1.0,0.0,6.0
PHI,9296,1989.0,Shelton Jones,SF,22.0,42.0,34.0,577.0,10.6,0.508,0.006,0.374,4.6,13.9,9.2,7.7,1.4,1.3,15.8,17.8,,0.0,0.3,0.3,0.024,,-3.2,-0.8,-4.0,-0.3,81.0,179.0,0.45299999999999996,0.0,1.0,0.0,81.0,178.0,0.455,0.45299999999999996,50.0,67.0,0.746,24.0,71.0,95.0,33.0,16.0,13.0,39.0,50.0,212.0
SAS,9294,1989.0,Shelton Jones,SF,22.0,7.0,0.0,92.0,6.8,0.423,0.0,0.52,6.9,12.5,9.6,9.8,1.0,1.3,18.6,15.9,,-0.1,0.1,0.0,-0.022000000000000002,,-5.8,-0.9,-6.8,-0.1,9.0,25.0,0.36,0.0,0.0,,9.0,25.0,0.36,0.36,8.0,13.0,0.615,6.0,10.0,16.0,7.0,2.0,2.0,7.0,8.0,26.0
TOT,9293,1989.0,Shelton Jones,SF,22.0,51.0,34.0,682.0,10.4,0.5,0.005,0.38299999999999995,5.1,13.4,9.2,8.2,1.5,1.3,16.1,17.6,,-0.1,0.4,0.3,0.022000000000000002,,-3.4,-0.7,-4.1,-0.4,93.0,209.0,0.445,0.0,1.0,0.0,93.0,208.0,0.447,0.445,58.0,80.0,0.725,32.0,81.0,113.0,42.0,21.0,15.0,47.0,58.0,244.0
