Tm,Unnamed: 0,Year,Player,Pos,Age,G,GS,MP,PER,TS%,3PAr,FTr,ORB%,DRB%,TRB%,AST%,STL%,BLK%,TOV%,USG%,blanl,OWS,DWS,WS,WS/48,blank2,OBPM,DBPM,BPM,VORP,FG,FGA,FG%,3P,3PA,3P%,2P,2PA,2P%,eFG%,FT,FTA,FT%,ORB,DRB,TRB,AST,STL,BLK,TOV,PF,PTS
NJN,15406,2001.0,Soumaila Samake,C,22.0,34.0,0.0,226.0,9.0,0.39299999999999996,0.0,0.5,10.9,16.2,13.5,0.7,0.5,4.6,6.4,12.6,,0.0,0.2,0.1,0.027999999999999997,,-6.0,-1.5,-7.5,-0.3,18.0,48.0,0.375,0.0,0.0,,18.0,48.0,0.375,0.375,10.0,24.0,0.41700000000000004,22.0,31.0,53.0,1.0,2.0,14.0,4.0,23.0,46.0
LAL,16387,2003.0,Soumaila Samake,C,24.0,13.0,1.0,77.0,12.9,0.442,0.0,0.083,14.5,19.2,16.8,8.0,0.0,4.7,7.4,15.5,,0.1,0.1,0.2,0.102,,-2.7,-0.6,-3.3,0.0,10.0,24.0,0.41700000000000004,0.0,0.0,,10.0,24.0,0.41700000000000004,0.41700000000000004,2.0,2.0,1.0,10.0,13.0,23.0,4.0,0.0,5.0,2.0,13.0,22.0
