Tm,Unnamed: 0,Year,Player,Pos,Age,G,GS,MP,PER,TS%,3PAr,FTr,ORB%,DRB%,TRB%,AST%,STL%,BLK%,TOV%,USG%,blanl,OWS,DWS,WS,WS/48,blank2,OBPM,DBPM,BPM,VORP,FG,FGA,FG%,3P,3PA,3P%,2P,2PA,2P%,eFG%,FT,FTA,FT%,ORB,DRB,TRB,AST,STL,BLK,TOV,PF,PTS
POR,7976,1986.0,Steve Colter,PG,23.0,81.0,51.0,1868.0,12.7,0.528,0.155,0.275,3.1,8.4,5.7,21.2,2.8,0.3,17.3,17.5,,1.6,1.7,3.3,0.085,,-0.4,-0.1,-0.5,0.7,272.0,597.0,0.456,27.0,83.0,0.35100000000000003,245.0,514.0,0.47700000000000004,0.48,135.0,164.0,0.823,41.0,136.0,177.0,257.0,113.0,10.0,115.0,188.0,706.0
CHI,8356,1987.0,Steve Colter,PG,24.0,27.0,18.0,473.0,9.8,0.41200000000000003,0.063,0.275,2.1,8.1,5.0,26.5,2.0,0.8,16.7,17.0,,-0.3,0.4,0.2,0.019,,-4.0,-1.3,-5.3,-0.4,49.0,142.0,0.345,0.0,9.0,0.0,49.0,133.0,0.368,0.345,33.0,39.0,0.846,9.0,33.0,42.0,94.0,19.0,6.0,32.0,38.0,131.0
PHI,8737,1988.0,Steve Colter,PG,25.0,43.0,13.0,849.0,12.6,0.514,0.031,0.267,5.3,8.4,6.9,24.1,2.1,0.4,20.0,16.0,,0.9,0.6,1.5,0.084,,-1.2,-1.3,-2.8,-0.1,120.0,255.0,0.47100000000000003,4.0,8.0,0.5,116.0,247.0,0.47,0.478,49.0,68.0,0.778,14.0,52.0,66.0,116.0,37.0,6.0,38.0,61.0,293.0
TOT,8736,1988.0,Steve Colter,PG,25.0,70.0,53.0,1513.0,12.8,0.501,0.043,0.27,4.3,8.6,6.4,24.4,2.1,0.5,15.4,16.4,,1.2,1.4,2.6,0.081,,-0.3,0.1,-0.2,0.7,203.0,441.0,0.46,4.0,17.0,0.3,200.0,431.0,0.46399999999999997,0.46399999999999997,82.0,107.0,0.789,58.0,115.0,173.0,261.0,62.0,14.0,88.0,132.0,484.0
WSB,9617,1990.0,Steve Colter,PG,27.0,80.0,53.0,1425.0,15.9,0.5329999999999999,0.055,0.365,6.0,13.5,9.7,24.5,2.3,0.6,14.9,16.7,,1.8,1.3,3.1,0.134,,0.2,0.3,0.4,0.8,203.0,457.0,0.478,3.0,25.0,0.3,200.0,432.0,0.486,0.478,125.0,167.0,0.8109999999999999,62.0,121.0,182.0,235.0,69.0,14.0,77.0,158.0,534.0
SAC,10081,1991.0,Steve Colter,PG,28.0,19.0,0.0,251.0,9.5,0.48,0.25,0.179,2.2,9.7,5.9,21.3,2.2,0.3,15.4,12.4,,0.1,0.2,0.3,0.051,,-3.0,-0.8,-3.9,-0.1,23.0,56.0,0.41100000000000003,5.0,14.0,0.35700000000000004,18.0,42.0,0.429,0.455,7.0,10.0,0.7,5.0,21.0,26.0,37.0,11.0,1.0,11.0,27.0,58.0
CLE,11916,1995.0,Steve Colter,PG,32.0,57.0,7.0,752.0,11.3,0.489,0.207,0.42,2.1,7.9,4.9,22.3,2.3,0.6,15.2,15.1,,0.4,1.0,1.4,0.087,,-2.5,-0.2,-2.7,-0.1,67.0,169.0,0.396,8.0,35.0,0.22899999999999998,59.0,134.0,0.44,0.42,54.0,71.0,0.7609999999999999,13.0,46.0,59.0,101.0,30.0,6.0,36.0,53.0,196.0
