Tm,Unnamed: 0,Year,Player,Pos,Age,G,GS,MP,PER,TS%,3PAr,FTr,ORB%,DRB%,TRB%,AST%,STL%,BLK%,TOV%,USG%,blanl,OWS,DWS,WS,WS/48,blank2,OBPM,DBPM,BPM,VORP,FG,FGA,FG%,3P,3PA,3P%,2P,2PA,2P%,eFG%,FT,FTA,FT%,ORB,DRB,TRB,AST,STL,BLK,TOV,PF,PTS
CHI,4562,1976.0,Steve Patterson,C,27.0,52.0,,782.0,9.8,0.40700000000000003,,0.242,8.8,17.6,12.9,13.0,0.8,0.8,,,,-0.1,0.8,0.7,0.042,,-3.7,0.9,-2.9,-0.2,69.0,182.0,0.379,,,,69.0,182.0,0.379,0.379,26.0,44.0,0.591,73.0,127.0,200.0,71.0,13.0,11.0,,82.0,164.0
CLE,4561,1976.0,Steve Patterson,C,27.0,81.0,,1910.0,13.6,0.457,,0.32799999999999996,11.3,22.6,16.6,11.9,1.2,2.0,,,,0.9,2.0,3.0,0.07400000000000001,,-1.5,1.3,-0.2,0.9,262.0,599.0,0.43700000000000006,,,,262.0,599.0,0.43700000000000006,0.43700000000000006,69.0,112.0,0.8,223.0,396.0,619.0,165.0,48.0,58.0,,193.0,593.0
TOT,4560,1976.0,Steve Patterson,C,27.0,66.0,,918.0,9.9,0.414,,0.245,8.3,17.4,12.6,12.4,0.8,1.0,,,,0.0,0.9,0.9,0.047,,-3.8,0.8,-2.9,-0.2,84.0,220.0,0.382,,,,84.0,220.0,0.382,0.382,34.0,54.0,0.63,80.0,148.0,228.0,80.0,16.0,16.0,,93.0,202.0
