Tm,Unnamed: 0,Year,Player,Pos,Age,G,GS,MP,PER,TS%,3PAr,FTr,ORB%,DRB%,TRB%,AST%,STL%,BLK%,TOV%,USG%,blanl,OWS,DWS,WS,WS/48,blank2,OBPM,DBPM,BPM,VORP,FG,FGA,FG%,3P,3PA,3P%,2P,2PA,2P%,eFG%,FT,FTA,FT%,ORB,DRB,TRB,AST,STL,BLK,TOV,PF,PTS
CHI,5654,1979.0,Steve Sheppard,SF,24.0,64.0,,698.0,11.5,0.505,,0.373,10.5,9.9,10.2,9.7,1.1,0.2,26.1,19.2,,0.5,0.3,0.8,0.054000000000000006,,-1.1,-1.5,-3.7,-0.2,119.0,262.0,0.47100000000000003,,,,119.0,262.0,0.47100000000000003,0.47100000000000003,37.0,56.0,0.6609999999999999,67.0,64.0,131.0,43.0,14.0,3.0,46.0,72.0,275.0
DET,5655,1979.0,Steve Sheppard,SF,24.0,20.0,,76.0,14.2,0.506,,0.6,11.9,14.1,13.0,6.8,1.8,0.7,11.2,17.8,,0.1,0.1,0.2,0.10300000000000001,,-0.8,-1.2,-2.1,0.0,12.0,25.0,0.48,,,,12.0,25.0,0.48,0.48,8.0,15.0,0.5329999999999999,9.0,10.0,19.0,4.0,3.0,1.0,4.0,10.0,32.0
TOT,5653,1979.0,Steve Sheppard,SF,24.0,42.0,,279.0,9.2,0.506,,0.447,9.5,8.5,9.0,8.9,1.3,0.2,21.6,16.4,,0.0,0.2,0.1,0.023,,-2.8,-1.4,-4.3,-0.2,36.0,76.0,0.474,,,,36.0,76.0,0.474,0.474,20.0,34.0,0.588,25.0,22.0,47.0,19.0,8.0,1.0,25.0,26.0,92.0
