Tm,Unnamed: 0,Year,Player,Pos,Age,G,GS,MP,PER,TS%,3PAr,FTr,ORB%,DRB%,TRB%,AST%,STL%,BLK%,TOV%,USG%,blanl,OWS,DWS,WS,WS/48,blank2,OBPM,DBPM,BPM,VORP,FG,FGA,FG%,3P,3PA,3P%,2P,2PA,2P%,eFG%,FT,FTA,FT%,ORB,DRB,TRB,AST,STL,BLK,TOV,PF,PTS
DEN,18956,2008.0,Taurean Green,SG,21.0,9.0,0.0,30.0,8.8,0.465,0.33299999999999996,0.444,0.0,21.2,10.8,13.6,1.6,0.0,15.7,18.1,,0.0,0.0,0.0,0.02,,-5.2,-1.3,-6.5,0.0,3.0,9.0,0.33299999999999996,1.0,3.0,0.33299999999999996,2.0,6.0,0.33299999999999996,0.389,3.0,4.0,0.75,0.0,6.0,6.0,3.0,1.0,0.0,2.0,2.0,10.0
POR,18955,2008.0,Taurean Green,PG,21.0,8.0,0.0,44.0,5.8,0.435,0.5,0.5,0.0,10.7,5.4,28.1,1.2,0.0,26.4,28.5,,-0.1,0.0,-0.1,-0.125,,-6.1,-3.3,-9.4,-0.1,4.0,16.0,0.25,1.0,8.0,0.125,3.0,8.0,0.375,0.281,8.0,8.0,1.0,0.0,4.0,4.0,8.0,1.0,0.0,7.0,3.0,17.0
TOT,18954,2008.0,Taurean Green,SG-PG,21.0,17.0,0.0,74.0,7.0,0.446,0.44,0.48,0.0,14.9,7.6,22.3,1.4,0.0,22.9,24.3,,-0.2,0.1,-0.1,-0.066,,-5.7,-2.5,-8.2,-0.1,7.0,25.0,0.28,2.0,11.0,0.182,5.0,14.0,0.35700000000000004,0.32,11.0,12.0,0.917,0.0,10.0,10.0,11.0,2.0,0.0,9.0,5.0,27.0
