Tm,Unnamed: 0,Year,Player,Pos,Age,G,GS,MP,PER,TS%,3PAr,FTr,ORB%,DRB%,TRB%,AST%,STL%,BLK%,TOV%,USG%,blanl,OWS,DWS,WS,WS/48,blank2,OBPM,DBPM,BPM,VORP,FG,FGA,FG%,3P,3PA,3P%,2P,2PA,2P%,eFG%,FT,FTA,FT%,ORB,DRB,TRB,AST,STL,BLK,TOV,PF,PTS
GSW,9223,1989.0,Tellis Frank,PF,23.0,78.0,29.0,1597.0,10.2,0.483,0.011000000000000001,0.56,10.7,16.8,12.5,9.6,2.6,1.4,20.4,22.0,,-0.2,0.9,0.6,0.018000000000000002,,-3.2,-0.6,-4.1,-0.2,242.0,565.0,0.428,0.0,1.0,0.0,242.0,564.0,0.429,0.428,150.0,207.0,0.765,95.0,235.0,330.0,111.0,53.0,23.0,109.0,267.0,634.0
MIA,9667,1990.0,Tellis Frank,PF,24.0,77.0,39.0,1762.0,11.1,0.518,0.0,0.386,9.1,15.2,12.1,6.9,1.4,0.9,15.9,19.3,,0.4,1.6,2.0,0.054000000000000006,,-2.6,-0.2,-2.8,-0.4,278.0,607.0,0.45799999999999996,0.0,0.0,,278.0,607.0,0.45799999999999996,0.45799999999999996,179.0,234.0,0.765,151.0,234.0,385.0,85.0,51.0,27.0,134.0,282.0,735.0
MIN,11508,1994.0,Tellis Frank,PF,28.0,67.0,11.0,959.0,12.4,0.581,0.013000000000000001,0.475,10.4,16.4,13.4,8.7,1.9,2.3,20.2,13.5,,0.2,0.9,1.1,0.102,,-1.5,1.7,-1.1,0.2,67.0,160.0,0.545,0.0,2.0,0.0,67.0,158.0,0.545,0.545,54.0,76.0,0.711,83.0,137.0,220.0,57.0,35.0,35.0,49.0,163.0,188.0
