Tm,Unnamed: 0,Year,Player,Pos,Age,G,GS,MP,PER,TS%,3PAr,FTr,ORB%,DRB%,TRB%,AST%,STL%,BLK%,TOV%,USG%,blanl,OWS,DWS,WS,WS/48,blank2,OBPM,DBPM,BPM,VORP,FG,FGA,FG%,3P,3PA,3P%,2P,2PA,2P%,eFG%,FT,FTA,FT%,ORB,DRB,TRB,AST,STL,BLK,TOV,PF,PTS
HOU,16307,2003.0,Terence Morris,SF,24.0,68.0,12.0,1110.0,11.9,0.5,0.27,0.09699999999999999,7.8,15.7,11.7,9.5,1.0,1.9,13.7,15.4,,0.3,0.6,0.9,0.07,,-2.4,-0.4,-3.0,-0.2,111.0,289.0,0.466,15.0,78.0,0.21899999999999997,96.0,211.0,0.521,0.486,18.0,28.0,0.7859999999999999,77.0,134.0,211.0,64.0,21.0,27.0,45.0,72.0,255.0
ORL,18006,2006.0,Terence Morris,SF,27.0,22.0,0.0,192.0,5.1,0.348,0.040999999999999995,0.061,4.0,20.0,12.2,3.2,1.7,2.1,12.2,14.1,,-0.4,0.2,-0.1,-0.031,,-7.4,0.2,-7.2,-0.3,16.0,49.0,0.327,0.0,2.0,0.0,16.0,47.0,0.34,0.327,3.0,3.0,1.0,6.0,32.0,38.0,4.0,6.0,5.0,7.0,19.0,35.0
