Tm,Unnamed: 0,Year,Player,Pos,Age,G,GS,MP,PER,TS%,3PAr,FTr,ORB%,DRB%,TRB%,AST%,STL%,BLK%,TOV%,USG%,blanl,OWS,DWS,WS,WS/48,blank2,OBPM,DBPM,BPM,VORP,FG,FGA,FG%,3P,3PA,3P%,2P,2PA,2P%,eFG%,FT,FTA,FT%,ORB,DRB,TRB,AST,STL,BLK,TOV,PF,PTS
LAC,12964,1997.0,Terry Dehere,PG,25.0,82.0,28.0,2018.0,16.7,0.612,0.461,0.47700000000000004,3.5,9.2,5.3,27.3,1.8,0.6,18.7,23.9,,4.5,0.5,5.0,0.11900000000000001,,3.2,-3.0,-0.2,0.9,315.0,686.0,0.45899999999999996,139.0,316.0,0.44,231.0,522.0,0.47600000000000003,0.56,247.0,327.0,0.8240000000000001,41.0,117.0,152.0,350.0,54.0,16.0,191.0,239.0,1016.0
SAC,14084,1999.0,Terry Dehere,PG,27.0,77.0,18.0,1410.0,10.8,0.494,0.455,0.22,10.6,6.9,5.3,22.4,5.0,0.2,16.3,27.7,,0.3,0.7,1.0,0.035,,-1.6,-2.0,-3.6,0.0,180.0,451.0,0.39899999999999997,50.0,132.0,0.379,130.0,319.0,0.5,0.455,79.0,99.0,0.7979999999999999,21.0,85.0,106.0,196.0,52.0,4.0,96.0,150.0,489.0
TOT,14083,1999.0,Terry Dehere,SG-PG,27.0,26.0,0.0,291.0,8.5,0.47100000000000003,0.45899999999999996,0.08199999999999999,2.7,7.0,4.8,16.1,1.3,0.8,15.4,16.3,,0.0,0.0,0.0,0.0,,-2.1,-3.2,-5.3,-0.2,31.0,85.0,0.365,16.0,39.0,0.41,15.0,46.0,0.326,0.45899999999999996,5.0,7.0,0.7140000000000001,7.0,17.0,24.0,27.0,7.0,3.0,16.0,30.0,83.0
VAN,14085,1999.0,Terry Dehere,SG,27.0,22.0,0.0,271.0,8.3,0.48,0.45899999999999996,0.095,2.1,7.5,4.8,16.7,1.0,0.8,15.4,15.4,,0.1,-0.1,0.0,0.004,,-2.1,-3.3,-5.4,-0.2,27.0,74.0,0.365,15.0,34.0,0.441,12.0,40.0,0.3,0.466,5.0,7.0,0.7140000000000001,5.0,17.0,22.0,26.0,5.0,3.0,14.0,28.0,74.0
