Tm,Unnamed: 0,Year,Player,Pos,Age,G,GS,MP,PER,TS%,3PAr,FTr,ORB%,DRB%,TRB%,AST%,STL%,BLK%,TOV%,USG%,blanl,OWS,DWS,WS,WS/48,blank2,OBPM,DBPM,BPM,VORP,FG,FGA,FG%,3P,3PA,3P%,2P,2PA,2P%,eFG%,FT,FTA,FT%,ORB,DRB,TRB,AST,STL,BLK,TOV,PF,PTS
MIA,12683,1996.0,Terrence Rencher,PG,22.0,34.0,1.0,397.0,6.5,0.43700000000000006,0.293,0.434,2.7,9.5,6.2,20.8,2.1,0.2,25.8,18.2,,-0.7,0.5,-0.1,-0.016,,-5.3,0.0,-5.3,-0.3,32.0,99.0,0.32299999999999995,9.0,29.0,0.31,23.0,70.0,0.32899999999999996,0.369,30.0,43.0,0.698,9.0,33.0,42.0,54.0,16.0,1.0,41.0,36.0,103.0
PHO,12684,1996.0,Terrence Rencher,PG,22.0,2.0,0.0,8.0,4.4,0.647,0.0,3.0,0.0,28.5,14.5,0.0,0.0,9.3,46.3,24.0,,0.0,0.0,0.0,-0.225,,-15.7,-0.7,-16.4,0.0,1.0,1.0,1.0,0.0,0.0,,1.0,1.0,1.0,1.0,1.0,3.0,0.33299999999999996,0.0,2.0,2.0,0.0,0.0,1.0,2.0,1.0,3.0
TOT,12682,1996.0,Terrence Rencher,PG,22.0,36.0,1.0,405.0,6.5,0.441,0.29,0.46,2.7,9.8,6.3,20.4,2.1,0.4,26.3,18.3,,-0.7,0.5,-0.2,-0.021,,-5.5,0.0,-5.5,-0.4,33.0,100.0,0.33,9.0,29.0,0.31,24.0,71.0,0.33799999999999997,0.375,31.0,46.0,0.674,9.0,35.0,44.0,54.0,16.0,2.0,43.0,37.0,106.0
