Tm,Unnamed: 0,Year,Player,Pos,Age,G,GS,MP,PER,TS%,3PAr,FTr,ORB%,DRB%,TRB%,AST%,STL%,BLK%,TOV%,USG%,blanl,OWS,DWS,WS,WS/48,blank2,OBPM,DBPM,BPM,VORP,FG,FGA,FG%,3P,3PA,3P%,2P,2PA,2P%,eFG%,FT,FTA,FT%,ORB,DRB,TRB,AST,STL,BLK,TOV,PF,PTS
CHZ,1834,1963.0,Terry Dischinger,SF,22.0,57.0,,2294.0,20.8,0.578,,0.509,,,,,,,,,,8.6,0.5,9.2,0.192,,,,,,525.0,1026.0,0.512,,,,525.0,1026.0,0.512,0.512,402.0,522.0,0.77,,,458.0,175.0,,,,188.0,1452.0
BAL,1971,1964.0,Terry Dischinger,SF,23.0,80.0,,2816.0,19.6,0.564,,0.48100000000000004,,,,,,,,,,9.5,1.9,11.3,0.193,,,,,,604.0,1217.0,0.496,,,,604.0,1217.0,0.496,0.496,454.0,585.0,0.7759999999999999,,,667.0,157.0,,,,321.0,1662.0
DET,3371,1972.0,Terry Dischinger,SG,31.0,80.0,,2698.0,17.7,0.5820000000000001,,0.39,,,8.8,10.7,,,,,,7.7,2.6,10.3,0.183,,,,,,568.0,1153.0,0.535,,,,568.0,1153.0,0.535,0.535,320.0,424.0,0.78,,,483.0,198.0,,,,289.0,1456.0
POR,3640,1973.0,Terry Dischinger,SF,32.0,63.0,,970.0,13.1,0.508,,0.284,,,9.5,14.3,,,,,,1.1,0.3,1.4,0.069,,,,,,161.0,338.0,0.47600000000000003,,,,161.0,338.0,0.47600000000000003,0.47600000000000003,64.0,96.0,0.667,,,190.0,103.0,,,,125.0,386.0
