Tm,Unnamed: 0,Year,Player,Pos,Age,G,GS,MP,PER,TS%,3PAr,FTr,ORB%,DRB%,TRB%,AST%,STL%,BLK%,TOV%,USG%,blanl,OWS,DWS,WS,WS/48,blank2,OBPM,DBPM,BPM,VORP,FG,FGA,FG%,3P,3PA,3P%,2P,2PA,2P%,eFG%,FT,FTA,FT%,ORB,DRB,TRB,AST,STL,BLK,TOV,PF,PTS
ORL,24565,2017.0,Terrence Ross,SF,25.0,24.0,24.0,748.0,11.1,0.536,0.506,0.10099999999999999,0.6,9.6,4.9,9.0,2.3,1.4,11.2,18.5,,0.0,0.6,0.6,0.037000000000000005,,-1.0,-0.3,-1.3,0.1,115.0,267.0,0.431,46.0,135.0,0.341,69.0,132.0,0.523,0.517,23.0,27.0,0.852,4.0,64.0,68.0,43.0,34.0,13.0,35.0,61.0,299.0
TOR,24564,2017.0,Terrence Ross,SG,25.0,82.0,62.0,2159.0,14.9,0.5579999999999999,0.5429999999999999,0.13,3.3,11.7,6.9,7.2,2.3,1.4,10.0,19.8,,2.1,2.2,4.2,0.11599999999999999,,1.2,-0.7,0.4,1.0,318.0,753.0,0.441,161.0,408.0,0.395,164.0,363.0,0.516,0.541,82.0,98.0,0.8370000000000001,43.0,209.0,252.0,86.0,64.0,27.0,88.0,183.0,879.0
TOT,24563,2017.0,Terrence Ross,SF,25.0,78.0,24.0,1955.0,13.4,0.55,0.524,0.10300000000000001,1.0,10.9,5.9,7.1,2.3,1.4,8.0,19.3,,1.5,2.0,3.5,0.086,,0.4,-0.6,-0.2,0.9,326.0,746.0,0.43700000000000006,142.0,391.0,0.363,184.0,355.0,0.518,0.532,64.0,77.0,0.831,18.0,189.0,207.0,88.0,88.0,33.0,68.0,143.0,858.0
