Tm,Unnamed: 0,Year,Player,Pos,Age,G,GS,MP,PER,TS%,3PAr,FTr,ORB%,DRB%,TRB%,AST%,STL%,BLK%,TOV%,USG%,blanl,OWS,DWS,WS,WS/48,blank2,OBPM,DBPM,BPM,VORP,FG,FGA,FG%,3P,3PA,3P%,2P,2PA,2P%,eFG%,FT,FTA,FT%,ORB,DRB,TRB,AST,STL,BLK,TOV,PF,PTS
HOU,23807,2016.0,Terrence Jones,PF,24.0,76.0,71.0,2078.0,19.1,0.5770000000000001,0.215,0.316,11.6,18.5,14.1,8.6,2.2,5.2,11.4,19.3,,4.6,2.7,7.3,0.16899999999999998,,0.9,2.6,2.2,2.2,386.0,712.0,0.542,31.0,101.0,0.35100000000000003,355.0,611.0,0.581,0.564,118.0,195.0,0.765,162.0,366.0,528.0,87.0,53.0,99.0,71.0,139.0,921.0
MIL,24387,2017.0,Terrence Jones,PF,25.0,3.0,0.0,6.0,1.5,0.0,0.0,0.0,0.0,57.6,29.1,0.0,8.5,14.7,0.0,22.8,,-0.1,0.0,0.0,-0.312,,-26.7,6.6,-20.1,0.0,0.0,3.0,0.0,0.0,0.0,,0.0,3.0,0.0,0.0,0.0,0.0,,0.0,3.0,3.0,0.0,1.0,1.0,0.0,0.0,0.0
NOP,24386,2017.0,Terrence Jones,PF,25.0,51.0,12.0,1264.0,16.2,0.519,0.154,0.348,5.4,20.0,12.6,7.4,1.5,3.4,7.9,21.4,,0.5,1.8,2.3,0.08900000000000001,,-2.6,1.3,-1.3,0.2,231.0,488.0,0.473,19.0,75.0,0.253,212.0,413.0,0.513,0.493,103.0,170.0,0.606,65.0,238.0,303.0,58.0,39.0,53.0,48.0,67.0,584.0
TOT,24385,2017.0,Terrence Jones,PF,25.0,54.0,12.0,1270.0,16.1,0.516,0.153,0.34600000000000003,5.4,20.2,12.7,7.3,1.5,3.5,7.8,21.4,,0.4,1.9,2.3,0.087,,-2.7,1.3,-1.4,0.2,231.0,491.0,0.47,19.0,75.0,0.253,212.0,416.0,0.51,0.49,103.0,170.0,0.606,65.0,241.0,306.0,58.0,40.0,54.0,48.0,67.0,584.0
