Tm,Unnamed: 0,Year,Player,Pos,Age,G,GS,MP,PER,TS%,3PAr,FTr,ORB%,DRB%,TRB%,AST%,STL%,BLK%,TOV%,USG%,blanl,OWS,DWS,WS,WS/48,blank2,OBPM,DBPM,BPM,VORP,FG,FGA,FG%,3P,3PA,3P%,2P,2PA,2P%,eFG%,FT,FTA,FT%,ORB,DRB,TRB,AST,STL,BLK,TOV,PF,PTS
SAS,23419,2015.0,Tiago Splitter,PF,30.0,81.0,58.0,1997.0,20.5,0.649,0.009000000000000001,0.733,11.6,21.4,16.1,11.8,2.0,3.0,17.1,20.7,,4.7,3.5,8.2,0.19699999999999998,,1.1,2.4,3.3,2.5,315.0,563.0,0.618,0.0,3.0,0.0,315.0,561.0,0.618,0.618,208.0,285.0,0.75,144.0,371.0,515.0,130.0,63.0,64.0,100.0,161.0,838.0
ATL,24008,2016.0,Tiago Splitter,C,31.0,36.0,2.0,579.0,13.7,0.5710000000000001,0.013000000000000001,0.31,8.7,13.8,11.3,7.9,1.7,1.6,12.0,15.5,,0.9,0.9,1.7,0.14400000000000002,,-1.9,1.1,-0.8,0.2,81.0,155.0,0.523,0.0,2.0,0.0,81.0,153.0,0.529,0.523,39.0,48.0,0.813,45.0,75.0,120.0,30.0,20.0,12.0,24.0,71.0,201.0
PHI,24594,2017.0,Tiago Splitter,C,32.0,8.0,0.0,76.0,15.0,0.544,0.19399999999999998,0.355,11.6,20.3,15.9,8.9,0.6,1.0,14.3,23.9,,0.1,0.1,0.1,0.07200000000000001,,-2.6,-2.4,-5.0,-0.1,14.0,31.0,0.452,2.0,6.0,0.33299999999999996,12.0,25.0,0.48,0.484,9.0,11.0,0.818,8.0,14.0,22.0,4.0,1.0,1.0,6.0,8.0,39.0
