Tm,Unnamed: 0,Year,Player,Pos,Age,G,GS,MP,PER,TS%,3PAr,FTr,ORB%,DRB%,TRB%,AST%,STL%,BLK%,TOV%,USG%,blanl,OWS,DWS,WS,WS/48,blank2,OBPM,DBPM,BPM,VORP,FG,FGA,FG%,3P,3PA,3P%,2P,2PA,2P%,eFG%,FT,FTA,FT%,ORB,DRB,TRB,AST,STL,BLK,TOV,PF,PTS
HOU,15576,2002.0,Tierre Brown,SG,22.0,40.0,1.0,403.0,12.4,0.483,0.10400000000000001,0.243,3.4,8.6,6.0,29.5,2.6,0.5,23.9,19.3,,-0.1,0.2,0.1,0.006,,-3.1,-1.7,-4.8,-0.3,49.0,115.0,0.426,4.0,12.0,0.33299999999999996,45.0,103.0,0.43700000000000006,0.44299999999999995,21.0,28.0,0.75,12.0,30.0,42.0,70.0,19.0,3.0,40.0,26.0,123.0
CLE,16068,2003.0,Tierre Brown,PG,23.0,15.0,0.0,168.0,17.4,0.499,0.017,0.237,5.2,14.9,10.0,41.6,4.0,0.0,25.2,22.5,,0.0,0.2,0.2,0.044000000000000004,,-1.2,-0.4,-1.6,0.0,27.0,59.0,0.45799999999999996,0.0,1.0,0.0,27.0,58.0,0.466,0.45799999999999996,11.0,14.0,0.7859999999999999,8.0,22.0,30.0,39.0,13.0,0.0,22.0,9.0,65.0
NOH,16572,2004.0,Tierre Brown,PG,24.0,3.0,0.0,17.0,-9.2,0.521,0.0,1.0,0.0,6.9,3.4,20.2,0.0,0.0,54.9,34.3,,-0.2,0.0,-0.2,-0.49700000000000005,,-19.6,-4.7,-24.3,-0.1,2.0,4.0,0.5,0.0,0.0,,2.0,4.0,0.5,0.5,2.0,4.0,0.5,0.0,1.0,1.0,2.0,0.0,0.0,7.0,1.0,6.0
LAL,17157,2005.0,Tierre Brown,PG,25.0,76.0,0.0,1066.0,9.5,0.43700000000000006,0.207,0.21600000000000003,2.2,7.6,4.9,23.6,1.6,0.1,16.3,19.3,,-0.5,0.0,-0.5,-0.021,,-3.5,-3.1,-6.6,-1.2,124.0,348.0,0.35600000000000004,26.0,72.0,0.361,98.0,276.0,0.355,0.39399999999999996,59.0,75.0,0.787,21.0,72.0,93.0,155.0,32.0,1.0,74.0,59.0,333.0
