Tm,Unnamed: 0,Year,Player,Pos,Age,G,GS,MP,PER,TS%,3PAr,FTr,ORB%,DRB%,TRB%,AST%,STL%,BLK%,TOV%,USG%,blanl,OWS,DWS,WS,WS/48,blank2,OBPM,DBPM,BPM,VORP,FG,FGA,FG%,3P,3PA,3P%,2P,2PA,2P%,eFG%,FT,FTA,FT%,ORB,DRB,TRB,AST,STL,BLK,TOV,PF,PTS
SAS,23652,2016.0,Tim Duncan,PF,39.0,82.0,82.0,3329.0,27.1,0.579,0.019,0.502,10.8,29.6,19.6,19.5,1.6,6.4,15.7,29.7,,10.7,7.2,17.8,0.257,,3.9,5.1,7.6,8.1,764.0,1504.0,0.5489999999999999,7.0,27.0,0.4,763.0,1494.0,0.5529999999999999,0.5489999999999999,560.0,701.0,0.8170000000000001,274.0,784.0,1043.0,316.0,70.0,237.0,279.0,254.0,2089.0
