Tm,Unnamed: 0,Year,Player,Pos,Age,G,GS,MP,PER,TS%,3PAr,FTr,ORB%,DRB%,TRB%,AST%,STL%,BLK%,TOV%,USG%,blanl,OWS,DWS,WS,WS/48,blank2,OBPM,DBPM,BPM,VORP,FG,FGA,FG%,3P,3PA,3P%,2P,2PA,2P%,eFG%,FT,FTA,FT%,ORB,DRB,TRB,AST,STL,BLK,TOV,PF,PTS
ATL,12617,1996.0,Todd Mundt,C,25.0,24.0,0.0,118.0,8.0,0.436,0.0,0.25,9.6,15.7,12.5,2.6,0.5,2.6,7.8,14.7,,0.0,0.1,0.1,0.049,,-5.3,-2.0,-7.2,-0.2,13.0,32.0,0.406,0.0,0.0,,13.0,32.0,0.406,0.406,5.0,8.0,0.625,10.0,15.0,25.0,2.0,1.0,4.0,3.0,23.0,31.0
BOS,12618,1996.0,Todd Mundt,C,25.0,9.0,0.0,33.0,3.7,0.33299999999999996,0.0,0.0,3.3,7.0,5.1,4.3,1.5,2.1,0.0,11.7,,0.0,0.0,0.0,-0.016,,-6.3,-0.5,-6.7,0.0,3.0,9.0,0.33299999999999996,0.0,0.0,,3.0,9.0,0.33299999999999996,0.33299999999999996,0.0,0.0,,1.0,2.0,3.0,1.0,1.0,1.0,0.0,6.0,6.0
TOT,12616,1996.0,Todd Mundt,C,25.0,33.0,0.0,151.0,7.0,0.41600000000000004,0.0,0.195,8.2,13.8,10.9,3.0,0.7,2.5,6.3,14.0,,0.0,0.1,0.1,0.035,,-5.5,-1.6,-7.1,-0.2,16.0,41.0,0.39,0.0,0.0,,16.0,41.0,0.39,0.39,5.0,8.0,0.625,11.0,17.0,28.0,3.0,2.0,5.0,3.0,29.0,37.0
