Tm,Unnamed: 0,Year,Player,Pos,Age,G,GS,MP,PER,TS%,3PAr,FTr,ORB%,DRB%,TRB%,AST%,STL%,BLK%,TOV%,USG%,blanl,OWS,DWS,WS,WS/48,blank2,OBPM,DBPM,BPM,VORP,FG,FGA,FG%,3P,3PA,3P%,2P,2PA,2P%,eFG%,FT,FTA,FT%,ORB,DRB,TRB,AST,STL,BLK,TOV,PF,PTS
ATL,4663,1977.0,Tom Barker,C,21.0,59.0,,1354.0,11.5,0.46799999999999997,,0.376,8.6,23.2,15.8,6.4,1.1,1.7,,,,-0.4,1.4,1.0,0.035,,-3.4,0.2,-3.2,-0.4,182.0,436.0,0.41700000000000004,,,,182.0,436.0,0.41700000000000004,0.41700000000000004,112.0,164.0,0.6829999999999999,111.0,290.0,401.0,60.0,33.0,41.0,,223.0,476.0
BOS,5397,1979.0,Tom Barker,C,23.0,12.0,,131.0,9.5,0.485,,0.313,10.1,15.4,12.7,6.2,1.4,1.6,19.2,20.1,,-0.1,0.1,0.0,0.017,,-3.8,-1.4,-5.2,-0.1,21.0,48.0,0.43799999999999994,,,,21.0,48.0,0.43799999999999994,0.43799999999999994,11.0,15.0,0.733,12.0,18.0,30.0,6.0,4.0,4.0,13.0,26.0,53.0
HOU,5396,1979.0,Tom Barker,C,23.0,5.0,,16.0,13.2,0.581,,0.33299999999999996,13.8,26.8,20.4,0.0,0.0,0.0,12.7,19.4,,0.0,0.0,0.0,0.147,,-3.1,-8.1,-11.2,0.0,3.0,6.0,0.5,,,,3.0,6.0,0.5,0.5,2.0,2.0,1.0,2.0,4.0,6.0,0.0,0.0,0.0,1.0,5.0,8.0
NYK,5398,1979.0,Tom Barker,C,23.0,22.0,,329.0,8.8,0.46,,0.196,10.1,17.1,13.6,3.4,0.8,1.1,15.3,15.6,,-0.1,0.3,0.2,0.031,,-3.9,-1.5,-5.4,-0.3,44.0,102.0,0.431,,,,44.0,102.0,0.431,0.431,14.0,20.0,0.7,31.0,52.0,83.0,9.0,6.0,7.0,20.0,45.0,102.0
TOT,5395,1979.0,Tom Barker,C,23.0,39.0,,476.0,9.1,0.473,,0.237,10.2,17.0,13.6,4.1,1.0,1.2,16.5,17.0,,-0.1,0.4,0.3,0.031,,-3.8,-1.7,-5.6,-0.4,68.0,156.0,0.436,,,,68.0,156.0,0.436,0.436,27.0,37.0,0.73,45.0,74.0,119.0,15.0,10.0,11.0,34.0,76.0,163.0
