Tm,Unnamed: 0,Year,Player,Pos,Age,G,GS,MP,PER,TS%,3PAr,FTr,ORB%,DRB%,TRB%,AST%,STL%,BLK%,TOV%,USG%,blanl,OWS,DWS,WS,WS/48,blank2,OBPM,DBPM,BPM,VORP,FG,FGA,FG%,3P,3PA,3P%,2P,2PA,2P%,eFG%,FT,FTA,FT%,ORB,DRB,TRB,AST,STL,BLK,TOV,PF,PTS
PHW,1766,1962.0,Tom Meschery,PF,23.0,80.0,,2509.0,10.9,0.46299999999999997,,0.282,,,,,,,,,,1.1,2.7,3.7,0.07200000000000001,,,,,,375.0,929.0,0.40399999999999997,,,,375.0,929.0,0.40399999999999997,0.40399999999999997,216.0,262.0,0.8240000000000001,,,729.0,145.0,,,,330.0,966.0
SFW,2431,1967.0,Tom Meschery,SF,28.0,80.0,,2422.0,14.8,0.501,,0.40299999999999997,,,,6.3,,,,,,3.3,4.2,7.5,0.14800000000000002,,,,,,436.0,951.0,0.45799999999999996,,,,436.0,951.0,0.45799999999999996,0.45799999999999996,278.0,370.0,0.765,,,716.0,149.0,,,,288.0,1079.0
SEA,3222,1971.0,Tom Meschery,SF,32.0,82.0,,2857.0,14.5,0.531,,0.35100000000000003,,,12.2,10.1,,,,,,3.2,1.8,4.8,0.092,,,,,,473.0,1019.0,0.48200000000000004,,,,473.0,1019.0,0.48200000000000004,0.48200000000000004,244.0,345.0,0.79,,,840.0,194.0,,,,323.0,1190.0
