Tm,Unnamed: 0,Year,Player,Pos,Age,G,GS,MP,PER,TS%,3PAr,FTr,ORB%,DRB%,TRB%,AST%,STL%,BLK%,TOV%,USG%,blanl,OWS,DWS,WS,WS/48,blank2,OBPM,DBPM,BPM,VORP,FG,FGA,FG%,3P,3PA,3P%,2P,2PA,2P%,eFG%,FT,FTA,FT%,ORB,DRB,TRB,AST,STL,BLK,TOV,PF,PTS
SAS,24518,2017.0,Tony Parker,PG,34.0,82.0,82.0,2774.0,23.4,0.588,0.29600000000000004,0.344,2.0,10.7,6.4,40.4,2.1,0.4,17.5,31.7,,7.1,4.5,9.6,0.20600000000000002,,4.1,0.5,3.1,3.2,639.0,1263.0,0.5479999999999999,82.0,243.0,0.42700000000000005,620.0,1198.0,0.556,0.5529999999999999,284.0,363.0,0.845,47.0,251.0,298.0,513.0,98.0,11.0,249.0,174.0,1581.0
