Tm,Unnamed: 0,Year,Player,Pos,Age,G,GS,MP,PER,TS%,3PAr,FTr,ORB%,DRB%,TRB%,AST%,STL%,BLK%,TOV%,USG%,blanl,OWS,DWS,WS,WS/48,blank2,OBPM,DBPM,BPM,VORP,FG,FGA,FG%,3P,3PA,3P%,2P,2PA,2P%,eFG%,FT,FTA,FT%,ORB,DRB,TRB,AST,STL,BLK,TOV,PF,PTS
CHI,24006,2016.0,Tony Snell,SG,24.0,77.0,33.0,1412.0,10.2,0.55,0.531,0.14800000000000002,2.5,14.3,8.1,9.1,1.3,1.0,12.8,14.9,,1.2,1.7,2.4,0.08199999999999999,,-0.6,-0.2,-1.5,0.2,159.0,371.0,0.429,73.0,197.0,0.371,86.0,184.0,0.494,0.527,44.0,55.0,0.909,31.0,180.0,199.0,68.0,32.0,17.0,52.0,100.0,435.0
MIL,24592,2017.0,Tony Snell,SG,25.0,80.0,80.0,2336.0,9.7,0.603,0.6559999999999999,0.107,1.1,11.1,6.2,5.9,1.2,0.5,8.8,12.1,,2.1,1.3,3.4,0.071,,0.2,-1.1,-0.8,0.7,246.0,541.0,0.455,144.0,355.0,0.406,102.0,186.0,0.5479999999999999,0.588,47.0,58.0,0.81,22.0,226.0,248.0,96.0,54.0,14.0,55.0,125.0,683.0
