Tm,Unnamed: 0,Year,Player,Pos,Age,G,GS,MP,PER,TS%,3PAr,FTr,ORB%,DRB%,TRB%,AST%,STL%,BLK%,TOV%,USG%,blanl,OWS,DWS,WS,WS/48,blank2,OBPM,DBPM,BPM,VORP,FG,FGA,FG%,3P,3PA,3P%,2P,2PA,2P%,eFG%,FT,FTA,FT%,ORB,DRB,TRB,AST,STL,BLK,TOV,PF,PTS
CHH,13569,1998.0,Tony Farmer,C,28.0,27.0,2.0,169.0,13.9,0.47700000000000004,0.17,0.736,11.5,11.3,11.4,4.6,3.2,1.7,11.4,21.7,,0.2,0.2,0.4,0.109,,-1.7,-1.0,-2.7,0.0,17.0,53.0,0.321,2.0,9.0,0.222,15.0,44.0,0.341,0.34,31.0,39.0,0.795,16.0,16.0,32.0,5.0,10.0,4.0,9.0,23.0,67.0
GSW,14619,2000.0,Tony Farmer,PF,30.0,74.0,9.0,1199.0,15.7,0.542,0.141,0.8490000000000001,9.7,16.5,12.9,9.5,2.8,0.9,16.1,17.9,,1.9,1.0,2.9,0.114,,-0.5,0.0,-0.5,0.4,127.0,312.0,0.40700000000000003,8.0,44.0,0.182,119.0,268.0,0.444,0.42,203.0,265.0,0.7659999999999999,118.0,177.0,295.0,74.0,66.0,16.0,82.0,167.0,465.0
