Tm,Unnamed: 0,Year,Player,Pos,Age,G,GS,MP,PER,TS%,3PAr,FTr,ORB%,DRB%,TRB%,AST%,STL%,BLK%,TOV%,USG%,blanl,OWS,DWS,WS,WS/48,blank2,OBPM,DBPM,BPM,VORP,FG,FGA,FG%,3P,3PA,3P%,2P,2PA,2P%,eFG%,FT,FTA,FT%,ORB,DRB,TRB,AST,STL,BLK,TOV,PF,PTS
DET,8343,1987.0,Tony Campbell,SF,24.0,82.0,1.0,1292.0,12.6,0.54,0.021,0.26899999999999996,7.0,12.9,9.7,7.9,2.2,0.3,19.1,23.9,,0.1,1.3,1.4,0.053,,-2.1,-1.2,-3.4,-0.4,294.0,608.0,0.496,2.0,9.0,0.222,292.0,599.0,0.498,0.496,58.0,73.0,0.8,83.0,153.0,236.0,45.0,62.0,7.0,86.0,164.0,648.0
LAL,9158,1989.0,Tony Campbell,SF,26.0,63.0,2.0,787.0,14.2,0.605,0.061,0.386,8.0,10.2,9.2,9.3,2.3,0.5,18.0,24.9,,0.2,0.9,1.1,0.079,,-1.1,-1.5,-2.7,0.0,158.0,345.0,0.564,2.0,21.0,0.33299999999999996,156.0,324.0,0.5710000000000001,0.569,70.0,83.0,0.843,53.0,77.0,130.0,47.0,37.0,6.0,62.0,108.0,388.0
MIN,10524,1992.0,Tony Campbell,SG,29.0,82.0,81.0,3164.0,17.1,0.52,0.040999999999999995,0.36,7.5,9.8,8.5,14.8,2.2,1.1,12.1,29.0,,2.8,2.5,5.3,0.081,,1.3,-1.4,-0.1,1.5,723.0,1581.0,0.46399999999999997,16.0,61.0,0.35100000000000003,714.0,1527.0,0.46799999999999997,0.469,448.0,569.0,0.8029999999999999,209.0,242.0,451.0,229.0,121.0,48.0,251.0,260.0,1903.0
DAL,11430,1994.0,Tony Campbell,SF,31.0,41.0,3.0,835.0,13.3,0.473,0.065,0.21600000000000003,6.0,11.3,8.5,10.6,1.8,1.1,11.6,24.1,,0.0,0.4,0.5,0.026000000000000002,,-2.3,-2.0,-4.3,-0.5,164.0,384.0,0.42700000000000005,6.0,25.0,0.24,158.0,359.0,0.44,0.435,64.0,83.0,0.7709999999999999,48.0,78.0,126.0,51.0,30.0,14.0,55.0,75.0,398.0
NYK,11429,1994.0,Tony Campbell,SF,31.0,58.0,13.0,1062.0,13.3,0.544,0.023,0.289,8.5,9.8,9.0,13.2,2.7,0.3,16.7,20.0,,0.7,1.9,2.5,0.139,,-0.8,1.6,0.8,0.3,194.0,396.0,0.49200000000000005,2.0,5.0,0.4,192.0,391.0,0.496,0.496,59.0,87.0,0.8109999999999999,59.0,96.0,155.0,62.0,34.0,5.0,51.0,150.0,449.0
TOT,11428,1994.0,Tony Campbell,SF,31.0,63.0,14.0,1214.0,13.3,0.491,0.055,0.23399999999999999,6.8,10.7,8.6,11.4,2.1,0.8,12.9,22.8,,0.4,1.2,1.5,0.061,,-1.8,-0.9,-2.7,-0.2,227.0,512.0,0.44299999999999995,7.0,28.0,0.25,220.0,484.0,0.455,0.45,94.0,120.0,0.7829999999999999,76.0,110.0,186.0,82.0,50.0,15.0,84.0,134.0,555.0
CLE,11902,1995.0,Tony Campbell,SF,32.0,78.0,0.0,1128.0,12.9,0.508,0.107,0.406,6.4,10.6,8.5,11.1,1.6,0.6,12.3,22.4,,0.7,1.4,2.1,0.08900000000000001,,-2.1,-0.9,-2.9,-0.3,161.0,392.0,0.41100000000000003,15.0,42.0,0.35700000000000004,146.0,350.0,0.41700000000000004,0.43,132.0,159.0,0.83,60.0,93.0,153.0,69.0,32.0,8.0,65.0,122.0,469.0
