Tm,Unnamed: 0,Year,Player,Pos,Age,G,GS,MP,PER,TS%,3PAr,FTr,ORB%,DRB%,TRB%,AST%,STL%,BLK%,TOV%,USG%,blanl,OWS,DWS,WS,WS/48,blank2,OBPM,DBPM,BPM,VORP,FG,FGA,FG%,3P,3PA,3P%,2P,2PA,2P%,eFG%,FT,FTA,FT%,ORB,DRB,TRB,AST,STL,BLK,TOV,PF,PTS
CHI,20436,2010.0,Tyrus Thomas,PF,23.0,79.0,61.0,2175.0,16.5,0.525,0.013999999999999999,0.621,10.6,22.8,15.9,11.0,3.0,6.2,20.8,20.9,,1.2,3.4,4.6,0.11,,-2.5,4.6,0.9,1.2,308.0,683.0,0.483,3.0,9.0,0.33299999999999996,305.0,674.0,0.485,0.483,238.0,304.0,0.7829999999999999,148.0,360.0,508.0,90.0,91.0,151.0,129.0,220.0,857.0
TOT,20435,2010.0,Tyrus Thomas,PF-C,23.0,54.0,3.0,1220.0,16.8,0.511,0.006999999999999999,0.41700000000000004,7.8,23.6,15.9,7.8,2.7,5.5,15.6,22.1,,-0.3,2.9,2.6,0.10300000000000001,,-3.9,4.0,0.1,0.6,194.0,420.0,0.462,0.0,3.0,0.0,194.0,417.0,0.465,0.462,120.0,175.0,0.6859999999999999,81.0,254.0,335.0,56.0,63.0,85.0,92.0,129.0,508.0
CHA,22186,2013.0,Tyrus Thomas,PF,26.0,54.0,30.0,1013.0,18.2,0.536,0.059000000000000004,0.41100000000000003,9.1,24.7,16.9,9.1,2.3,6.2,14.3,25.1,,0.4,1.5,1.8,0.106,,-3.1,3.2,-0.9,0.2,156.0,331.0,0.47100000000000003,3.0,8.0,0.375,156.0,328.0,0.47600000000000003,0.47100000000000003,107.0,136.0,0.8390000000000001,65.0,159.0,224.0,35.0,36.0,66.0,65.0,144.0,419.0
MEM,23443,2015.0,Tyrus Thomas,PF,28.0,2.0,0.0,7.0,31.4,1.064,0.0,2.0,0.0,0.0,0.0,22.5,0.0,0.0,0.0,12.3,,0.1,0.0,0.1,0.47700000000000004,,6.8,-8.5,-1.6,0.0,1.0,1.0,1.0,0.0,0.0,,1.0,1.0,1.0,1.0,2.0,2.0,1.0,0.0,0.0,0.0,1.0,0.0,0.0,0.0,0.0,4.0
