Tm,Unnamed: 0,Year,Player,Pos,Age,G,GS,MP,PER,TS%,3PAr,FTr,ORB%,DRB%,TRB%,AST%,STL%,BLK%,TOV%,USG%,blanl,OWS,DWS,WS,WS/48,blank2,OBPM,DBPM,BPM,VORP,FG,FGA,FG%,3P,3PA,3P%,2P,2PA,2P%,eFG%,FT,FTA,FT%,ORB,DRB,TRB,AST,STL,BLK,TOV,PF,PTS
SEA,6621,1982.0,Vinnie Johnson,SG,25.0,81.0,0.0,2311.0,16.8,0.583,0.045,0.545,9.4,11.7,8.9,22.2,2.8,1.1,24.1,21.1,,4.0,1.9,5.9,0.122,,2.6,2.0,2.6,2.7,419.0,785.0,0.534,1.0,5.0,0.2,418.0,780.0,0.536,0.534,214.0,270.0,0.795,193.0,173.0,366.0,341.0,78.0,20.0,216.0,198.0,1053.0
TOT,6620,1982.0,Vinnie Johnson,SG,25.0,74.0,15.0,1295.0,14.5,0.537,0.027000000000000003,0.32,6.8,6.7,6.7,18.1,2.0,1.1,15.9,18.2,,1.5,1.2,2.7,0.098,,0.2,-0.4,-0.2,0.6,217.0,444.0,0.489,3.0,12.0,0.25,214.0,432.0,0.495,0.49200000000000005,107.0,142.0,0.754,82.0,77.0,159.0,171.0,56.0,25.0,96.0,101.0,544.0
DET,10210,1991.0,Vinnie Johnson,SG,34.0,82.0,51.0,2511.0,17.6,0.563,0.044000000000000004,0.311,7.0,8.5,7.4,21.4,2.0,1.1,16.0,25.9,,5.9,2.8,7.7,0.147,,2.8,0.8,2.1,2.6,533.0,1154.0,0.513,13.0,44.0,0.324,529.0,1140.0,0.523,0.519,245.0,315.0,0.7859999999999999,167.0,186.0,353.0,325.0,93.0,49.0,152.0,263.0,1296.0
SAS,10664,1992.0,Vinnie Johnson,SG,35.0,60.0,23.0,1350.0,10.4,0.446,0.12,0.17,5.5,9.2,7.4,15.3,1.5,0.6,12.1,19.1,,-0.3,1.5,1.2,0.042,,-2.0,-0.3,-2.3,-0.1,202.0,499.0,0.405,19.0,60.0,0.317,183.0,439.0,0.41700000000000004,0.424,55.0,85.0,0.647,67.0,115.0,182.0,145.0,41.0,14.0,74.0,93.0,478.0
