Tm,Unnamed: 0,Year,Player,Pos,Age,G,GS,MP,PER,TS%,3PAr,FTr,ORB%,DRB%,TRB%,AST%,STL%,BLK%,TOV%,USG%,blanl,OWS,DWS,WS,WS/48,blank2,OBPM,DBPM,BPM,VORP,FG,FGA,FG%,3P,3PA,3P%,2P,2PA,2P%,eFG%,FT,FTA,FT%,ORB,DRB,TRB,AST,STL,BLK,TOV,PF,PTS
SEA,14891,2000.0,Vladimir Stepania,C,23.0,30.0,6.0,313.0,11.3,0.445,0.076,0.456,11.3,17.9,13.8,6.9,2.5,5.5,18.8,25.5,,-0.5,0.3,-0.1,-0.022000000000000002,,-6.0,0.2,-5.8,-0.3,53.0,125.0,0.424,0.0,6.0,0.0,53.0,122.0,0.434,0.424,21.0,40.0,0.525,27.0,48.0,75.0,12.0,10.0,23.0,32.0,58.0,127.0
NJN,15427,2001.0,Vladimir Stepania,C,24.0,29.0,0.0,280.0,12.2,0.39799999999999996,0.045,0.386,14.0,31.2,22.4,9.4,1.9,2.9,15.6,19.8,,-0.2,0.4,0.2,0.035,,-5.1,0.8,-4.3,-0.2,28.0,88.0,0.318,1.0,4.0,0.25,27.0,84.0,0.321,0.324,25.0,34.0,0.735,35.0,74.0,109.0,16.0,10.0,11.0,19.0,47.0,82.0
MIA,16409,2003.0,Vladimir Stepania,C,26.0,79.0,6.0,1594.0,13.9,0.483,0.008,0.418,14.9,25.6,20.1,3.2,1.5,3.8,15.0,18.7,,0.3,2.6,2.9,0.094,,-3.9,1.0,-3.3,-0.3,185.0,427.0,0.47,1.0,2.0,0.5,185.0,427.0,0.47,0.47200000000000003,71.0,134.0,0.53,211.0,343.0,554.0,24.0,45.0,44.0,69.0,169.0,441.0
POR,16967,2004.0,Vladimir Stepania,C,27.0,42.0,2.0,453.0,12.2,0.45399999999999996,0.0,0.35,13.2,19.5,16.4,8.1,1.4,2.5,13.8,14.4,,0.3,0.4,0.8,0.081,,-2.5,0.4,-2.1,0.0,43.0,103.0,0.41700000000000004,0.0,0.0,,43.0,103.0,0.41700000000000004,0.41700000000000004,22.0,36.0,0.611,50.0,75.0,125.0,23.0,11.0,15.0,19.0,61.0,108.0
