Tm,Unnamed: 0,Year,Player,Pos,Age,G,GS,MP,PER,TS%,3PAr,FTr,ORB%,DRB%,TRB%,AST%,STL%,BLK%,TOV%,USG%,blanl,OWS,DWS,WS,WS/48,blank2,OBPM,DBPM,BPM,VORP,FG,FGA,FG%,3P,3PA,3P%,2P,2PA,2P%,eFG%,FT,FTA,FT%,ORB,DRB,TRB,AST,STL,BLK,TOV,PF,PTS
ATL,7820,1985.0,Walker Russell,PG,24.0,21.0,2.0,377.0,9.0,0.589,0.016,0.27,2.4,9.2,5.8,22.5,2.2,0.6,36.2,12.1,,-0.2,0.4,0.2,0.028999999999999998,,-3.5,0.7,-2.8,-0.1,34.0,63.0,0.54,1.0,1.0,1.0,33.0,62.0,0.532,0.5479999999999999,14.0,17.0,0.8240000000000001,8.0,32.0,40.0,66.0,17.0,4.0,40.0,37.0,83.0
IND,8576,1987.0,Walker Russell,PG,26.0,48.0,0.0,511.0,9.5,0.433,0.09699999999999999,0.22399999999999998,3.8,8.1,5.9,34.1,1.9,0.6,24.9,19.7,,-0.7,0.5,-0.2,-0.018000000000000002,,-4.3,-1.5,-5.8,-0.5,64.0,165.0,0.38799999999999996,2.0,16.0,0.125,62.0,149.0,0.41600000000000004,0.39399999999999996,27.0,37.0,0.73,18.0,37.0,55.0,129.0,20.0,5.0,60.0,62.0,157.0
DET,21547,2012.0,Walker Russell,PG,29.0,68.0,1.0,757.0,9.0,0.43700000000000006,1.0,0.315,5.2,12.1,8.5,100.0,2.7,0.2,30.5,41.6,,0.0,0.3,0.1,0.04,,-2.0,-1.2,-4.0,0.0,67.0,184.0,0.364,4.0,18.0,0.5,65.0,166.0,0.392,0.37,47.0,58.0,0.9229999999999999,19.0,54.0,73.0,131.0,18.0,1.0,92.0,71.0,183.0
