Tm,Unnamed: 0,Year,Player,Pos,Age,G,GS,MP,PER,TS%,3PAr,FTr,ORB%,DRB%,TRB%,AST%,STL%,BLK%,TOV%,USG%,blanl,OWS,DWS,WS,WS/48,blank2,OBPM,DBPM,BPM,VORP,FG,FGA,FG%,3P,3PA,3P%,2P,2PA,2P%,eFG%,FT,FTA,FT%,ORB,DRB,TRB,AST,STL,BLK,TOV,PF,PTS
DAL,10955,1993.0,Walter Bond,SG,23.0,74.0,38.0,1578.0,9.0,0.462,0.07400000000000001,0.29600000000000004,3.3,10.8,6.7,11.8,2.3,0.7,14.9,19.4,,-1.2,0.4,-0.8,-0.024,,-3.6,-1.0,-4.6,-1.0,227.0,565.0,0.402,7.0,42.0,0.16699999999999998,220.0,523.0,0.42100000000000004,0.408,129.0,167.0,0.772,52.0,144.0,196.0,122.0,75.0,18.0,112.0,223.0,590.0
DET,11878,1995.0,Walter Bond,SG,25.0,5.0,0.0,51.0,3.0,0.363,0.33299999999999996,0.33299999999999996,2.3,9.2,5.7,19.2,1.0,0.0,17.9,14.7,,-0.1,0.0,-0.1,-0.063,,-6.0,-3.3,-9.3,-0.1,3.0,12.0,0.25,1.0,4.0,0.25,2.0,8.0,0.25,0.292,3.0,4.0,0.75,1.0,4.0,5.0,7.0,1.0,0.0,3.0,10.0,10.0
TOT,11877,1995.0,Walter Bond,SG,25.0,23.0,0.0,290.0,10.3,0.5770000000000001,0.488,0.23800000000000002,3.6,9.8,6.8,12.1,1.1,1.1,15.5,17.1,,0.2,0.2,0.4,0.07200000000000001,,0.1,-1.3,-1.2,0.1,39.0,84.0,0.46399999999999997,15.0,41.0,0.366,24.0,43.0,0.5579999999999999,0.5539999999999999,14.0,20.0,0.7,8.0,24.0,32.0,24.0,6.0,4.0,17.0,47.0,107.0
UTA,11879,1995.0,Walter Bond,SG,25.0,56.0,4.0,559.0,11.8,0.614,0.514,0.256,4.2,9.9,7.1,10.6,1.5,1.5,15.0,17.7,,0.5,0.6,1.0,0.10099999999999999,,1.5,-0.2,0.5,0.2,63.0,156.0,0.5,19.0,54.0,0.37799999999999995,44.0,102.0,0.629,0.597,31.0,40.0,0.775,20.0,41.0,61.0,31.0,16.0,12.0,17.0,90.0,176.0
