Tm,Unnamed: 0,Year,Player,Pos,Age,G,GS,MP,PER,TS%,3PAr,FTr,ORB%,DRB%,TRB%,AST%,STL%,BLK%,TOV%,USG%,blanl,OWS,DWS,WS,WS/48,blank2,OBPM,DBPM,BPM,VORP,FG,FGA,FG%,3P,3PA,3P%,2P,2PA,2P%,eFG%,FT,FTA,FT%,ORB,DRB,TRB,AST,STL,BLK,TOV,PF,PTS
WSB,6300,1981.0,Wes Matthews,PG,21.0,45.0,,1161.0,12.6,0.546,0.033,0.287,2.7,3.4,3.0,24.3,1.9,0.5,22.8,22.6,,-0.2,1.2,1.0,0.040999999999999995,,-1.2,-0.8,-2.0,0.0,224.0,449.0,0.499,5.0,15.0,0.33299999999999996,219.0,434.0,0.505,0.504,99.0,129.0,0.767,30.0,37.0,67.0,199.0,46.0,10.0,149.0,120.0,552.0
PHI,7407,1984.0,Wes Matthews,PG,24.0,14.0,5.0,292.0,10.0,0.467,0.069,0.139,2.4,6.4,4.5,30.6,1.8,0.4,21.9,19.4,,-0.2,0.3,0.1,0.016,,-3.0,-2.0,-5.0,-0.2,45.0,101.0,0.446,1.0,7.0,0.14300000000000002,44.0,94.0,0.46799999999999997,0.45,9.0,14.0,0.643,6.0,17.0,23.0,62.0,11.0,2.0,30.0,32.0,100.0
TOT,7405,1984.0,Wes Matthews,PG,24.0,79.0,5.0,2266.0,13.1,0.5489999999999999,0.061,0.32299999999999995,2.2,5.7,4.0,31.4,2.3,0.5,22.7,20.7,,0.7,1.9,2.6,0.055,,-0.7,-1.0,-1.7,0.2,385.0,779.0,0.494,5.0,21.0,0.23800000000000002,380.0,758.0,0.501,0.49700000000000005,202.0,252.0,0.802,46.0,93.0,139.0,411.0,107.0,17.0,261.0,242.0,977.0
CHI,7749,1985.0,Wes Matthews,PG,25.0,78.0,38.0,1523.0,11.9,0.523,0.040999999999999995,0.22,1.2,3.8,2.5,31.1,2.3,0.5,22.7,15.0,,0.7,0.9,1.6,0.049,,-1.9,-2.7,-4.6,-1.0,191.0,386.0,0.495,2.0,16.0,0.125,189.0,370.0,0.511,0.49700000000000005,59.0,85.0,0.6940000000000001,16.0,51.0,67.0,354.0,73.0,12.0,124.0,133.0,443.0
SAS,8129,1986.0,Wes Matthews,PG,26.0,75.0,46.0,1853.0,15.5,0.5870000000000001,0.040999999999999995,0.35,1.9,6.0,4.0,34.9,2.2,1.0,25.0,20.2,,1.6,1.3,3.0,0.077,,-0.3,-2.0,-2.3,-0.1,320.0,603.0,0.531,4.0,25.0,0.16,316.0,578.0,0.547,0.534,173.0,211.0,0.82,30.0,101.0,131.0,476.0,87.0,32.0,232.0,168.0,817.0
LAL,8899,1988.0,Wes Matthews,PG,28.0,51.0,8.0,706.0,12.4,0.522,0.121,0.262,2.9,7.7,5.3,26.4,2.0,0.4,20.1,20.4,,0.2,0.6,0.8,0.054000000000000006,,-1.8,-1.8,-3.9,-0.3,114.0,248.0,0.47600000000000003,7.0,30.0,0.33299999999999996,107.0,218.0,0.491,0.479,54.0,65.0,0.831,16.0,50.0,66.0,138.0,25.0,4.0,69.0,65.0,289.0
ATL,9802,1990.0,Wes Matthews,PG,30.0,64.0,5.0,1187.0,19.6,0.63,0.33299999999999996,0.733,2.6,5.9,4.1,48.7,3.2,0.6,22.6,22.3,,0.8,1.3,1.6,0.196,,1.3,-0.5,-1.4,0.2,171.0,424.0,0.5329999999999999,14.0,48.0,0.292,161.0,376.0,0.552,0.5329999999999999,103.0,123.0,1.0,25.0,66.0,91.0,249.0,61.0,8.0,123.0,129.0,442.0
