Tm,Unnamed: 0,Year,Player,Pos,Age,G,GS,MP,PER,TS%,3PAr,FTr,ORB%,DRB%,TRB%,AST%,STL%,BLK%,TOV%,USG%,blanl,OWS,DWS,WS,WS/48,blank2,OBPM,DBPM,BPM,VORP,FG,FGA,FG%,3P,3PA,3P%,2P,2PA,2P%,eFG%,FT,FTA,FT%,ORB,DRB,TRB,AST,STL,BLK,TOV,PF,PTS
UTA,20277,2010.0,Wesley Matthews,SG,23.0,82.0,48.0,2025.0,12.3,0.5920000000000001,0.292,0.342,3.0,8.0,5.6,9.0,1.6,0.6,12.5,16.5,,2.6,1.9,4.6,0.10800000000000001,,0.3,-0.5,-0.2,0.9,273.0,565.0,0.483,63.0,165.0,0.382,210.0,400.0,0.525,0.539,160.0,193.0,0.8290000000000001,50.0,141.0,191.0,124.0,64.0,15.0,93.0,152.0,769.0
POR,23232,2015.0,Wesley Matthews,SG,28.0,82.0,82.0,2780.0,16.1,0.588,0.5920000000000001,0.322,2.9,9.7,5.9,11.8,2.3,0.6,11.0,21.3,,6.3,2.3,8.2,0.147,,3.8,0.1,3.9,3.1,445.0,1009.0,0.449,201.0,511.0,0.40700000000000003,286.0,601.0,0.534,0.563,266.0,315.0,0.86,56.0,238.0,289.0,197.0,102.0,18.0,138.0,195.0,1343.0
DAL,24438,2017.0,Wesley Matthews,SG,30.0,78.0,78.0,2644.0,11.9,0.5329999999999999,0.615,0.21100000000000002,1.1,11.8,6.0,13.6,1.6,0.6,9.9,19.4,,1.9,2.1,3.7,0.067,,0.8,-0.1,0.5,1.6,333.0,854.0,0.39299999999999996,189.0,525.0,0.363,159.0,368.0,0.43200000000000005,0.498,146.0,179.0,0.863,27.0,241.0,259.0,210.0,78.0,17.0,102.0,179.0,986.0
