Tm,Unnamed: 0,Year,Player,Pos,Age,G,GS,MP,PER,TS%,3PAr,FTr,ORB%,DRB%,TRB%,AST%,STL%,BLK%,TOV%,USG%,blanl,OWS,DWS,WS,WS/48,blank2,OBPM,DBPM,BPM,VORP,FG,FGA,FG%,3P,3PA,3P%,2P,2PA,2P%,eFG%,FT,FTA,FT%,ORB,DRB,TRB,AST,STL,BLK,TOV,PF,PTS
MIN,21420,2012.0,Wesley Johnson,SG,24.0,79.0,64.0,2069.0,10.2,0.491,0.426,0.135,2.7,11.6,6.7,11.0,1.4,2.3,12.7,16.8,,0.4,1.0,1.3,0.03,,-1.1,1.0,-1.6,0.2,271.0,682.0,0.39799999999999996,103.0,289.0,0.35600000000000004,168.0,393.0,0.461,0.473,64.0,92.0,0.706,51.0,189.0,240.0,148.0,58.0,54.0,95.0,163.0,709.0
PHO,21952,2013.0,Wesley Johnson,SF,25.0,50.0,21.0,953.0,10.3,0.485,0.391,0.08800000000000001,2.5,12.4,7.3,5.9,1.2,1.4,10.4,21.4,,-0.5,0.5,0.0,0.0,,-2.6,-2.3,-4.9,-0.7,161.0,396.0,0.40700000000000003,50.0,155.0,0.32299999999999995,111.0,241.0,0.461,0.47,27.0,35.0,0.7709999999999999,21.0,102.0,123.0,34.0,22.0,18.0,48.0,56.0,399.0
LAL,23175,2015.0,Wesley Johnson,SF,27.0,79.0,62.0,2245.0,11.1,0.522,0.41600000000000004,0.162,3.3,13.3,8.3,8.6,1.9,2.5,11.6,16.4,,1.0,1.5,1.9,0.040999999999999995,,-0.9,1.3,0.2,1.2,286.0,691.0,0.425,100.0,271.0,0.369,195.0,432.0,0.466,0.502,90.0,112.0,0.804,70.0,278.0,348.0,124.0,86.0,77.0,90.0,207.0,753.0
LAC,24379,2017.0,Wesley Johnson,SF,29.0,80.0,9.0,1666.0,11.0,0.513,0.6,0.08900000000000001,3.7,20.8,12.5,4.4,2.7,3.0,9.2,16.0,,0.0,2.7,2.6,0.076,,-1.3,1.8,0.5,1.0,208.0,515.0,0.40399999999999997,103.0,309.0,0.33299999999999996,105.0,206.0,0.537,0.504,30.0,46.0,0.652,37.0,211.0,248.0,49.0,89.0,56.0,54.0,173.0,549.0
