Tm,Unnamed: 0,Year,Player,Pos,Age,G,GS,MP,PER,TS%,3PAr,FTr,ORB%,DRB%,TRB%,AST%,STL%,BLK%,TOV%,USG%,blanl,OWS,DWS,WS,WS/48,blank2,OBPM,DBPM,BPM,VORP,FG,FGA,FG%,3P,3PA,3P%,2P,2PA,2P%,eFG%,FT,FTA,FT%,ORB,DRB,TRB,AST,STL,BLK,TOV,PF,PTS
POR,22906,2015.0,Will Barton,SG,24.0,73.0,5.0,894.0,13.5,0.488,0.212,0.21,4.6,16.0,10.3,13.4,2.4,1.3,15.1,21.2,,0.3,0.6,0.6,0.078,,-1.9,0.8,-2.7,-0.1,118.0,309.0,0.41700000000000004,10.0,65.0,0.303,109.0,244.0,0.447,0.449,50.0,65.0,0.813,36.0,109.0,145.0,58.0,34.0,9.0,60.0,56.0,295.0
TOT,22905,2015.0,Will Barton,SG,24.0,58.0,0.0,983.0,13.6,0.503,0.24100000000000002,0.266,2.8,15.3,8.9,13.0,2.5,1.5,13.4,20.2,,0.2,1.1,1.3,0.063,,-1.7,1.1,-0.6,0.3,150.0,353.0,0.425,23.0,85.0,0.271,127.0,268.0,0.474,0.45799999999999996,74.0,94.0,0.787,26.0,136.0,162.0,81.0,48.0,19.0,61.0,70.0,397.0
DEN,24131,2017.0,Will Barton,SG,26.0,82.0,19.0,2353.0,16.0,0.547,0.353,0.312,3.8,20.0,11.2,17.7,2.5,1.7,13.3,23.0,,2.5,1.9,4.3,0.09300000000000001,,1.3,1.2,0.9,1.1,425.0,983.0,0.44299999999999995,112.0,325.0,0.37,313.0,658.0,0.5,0.508,216.0,268.0,0.81,59.0,417.0,476.0,206.0,71.0,39.0,139.0,147.0,1178.0
