Tm,Unnamed: 0,Year,Player,Pos,Age,G,GS,MP,PER,TS%,3PAr,FTr,ORB%,DRB%,TRB%,AST%,STL%,BLK%,TOV%,USG%,blanl,OWS,DWS,WS,WS/48,blank2,OBPM,DBPM,BPM,VORP,FG,FGA,FG%,3P,3PA,3P%,2P,2PA,2P%,eFG%,FT,FTA,FT%,ORB,DRB,TRB,AST,STL,BLK,TOV,PF,PTS
PHW,1706,1962.0,Wilt Chamberlain*,C,25.0,80.0,,3882.0,31.7,0.536,,0.431,,,,,,,,,,17.1,8.0,23.1,0.28600000000000003,,,,,,1597.0,3159.0,0.509,,,,1597.0,3159.0,0.509,0.509,835.0,1363.0,0.613,,,2149.0,192.0,,,,150.0,4029.0
SFW,2100,1965.0,Wilt Chamberlain*,C,28.0,80.0,,3806.0,31.8,0.55,,0.442,,,,13.6,,,,,,16.0,10.6,25.0,0.325,,,,,,1463.0,2770.0,0.528,,,,1463.0,2770.0,0.528,0.528,660.0,1113.0,0.593,,,1946.0,403.0,,,,182.0,3586.0
TOT,2099,1965.0,Wilt Chamberlain*,C,28.0,73.0,,3301.0,28.6,0.513,,0.42200000000000004,,,,13.8,,,,,,9.6,5.5,15.1,0.21899999999999997,,,,,,1063.0,2083.0,0.51,,,,1063.0,2083.0,0.51,0.51,408.0,880.0,0.46399999999999997,,,1673.0,250.0,,,,146.0,2534.0
PHI,2507,1968.0,Wilt Chamberlain*,C,31.0,82.0,,3836.0,28.3,0.637,,0.7609999999999999,,,,23.2,,,,,,14.8,10.7,21.9,0.285,,,,,,1074.0,1990.0,0.6829999999999999,,,,1074.0,1990.0,0.6829999999999999,0.6829999999999999,501.0,976.0,0.526,,,1957.0,702.0,,,,171.0,2649.0
LAL,3615,1973.0,Wilt Chamberlain*,C,36.0,82.0,,3669.0,24.8,0.6890000000000001,,0.78,,,20.1,14.5,,,,,,10.7,7.9,18.2,0.247,,,,,,668.0,1226.0,0.727,,,,668.0,1226.0,0.727,0.727,382.0,857.0,0.5379999999999999,,,1712.0,366.0,,,,196.0,1696.0
