Tm,Unnamed: 0,Year,Player,Pos,Age,G,GS,MP,PER,TS%,3PAr,FTr,ORB%,DRB%,TRB%,AST%,STL%,BLK%,TOV%,USG%,blanl,OWS,DWS,WS,WS/48,blank2,OBPM,DBPM,BPM,VORP,FG,FGA,FG%,3P,3PA,3P%,2P,2PA,2P%,eFG%,FT,FTA,FT%,ORB,DRB,TRB,AST,STL,BLK,TOV,PF,PTS
PHO,10265,1991.0,Xavier McDaniel,SF,27.0,66.0,64.0,2105.0,14.7,0.532,0.006,0.221,7.5,16.8,12.4,10.2,1.1,1.1,12.8,21.8,,1.7,2.5,4.2,0.096,,-0.3,0.4,0.1,1.1,451.0,896.0,0.503,0.0,5.0,0.0,451.0,891.0,0.506,0.503,144.0,198.0,0.727,137.0,339.0,476.0,149.0,50.0,42.0,144.0,214.0,1046.0
SEA,10264,1991.0,Xavier McDaniel,SF,27.0,82.0,82.0,3031.0,18.7,0.5379999999999999,0.036000000000000004,0.31,13.1,15.6,14.3,15.2,2.5,1.2,15.7,29.8,,5.0,3.3,7.4,0.11699999999999999,,2.4,0.7,2.0,3.1,806.0,1583.0,0.509,14.0,50.0,0.306,803.0,1569.0,0.512,0.51,312.0,426.0,0.733,338.0,367.0,705.0,263.0,115.0,52.0,248.0,305.0,1890.0
TOT,10263,1991.0,Xavier McDaniel,SF,27.0,81.0,79.0,2634.0,15.2,0.527,0.006999999999999999,0.225,7.6,15.5,11.7,10.5,1.4,1.0,12.4,23.2,,2.2,3.0,5.1,0.094,,0.0,0.0,0.0,1.3,590.0,1186.0,0.49700000000000005,0.0,8.0,0.0,590.0,1178.0,0.501,0.49700000000000005,193.0,267.0,0.723,173.0,384.0,557.0,187.0,76.0,46.0,184.0,264.0,1373.0
NYK,10723,1992.0,Xavier McDaniel,SF,28.0,82.0,82.0,2344.0,13.9,0.509,0.038,0.188,8.7,13.7,11.2,10.2,1.3,0.7,11.7,23.3,,1.4,3.2,4.6,0.09300000000000001,,-0.7,0.2,-0.4,0.9,488.0,1021.0,0.478,12.0,39.0,0.308,476.0,982.0,0.485,0.484,137.0,192.0,0.7140000000000001,176.0,284.0,460.0,149.0,57.0,24.0,147.0,241.0,1125.0
BOS,12104,1995.0,Xavier McDaniel,SF,31.0,82.0,27.0,2215.0,16.3,0.539,0.049,0.261,8.7,16.9,12.5,12.0,1.6,1.4,14.2,23.6,,1.9,2.5,4.4,0.096,,0.3,0.5,0.9,1.6,457.0,924.0,0.495,10.0,41.0,0.28600000000000003,451.0,902.0,0.5,0.498,191.0,241.0,0.7929999999999999,168.0,321.0,489.0,163.0,72.0,51.0,171.0,249.0,1111.0
NJN,13705,1998.0,Xavier McDaniel,SF,34.0,62.0,5.0,1170.0,10.8,0.439,0.07,0.267,10.8,19.1,14.7,8.7,1.6,1.1,19.3,16.9,,-0.1,0.9,0.7,0.03,,-3.3,-0.1,-3.5,-0.1,138.0,355.0,0.389,5.0,25.0,0.2,133.0,330.0,0.40299999999999997,0.396,65.0,89.0,0.73,124.0,194.0,318.0,65.0,36.0,17.0,70.0,144.0,346.0
