Tm,Unnamed: 0,Year,Player,Pos,Age,G,GS,MP,PER,TS%,3PAr,FTr,ORB%,DRB%,TRB%,AST%,STL%,BLK%,TOV%,USG%,blanl,OWS,DWS,WS,WS/48,blank2,OBPM,DBPM,BPM,VORP,FG,FGA,FG%,3P,3PA,3P%,2P,2PA,2P%,eFG%,FT,FTA,FT%,ORB,DRB,TRB,AST,STL,BLK,TOV,PF,PTS
DEN,18872,2008.0,Yakhouba Diawara,SG,25.0,64.0,19.0,1177.0,8.1,0.518,0.5820000000000001,0.231,4.7,7.8,6.2,9.3,1.3,0.4,10.5,12.8,,0.5,0.8,0.7,0.065,,-1.3,-0.8,-3.1,-0.2,100.0,292.0,0.41,49.0,170.0,0.318,51.0,122.0,0.5,0.489,35.0,53.0,0.71,27.0,83.0,110.0,55.0,30.0,7.0,37.0,132.0,284.0
MIA,20055,2010.0,Yakhouba Diawara,SG,27.0,63.0,21.0,851.0,6.4,0.473,0.7509999999999999,0.08800000000000001,3.6,8.0,5.8,9.7,1.2,0.6,23.1,13.9,,0.1,0.4,0.5,0.028999999999999998,,-2.0,-0.9,-4.2,-0.1,76.0,217.0,0.35,51.0,163.0,0.313,25.0,54.0,0.46299999999999997,0.46799999999999997,10.0,19.0,0.526,26.0,56.0,82.0,27.0,13.0,6.0,16.0,75.0,213.0
