Tm,Unnamed: 0,Year,Player,Pos,Age,G,GS,MP,PER,TS%,3PAr,FTr,ORB%,DRB%,TRB%,AST%,STL%,BLK%,TOV%,USG%,blanl,OWS,DWS,WS,WS/48,blank2,OBPM,DBPM,BPM,VORP,FG,FGA,FG%,3P,3PA,3P%,2P,2PA,2P%,eFG%,FT,FTA,FT%,ORB,DRB,TRB,AST,STL,BLK,TOV,PF,PTS
MIN,24408,2017.0,Zach LaVine,SG,21.0,82.0,47.0,2294.0,14.6,0.5760000000000001,0.43700000000000006,0.261,1.6,11.6,6.4,24.0,1.5,0.6,20.4,23.5,,2.5,0.7,3.0,0.08199999999999999,,2.1,-2.4,-0.3,0.8,433.0,959.0,0.45899999999999996,123.0,316.0,0.389,310.0,643.0,0.515,0.544,161.0,203.0,0.8420000000000001,27.0,201.0,228.0,276.0,69.0,17.0,193.0,193.0,1150.0
