Tm,Unnamed: 0,Year,Player,Pos,Age,G,GS,MP,PER,TS%,3PAr,FTr,ORB%,DRB%,TRB%,AST%,STL%,BLK%,TOV%,USG%,blanl,OWS,DWS,WS,WS/48,blank2,OBPM,DBPM,BPM,VORP,FG,FGA,FG%,3P,3PA,3P%,2P,2PA,2P%,eFG%,FT,FTA,FT%,ORB,DRB,TRB,AST,STL,BLK,TOV,PF,PTS
CLE,23336,2015.0,A.J. Price,PG,28.0,11.0,0.0,87.0,7.7,0.3,0.324,0.17600000000000002,5.4,14.3,9.9,22.1,1.8,0.0,7.6,20.6,,-0.2,0.1,-0.1,-0.051,,-4.6,-1.5,-6.1,-0.1,9.0,34.0,0.265,0.0,11.0,0.0,9.0,23.0,0.391,0.265,4.0,6.0,0.667,4.0,11.0,15.0,13.0,3.0,0.0,3.0,1.0,22.0
IND,23335,2015.0,A.J. Price,PG,28.0,56.0,2.0,865.0,17.1,0.542,0.506,0.253,2.6,9.7,6.0,25.3,2.0,0.3,14.5,25.1,,0.4,0.8,1.2,0.12300000000000001,,2.7,-1.7,-0.8,0.1,145.0,354.0,0.43799999999999994,60.0,174.0,0.385,85.0,180.0,0.48,0.522,60.0,81.0,0.8,16.0,76.0,88.0,111.0,35.0,3.0,59.0,61.0,410.0
MIN,22709,2014.0,A.J. Price,SG,27.0,28.0,0.0,99.0,9.7,0.469,0.478,0.043,1.1,10.2,5.5,21.5,0.5,0.0,13.0,23.2,,-0.1,0.0,0.0,-0.012,,-2.1,-3.9,-6.0,-0.1,19.0,46.0,0.413,6.0,22.0,0.273,13.0,24.0,0.542,0.478,0.0,2.0,0.0,1.0,9.0,10.0,13.0,1.0,0.0,7.0,5.0,44.0
PHO,23337,2015.0,A.J. Price,PG,28.0,5.0,0.0,44.0,-1.6,0.214,0.5,0.0,0.0,7.5,3.7,18.7,0.0,0.0,6.7,15.0,,-0.1,0.0,-0.1,-0.14,,-7.7,-4.1,-11.8,-0.1,3.0,14.0,0.214,0.0,7.0,0.0,3.0,7.0,0.429,0.214,0.0,0.0,,0.0,3.0,3.0,6.0,0.0,0.0,1.0,5.0,6.0
TOT,23334,2015.0,A.J. Price,PG,28.0,26.0,0.0,324.0,12.0,0.451,0.41600000000000004,0.175,2.1,8.9,5.6,23.5,1.1,0.0,8.7,22.5,,0.0,0.2,0.3,0.040999999999999995,,-0.7,-3.1,-3.7,-0.1,51.0,137.0,0.37200000000000005,15.0,57.0,0.263,36.0,80.0,0.45,0.42700000000000005,16.0,24.0,0.667,6.0,26.0,32.0,46.0,7.0,0.0,14.0,15.0,133.0
WAS,22100,2013.0,A.J. Price,PG,26.0,57.0,22.0,1278.0,12.4,0.501,0.484,0.15,1.7,8.2,4.9,26.4,1.3,0.2,12.7,18.0,,1.0,1.2,2.2,0.084,,-0.1,-1.7,-1.8,0.1,161.0,413.0,0.39,70.0,200.0,0.35,91.0,213.0,0.42700000000000005,0.475,49.0,62.0,0.79,20.0,94.0,114.0,205.0,33.0,3.0,64.0,73.0,441.0
