Tm,Unnamed: 0,Year,Player,Pos,Age,G,GS,MP,PER,TS%,3PAr,FTr,ORB%,DRB%,TRB%,AST%,STL%,BLK%,TOV%,USG%,blanl,OWS,DWS,WS,WS/48,blank2,OBPM,DBPM,BPM,VORP,FG,FGA,FG%,3P,3PA,3P%,2P,2PA,2P%,eFG%,FT,FTA,FT%,ORB,DRB,TRB,AST,STL,BLK,TOV,PF,PTS
DET,13712,1998.0,Aaron McKie,SG,25.0,42.0,3.0,850.0,14.8,0.5579999999999999,0.23,0.292,6.0,14.5,9.4,15.1,2.9,0.7,17.4,16.2,,1.1,1.3,2.4,0.13699999999999998,,-0.1,1.7,1.5,0.8,97.0,209.0,0.46399999999999997,18.0,48.0,0.375,79.0,161.0,0.491,0.507,51.0,61.0,0.87,27.0,101.0,128.0,77.0,43.0,7.0,42.0,69.0,263.0
LAL,18534,2007.0,Aaron McKie,SF,34.0,14.0,0.0,131.0,7.5,0.647,0.16699999999999998,0.16699999999999998,2.9,16.5,9.7,14.4,2.2,0.0,32.0,8.6,,0.0,0.1,0.1,0.040999999999999995,,-3.9,1.5,-3.7,-0.1,11.0,17.0,0.647,0.0,2.0,0.0,11.0,17.0,0.647,0.647,1.0,2.0,0.5,3.0,17.0,20.0,13.0,5.0,0.0,8.0,14.0,22.0
PHI,17413,2005.0,Aaron McKie,SG,32.0,82.0,41.0,2394.0,15.8,0.55,0.43700000000000006,0.272,3.2,15.5,8.7,26.7,3.6,1.2,20.3,19.8,,2.5,3.5,5.9,0.128,,0.9,2.2,1.9,2.4,338.0,714.0,0.473,75.0,172.0,0.436,285.0,554.0,0.524,0.524,149.0,194.0,0.836,61.0,289.0,350.0,377.0,131.0,23.0,203.0,194.0,878.0
POR,13173,1997.0,Aaron McKie,SG,24.0,81.0,73.0,2259.0,13.4,0.534,0.353,0.314,4.6,13.5,8.8,15.9,2.3,1.5,21.3,18.3,,2.1,3.2,5.3,0.115,,-0.5,1.8,1.0,1.7,337.0,722.0,0.467,38.0,117.0,0.418,299.0,605.0,0.494,0.493,152.0,199.0,0.8370000000000001,86.0,218.0,304.0,205.0,92.0,21.0,135.0,205.0,864.0
TOT,13711,1998.0,Aaron McKie,SG-SF,25.0,83.0,32.0,1813.0,12.1,0.524,0.282,0.301,3.7,13.2,8.3,15.4,3.0,1.1,17.9,14.7,,1.0,2.4,3.5,0.10300000000000001,,-1.4,1.7,0.3,0.9,150.0,381.0,0.41100000000000003,41.0,103.0,0.39799999999999996,127.0,318.0,0.41600000000000004,0.467,92.0,110.0,0.836,58.0,181.0,231.0,175.0,101.0,22.0,90.0,164.0,433.0
