Tm,Unnamed: 0,Year,Player,Pos,Age,G,GS,MP,PER,TS%,3PAr,FTr,ORB%,DRB%,TRB%,AST%,STL%,BLK%,TOV%,USG%,blanl,OWS,DWS,WS,WS/48,blank2,OBPM,DBPM,BPM,VORP,FG,FGA,FG%,3P,3PA,3P%,2P,2PA,2P%,eFG%,FT,FTA,FT%,ORB,DRB,TRB,AST,STL,BLK,TOV,PF,PTS
POR,5881,1980.0,Abdul Jeelani,SF,25.0,77.0,,1286.0,18.7,0.563,0.011000000000000001,0.361,9.6,13.5,11.5,11.6,1.5,1.8,15.2,24.6,,2.3,1.5,3.8,0.141,,1.0,-0.8,0.2,0.7,288.0,565.0,0.51,0.0,6.0,0.0,288.0,559.0,0.515,0.51,161.0,204.0,0.789,114.0,156.0,270.0,95.0,40.0,40.0,117.0,155.0,737.0
DAL,6237,1981.0,Abdul Jeelani,SF,26.0,66.0,,1108.0,15.5,0.515,0.002,0.5,8.2,15.7,11.8,9.2,1.9,1.6,13.9,23.5,,0.8,0.8,1.6,0.07,,-1.4,-1.0,-2.4,-0.1,187.0,440.0,0.425,0.0,1.0,0.0,187.0,439.0,0.426,0.425,179.0,220.0,0.8140000000000001,83.0,147.0,230.0,65.0,44.0,31.0,87.0,123.0,553.0
