Tm,Unnamed: 0,Year,Player,Pos,Age,G,GS,MP,PER,TS%,3PAr,FTr,ORB%,DRB%,TRB%,AST%,STL%,BLK%,TOV%,USG%,blanl,OWS,DWS,WS,WS/48,blank2,OBPM,DBPM,BPM,VORP,FG,FGA,FG%,3P,3PA,3P%,2P,2PA,2P%,eFG%,FT,FTA,FT%,ORB,DRB,TRB,AST,STL,BLK,TOV,PF,PTS
BOS,15149,2001.0,Adrian Griffin,SG,26.0,72.0,47.0,1927.0,12.6,0.503,0.268,0.38299999999999995,8.0,19.4,13.5,13.4,3.1,1.0,16.2,15.1,,1.8,2.1,3.9,0.098,,-0.3,2.0,1.7,1.8,175.0,413.0,0.424,16.0,57.0,0.34600000000000003,159.0,356.0,0.447,0.44299999999999995,119.0,158.0,0.753,128.0,244.0,372.0,177.0,116.0,15.0,93.0,222.0,485.0
CHI,18960,2008.0,Adrian Griffin,SG,33.0,69.0,2.0,667.0,10.7,0.499,0.055999999999999994,0.273,9.3,15.7,12.2,15.3,3.3,0.5,21.7,15.8,,0.1,1.4,1.3,0.10300000000000001,,-2.5,3.6,0.3,0.4,61.0,161.0,0.473,2.0,9.0,0.222,61.0,152.0,0.496,0.473,33.0,44.0,0.789,52.0,94.0,146.0,59.0,43.0,4.0,38.0,78.0,151.0
DAL,17865,2006.0,Adrian Griffin,SG,31.0,74.0,48.0,1383.0,14.2,0.545,0.15,0.26,7.4,14.4,11.0,11.3,2.9,0.6,14.6,13.8,,2.3,1.9,3.5,0.121,,1.1,2.2,2.4,1.5,179.0,359.0,0.499,16.0,54.0,0.29600000000000004,163.0,313.0,0.534,0.521,41.0,53.0,0.8440000000000001,88.0,176.0,264.0,106.0,77.0,12.0,47.0,157.0,415.0
HOU,16695,2004.0,Adrian Griffin,SG,29.0,19.0,1.0,133.0,4.5,0.278,0.111,0.222,0.9,15.2,8.4,11.6,2.9,1.2,13.2,8.2,,-0.2,0.2,0.1,0.031,,-6.2,3.2,-3.0,0.0,5.0,18.0,0.278,1.0,2.0,0.5,4.0,16.0,0.25,0.306,0.0,4.0,0.0,1.0,18.0,19.0,10.0,7.0,2.0,3.0,17.0,11.0
SEA,18961,2008.0,Adrian Griffin,SF,33.0,13.0,0.0,85.0,9.3,0.415,0.0,0.125,11.6,16.6,14.1,8.2,2.9,0.8,22.9,11.1,,-0.1,0.1,0.0,0.027000000000000003,,-4.1,2.2,-1.9,0.0,6.0,16.0,0.375,0.0,0.0,,6.0,16.0,0.375,0.375,2.0,2.0,1.0,9.0,13.0,22.0,5.0,5.0,1.0,5.0,8.0,14.0
TOT,18959,2008.0,Adrian Griffin,SG-SF,33.0,35.0,2.0,307.0,8.7,0.406,0.0,0.11800000000000001,10.0,11.4,10.7,13.4,2.8,0.5,20.8,14.5,,-0.3,0.3,0.0,0.001,,-4.2,1.2,-3.0,-0.1,30.0,76.0,0.395,0.0,0.0,,30.0,76.0,0.395,0.395,5.0,9.0,0.556,28.0,31.0,59.0,27.0,17.0,2.0,21.0,27.0,65.0
