Tm,Unnamed: 0,Year,Player,Pos,Age,G,GS,MP,PER,TS%,3PAr,FTr,ORB%,DRB%,TRB%,AST%,STL%,BLK%,TOV%,USG%,blanl,OWS,DWS,WS,WS/48,blank2,OBPM,DBPM,BPM,VORP,FG,FGA,FG%,3P,3PA,3P%,2P,2PA,2P%,eFG%,FT,FTA,FT%,ORB,DRB,TRB,AST,STL,BLK,TOV,PF,PTS
LAC,20513,2011.0,Al-Farouq Aminu,SF,20.0,81.0,14.0,1452.0,9.6,0.499,0.35200000000000004,0.293,6.1,15.4,10.8,6.4,2.1,1.3,18.3,17.3,,-0.8,1.4,0.7,0.022000000000000002,,-3.1,0.1,-3.0,-0.4,160.0,406.0,0.39399999999999996,45.0,143.0,0.315,115.0,263.0,0.43700000000000006,0.45,92.0,119.0,0.773,75.0,192.0,267.0,60.0,59.0,25.0,103.0,121.0,457.0
NOH,21690,2013.0,Al-Farouq Aminu,SF,22.0,76.0,71.0,2066.0,13.7,0.519,0.129,0.312,7.9,26.2,16.9,7.8,2.4,2.1,18.0,16.2,,0.7,2.4,3.1,0.073,,-2.0,2.4,0.4,1.3,225.0,474.0,0.475,13.0,47.0,0.27699999999999997,221.0,455.0,0.486,0.479,101.0,137.0,0.754,139.0,446.0,585.0,103.0,92.0,51.0,116.0,153.0,555.0
NOP,22269,2014.0,Al-Farouq Aminu,SF,23.0,80.0,65.0,2045.0,13.2,0.516,0.09699999999999999,0.27699999999999997,7.2,21.2,14.1,8.4,2.1,1.6,13.7,14.3,,1.3,1.8,3.1,0.07200000000000001,,-1.4,1.0,-0.3,0.9,234.0,494.0,0.474,13.0,48.0,0.271,221.0,446.0,0.496,0.48700000000000004,91.0,137.0,0.664,129.0,367.0,496.0,114.0,82.0,38.0,88.0,147.0,572.0
DAL,22878,2015.0,Al-Farouq Aminu,SF,24.0,74.0,3.0,1366.0,14.4,0.504,0.34700000000000003,0.331,9.1,18.4,13.7,6.1,2.6,3.7,11.9,15.2,,1.2,2.0,3.3,0.115,,-0.5,2.9,2.4,1.5,147.0,357.0,0.41200000000000003,34.0,124.0,0.27399999999999997,113.0,233.0,0.485,0.45899999999999996,84.0,118.0,0.7120000000000001,114.0,228.0,342.0,59.0,70.0,62.0,55.0,137.0,412.0
POR,24107,2017.0,Al-Farouq Aminu,SF,26.0,82.0,82.0,2341.0,12.7,0.5329999999999999,0.485,0.292,4.8,23.5,14.1,8.8,1.7,2.0,15.2,16.9,,1.7,2.3,4.0,0.08199999999999999,,-0.4,1.2,0.2,1.3,299.0,719.0,0.41600000000000004,126.0,349.0,0.361,173.0,370.0,0.46799999999999997,0.503,115.0,156.0,0.737,98.0,401.0,499.0,138.0,72.0,53.0,120.0,171.0,839.0
