Tm,Unnamed: 0,Year,Player,Pos,Age,G,GS,MP,PER,TS%,3PAr,FTr,ORB%,DRB%,TRB%,AST%,STL%,BLK%,TOV%,USG%,blanl,OWS,DWS,WS,WS/48,blank2,OBPM,DBPM,BPM,VORP,FG,FGA,FG%,3P,3PA,3P%,2P,2PA,2P%,eFG%,FT,FTA,FT%,ORB,DRB,TRB,AST,STL,BLK,TOV,PF,PTS
BAL,2097,1965.0,Al Butler,PG,26.0,25.0,,172.0,5.7,0.371,,0.205,,,,9.4,,,,,,-0.3,0.0,-0.3,-0.077,,,,,,24.0,73.0,0.32899999999999996,,,,24.0,73.0,0.32899999999999996,0.32899999999999996,11.0,15.0,0.733,,,21.0,12.0,,,,25.0,59.0
BOS,1700,1962.0,Al Butler,PG,23.0,5.0,,47.0,17.4,0.49,,0.207,,,,,,,,,,0.1,0.1,0.2,0.18899999999999997,,,,,,13.0,29.0,0.44799999999999995,,,,13.0,29.0,0.44799999999999995,0.44799999999999995,5.0,6.0,0.833,,,13.0,4.0,,,,9.0,31.0
NYK,1960,1964.0,Al Butler,PG,25.0,76.0,,1969.0,13.8,0.496,,0.304,,,,,,,,,,2.4,1.5,3.9,0.096,,,,,,336.0,725.0,0.46299999999999997,,,,336.0,725.0,0.46299999999999997,0.46299999999999997,144.0,187.0,0.77,,,324.0,201.0,,,,167.0,796.0
TOT,1699,1962.0,Al Butler,PG,23.0,59.0,,2016.0,13.0,0.496,,0.24100000000000002,,,,,,,,,,2.5,1.6,4.1,0.098,,,,,,349.0,754.0,0.46299999999999997,,,,349.0,754.0,0.46299999999999997,0.46299999999999997,129.0,182.0,0.7090000000000001,,,337.0,205.0,,,,156.0,827.0
