Tm,Unnamed: 0,Year,Player,Pos,Age,G,GS,MP,PER,TS%,3PAr,FTr,ORB%,DRB%,TRB%,AST%,STL%,BLK%,TOV%,USG%,blanl,OWS,DWS,WS,WS/48,blank2,OBPM,DBPM,BPM,VORP,FG,FGA,FG%,3P,3PA,3P%,2P,2PA,2P%,eFG%,FT,FTA,FT%,ORB,DRB,TRB,AST,STL,BLK,TOV,PF,PTS
BAL,3280,1971.0,Al Tucker,PF,27.0,31.0,,276.0,14.1,0.5720000000000001,,0.43799999999999994,,,11.7,3.4,,,,,,0.6,0.3,0.9,0.158,,,,,,52.0,115.0,0.51,,,,52.0,115.0,0.51,0.51,33.0,42.0,0.8059999999999999,,,73.0,7.0,,,,34.0,131.0
CHI,3042,1970.0,Al Tucker,PF,26.0,33.0,,557.0,12.9,0.5529999999999999,,0.23800000000000002,,,,7.6,,,,,,0.9,0.5,1.4,0.12300000000000001,,,,,,97.0,189.0,0.513,,,,97.0,189.0,0.513,0.513,37.0,45.0,0.8220000000000001,,,113.0,31.0,,,,52.0,231.0
CIN,2839,1969.0,Al Tucker,PF,25.0,28.0,,626.0,12.4,0.507,,0.275,,,,4.3,,,,,,0.8,0.1,0.9,0.07,,,,,,126.0,265.0,0.475,,,,126.0,265.0,0.475,0.475,49.0,73.0,0.6709999999999999,,,122.0,19.0,,,,75.0,301.0
SEA,2838,1969.0,Al Tucker,PF,25.0,81.0,,2368.0,12.9,0.48,,0.314,,,,6.2,,,,,,1.1,1.2,2.3,0.046,,,,,,437.0,989.0,0.442,,,,437.0,989.0,0.442,0.442,186.0,263.0,0.7070000000000001,,,605.0,111.0,,,,262.0,1060.0
TOT,3041,1970.0,Al Tucker,PF,26.0,84.0,,1885.0,13.3,0.56,,0.305,,,,6.2,,,,,,1.5,0.8,2.3,0.134,,,,,,361.0,809.0,0.512,,,,361.0,809.0,0.512,0.512,158.0,244.0,0.805,,,439.0,74.0,,,,186.0,880.0
