Tm,Unnamed: 0,Year,Player,Pos,Age,G,GS,MP,PER,TS%,3PAr,FTr,ORB%,DRB%,TRB%,AST%,STL%,BLK%,TOV%,USG%,blanl,OWS,DWS,WS,WS/48,blank2,OBPM,DBPM,BPM,VORP,FG,FGA,FG%,3P,3PA,3P%,2P,2PA,2P%,eFG%,FT,FTA,FT%,ORB,DRB,TRB,AST,STL,BLK,TOV,PF,PTS
GSW,21050,2011.0,Al Thornton,PF,27.0,22.0,0.0,314.0,11.3,0.5489999999999999,0.01,0.337,3.5,17.4,10.3,5.3,1.1,0.7,14.3,19.6,,0.1,0.2,0.3,0.042,,-4.5,-2.7,-7.3,-0.4,51.0,104.0,0.49,0.0,1.0,0.0,51.0,103.0,0.495,0.49,29.0,35.0,0.8290000000000001,10.0,47.0,57.0,11.0,7.0,3.0,20.0,40.0,131.0
LAC,20440,2010.0,Al Thornton,SF,26.0,79.0,67.0,2654.0,12.7,0.526,0.149,0.331,7.0,14.0,9.6,8.4,1.2,1.7,11.4,24.1,,1.0,1.6,1.5,0.05,,-1.8,-1.2,-3.0,-0.4,469.0,1051.0,0.478,43.0,130.0,0.35700000000000004,449.0,972.0,0.48200000000000004,0.484,236.0,313.0,0.754,122.0,260.0,368.0,103.0,59.0,62.0,130.0,227.0,1194.0
TOT,21048,2011.0,Al Thornton,SF-PF,27.0,75.0,46.0,2079.0,11.8,0.531,0.06,0.32899999999999996,6.4,13.4,8.8,7.2,1.3,1.3,11.7,19.0,,1.2,1.0,2.2,0.054000000000000006,,-1.9,-0.8,-2.7,-0.4,320.0,676.0,0.47600000000000003,11.0,31.0,0.355,309.0,645.0,0.496,0.48200000000000004,153.0,211.0,0.775,116.0,178.0,294.0,90.0,45.0,35.0,102.0,206.0,804.0
WAS,21049,2011.0,Al Thornton,SF,27.0,49.0,23.0,1069.0,12.1,0.525,0.079,0.33299999999999996,5.2,12.3,8.7,7.7,1.6,1.5,12.7,19.1,,0.9,0.5,1.3,0.057999999999999996,,-1.9,-0.1,-2.0,0.0,154.0,327.0,0.47100000000000003,6.0,25.0,0.353,150.0,302.0,0.49700000000000005,0.47700000000000004,81.0,107.0,0.757,46.0,110.0,156.0,51.0,28.0,13.0,44.0,103.0,393.0
