Tm,Unnamed: 0,Year,Player,Pos,Age,G,GS,MP,PER,TS%,3PAr,FTr,ORB%,DRB%,TRB%,AST%,STL%,BLK%,TOV%,USG%,blanl,OWS,DWS,WS,WS/48,blank2,OBPM,DBPM,BPM,VORP,FG,FGA,FG%,3P,3PA,3P%,2P,2PA,2P%,eFG%,FT,FTA,FT%,ORB,DRB,TRB,AST,STL,BLK,TOV,PF,PTS
ATL,6812,1982.0,Al Wood,SG,23.0,19.0,0.0,238.0,9.1,0.392,0.057,0.267,10.4,10.5,10.5,7.0,1.9,0.3,8.6,23.4,,-0.2,0.3,0.0,0.009000000000000001,,-3.5,-1.5,-5.1,-0.2,36.0,105.0,0.34299999999999997,0.0,6.0,0.0,36.0,99.0,0.364,0.34299999999999997,20.0,28.0,0.7140000000000001,22.0,22.0,44.0,11.0,9.0,1.0,11.0,34.0,92.0
DAL,8670,1987.0,Al Wood,SG,28.0,54.0,0.0,657.0,13.2,0.48200000000000004,0.081,0.44799999999999995,6.5,8.9,7.7,7.2,1.4,0.9,8.4,25.1,,0.5,0.5,1.0,0.076,,-1.8,-2.6,-4.4,-0.4,121.0,310.0,0.39,7.0,25.0,0.28,114.0,285.0,0.4,0.402,109.0,139.0,0.784,39.0,55.0,94.0,34.0,19.0,11.0,34.0,83.0,358.0
SDC,7209,1983.0,Al Wood,SG,24.0,76.0,47.0,1822.0,14.6,0.573,0.068,0.33,5.6,10.8,7.7,10.1,1.5,1.2,16.0,22.1,,1.9,0.4,2.3,0.061,,-0.1,-2.0,-2.4,-0.1,343.0,740.0,0.518,15.0,50.0,0.3,328.0,690.0,0.5429999999999999,0.524,124.0,161.0,0.802,96.0,140.0,236.0,134.0,55.0,36.0,111.0,188.0,825.0
SEA,8292,1986.0,Al Wood,SG,27.0,81.0,81.0,2545.0,14.9,0.545,0.045,0.293,5.3,11.4,8.3,14.7,1.6,1.2,10.6,24.6,,2.7,2.1,4.4,0.094,,0.2,-0.3,-0.4,1.0,515.0,1061.0,0.494,7.0,37.0,0.212,508.0,1028.0,0.502,0.496,223.0,271.0,0.823,99.0,181.0,279.0,236.0,84.0,52.0,126.0,207.0,1203.0
TOT,6811,1982.0,Al Wood,SG,23.0,48.0,5.0,930.0,13.2,0.524,0.063,0.312,6.3,10.7,8.4,9.1,1.6,0.6,14.1,22.5,,0.5,0.4,0.9,0.046,,-1.0,-2.1,-3.1,-0.3,179.0,381.0,0.47,3.0,24.0,0.125,176.0,357.0,0.493,0.474,93.0,119.0,0.782,51.0,83.0,134.0,58.0,31.0,9.0,71.0,108.0,454.0
