Tm,Unnamed: 0,Year,Player,Pos,Age,G,GS,MP,PER,TS%,3PAr,FTr,ORB%,DRB%,TRB%,AST%,STL%,BLK%,TOV%,USG%,blanl,OWS,DWS,WS,WS/48,blank2,OBPM,DBPM,BPM,VORP,FG,FGA,FG%,3P,3PA,3P%,2P,2PA,2P%,eFG%,FT,FTA,FT%,ORB,DRB,TRB,AST,STL,BLK,TOV,PF,PTS
DAL,10131,1991.0,Alex English*,SF,37.0,79.0,26.0,1748.0,12.2,0.48,0.001,0.191,7.0,9.5,8.3,9.5,1.2,0.9,11.3,22.7,,-0.2,0.8,0.6,0.017,,-2.6,-1.7,-4.3,-1.0,322.0,734.0,0.439,0.0,1.0,0.0,322.0,733.0,0.439,0.439,119.0,140.0,0.85,108.0,146.0,254.0,105.0,40.0,25.0,101.0,141.0,763.0
DEN,9661,1990.0,Alex English*,SF,36.0,82.0,82.0,3093.0,24.1,0.596,0.008,0.314,11.9,15.0,13.4,21.6,1.7,2.1,15.7,30.5,,8.9,2.3,10.3,0.166,,5.3,0.0,4.7,5.0,965.0,1920.0,0.551,4.0,15.0,0.667,961.0,1905.0,0.5529999999999999,0.551,511.0,593.0,0.88,273.0,373.0,646.0,433.0,116.0,126.0,263.0,261.0,2414.0
IND,5829,1980.0,Alex English*,SF,26.0,81.0,,2696.0,17.7,0.54,0.004,0.209,11.0,15.3,12.9,14.4,1.4,1.5,14.2,22.2,,4.3,2.6,7.0,0.124,,1.9,0.8,2.7,3.2,563.0,1102.0,0.511,0.0,3.0,0.0,563.0,1102.0,0.511,0.511,173.0,230.0,0.8140000000000001,253.0,402.0,655.0,271.0,70.0,78.0,196.0,214.0,1299.0
MIL,5121,1978.0,Alex English*,SF,24.0,82.0,,1552.0,17.4,0.568,,0.226,10.8,17.4,13.4,11.4,1.2,1.8,16.4,20.3,,2.7,1.3,4.0,0.12300000000000001,,1.0,-0.5,0.4,1.0,343.0,633.0,0.542,,,,343.0,633.0,0.542,0.542,104.0,143.0,0.767,144.0,251.0,395.0,129.0,41.0,55.0,137.0,178.0,790.0
TOT,5828,1980.0,Alex English*,SF,26.0,78.0,,2401.0,18.0,0.536,0.005,0.239,11.3,14.9,13.1,13.9,1.4,1.4,14.8,23.4,,3.3,2.0,5.3,0.105,,1.4,-0.5,1.0,1.8,553.0,1113.0,0.49700000000000005,2.0,6.0,0.33299999999999996,551.0,1107.0,0.498,0.498,210.0,266.0,0.789,269.0,336.0,605.0,224.0,73.0,62.0,214.0,206.0,1318.0
