Tm,Unnamed: 0,Year,Player,Pos,Age,G,GS,MP,PER,TS%,3PAr,FTr,ORB%,DRB%,TRB%,AST%,STL%,BLK%,TOV%,USG%,blanl,OWS,DWS,WS,WS/48,blank2,OBPM,DBPM,BPM,VORP,FG,FGA,FG%,3P,3PA,3P%,2P,2PA,2P%,eFG%,FT,FTA,FT%,ORB,DRB,TRB,AST,STL,BLK,TOV,PF,PTS
ATL,11294,1993.0,Alex Stivrins,PF,30.0,5.0,0.0,15.0,18.8,0.444,0.111,0.0,14.3,23.2,18.5,0.0,0.0,4.2,0.0,24.8,,0.0,0.0,0.0,0.08199999999999999,,-5.1,-7.9,-13.0,0.0,4.0,9.0,0.444,0.0,1.0,0.0,4.0,8.0,0.5,0.444,0.0,0.0,,2.0,3.0,5.0,0.0,0.0,1.0,0.0,0.0,8.0
LAC,11292,1993.0,Alex Stivrins,SF,30.0,1.0,0.0,1.0,-32.3,0.0,0.0,0.0,0.0,0.0,0.0,0.0,0.0,0.0,0.0,41.2,,0.0,0.0,0.0,-0.903,,-32.6,-12.3,-44.9,0.0,0.0,1.0,0.0,0.0,0.0,,0.0,1.0,0.0,0.0,0.0,0.0,,0.0,0.0,0.0,0.0,0.0,0.0,0.0,0.0,0.0
MIL,11293,1993.0,Alex Stivrins,SF,30.0,3.0,0.0,25.0,10.9,0.431,0.0,0.364,13.7,14.0,13.9,12.0,2.0,0.0,13.6,25.3,,0.0,0.0,0.0,-0.004,,-3.8,-2.5,-6.3,0.0,4.0,11.0,0.364,0.0,0.0,,4.0,11.0,0.364,0.364,3.0,4.0,0.75,3.0,3.0,6.0,2.0,1.0,0.0,2.0,4.0,11.0
PHO,11291,1993.0,Alex Stivrins,PF,30.0,10.0,0.0,35.0,14.5,0.611,0.055999999999999994,0.0,6.5,18.6,12.7,5.0,1.4,1.7,21.7,27.1,,0.0,0.0,0.0,0.022000000000000002,,-3.8,-2.4,-6.2,0.0,11.0,18.0,0.611,0.0,1.0,0.0,11.0,17.0,0.647,0.611,0.0,0.0,,2.0,6.0,8.0,1.0,1.0,1.0,5.0,7.0,22.0
SEA,8217,1986.0,Alex Stivrins,SF,23.0,3.0,0.0,14.0,-5.9,0.26,0.0,1.0,24.7,0.0,12.7,9.3,0.0,0.0,34.2,26.2,,-0.1,0.0,-0.1,-0.34700000000000003,,-10.3,-3.1,-13.4,0.0,1.0,4.0,0.25,0.0,0.0,,1.0,4.0,0.25,0.25,1.0,4.0,0.25,3.0,0.0,3.0,1.0,0.0,0.0,3.0,2.0,3.0
TOT,11290,1993.0,Alex Stivrins,PF-SF,30.0,19.0,0.0,76.0,13.5,0.503,0.051,0.10300000000000001,10.3,17.8,14.1,6.2,1.3,1.6,14.7,26.2,,-0.1,0.1,0.0,0.013000000000000001,,-4.4,-3.7,-8.1,-0.1,19.0,39.0,0.48700000000000004,0.0,2.0,0.0,19.0,37.0,0.514,0.48700000000000004,3.0,4.0,0.75,7.0,12.0,19.0,3.0,2.0,2.0,7.0,11.0,41.0
