Tm,Unnamed: 0,Year,Player,Pos,Age,G,GS,MP,PER,TS%,3PAr,FTr,ORB%,DRB%,TRB%,AST%,STL%,BLK%,TOV%,USG%,blanl,OWS,DWS,WS,WS/48,blank2,OBPM,DBPM,BPM,VORP,FG,FGA,FG%,3P,3PA,3P%,2P,2PA,2P%,eFG%,FT,FTA,FT%,ORB,DRB,TRB,AST,STL,BLK,TOV,PF,PTS
MLH,944,1955.0,Alex Hannum*,PF,31.0,53.0,,1088.0,8.9,0.386,,0.299,,,,,,,,,,-0.9,1.4,0.5,0.024,,,,,,126.0,358.0,0.35200000000000004,,,,126.0,358.0,0.35200000000000004,0.35200000000000004,61.0,107.0,0.57,,,245.0,105.0,,,,206.0,313.0
ROC,817,1954.0,Alex Hannum*,PF,30.0,72.0,,1707.0,9.6,0.413,,0.369,,,,,,,,,,0.1,2.8,2.1,0.059000000000000004,,,,,,175.0,503.0,0.358,,,,175.0,503.0,0.358,0.358,102.0,164.0,0.662,,,350.0,105.0,,,,279.0,452.0
STL,1056,1956.0,Alex Hannum*,PF,32.0,71.0,,1480.0,7.9,0.37,,0.34,,,,,,,,,,-1.6,2.0,0.4,0.012,,,,,,146.0,453.0,0.322,,,,146.0,453.0,0.322,0.322,93.0,154.0,0.604,,,344.0,157.0,,,,271.0,385.0
SYR,372,1951.0,Alex Hannum*,PF,27.0,64.0,,,,0.423,,0.39899999999999997,,,,,,,,,,2.0,3.2,5.1,,,,,,,182.0,494.0,0.368,,,,182.0,494.0,0.368,0.368,128.0,197.0,0.688,,,301.0,129.0,,,,271.0,482.0
TOT,1159,1957.0,Alex Hannum*,F-C,33.0,66.0,,1508.0,,0.419,,0.299,,,,,,,,,,,,,,,,,,,170.0,462.0,0.368,,,,170.0,462.0,0.368,0.368,98.0,138.0,0.71,,,336.0,133.0,,,,271.0,438.0
