Tm,Unnamed: 0,Year,Player,Pos,Age,G,GS,MP,PER,TS%,3PAr,FTr,ORB%,DRB%,TRB%,AST%,STL%,BLK%,TOV%,USG%,blanl,OWS,DWS,WS,WS/48,blank2,OBPM,DBPM,BPM,VORP,FG,FGA,FG%,3P,3PA,3P%,2P,2PA,2P%,eFG%,FT,FTA,FT%,ORB,DRB,TRB,AST,STL,BLK,TOV,PF,PTS
DET,19340,2009.0,Alex Acker,SG,26.0,7.0,0.0,35.0,16.0,0.379,0.364,0.182,3.4,13.7,8.5,17.9,5.5,3.9,20.0,28.3,,0.0,0.0,0.0,0.009000000000000001,,-3.2,1.0,-2.3,0.0,4.0,16.0,0.364,1.0,5.0,0.2,4.0,11.0,0.5710000000000001,0.364,1.0,2.0,0.5,1.0,4.0,5.0,4.0,2.0,1.0,4.0,4.0,9.0
LAC,19341,2009.0,Alex Acker,SG,26.0,18.0,0.0,179.0,9.8,0.46,0.24600000000000002,0.12300000000000001,5.0,9.3,7.1,10.3,0.9,1.2,9.3,19.2,,-0.1,0.0,0.0,-0.013000000000000001,,-3.6,-2.8,-6.4,-0.2,26.0,65.0,0.4,7.0,16.0,0.43799999999999994,19.0,49.0,0.38799999999999996,0.45399999999999996,4.0,8.0,0.5,8.0,14.0,22.0,11.0,3.0,3.0,7.0,9.0,63.0
TOT,19339,2009.0,Alex Acker,SG,26.0,25.0,0.0,199.0,10.4,0.44799999999999995,0.263,0.132,4.5,9.6,7.0,10.2,1.3,1.5,8.0,20.1,,-0.1,0.1,0.0,-0.011000000000000001,,-3.6,-2.4,-6.0,-0.2,30.0,76.0,0.395,7.0,20.0,0.35,23.0,56.0,0.41100000000000003,0.441,5.0,10.0,0.5,8.0,16.0,24.0,12.0,5.0,4.0,7.0,9.0,72.0
