Tm,Unnamed: 0,Year,Player,Pos,Age,G,GS,MP,PER,TS%,3PAr,FTr,ORB%,DRB%,TRB%,AST%,STL%,BLK%,TOV%,USG%,blanl,OWS,DWS,WS,WS/48,blank2,OBPM,DBPM,BPM,VORP,FG,FGA,FG%,3P,3PA,3P%,2P,2PA,2P%,eFG%,FT,FTA,FT%,ORB,DRB,TRB,AST,STL,BLK,TOV,PF,PTS
MEM,18470,2007.0,Alexander Johnson,PF,23.0,59.0,19.0,753.0,13.2,0.588,0.0,0.698,7.9,20.8,14.4,3.6,1.7,3.5,17.5,16.1,,0.7,0.6,1.3,0.083,,-2.7,0.0,-2.7,-0.1,91.0,169.0,0.5379999999999999,0.0,0.0,,91.0,169.0,0.5379999999999999,0.5379999999999999,78.0,118.0,0.6609999999999999,50.0,131.0,181.0,17.0,25.0,35.0,47.0,137.0,260.0
MIA,19027,2008.0,Alexander Johnson,PF,24.0,43.0,6.0,549.0,8.9,0.5539999999999999,0.0,0.664,6.9,13.7,10.3,4.0,1.3,1.5,20.6,17.6,,-0.1,0.4,0.2,0.019,,-5.2,-1.2,-6.4,-0.6,61.0,125.0,0.488,0.0,0.0,,61.0,125.0,0.488,0.488,57.0,83.0,0.687,32.0,62.0,94.0,13.0,13.0,10.0,42.0,80.0,179.0
