Tm,Unnamed: 0,Year,Player,Pos,Age,G,GS,MP,PER,TS%,3PAr,FTr,ORB%,DRB%,TRB%,AST%,STL%,BLK%,TOV%,USG%,blanl,OWS,DWS,WS,WS/48,blank2,OBPM,DBPM,BPM,VORP,FG,FGA,FG%,3P,3PA,3P%,2P,2PA,2P%,eFG%,FT,FTA,FT%,ORB,DRB,TRB,AST,STL,BLK,TOV,PF,PTS
DET,12509,1996.0,Allan Houston,SG,24.0,82.0,75.0,3072.0,16.4,0.589,0.434,0.29100000000000004,2.2,9.3,5.9,15.5,1.6,0.6,14.2,25.4,,4.2,3.0,7.1,0.11199999999999999,,2.6,-1.3,0.7,2.1,564.0,1244.0,0.46299999999999997,191.0,447.0,0.42700000000000005,373.0,797.0,0.494,0.555,298.0,362.0,0.86,54.0,246.0,300.0,250.0,61.0,16.0,233.0,233.0,1617.0
NYK,17316,2005.0,Allan Houston,SG,33.0,82.0,82.0,3169.0,17.7,0.569,0.39,0.27699999999999997,2.0,10.8,6.0,15.0,1.2,0.7,14.1,27.0,,6.6,3.5,8.6,0.13,,3.2,-0.6,1.5,2.8,652.0,1465.0,0.483,178.0,450.0,0.436,508.0,1064.0,0.494,0.525,363.0,395.0,0.919,43.0,263.0,283.0,224.0,65.0,24.0,200.0,233.0,1845.0
