Tm,Unnamed: 0,Year,Player,Pos,Age,G,GS,MP,PER,TS%,3PAr,FTr,ORB%,DRB%,TRB%,AST%,STL%,BLK%,TOV%,USG%,blanl,OWS,DWS,WS,WS/48,blank2,OBPM,DBPM,BPM,VORP,FG,FGA,FG%,3P,3PA,3P%,2P,2PA,2P%,eFG%,FT,FTA,FT%,ORB,DRB,TRB,AST,STL,BLK,TOV,PF,PTS
CLE,22472,2014.0,Alonzo Gee,SG,26.0,82.0,82.0,2541.0,13.2,0.552,0.294,0.385,6.1,14.3,10.0,10.6,2.4,1.3,15.0,18.7,,1.2,1.5,2.4,0.063,,-0.5,0.7,-0.5,0.7,305.0,744.0,0.462,69.0,219.0,0.34700000000000003,236.0,525.0,0.49200000000000005,0.498,167.0,212.0,0.8,101.0,245.0,322.0,133.0,107.0,29.0,132.0,199.0,842.0
DEN,24277,2017.0,Alonzo Gee,SF,29.0,39.0,0.0,511.0,14.0,0.574,0.214,0.643,5.9,13.5,9.3,8.2,2.7,0.9,18.2,16.1,,0.7,0.4,1.1,0.1,,-0.7,1.0,-0.4,0.2,66.0,137.0,0.48200000000000004,10.0,24.0,0.41700000000000004,56.0,113.0,0.496,0.518,48.0,65.0,0.738,29.0,41.0,70.0,19.0,28.0,6.0,25.0,42.0,190.0
NOP,23691,2016.0,Alonzo Gee,SF,28.0,73.0,38.0,1632.0,8.4,0.5720000000000001,0.235,0.259,3.9,13.0,8.3,6.2,1.9,0.7,16.2,9.2,,1.0,0.9,1.9,0.055999999999999994,,-1.8,1.0,-0.8,0.5,132.0,255.0,0.518,17.0,60.0,0.28300000000000003,115.0,195.0,0.59,0.551,44.0,66.0,0.667,60.0,185.0,245.0,72.0,63.0,13.0,55.0,169.0,325.0
POR,23078,2015.0,Alonzo Gee,SF,27.0,15.0,2.0,151.0,9.7,0.47,0.22399999999999998,0.245,5.8,11.1,8.5,6.0,2.4,0.5,12.8,18.5,,-0.1,0.2,0.1,0.039,,-3.2,0.2,-3.0,0.0,21.0,49.0,0.429,3.0,11.0,0.273,18.0,38.0,0.474,0.45899999999999996,6.0,12.0,0.5,8.0,16.0,24.0,6.0,7.0,1.0,8.0,16.0,51.0
SAS,20734,2011.0,Alonzo Gee,SG,23.0,5.0,0.0,18.0,-2.1,0.33299999999999996,0.0,0.0,13.2,6.3,9.7,0.0,0.0,7.9,50.0,15.3,,-0.1,0.0,-0.1,-0.175,,-12.1,1.4,-10.6,0.0,1.0,3.0,0.33299999999999996,0.0,0.0,,1.0,3.0,0.33299999999999996,0.33299999999999996,0.0,0.0,,2.0,1.0,3.0,0.0,0.0,2.0,3.0,3.0,2.0
TOT,23076,2015.0,Alonzo Gee,SG,27.0,56.0,34.0,1118.0,13.0,0.5479999999999999,0.193,0.414,6.2,12.7,9.3,5.8,2.7,1.2,15.3,16.7,,0.6,0.6,1.2,0.086,,-1.3,0.3,-1.0,0.2,121.0,264.0,0.46799999999999997,17.0,51.0,0.371,104.0,213.0,0.49,0.503,72.0,92.0,0.7829999999999999,62.0,120.0,182.0,38.0,40.0,18.0,55.0,94.0,331.0
WAS,20735,2011.0,Alonzo Gee,SG,23.0,11.0,5.0,182.0,16.2,0.564,0.153,0.49200000000000005,9.5,11.6,10.4,6.4,2.8,0.4,19.9,20.4,,0.3,0.1,0.4,0.10800000000000001,,0.2,-0.4,-1.4,0.0,28.0,59.0,0.475,7.0,9.0,0.778,21.0,50.0,0.48,0.534,18.0,29.0,0.667,15.0,18.0,33.0,7.0,7.0,1.0,10.0,13.0,81.0
