Tm,Unnamed: 0,Year,Player,Pos,Age,G,GS,MP,PER,TS%,3PAr,FTr,ORB%,DRB%,TRB%,AST%,STL%,BLK%,TOV%,USG%,blanl,OWS,DWS,WS,WS/48,blank2,OBPM,DBPM,BPM,VORP,FG,FGA,FG%,3P,3PA,3P%,2P,2PA,2P%,eFG%,FT,FTA,FT%,ORB,DRB,TRB,AST,STL,BLK,TOV,PF,PTS
CHH,12122,1995.0,Alonzo Mourning*,C,24.0,78.0,78.0,2941.0,21.7,0.593,0.031,0.672,11.2,23.0,16.7,6.6,0.9,5.8,15.4,27.3,,4.8,5.1,9.4,0.153,,-0.1,2.1,1.3,2.5,572.0,1119.0,0.519,11.0,34.0,0.324,572.0,1116.0,0.525,0.524,495.0,644.0,0.7809999999999999,263.0,561.0,805.0,111.0,49.0,271.0,241.0,286.0,1643.0
MIA,19120,2008.0,Alonzo Mourning*,C,37.0,79.0,78.0,2748.0,25.8,0.615,0.027999999999999997,0.887,13.6,25.6,19.6,11.4,1.4,10.2,18.7,30.6,,7.3,5.6,12.9,0.226,,1.7,3.9,4.8,4.6,652.0,1184.0,0.597,9.0,30.0,0.33299999999999996,652.0,1180.0,0.599,0.597,488.0,712.0,0.711,218.0,538.0,753.0,159.0,70.0,294.0,262.0,308.0,1718.0
NJN,17438,2005.0,Alonzo Mourning*,PF,34.0,18.0,14.0,457.0,13.5,0.5579999999999999,0.0,0.573,8.0,25.6,16.7,6.6,0.6,7.4,19.3,23.9,,0.4,0.9,0.6,0.14,,-2.7,2.3,-4.4,-0.1,68.0,150.0,0.465,0.0,0.0,,68.0,150.0,0.465,0.465,51.0,86.0,0.882,31.0,96.0,127.0,14.0,5.0,41.0,45.0,50.0,187.0
TOT,17437,2005.0,Alonzo Mourning*,C-PF,34.0,37.0,17.0,702.0,15.4,0.515,0.0,0.665,9.0,24.5,16.8,4.6,0.6,8.3,17.2,22.1,,-0.3,1.5,1.2,0.08,,-5.9,2.5,-3.4,-0.2,100.0,212.0,0.47200000000000003,0.0,0.0,,100.0,212.0,0.47200000000000003,0.47200000000000003,82.0,141.0,0.5820000000000001,53.0,145.0,198.0,18.0,8.0,74.0,57.0,82.0,282.0
