Tm,Unnamed: 0,Year,Player,Pos,Age,G,GS,MP,PER,TS%,3PAr,FTr,ORB%,DRB%,TRB%,AST%,STL%,BLK%,TOV%,USG%,blanl,OWS,DWS,WS,WS/48,blank2,OBPM,DBPM,BPM,VORP,FG,FGA,FG%,3P,3PA,3P%,2P,2PA,2P%,eFG%,FT,FTA,FT%,ORB,DRB,TRB,AST,STL,BLK,TOV,PF,PTS
ORL,13163,1997.0,Amal McCaskill,C,23.0,17.0,1.0,109.0,6.1,0.376,0.063,0.375,4.2,19.9,11.8,10.3,1.5,3.6,22.8,20.4,,-0.3,0.2,-0.2,-0.086,,-9.6,1.1,-8.5,-0.2,10.0,32.0,0.313,0.0,2.0,0.0,10.0,30.0,0.33299999999999996,0.313,8.0,12.0,0.667,4.0,18.0,22.0,7.0,3.0,5.0,11.0,7.0,28.0
SAS,15796,2002.0,Amal McCaskill,C,28.0,27.0,0.0,153.0,10.2,0.43,0.0,0.531,12.4,14.5,13.5,4.3,2.1,4.6,18.8,22.6,,-0.3,0.3,0.0,0.01,,-6.2,1.4,-4.8,-0.1,20.0,49.0,0.408,0.0,0.0,,20.0,49.0,0.408,0.408,12.0,26.0,0.462,16.0,20.0,36.0,4.0,6.0,10.0,14.0,23.0,52.0
ATL,16284,2003.0,Amal McCaskill,C,29.0,11.0,0.0,70.0,7.3,0.293,0.0,0.235,11.9,23.5,17.9,10.8,2.3,1.0,9.6,13.6,,-0.1,0.1,0.0,0.015,,-5.1,0.6,-4.5,0.0,4.0,17.0,0.235,0.0,0.0,,4.0,17.0,0.235,0.235,3.0,4.0,0.75,7.0,15.0,22.0,5.0,3.0,1.0,2.0,13.0,11.0
PHI,16817,2004.0,Amal McCaskill,C,30.0,59.0,3.0,636.0,7.3,0.43799999999999994,0.009000000000000001,0.231,9.0,15.6,12.3,5.2,1.0,2.5,16.2,11.4,,-0.1,0.7,0.6,0.047,,-4.5,0.9,-3.6,-0.3,47.0,117.0,0.402,0.0,1.0,0.0,47.0,116.0,0.405,0.402,19.0,27.0,0.7040000000000001,48.0,85.0,133.0,20.0,12.0,20.0,25.0,89.0,113.0
