Tm,Unnamed: 0,Year,Player,Pos,Age,G,GS,MP,PER,TS%,3PAr,FTr,ORB%,DRB%,TRB%,AST%,STL%,BLK%,TOV%,USG%,blanl,OWS,DWS,WS,WS/48,blank2,OBPM,DBPM,BPM,VORP,FG,FGA,FG%,3P,3PA,3P%,2P,2PA,2P%,eFG%,FT,FTA,FT%,ORB,DRB,TRB,AST,STL,BLK,TOV,PF,PTS
PHO,20417,2010.0,Amar'e Stoudemire,PF,27.0,82.0,82.0,2889.0,27.6,0.6559999999999999,0.037000000000000005,0.595,13.6,23.3,17.8,8.3,1.6,4.2,15.3,28.7,,11.3,4.0,14.6,0.262,,3.5,0.7,3.9,4.0,747.0,1336.0,0.59,5.0,31.0,0.429,744.0,1320.0,0.601,0.5920000000000001,583.0,795.0,0.889,250.0,564.0,786.0,131.0,78.0,163.0,232.0,295.0,2080.0
DAL,23427,2015.0,Amar'e Stoudemire,PF,32.0,23.0,1.0,380.0,22.3,0.605,0.006,0.33,7.8,16.5,12.1,3.9,1.2,0.9,6.8,25.8,,1.1,0.3,1.4,0.18100000000000002,,0.8,-3.1,-2.2,0.0,104.0,179.0,0.581,0.0,1.0,0.0,104.0,178.0,0.584,0.581,40.0,59.0,0.6779999999999999,27.0,57.0,84.0,8.0,9.0,4.0,15.0,50.0,248.0
NYK,23426,2015.0,Amar'e Stoudemire,PF,32.0,78.0,78.0,2870.0,22.7,0.637,0.032,0.48700000000000004,10.8,22.3,16.4,13.2,1.3,3.8,14.7,30.9,,5.4,2.6,8.0,0.191,,0.8,0.1,0.7,1.9,744.0,1482.0,0.5770000000000001,10.0,23.0,0.435,734.0,1459.0,0.5770000000000001,0.5770000000000001,473.0,597.0,0.8079999999999999,198.0,438.0,636.0,202.0,71.0,150.0,250.0,274.0,1971.0
TOT,23425,2015.0,Amar'e Stoudemire,PF,32.0,59.0,15.0,1245.0,20.3,0.595,0.008,0.38,9.9,20.5,15.1,6.8,1.2,2.5,12.0,23.8,,2.6,1.0,3.6,0.138,,-0.2,-1.3,-1.4,0.2,273.0,490.0,0.557,0.0,4.0,0.0,273.0,486.0,0.562,0.557,134.0,186.0,0.72,110.0,219.0,329.0,45.0,29.0,38.0,78.0,161.0,680.0
MIA,24019,2016.0,Amar'e Stoudemire,C,33.0,52.0,36.0,762.0,17.3,0.599,0.0,0.303,10.0,22.6,16.5,5.6,1.2,4.1,15.8,17.8,,1.1,1.3,2.4,0.15,,-1.7,1.4,-0.4,0.3,125.0,221.0,0.5660000000000001,0.0,0.0,,125.0,221.0,0.5660000000000001,0.5660000000000001,50.0,67.0,0.746,65.0,157.0,222.0,27.0,18.0,41.0,47.0,92.0,300.0
