Tm,Unnamed: 0,Year,Player,Pos,Age,G,GS,MP,PER,TS%,3PAr,FTr,ORB%,DRB%,TRB%,AST%,STL%,BLK%,TOV%,USG%,blanl,OWS,DWS,WS,WS/48,blank2,OBPM,DBPM,BPM,VORP,FG,FGA,FG%,3P,3PA,3P%,2P,2PA,2P%,eFG%,FT,FTA,FT%,ORB,DRB,TRB,AST,STL,BLK,TOV,PF,PTS
BOS,24373,2017.0,Amir Johnson,PF,29.0,80.0,77.0,1800.0,16.0,0.628,0.17800000000000002,0.284,10.3,19.6,14.9,13.0,1.6,3.6,16.4,13.6,,3.0,2.9,5.9,0.158,,-0.2,3.2,3.0,2.3,249.0,426.0,0.585,27.0,66.0,0.409,239.0,383.0,0.624,0.612,69.0,121.0,0.67,178.0,327.0,505.0,140.0,52.0,83.0,94.0,214.0,577.0
DET,19623,2009.0,Amir Johnson,SF,21.0,62.0,24.0,911.0,20.6,0.85,0.3,0.424,14.4,23.2,18.4,13.4,2.2,8.5,25.4,19.2,,1.4,1.9,3.0,0.20800000000000002,,3.8,5.7,4.3,1.2,97.0,165.0,0.7,2.0,3.0,0.667,97.0,165.0,0.7140000000000001,0.8,37.0,55.0,1.0,102.0,148.0,235.0,29.0,24.0,82.0,39.0,171.0,221.0
TOR,23166,2015.0,Amir Johnson,PF,27.0,82.0,72.0,2325.0,17.6,0.639,0.10800000000000001,0.446,12.9,20.0,16.1,9.4,1.8,3.8,20.0,16.4,,4.4,3.1,7.3,0.151,,1.5,2.8,3.5,3.2,344.0,612.0,0.623,20.0,66.0,0.413,331.0,593.0,0.63,0.623,136.0,187.0,0.7879999999999999,227.0,384.0,611.0,122.0,81.0,110.0,123.0,301.0,813.0
