Tm,Unnamed: 0,Year,Player,Pos,Age,G,GS,MP,PER,TS%,3PAr,FTr,ORB%,DRB%,TRB%,AST%,STL%,BLK%,TOV%,USG%,blanl,OWS,DWS,WS,WS/48,blank2,OBPM,DBPM,BPM,VORP,FG,FGA,FG%,3P,3PA,3P%,2P,2PA,2P%,eFG%,FT,FTA,FT%,ORB,DRB,TRB,AST,STL,BLK,TOV,PF,PTS
BRK,24492,2017.0,Andrew Nicholson,PF,27.0,10.0,0.0,111.0,5.0,0.43,0.324,0.059000000000000004,3.9,21.7,12.9,4.0,2.1,0.0,14.7,15.8,,-0.2,0.1,-0.1,-0.031,,-6.8,-1.0,-7.8,-0.2,13.0,34.0,0.382,2.0,11.0,0.182,11.0,23.0,0.478,0.41200000000000003,2.0,2.0,1.0,4.0,23.0,27.0,3.0,5.0,0.0,6.0,18.0,30.0
ORL,23915,2016.0,Andrew Nicholson,PF,26.0,76.0,28.0,1249.0,15.1,0.5670000000000001,0.368,0.21,6.2,22.8,13.5,7.3,1.0,2.2,13.0,22.1,,0.9,1.0,1.7,0.092,,-1.7,-1.6,-3.7,-0.4,256.0,486.0,0.527,41.0,114.0,0.36,256.0,486.0,0.536,0.537,75.0,94.0,0.825,69.0,202.0,258.0,44.0,24.0,32.0,79.0,150.0,587.0
TOT,24490,2017.0,Andrew Nicholson,PF,27.0,38.0,0.0,342.0,5.9,0.42700000000000005,0.243,0.126,4.9,14.6,9.8,4.1,2.3,1.5,12.7,17.0,,-0.5,0.4,-0.1,-0.019,,-5.9,-0.5,-6.4,-0.4,43.0,111.0,0.387,5.0,27.0,0.185,38.0,84.0,0.452,0.41,9.0,14.0,0.643,15.0,46.0,61.0,10.0,16.0,6.0,17.0,55.0,100.0
WAS,24491,2017.0,Andrew Nicholson,PF,27.0,28.0,0.0,231.0,6.3,0.425,0.20800000000000002,0.156,5.4,11.2,8.3,4.2,2.3,2.2,11.8,17.6,,-0.3,0.3,-0.1,-0.013999999999999999,,-5.5,-0.3,-5.8,-0.2,30.0,77.0,0.39,3.0,16.0,0.188,27.0,61.0,0.44299999999999995,0.409,7.0,12.0,0.583,11.0,23.0,34.0,7.0,11.0,6.0,11.0,37.0,70.0
