Tm,Unnamed: 0,Year,Player,Pos,Age,G,GS,MP,PER,TS%,3PAr,FTr,ORB%,DRB%,TRB%,AST%,STL%,BLK%,TOV%,USG%,blanl,OWS,DWS,WS,WS/48,blank2,OBPM,DBPM,BPM,VORP,FG,FGA,FG%,3P,3PA,3P%,2P,2PA,2P%,eFG%,FT,FTA,FT%,ORB,DRB,TRB,AST,STL,BLK,TOV,PF,PTS
IND,19155,2008.0,Andre Owens,PG,27.0,31.0,7.0,392.0,10.0,0.504,0.374,0.318,3.5,9.6,6.5,17.6,1.6,0.6,16.4,16.1,,0.1,0.3,0.4,0.053,,-2.3,-1.1,-3.4,-0.1,40.0,107.0,0.374,18.0,40.0,0.45,22.0,67.0,0.32799999999999996,0.45799999999999996,25.0,34.0,0.735,13.0,34.0,47.0,47.0,13.0,3.0,24.0,37.0,123.0
UTA,18042,2006.0,Andre Owens,PG,25.0,23.0,2.0,210.0,5.2,0.42100000000000004,0.21600000000000003,0.243,6.3,5.8,6.1,6.8,1.3,0.0,13.7,20.9,,-0.3,0.1,-0.2,-0.047,,-4.8,-3.6,-8.4,-0.3,27.0,74.0,0.365,3.0,16.0,0.188,24.0,58.0,0.414,0.385,12.0,18.0,0.667,11.0,10.0,21.0,8.0,5.0,0.0,13.0,25.0,69.0
