Tm,Unnamed: 0,Year,Player,Pos,Age,G,GS,MP,PER,TS%,3PAr,FTr,ORB%,DRB%,TRB%,AST%,STL%,BLK%,TOV%,USG%,blanl,OWS,DWS,WS,WS/48,blank2,OBPM,DBPM,BPM,VORP,FG,FGA,FG%,3P,3PA,3P%,2P,2PA,2P%,eFG%,FT,FTA,FT%,ORB,DRB,TRB,AST,STL,BLK,TOV,PF,PTS
UTA,20846,2011.0,Andrei Kirilenko,SF,29.0,82.0,78.0,2895.0,24.4,0.603,0.21600000000000003,0.6779999999999999,9.5,18.4,13.5,20.5,2.9,8.5,20.5,21.9,,6.5,5.0,11.6,0.19899999999999998,,3.8,5.3,9.1,7.5,412.0,931.0,0.506,68.0,201.0,0.379,344.0,730.0,0.555,0.546,392.0,496.0,0.8,226.0,403.0,629.0,299.0,150.0,220.0,215.0,185.0,1284.0
MIN,21973,2013.0,Andrei Kirilenko,SF,31.0,64.0,64.0,2034.0,17.6,0.59,0.214,0.446,5.6,15.1,10.2,14.4,2.4,2.4,15.1,17.4,,3.4,2.6,6.0,0.142,,1.4,2.8,4.2,3.2,284.0,560.0,0.507,35.0,120.0,0.292,249.0,440.0,0.5660000000000001,0.5379999999999999,188.0,250.0,0.752,102.0,260.0,362.0,177.0,96.0,62.0,119.0,82.0,791.0
BRK,23191,2015.0,Andrei Kirilenko,SF,33.0,45.0,4.0,857.0,12.4,0.532,0.031,0.8,7.7,18.6,12.5,13.1,2.4,1.9,20.3,14.6,,0.4,0.9,1.3,0.07,,-1.9,1.8,-0.1,0.4,82.0,160.0,0.513,1.0,5.0,0.2,81.0,155.0,0.523,0.516,61.0,119.0,0.75,55.0,91.0,146.0,72.0,40.0,19.0,54.0,65.0,226.0
