Tm,Unnamed: 0,Year,Player,Pos,Age,G,GS,MP,PER,TS%,3PAr,FTr,ORB%,DRB%,TRB%,AST%,STL%,BLK%,TOV%,USG%,blanl,OWS,DWS,WS,WS/48,blank2,OBPM,DBPM,BPM,VORP,FG,FGA,FG%,3P,3PA,3P%,2P,2PA,2P%,eFG%,FT,FTA,FT%,ORB,DRB,TRB,AST,STL,BLK,TOV,PF,PTS
MIL,21180,2012.0,Andrew Bogut,PF,27.0,82.0,78.0,2720.0,20.7,0.586,0.008,0.354,11.8,27.7,19.4,13.9,1.7,6.2,19.3,23.3,,3.1,5.1,7.5,0.161,,-0.1,5.0,3.4,3.0,473.0,910.0,0.5770000000000001,1.0,7.0,0.2,473.0,908.0,0.5770000000000001,0.5770000000000001,189.0,322.0,0.629,245.0,521.0,763.0,199.0,64.0,175.0,172.0,259.0,1119.0
GSW,23574,2016.0,Andrew Bogut,C,31.0,70.0,67.0,1769.0,17.0,0.623,0.005,0.207,11.4,29.7,20.7,15.4,1.3,5.8,22.1,13.4,,2.6,4.0,6.5,0.18,,-0.6,5.6,4.5,2.8,235.0,375.0,0.627,1.0,1.0,1.0,235.0,375.0,0.627,0.629,24.0,64.0,0.524,182.0,489.0,671.0,180.0,47.0,121.0,106.0,221.0,492.0
CLE,24156,2017.0,Andrew Bogut,C,32.0,1.0,0.0,1.0,-35.3,,,,0.0,0.0,0.0,0.0,0.0,0.0,,0.0,,0.0,0.0,0.0,0.02,,-5.7,0.0,-5.7,0.0,0.0,0.0,,0.0,0.0,,0.0,0.0,,,0.0,0.0,,0.0,0.0,0.0,0.0,0.0,0.0,0.0,2.0,0.0
DAL,24155,2017.0,Andrew Bogut,C,32.0,26.0,21.0,582.0,9.4,0.46,0.012,0.136,10.7,33.9,21.7,12.3,1.2,3.9,33.4,10.4,,-0.3,1.0,0.7,0.055,,-5.6,5.3,-0.3,0.3,38.0,81.0,0.469,0.0,1.0,0.0,38.0,80.0,0.475,0.469,3.0,11.0,0.273,56.0,162.0,218.0,49.0,13.0,25.0,43.0,84.0,79.0
TOT,24154,2017.0,Andrew Bogut,C,32.0,27.0,21.0,583.0,9.3,0.46,0.012,0.136,10.6,33.9,21.7,12.3,1.2,3.9,33.4,10.4,,-0.3,1.0,0.7,0.055,,-5.6,5.3,-0.3,0.3,38.0,81.0,0.469,0.0,1.0,0.0,38.0,80.0,0.475,0.469,3.0,11.0,0.273,56.0,162.0,218.0,49.0,13.0,25.0,43.0,86.0,79.0
