Tm,Unnamed: 0,Year,Player,Pos,Age,G,GS,MP,PER,TS%,3PAr,FTr,ORB%,DRB%,TRB%,AST%,STL%,BLK%,TOV%,USG%,blanl,OWS,DWS,WS,WS/48,blank2,OBPM,DBPM,BPM,VORP,FG,FGA,FG%,3P,3PA,3P%,2P,2PA,2P%,eFG%,FT,FTA,FT%,ORB,DRB,TRB,AST,STL,BLK,TOV,PF,PTS
HOU,23701,2016.0,Andrew Goudelock,PG,27.0,8.0,0.0,50.0,12.4,0.506,0.45,0.2,2.2,2.2,2.2,13.3,5.9,3.3,24.3,24.8,,-0.1,0.1,0.0,-0.033,,-4.1,0.6,-3.6,0.0,9.0,20.0,0.45,1.0,9.0,0.111,8.0,11.0,0.727,0.475,3.0,4.0,0.75,1.0,1.0,2.0,4.0,6.0,2.0,7.0,4.0,22.0
LAL,21870,2013.0,Andrew Goudelock,SG,24.0,40.0,0.0,419.0,8.4,0.488,0.431,0.069,18.9,6.6,9.2,8.0,0.5,0.0,10.5,21.9,,0.0,0.1,0.1,0.011000000000000001,,-2.3,-4.3,-6.6,0.0,68.0,174.0,0.391,28.0,75.0,0.373,40.0,99.0,0.40399999999999997,0.47100000000000003,11.0,12.0,0.917,5.0,26.0,31.0,20.0,4.0,0.0,21.0,32.0,175.0
