Tm,Unnamed: 0,Year,Player,Pos,Age,G,GS,MP,PER,TS%,3PAr,FTr,ORB%,DRB%,TRB%,AST%,STL%,BLK%,TOV%,USG%,blanl,OWS,DWS,WS,WS/48,blank2,OBPM,DBPM,BPM,VORP,FG,FGA,FG%,3P,3PA,3P%,2P,2PA,2P%,eFG%,FT,FTA,FT%,ORB,DRB,TRB,AST,STL,BLK,TOV,PF,PTS
BOS,14081,1999.0,Andrew DeClercq,C,25.0,81.0,49.0,1523.0,13.2,0.5379999999999999,0.003,0.509,14.0,18.0,15.2,6.1,2.9,2.5,24.0,15.9,,1.4,2.1,3.4,0.10800000000000001,,-1.6,1.7,0.1,0.8,169.0,340.0,0.49700000000000005,0.0,1.0,0.0,169.0,339.0,0.499,0.49700000000000005,101.0,168.0,0.655,180.0,212.0,392.0,59.0,85.0,49.0,84.0,277.0,439.0
CLE,14597,2000.0,Andrew DeClercq,C,26.0,82.0,31.0,1831.0,15.8,0.552,0.0,0.511,10.8,18.1,14.5,5.1,2.4,2.6,17.4,17.3,,1.5,2.3,2.9,0.151,,-0.1,1.5,0.8,0.6,225.0,443.0,0.508,0.0,0.0,,225.0,443.0,0.508,0.508,94.0,160.0,0.679,156.0,283.0,439.0,58.0,63.0,66.0,108.0,275.0,544.0
GSW,12963,1997.0,Andrew DeClercq,C,23.0,71.0,1.0,1065.0,12.5,0.552,0.02,0.5529999999999999,13.6,19.7,16.6,6.8,1.8,1.9,18.3,17.4,,0.8,0.7,1.6,0.102,,-1.1,-0.2,-1.3,0.0,142.0,273.0,0.52,0.0,1.0,0.0,142.0,273.0,0.52,0.52,91.0,151.0,0.603,122.0,176.0,298.0,32.0,33.0,27.0,76.0,229.0,375.0
ORL,17218,2005.0,Andrew DeClercq,C,31.0,77.0,53.0,1327.0,12.8,0.57,0.0,0.425,16.2,18.3,14.8,6.2,2.3,2.7,20.5,14.5,,1.3,1.4,2.6,0.132,,-1.7,1.6,-0.2,0.4,149.0,279.0,0.5539999999999999,0.0,0.0,,149.0,279.0,0.5539999999999999,0.5539999999999999,67.0,104.0,0.815,142.0,197.0,339.0,52.0,47.0,36.0,84.0,258.0,365.0
TOT,14080,1999.0,Andrew DeClercq,C,25.0,47.0,32.0,1102.0,15.0,0.5489999999999999,0.0,0.511,11.5,17.0,14.3,5.1,2.5,2.1,13.8,17.0,,1.6,1.5,3.1,0.136,,-0.5,1.0,0.5,0.7,138.0,276.0,0.5,0.0,0.0,,138.0,276.0,0.5,0.5,95.0,141.0,0.674,104.0,151.0,255.0,31.0,50.0,29.0,54.0,161.0,371.0
