Tm,Unnamed: 0,Year,Player,Pos,Age,G,GS,MP,PER,TS%,3PAr,FTr,ORB%,DRB%,TRB%,AST%,STL%,BLK%,TOV%,USG%,blanl,OWS,DWS,WS,WS/48,blank2,OBPM,DBPM,BPM,VORP,FG,FGA,FG%,3P,3PA,3P%,2P,2PA,2P%,eFG%,FT,FTA,FT%,ORB,DRB,TRB,AST,STL,BLK,TOV,PF,PTS
WAS,21177,2012.0,Andray Blatche,PF,25.0,82.0,63.0,2256.0,17.6,0.519,0.19399999999999998,0.29600000000000004,12.6,19.8,16.1,13.8,2.3,5.7,18.3,25.8,,0.8,2.6,3.4,0.085,,-0.6,2.4,0.6,1.5,478.0,999.0,0.478,13.0,44.0,0.295,465.0,955.0,0.48700000000000004,0.485,220.0,283.0,0.833,183.0,351.0,526.0,170.0,98.0,114.0,182.0,258.0,1143.0
BRK,22322,2014.0,Andray Blatche,PF,27.0,82.0,8.0,1618.0,21.9,0.547,0.08,0.32799999999999996,12.2,19.9,15.8,12.8,3.0,2.7,13.8,26.5,,2.4,2.5,4.9,0.153,,0.7,1.6,2.3,1.7,346.0,676.0,0.512,15.0,54.0,0.278,343.0,654.0,0.524,0.514,164.0,221.0,0.742,161.0,270.0,417.0,112.0,86.0,54.0,123.0,166.0,843.0
