Tm,Unnamed: 0,Year,Player,Pos,Age,G,GS,MP,PER,TS%,3PAr,FTr,ORB%,DRB%,TRB%,AST%,STL%,BLK%,TOV%,USG%,blanl,OWS,DWS,WS,WS/48,blank2,OBPM,DBPM,BPM,VORP,FG,FGA,FG%,3P,3PA,3P%,2P,2PA,2P%,eFG%,FT,FTA,FT%,ORB,DRB,TRB,AST,STL,BLK,TOV,PF,PTS
DEN,21924,2013.0,Andre Iguodala,SG,29.0,80.0,80.0,2779.0,15.2,0.52,0.327,0.307,3.4,13.5,8.5,22.4,2.5,1.5,17.1,18.8,,2.4,3.2,5.6,0.09699999999999999,,1.4,1.8,3.2,3.7,396.0,879.0,0.451,91.0,287.0,0.317,305.0,592.0,0.515,0.502,155.0,270.0,0.574,82.0,341.0,423.0,433.0,139.0,52.0,206.0,127.0,1038.0
GSW,24353,2017.0,Andre Iguodala,SF,33.0,77.0,63.0,2069.0,14.4,0.624,0.42700000000000005,0.28800000000000003,3.4,13.1,8.3,18.2,2.3,1.5,16.3,13.3,,4.1,3.1,6.9,0.16699999999999998,,1.3,2.5,3.0,2.6,231.0,496.0,0.528,74.0,212.0,0.36200000000000004,158.0,284.0,0.6509999999999999,0.605,86.0,132.0,0.706,53.0,253.0,304.0,263.0,95.0,39.0,100.0,103.0,604.0
PHI,21385,2012.0,Andre Iguodala,SG,28.0,82.0,82.0,3269.0,19.0,0.598,0.305,0.556,4.4,16.8,9.8,26.4,2.8,1.4,17.9,23.8,,5.6,4.4,9.6,0.158,,2.9,2.9,4.4,5.2,582.0,1277.0,0.5,101.0,307.0,0.39399999999999996,481.0,970.0,0.55,0.541,452.0,551.0,0.82,117.0,447.0,529.0,472.0,171.0,55.0,261.0,204.0,1630.0
