Tm,Unnamed: 0,Year,Player,Pos,Age,G,GS,MP,PER,TS%,3PAr,FTr,ORB%,DRB%,TRB%,AST%,STL%,BLK%,TOV%,USG%,blanl,OWS,DWS,WS,WS/48,blank2,OBPM,DBPM,BPM,VORP,FG,FGA,FG%,3P,3PA,3P%,2P,2PA,2P%,eFG%,FT,FTA,FT%,ORB,DRB,TRB,AST,STL,BLK,TOV,PF,PTS
CHH,14763,2000.0,Anthony Mason,SF,33.0,82.0,81.0,3148.0,18.9,0.585,0.005,0.637,7.4,24.7,16.0,21.4,1.3,0.8,15.9,17.6,,8.0,3.9,11.4,0.17300000000000001,,2.5,2.0,4.5,5.2,433.0,825.0,0.525,1.0,4.0,0.33299999999999996,432.0,822.0,0.526,0.525,319.0,428.0,0.746,186.0,649.0,829.0,414.0,76.0,33.0,165.0,220.0,1186.0
DEN,10256,1991.0,Anthony Mason,PF,24.0,3.0,0.0,21.0,15.7,0.665,0.0,2.0,12.3,10.0,11.2,0.0,2.0,0.0,0.0,12.6,,0.1,0.0,0.1,0.22,,0.8,-5.1,-4.3,0.0,2.0,4.0,0.5,0.0,0.0,,2.0,4.0,0.5,0.5,6.0,8.0,0.75,3.0,2.0,5.0,0.0,1.0,0.0,0.0,6.0,10.0
MIA,15261,2001.0,Anthony Mason,PF,34.0,80.0,80.0,3254.0,17.4,0.555,0.0,0.49700000000000005,6.2,21.9,14.1,14.2,1.4,0.6,13.3,20.0,,6.0,5.6,11.6,0.171,,0.3,2.3,2.7,3.8,460.0,954.0,0.48200000000000004,0.0,0.0,,460.0,954.0,0.48200000000000004,0.48200000000000004,370.0,474.0,0.7809999999999999,169.0,601.0,770.0,248.0,80.0,25.0,179.0,231.0,1290.0
MIL,16277,2003.0,Anthony Mason,PF,36.0,82.0,82.0,3143.0,12.9,0.544,0.003,0.353,4.9,18.3,11.9,16.6,1.0,0.5,15.2,12.7,,4.4,2.0,6.4,0.09699999999999999,,-0.5,0.8,0.3,1.8,316.0,626.0,0.505,1.0,1.0,1.0,315.0,625.0,0.504,0.506,154.0,221.0,0.718,124.0,522.0,646.0,346.0,57.0,22.0,130.0,187.0,787.0
NJN,9801,1990.0,Anthony Mason,PF,23.0,21.0,0.0,108.0,6.9,0.397,0.0,0.375,10.2,24.2,16.7,9.7,0.9,1.1,19.1,21.4,,-0.2,0.1,-0.1,-0.055,,-7.2,-1.0,-8.2,-0.2,14.0,40.0,0.35,0.0,0.0,,14.0,40.0,0.35,0.35,9.0,15.0,0.6,11.0,23.0,34.0,7.0,2.0,2.0,11.0,20.0,37.0
NYK,12584,1996.0,Anthony Mason,SF,29.0,82.0,82.0,3457.0,15.8,0.61,0.002,0.652,11.4,21.2,15.3,16.7,1.5,0.8,17.7,16.1,,6.3,5.0,11.3,0.166,,1.1,3.0,3.6,4.9,449.0,798.0,0.5660000000000001,0.0,1.0,0.0,449.0,798.0,0.5670000000000001,0.5660000000000001,298.0,414.0,0.72,231.0,544.0,764.0,363.0,69.0,34.0,211.0,253.0,1196.0
