Tm,Unnamed: 0,Year,Player,Pos,Age,G,GS,MP,PER,TS%,3PAr,FTr,ORB%,DRB%,TRB%,AST%,STL%,BLK%,TOV%,USG%,blanl,OWS,DWS,WS,WS/48,blank2,OBPM,DBPM,BPM,VORP,FG,FGA,FG%,3P,3PA,3P%,2P,2PA,2P%,eFG%,FT,FTA,FT%,ORB,DRB,TRB,AST,STL,BLK,TOV,PF,PTS
NYK,11880,1995.0,Anthony Bonner,SF,26.0,73.0,38.0,1402.0,12.6,0.56,0.026000000000000002,0.365,12.4,15.4,13.9,10.5,2.8,1.5,26.2,13.2,,0.9,3.2,4.1,0.14,,-0.8,3.7,2.9,1.7,162.0,288.0,0.563,1.0,5.0,0.2,162.0,288.0,0.563,0.563,50.0,105.0,0.657,150.0,194.0,344.0,88.0,76.0,23.0,89.0,175.0,374.0
ORL,12333,1996.0,Anthony Bonner,PF,27.0,4.0,0.0,43.0,11.3,0.36,0.0,0.467,16.6,34.4,25.7,13.5,3.6,0.0,14.2,22.2,,-0.1,0.1,0.0,0.04,,-5.3,1.5,-3.8,0.0,5.0,15.0,0.33299999999999996,0.0,0.0,,5.0,15.0,0.33299999999999996,0.33299999999999996,3.0,7.0,0.429,6.0,13.0,19.0,4.0,3.0,0.0,3.0,11.0,13.0
SAC,10956,1993.0,Anthony Bonner,PF,24.0,79.0,35.0,2287.0,12.3,0.498,0.013999999999999999,0.485,11.4,17.5,14.3,10.1,2.6,0.7,14.8,17.7,,0.6,1.9,2.4,0.067,,-1.6,0.8,-0.8,0.5,294.0,658.0,0.461,1.0,7.0,0.25,293.0,654.0,0.467,0.461,151.0,241.0,0.627,192.0,293.0,485.0,125.0,94.0,26.0,133.0,194.0,740.0
