Tm,Unnamed: 0,Year,Player,Pos,Age,G,GS,MP,PER,TS%,3PAr,FTr,ORB%,DRB%,TRB%,AST%,STL%,BLK%,TOV%,USG%,blanl,OWS,DWS,WS,WS/48,blank2,OBPM,DBPM,BPM,VORP,FG,FGA,FG%,3P,3PA,3P%,2P,2PA,2P%,eFG%,FT,FTA,FT%,ORB,DRB,TRB,AST,STL,BLK,TOV,PF,PTS
GSW,20365,2010.0,Anthony Randolph,PF,20.0,63.0,22.0,1129.0,18.7,0.521,0.016,0.44,12.4,22.6,17.5,8.5,1.8,4.9,14.0,23.9,,0.7,1.2,1.6,0.098,,-2.2,0.8,-1.4,0.1,199.0,431.0,0.462,1.0,5.0,0.2,199.0,427.0,0.466,0.462,109.0,141.0,0.8009999999999999,128.0,235.0,363.0,49.0,42.0,74.0,80.0,141.0,499.0
NYK,20975,2011.0,Anthony Randolph,PF,21.0,17.0,0.0,127.0,7.6,0.348,0.08900000000000001,0.267,9.8,26.3,18.0,8.1,1.6,4.6,16.6,21.1,,-0.4,0.2,-0.2,-0.07400000000000001,,-8.5,0.7,-7.8,-0.2,14.0,45.0,0.311,1.0,4.0,0.25,13.0,41.0,0.317,0.322,6.0,12.0,0.5,11.0,29.0,40.0,7.0,4.0,8.0,10.0,15.0,35.0
TOT,20974,2011.0,Anthony Randolph,C-PF,21.0,40.0,3.0,590.0,16.2,0.505,0.015,0.326,8.0,22.7,15.2,9.8,1.9,3.1,14.9,25.8,,-0.2,0.6,0.5,0.038,,-3.5,-0.1,-3.6,-0.2,123.0,264.0,0.466,1.0,4.0,0.25,122.0,260.0,0.469,0.46799999999999997,58.0,86.0,0.674,43.0,117.0,160.0,33.0,22.0,24.0,53.0,62.0,305.0
MIN,21534,2012.0,Anthony Randolph,PF,22.0,34.0,5.0,517.0,18.5,0.537,0.005,0.42,9.0,21.7,14.4,10.3,1.9,4.8,14.6,27.1,,0.5,0.6,1.1,0.099,,-2.2,1.0,-1.5,0.1,109.0,219.0,0.498,0.0,1.0,0.0,109.0,219.0,0.498,0.498,64.0,84.0,0.762,42.0,88.0,123.0,26.0,18.0,35.0,43.0,56.0,270.0
DEN,22714,2014.0,Anthony Randolph,PF,24.0,43.0,5.0,527.0,15.6,0.534,0.34700000000000003,0.395,10.1,22.1,16.2,9.1,2.9,5.0,21.7,22.5,,-0.1,0.7,0.6,0.073,,-3.1,2.3,-1.5,0.0,68.0,176.0,0.491,18.0,61.0,0.295,56.0,115.0,0.528,0.491,52.0,69.0,0.754,29.0,102.0,122.0,32.0,26.0,21.0,39.0,64.0,206.0
