Tm,Unnamed: 0,Year,Player,Pos,Age,G,GS,MP,PER,TS%,3PAr,FTr,ORB%,DRB%,TRB%,AST%,STL%,BLK%,TOV%,USG%,blanl,OWS,DWS,WS,WS/48,blank2,OBPM,DBPM,BPM,VORP,FG,FGA,FG%,3P,3PA,3P%,2P,2PA,2P%,eFG%,FT,FTA,FT%,ORB,DRB,TRB,AST,STL,BLK,TOV,PF,PTS
LAL,12647,1996.0,Anthony Peeler,SG,26.0,77.0,30.0,1656.0,14.1,0.555,0.42200000000000004,0.325,5.4,8.0,6.4,15.9,2.3,0.6,14.5,22.8,,2.5,1.2,3.7,0.11,,1.7,-1.4,-0.2,0.8,297.0,659.0,0.46799999999999997,105.0,254.0,0.413,251.0,516.0,0.486,0.539,162.0,206.0,0.8029999999999999,64.0,115.0,179.0,166.0,60.0,14.0,123.0,193.0,802.0
TOT,13759,1998.0,Anthony Peeler,SG,28.0,38.0,32.0,1193.0,15.0,0.532,0.298,0.11199999999999999,3.6,8.1,5.9,18.3,2.7,0.4,10.4,18.3,,1.8,0.7,2.5,0.1,,2.0,-0.8,1.2,1.0,190.0,420.0,0.452,53.0,125.0,0.424,137.0,295.0,0.46399999999999997,0.515,36.0,47.0,0.7659999999999999,37.0,86.0,123.0,137.0,61.0,6.0,51.0,97.0,469.0
VAN,13760,1998.0,Anthony Peeler,SG,28.0,72.0,57.0,2291.0,15.2,0.529,0.33899999999999997,0.132,3.4,9.9,6.3,20.8,2.5,0.6,12.8,24.9,,0.4,0.8,0.6,0.087,,1.8,-1.9,-1.0,0.1,402.0,1011.0,0.486,128.0,343.0,0.373,274.0,668.0,0.5660000000000001,0.521,109.0,133.0,0.82,54.0,193.0,247.0,256.0,105.0,17.0,157.0,168.0,1041.0
MIN,16348,2003.0,Anthony Peeler,SG,33.0,82.0,41.0,2245.0,15.0,0.5329999999999999,0.419,0.151,3.8,9.9,6.5,18.1,2.7,0.6,12.0,18.7,,2.4,1.7,4.1,0.102,,2.1,-0.3,1.6,0.9,316.0,732.0,0.445,111.0,283.0,0.45299999999999996,231.0,476.0,0.491,0.514,87.0,109.0,0.862,58.0,201.0,241.0,244.0,91.0,18.0,105.0,171.0,804.0
SAC,16899,2004.0,Anthony Peeler,SG,34.0,75.0,0.0,1391.0,11.8,0.575,0.405,0.175,2.6,9.7,6.2,12.8,2.1,0.5,17.0,14.7,,1.4,0.8,2.2,0.076,,-0.1,-0.9,-1.0,0.4,156.0,348.0,0.44799999999999995,68.0,141.0,0.48200000000000004,88.0,207.0,0.425,0.546,51.0,61.0,0.836,31.0,122.0,153.0,120.0,56.0,10.0,77.0,103.0,431.0
WAS,17482,2005.0,Anthony Peeler,SG,35.0,40.0,0.0,529.0,10.2,0.484,0.433,0.12,2.9,11.2,6.9,16.7,1.8,0.3,15.1,15.4,,0.2,0.3,0.5,0.048,,-1.9,-1.7,-3.6,-0.2,56.0,150.0,0.373,25.0,65.0,0.385,31.0,85.0,0.365,0.457,16.0,18.0,0.889,14.0,51.0,65.0,57.0,18.0,2.0,28.0,39.0,153.0
