Tm,Unnamed: 0,Year,Player,Pos,Age,G,GS,MP,PER,TS%,3PAr,FTr,ORB%,DRB%,TRB%,AST%,STL%,BLK%,TOV%,USG%,blanl,OWS,DWS,WS,WS/48,blank2,OBPM,DBPM,BPM,VORP,FG,FGA,FG%,3P,3PA,3P%,2P,2PA,2P%,eFG%,FT,FTA,FT%,ORB,DRB,TRB,AST,STL,BLK,TOV,PF,PTS
NOH,21801,2013.0,Anthony Davis,PF,19.0,64.0,60.0,1846.0,21.7,0.5589999999999999,0.009000000000000001,0.33299999999999996,10.5,23.5,16.8,6.1,2.2,5.1,10.3,21.8,,3.7,2.4,6.1,0.159,,0.5,1.9,2.3,2.0,349.0,676.0,0.516,0.0,6.0,0.0,349.0,670.0,0.521,0.516,169.0,225.0,0.7509999999999999,165.0,357.0,522.0,63.0,75.0,112.0,89.0,158.0,867.0
NOP,24218,2017.0,Anthony Davis,PF,23.0,75.0,75.0,2708.0,30.8,0.591,0.095,0.43799999999999994,10.0,27.9,17.3,11.6,2.1,6.7,9.1,32.6,,9.9,5.1,14.0,0.27399999999999997,,4.2,3.0,7.1,5.7,770.0,1527.0,0.535,40.0,134.0,0.324,730.0,1393.0,0.54,0.536,519.0,647.0,0.805,207.0,712.0,886.0,157.0,100.0,200.0,181.0,200.0,2099.0
