Tm,Unnamed: 0,Year,Player,Pos,Age,G,GS,MP,PER,TS%,3PAr,FTr,ORB%,DRB%,TRB%,AST%,STL%,BLK%,TOV%,USG%,blanl,OWS,DWS,WS,WS/48,blank2,OBPM,DBPM,BPM,VORP,FG,FGA,FG%,3P,3PA,3P%,2P,2PA,2P%,eFG%,FT,FTA,FT%,ORB,DRB,TRB,AST,STL,BLK,TOV,PF,PTS
LAC,14489,2000.0,Anthony Avent,PF,30.0,49.0,3.0,377.0,5.5,0.368,0.0,0.33299999999999996,6.6,15.6,10.9,4.5,2.2,2.7,17.9,15.8,,-0.7,0.2,-0.5,-0.065,,-7.5,-0.2,-7.7,-0.5,29.0,96.0,0.302,0.0,0.0,,29.0,96.0,0.302,0.302,23.0,32.0,0.7190000000000001,23.0,51.0,74.0,11.0,16.0,15.0,24.0,62.0,81.0
MIL,11382,1994.0,Anthony Avent,PF,24.0,82.0,78.0,2285.0,11.3,0.466,0.002,0.34600000000000003,9.4,17.0,12.9,7.4,1.2,2.1,14.1,19.1,,-0.1,1.8,0.3,0.022000000000000002,,-4.0,-0.4,-4.6,-0.5,347.0,802.0,0.433,0.0,2.0,0.0,347.0,800.0,0.434,0.433,112.0,172.0,0.772,180.0,332.0,512.0,91.0,57.0,73.0,140.0,237.0,806.0
ORL,11859,1995.0,Anthony Avent,PF,25.0,71.0,20.0,1066.0,9.8,0.466,0.0,0.307,14.1,20.4,15.7,6.2,1.3,3.2,18.2,14.6,,0.1,1.5,1.5,0.069,,-3.7,1.1,-2.7,-0.2,105.0,244.0,0.43,0.0,0.0,,105.0,244.0,0.43,0.43,48.0,75.0,0.64,97.0,196.0,293.0,41.0,28.0,50.0,53.0,170.0,258.0
TOT,11381,1994.0,Anthony Avent,PF,24.0,74.0,40.0,1371.0,9.2,0.43,0.0,0.309,11.7,16.4,14.0,6.8,1.2,1.5,15.8,16.9,,-0.6,1.0,0.4,0.013999999999999999,,-4.1,-0.6,-4.6,-0.9,150.0,398.0,0.377,0.0,0.0,,150.0,398.0,0.377,0.377,89.0,123.0,0.7240000000000001,144.0,194.0,338.0,65.0,33.0,31.0,85.0,147.0,389.0
UTA,13980,1999.0,Anthony Avent,PF,29.0,5.0,0.0,44.0,1.3,0.324,0.0,0.154,23.9,10.3,16.6,3.8,2.5,0.0,33.5,22.7,,-0.2,0.1,-0.1,-0.153,,-8.1,-0.9,-9.0,-0.1,4.0,13.0,0.308,0.0,0.0,,4.0,13.0,0.308,0.308,1.0,2.0,0.5,8.0,4.0,12.0,1.0,2.0,0.0,7.0,6.0,9.0
VAN,12315,1996.0,Anthony Avent,PF,26.0,71.0,32.0,1586.0,6.9,0.415,0.0,0.165,7.7,18.9,13.1,7.4,1.0,2.0,17.6,17.5,,-2.8,1.6,-1.2,-0.037000000000000005,,-7.0,0.6,-6.4,-1.7,179.0,466.0,0.384,0.0,0.0,,179.0,466.0,0.384,0.384,57.0,77.0,0.74,108.0,247.0,355.0,69.0,30.0,42.0,107.0,202.0,415.0
