Tm,Unnamed: 0,Year,Player,Pos,Age,G,GS,MP,PER,TS%,3PAr,FTr,ORB%,DRB%,TRB%,AST%,STL%,BLK%,TOV%,USG%,blanl,OWS,DWS,WS,WS/48,blank2,OBPM,DBPM,BPM,VORP,FG,FGA,FG%,3P,3PA,3P%,2P,2PA,2P%,eFG%,FT,FTA,FT%,ORB,DRB,TRB,AST,STL,BLK,TOV,PF,PTS
ATL,17611,2005.0,Antoine Walker,PF,28.0,53.0,53.0,2128.0,15.5,0.474,0.265,0.29,6.6,21.4,13.6,16.8,1.6,1.2,13.8,27.9,,-1.1,1.3,0.2,0.004,,0.1,-0.7,-0.7,0.7,420.0,1013.0,0.415,85.0,268.0,0.317,335.0,745.0,0.45,0.457,157.0,294.0,0.534,126.0,371.0,497.0,194.0,64.0,32.0,183.0,147.0,1082.0
BOS,17612,2005.0,Antoine Walker,PF,28.0,82.0,82.0,3406.0,18.9,0.505,0.382,0.295,10.4,22.3,15.1,26.8,2.2,2.4,14.9,29.2,,2.7,5.2,6.7,0.094,,3.2,1.2,3.9,5.0,722.0,1720.0,0.442,222.0,645.0,0.369,631.0,1413.0,0.47100000000000003,0.478,311.0,473.0,0.741,288.0,568.0,836.0,445.0,142.0,60.0,301.0,271.0,1892.0
DAL,17018,2004.0,Antoine Walker,PF,27.0,82.0,82.0,2840.0,15.8,0.475,0.27,0.165,7.4,19.1,13.1,19.4,1.2,1.7,14.3,21.8,,2.4,1.5,3.9,0.066,,1.4,0.3,1.7,2.6,483.0,1129.0,0.428,82.0,305.0,0.26899999999999996,401.0,824.0,0.48700000000000004,0.46399999999999997,103.0,186.0,0.5539999999999999,198.0,486.0,684.0,369.0,65.0,65.0,202.0,212.0,1151.0
MIA,18701,2007.0,Antoine Walker,PF,30.0,82.0,19.0,2199.0,14.4,0.524,0.457,0.157,6.1,16.3,11.3,12.8,1.4,1.0,16.5,23.2,,1.1,2.5,3.6,0.08,,0.6,-0.6,0.0,1.1,391.0,898.0,0.435,137.0,383.0,0.358,254.0,515.0,0.499,0.512,81.0,129.0,0.628,103.0,318.0,421.0,166.0,48.0,30.0,150.0,187.0,1000.0
MIN,19279,2008.0,Antoine Walker,PF,31.0,46.0,1.0,892.0,11.4,0.455,0.501,0.17600000000000002,7.1,15.0,10.9,8.0,1.9,0.7,10.2,22.8,,-0.5,0.5,0.1,0.004,,-0.8,-2.1,-2.9,-0.2,136.0,375.0,0.363,61.0,188.0,0.324,75.0,187.0,0.401,0.444,35.0,66.0,0.53,56.0,112.0,168.0,45.0,33.0,8.0,46.0,80.0,368.0
TOT,17610,2005.0,Antoine Walker,PF,28.0,77.0,77.0,2955.0,15.5,0.478,0.248,0.271,7.0,20.9,13.7,16.3,1.6,1.5,14.1,27.2,,-1.4,2.3,0.9,0.015,,-0.1,-0.3,-0.4,1.2,581.0,1377.0,0.42200000000000004,110.0,341.0,0.32299999999999995,471.0,1036.0,0.455,0.462,201.0,373.0,0.539,182.0,513.0,695.0,265.0,89.0,58.0,253.0,217.0,1473.0
