Tm,Unnamed: 0,Year,Player,Pos,Age,G,GS,MP,PER,TS%,3PAr,FTr,ORB%,DRB%,TRB%,AST%,STL%,BLK%,TOV%,USG%,blanl,OWS,DWS,WS,WS/48,blank2,OBPM,DBPM,BPM,VORP,FG,FGA,FG%,3P,3PA,3P%,2P,2PA,2P%,eFG%,FT,FTA,FT%,ORB,DRB,TRB,AST,STL,BLK,TOV,PF,PTS
NJN,19328,2008.0,Antoine Wright,SG,23.0,63.0,23.0,1137.0,8.3,0.5,0.35200000000000004,0.29100000000000004,4.0,14.1,9.1,10.4,1.4,1.3,18.8,15.2,,0.0,1.1,1.2,0.049,,-2.4,0.1,-2.8,-0.2,115.0,287.0,0.43799999999999994,27.0,101.0,0.322,91.0,192.0,0.474,0.47600000000000003,44.0,73.0,0.7070000000000001,38.0,137.0,175.0,67.0,30.0,17.0,43.0,120.0,298.0
TOT,19327,2008.0,Antoine Wright,SG,23.0,56.0,10.0,1232.0,8.4,0.488,0.33399999999999996,0.204,3.8,10.0,6.9,10.5,1.2,1.3,12.2,15.2,,0.0,0.8,0.8,0.028999999999999998,,-2.4,-0.4,-2.8,-0.2,136.0,329.0,0.413,32.0,110.0,0.29100000000000004,104.0,219.0,0.475,0.462,46.0,67.0,0.687,40.0,107.0,147.0,80.0,28.0,21.0,50.0,127.0,350.0
DAL,19913,2009.0,Antoine Wright,SG,24.0,65.0,53.0,1552.0,9.0,0.5660000000000001,0.34600000000000003,0.22,3.4,10.8,7.2,11.4,1.6,1.7,19.3,15.6,,0.3,1.2,1.4,0.055999999999999994,,-1.6,-0.1,-1.7,0.1,179.0,431.0,0.5,45.0,149.0,0.556,134.0,282.0,0.485,0.56,71.0,95.0,0.747,31.0,105.0,136.0,77.0,46.0,27.0,54.0,172.0,474.0
TOR,20494,2010.0,Antoine Wright,SF,25.0,67.0,10.0,1392.0,8.6,0.502,0.434,0.193,3.3,12.6,8.1,7.4,1.1,0.6,11.8,16.1,,0.1,0.2,0.3,0.011000000000000001,,-1.0,-1.7,-2.7,-0.3,162.0,399.0,0.406,58.0,173.0,0.335,104.0,226.0,0.46,0.479,53.0,77.0,0.688,38.0,152.0,190.0,71.0,30.0,11.0,58.0,134.0,435.0
SAC,21117,2011.0,Antoine Wright,SG,26.0,7.0,0.0,31.0,-4.8,0.125,0.5,0.0,7.2,3.8,5.5,0.0,1.6,0.0,11.1,12.6,,-0.1,0.0,-0.1,-0.179,,-9.4,-3.1,-12.5,-0.1,1.0,8.0,0.125,0.0,4.0,0.0,1.0,4.0,0.25,0.125,0.0,0.0,,2.0,1.0,3.0,0.0,1.0,0.0,1.0,3.0,2.0
