Tm,Unnamed: 0,Year,Player,Pos,Age,G,GS,MP,PER,TS%,3PAr,FTr,ORB%,DRB%,TRB%,AST%,STL%,BLK%,TOV%,USG%,blanl,OWS,DWS,WS,WS/48,blank2,OBPM,DBPM,BPM,VORP,FG,FGA,FG%,3P,3PA,3P%,2P,2PA,2P%,eFG%,FT,FTA,FT%,ORB,DRB,TRB,AST,STL,BLK,TOV,PF,PTS
DEN,15799,2002.0,Antonio McDyess,PF,27.0,81.0,81.0,2698.0,22.0,0.631,0.03,0.44,11.6,26.1,18.0,13.8,2.3,4.2,18.3,27.3,,5.2,2.9,7.8,0.155,,1.0,1.2,2.1,2.0,614.0,1211.0,0.573,6.0,35.0,0.171,614.0,1209.0,0.573,0.573,323.0,516.0,0.818,240.0,605.0,845.0,159.0,73.0,139.0,230.0,316.0,1551.0
DET,19686,2009.0,Antonio McDyess,PF,34.0,82.0,78.0,2285.0,18.1,0.552,0.004,0.321,11.6,27.2,19.3,8.8,1.9,2.9,12.0,20.3,,2.8,4.3,6.7,0.168,,-0.4,2.4,1.5,1.8,307.0,600.0,0.526,0.0,2.0,0.0,307.0,598.0,0.526,0.526,126.0,192.0,0.698,204.0,462.0,666.0,90.0,61.0,65.0,93.0,246.0,740.0
NYK,16820,2004.0,Antonio McDyess,PF,29.0,18.0,6.0,421.0,13.6,0.479,0.0,0.268,8.6,23.8,16.3,8.3,1.5,2.0,14.5,20.5,,0.0,0.6,0.6,0.063,,-3.1,0.7,-2.4,0.0,65.0,142.0,0.45799999999999996,0.0,0.0,,65.0,142.0,0.45799999999999996,0.45799999999999996,22.0,38.0,0.579,31.0,88.0,119.0,20.0,12.0,11.0,27.0,46.0,152.0
PHO,16821,2004.0,Antonio McDyess,PF,29.0,81.0,81.0,2441.0,20.3,0.5710000000000001,0.002,0.355,10.1,22.4,15.6,7.5,2.6,4.0,17.7,22.5,,4.8,4.6,9.4,0.185,,0.8,2.4,3.2,3.2,497.0,927.0,0.536,0.0,2.0,0.0,497.0,925.0,0.537,0.536,231.0,329.0,0.7020000000000001,206.0,407.0,613.0,106.0,100.0,135.0,142.0,292.0,1225.0
SAS,20889,2011.0,Antonio McDyess,PF,36.0,77.0,50.0,1617.0,12.8,0.516,0.005,0.22399999999999998,11.0,22.3,16.5,9.0,1.4,2.0,16.0,15.1,,1.0,2.6,3.2,0.105,,-2.2,2.2,0.0,0.7,205.0,428.0,0.491,0.0,2.0,0.0,205.0,426.0,0.493,0.491,52.0,77.0,0.675,149.0,306.0,455.0,84.0,43.0,39.0,79.0,163.0,446.0
TOT,16819,2004.0,Antonio McDyess,PF,29.0,42.0,20.0,927.0,12.6,0.486,0.0,0.257,8.7,23.0,15.9,6.5,2.1,1.9,16.0,17.6,,0.0,1.2,1.2,0.061,,-3.3,1.0,-2.3,-0.1,126.0,268.0,0.47,0.0,0.0,,126.0,268.0,0.47,0.47,38.0,69.0,0.551,70.0,187.0,257.0,36.0,37.0,24.0,57.0,117.0,290.0
