Tm,Unnamed: 0,Year,Player,Pos,Age,G,GS,MP,PER,TS%,3PAr,FTr,ORB%,DRB%,TRB%,AST%,STL%,BLK%,TOV%,USG%,blanl,OWS,DWS,WS,WS/48,blank2,OBPM,DBPM,BPM,VORP,FG,FGA,FG%,3P,3PA,3P%,2P,2PA,2P%,eFG%,FT,FTA,FT%,ORB,DRB,TRB,AST,STL,BLK,TOV,PF,PTS
CHI,17209,2005.0,Antonio Davis,PF,36.0,72.0,64.0,2032.0,12.1,0.516,0.0,0.363,9.3,20.5,14.2,10.1,0.8,2.1,16.5,15.7,,0.9,3.0,3.9,0.10099999999999999,,-2.7,2.5,-0.2,0.9,220.0,540.0,0.461,0.0,0.0,,220.0,540.0,0.461,0.461,139.0,181.0,0.768,158.0,370.0,528.0,123.0,29.0,57.0,96.0,161.0,579.0
IND,14073,1999.0,Antonio Davis,PF,30.0,82.0,28.0,2335.0,16.7,0.5670000000000001,0.022000000000000002,0.754,13.2,20.9,16.9,4.8,1.3,3.3,16.6,18.6,,3.8,3.6,7.4,0.162,,0.4,1.3,1.0,1.6,308.0,641.0,0.508,1.0,14.0,0.5,307.0,627.0,0.509,0.508,277.0,398.0,0.713,192.0,408.0,598.0,65.0,45.0,84.0,141.0,260.0,858.0
NYK,17781,2006.0,Antonio Davis,PF,37.0,36.0,31.0,749.0,8.9,0.48700000000000004,0.006,0.384,12.0,15.9,14.0,3.0,1.4,1.0,18.8,13.8,,0.0,0.3,0.4,0.024,,-2.6,-0.7,-3.3,-0.2,68.0,159.0,0.428,0.0,1.0,0.0,68.0,158.0,0.43,0.428,45.0,61.0,0.738,75.0,97.0,172.0,14.0,20.0,9.0,43.0,99.0,181.0
TOR,17782,2006.0,Antonio Davis,PF,37.0,79.0,78.0,2978.0,16.5,0.52,0.001,0.645,11.0,21.7,16.2,11.9,1.0,3.9,16.7,21.3,,4.2,3.6,7.2,0.127,,-0.9,1.1,-0.1,1.4,410.0,963.0,0.452,0.0,1.0,0.0,410.0,962.0,0.452,0.452,319.0,423.0,0.818,274.0,513.0,787.0,155.0,54.0,151.0,159.0,267.0,1113.0
TOT,17780,2006.0,Antonio Davis,PF-C,37.0,80.0,79.0,2570.0,11.8,0.479,0.005,0.426,11.5,20.4,14.4,9.0,1.3,1.9,18.4,15.5,,1.0,2.8,3.8,0.071,,-2.8,1.1,-2.1,0.0,266.0,660.0,0.43200000000000005,0.0,1.0,0.0,266.0,660.0,0.434,0.43200000000000005,176.0,230.0,0.765,207.0,464.0,671.0,137.0,37.0,65.0,114.0,206.0,708.0
