Tm,Unnamed: 0,Year,Player,Pos,Age,G,GS,MP,PER,TS%,3PAr,FTr,ORB%,DRB%,TRB%,AST%,STL%,BLK%,TOV%,USG%,blanl,OWS,DWS,WS,WS/48,blank2,OBPM,DBPM,BPM,VORP,FG,FGA,FG%,3P,3PA,3P%,2P,2PA,2P%,eFG%,FT,FTA,FT%,ORB,DRB,TRB,AST,STL,BLK,TOV,PF,PTS
CLE,22688,2014.0,Arinze Onuaku,PF,26.0,2.0,0.0,5.0,-5.3,0.0,0.0,0.0,0.0,23.0,11.2,0.0,0.0,0.0,0.0,8.9,,0.0,0.0,0.0,-0.179,,-14.8,-3.4,-18.2,0.0,0.0,1.0,0.0,0.0,0.0,,0.0,1.0,0.0,0.0,0.0,0.0,,0.0,1.0,1.0,0.0,0.0,0.0,0.0,0.0,0.0
NOP,22687,2014.0,Arinze Onuaku,PF,26.0,3.0,0.0,25.0,5.6,0.307,0.0,0.5,9.2,23.6,16.3,16.2,0.0,0.0,17.0,10.7,,0.0,0.0,0.0,-0.016,,-5.2,-1.2,-6.4,0.0,1.0,4.0,0.25,0.0,0.0,,1.0,4.0,0.25,0.25,1.0,2.0,0.5,2.0,5.0,7.0,3.0,0.0,0.0,1.0,3.0,3.0
TOT,22686,2014.0,Arinze Onuaku,PF,26.0,5.0,0.0,30.0,3.8,0.255,0.0,0.4,7.6,23.5,15.4,13.5,0.0,0.0,14.5,10.4,,0.0,0.0,0.0,-0.044000000000000004,,-6.8,-1.6,-8.4,0.0,1.0,5.0,0.2,0.0,0.0,,1.0,5.0,0.2,0.2,1.0,2.0,0.5,2.0,6.0,8.0,3.0,0.0,0.0,1.0,3.0,3.0
MIN,23304,2015.0,Arinze Onuaku,C,27.0,6.0,1.0,68.0,22.8,0.7709999999999999,0.0,0.5710000000000001,11.4,24.3,17.7,10.2,0.7,3.5,10.2,12.7,,0.2,0.0,0.3,0.19699999999999998,,2.5,-0.2,2.3,0.1,12.0,14.0,0.857,0.0,0.0,,12.0,14.0,0.857,0.857,3.0,8.0,0.375,7.0,14.0,21.0,4.0,1.0,3.0,2.0,6.0,27.0
ORL,24512,2017.0,Arinze Onuaku,C,29.0,8.0,0.0,28.0,5.8,0.5,0.0,0.0,7.6,16.0,11.7,9.9,0.0,2.9,33.3,9.4,,0.0,0.0,0.0,-0.005,,-6.5,0.7,-5.9,0.0,2.0,4.0,0.5,0.0,0.0,,2.0,4.0,0.5,0.5,0.0,0.0,,2.0,4.0,6.0,2.0,0.0,1.0,2.0,3.0,4.0
