Tm,Unnamed: 0,Year,Player,Pos,Age,G,GS,MP,PER,TS%,3PAr,FTr,ORB%,DRB%,TRB%,AST%,STL%,BLK%,TOV%,USG%,blanl,OWS,DWS,WS,WS/48,blank2,OBPM,DBPM,BPM,VORP,FG,FGA,FG%,3P,3PA,3P%,2P,2PA,2P%,eFG%,FT,FTA,FT%,ORB,DRB,TRB,AST,STL,BLK,TOV,PF,PTS
NJN,21410,2012.0,Armon Johnson,PG,22.0,8.0,0.0,119.0,12.5,0.504,0.071,0.14300000000000002,0.9,11.0,5.9,16.7,1.8,0.0,10.1,19.1,,0.1,0.0,0.1,0.051,,-2.5,-2.7,-5.2,-0.1,19.0,42.0,0.452,1.0,3.0,0.33299999999999996,18.0,39.0,0.462,0.46399999999999997,6.0,6.0,1.0,1.0,11.0,12.0,11.0,4.0,0.0,5.0,9.0,45.0
POR,21409,2012.0,Armon Johnson,PG,22.0,38.0,0.0,277.0,20.7,1.0,0.11900000000000001,0.218,4.7,23.8,11.7,28.1,10.5,0.3,50.0,25.1,,0.0,0.2,0.0,0.042,,-4.4,4.3,-0.5,0.0,46.0,101.0,1.0,5.0,12.0,0.41700000000000004,41.0,89.0,1.0,1.0,13.0,22.0,0.591,11.0,25.0,36.0,45.0,5.0,1.0,38.0,31.0,110.0
TOT,21408,2012.0,Armon Johnson,PG,22.0,9.0,0.0,124.0,12.9,0.515,0.07,0.14,0.9,11.6,6.1,16.1,2.1,0.0,11.6,19.1,,0.1,0.0,0.1,0.05,,-2.6,-2.4,-5.0,-0.1,20.0,43.0,0.465,1.0,3.0,0.33299999999999996,19.0,40.0,0.475,0.47700000000000004,6.0,6.0,1.0,1.0,12.0,13.0,11.0,5.0,0.0,6.0,9.0,47.0
