Tm,Unnamed: 0,Year,Player,Pos,Age,G,GS,MP,PER,TS%,3PAr,FTr,ORB%,DRB%,TRB%,AST%,STL%,BLK%,TOV%,USG%,blanl,OWS,DWS,WS,WS/48,blank2,OBPM,DBPM,BPM,VORP,FG,FGA,FG%,3P,3PA,3P%,2P,2PA,2P%,eFG%,FT,FTA,FT%,ORB,DRB,TRB,AST,STL,BLK,TOV,PF,PTS
DET,19343,2009.0,Arron Afflalo,SG,23.0,75.0,9.0,1234.0,10.2,0.5479999999999999,0.35700000000000004,0.361,4.4,12.5,8.4,8.1,1.8,0.8,11.5,15.2,,0.8,1.4,1.9,0.092,,-1.7,0.6,-1.6,0.1,131.0,300.0,0.43700000000000006,43.0,107.0,0.402,89.0,193.0,0.461,0.508,68.0,87.0,0.8170000000000001,36.0,104.0,137.0,52.0,31.0,13.0,43.0,144.0,363.0
ORL,22260,2014.0,Arron Afflalo,SG,28.0,73.0,73.0,2552.0,16.0,0.574,0.297,0.332,1.4,10.3,5.8,16.9,0.9,0.4,12.1,23.3,,4.3,1.0,5.3,0.099,,1.7,-2.0,-0.6,0.9,464.0,1011.0,0.45899999999999996,128.0,300.0,0.42700000000000005,336.0,711.0,0.489,0.522,274.0,336.0,0.857,32.0,230.0,262.0,248.0,40.0,11.0,146.0,137.0,1330.0
DEN,22870,2015.0,Arron Afflalo,SG,29.0,82.0,75.0,2324.0,14.7,0.62,0.426,0.353,3.1,10.2,6.5,11.1,1.0,1.0,10.5,19.9,,4.8,1.4,6.2,0.128,,2.5,-0.2,2.1,2.4,329.0,699.0,0.498,108.0,249.0,0.434,241.0,478.0,0.546,0.581,197.0,247.0,0.847,59.0,206.0,252.0,168.0,46.0,31.0,85.0,225.0,943.0
POR,22871,2015.0,Arron Afflalo,SG,29.0,25.0,19.0,752.0,8.2,0.5329999999999999,0.396,0.207,0.9,8.5,4.8,5.5,0.6,0.2,11.8,16.7,,0.2,0.5,0.8,0.049,,-1.5,-0.8,-2.3,-0.1,94.0,227.0,0.414,36.0,90.0,0.4,58.0,137.0,0.423,0.493,40.0,47.0,0.851,6.0,61.0,67.0,28.0,9.0,2.0,33.0,59.0,264.0
TOT,22869,2015.0,Arron Afflalo,SG,29.0,78.0,72.0,2502.0,10.7,0.5329999999999999,0.377,0.22399999999999998,1.1,9.7,5.3,8.2,0.8,0.2,10.7,19.0,,1.6,1.0,2.6,0.05,,-0.5,-1.3,-1.8,0.1,375.0,884.0,0.424,118.0,333.0,0.354,257.0,551.0,0.466,0.491,167.0,198.0,0.843,27.0,220.0,247.0,129.0,41.0,7.0,116.0,167.0,1035.0
NYK,23520,2016.0,Arron Afflalo,SG,30.0,71.0,57.0,2371.0,10.9,0.531,0.298,0.16399999999999998,1.1,11.0,6.1,9.9,0.5,0.3,8.7,17.9,,1.8,0.9,2.7,0.055,,-0.6,-1.8,-2.4,-0.2,354.0,799.0,0.44299999999999995,91.0,238.0,0.382,263.0,561.0,0.469,0.5,110.0,131.0,0.84,23.0,243.0,266.0,144.0,25.0,10.0,82.0,142.0,909.0
SAC,24101,2017.0,Arron Afflalo,SG,31.0,61.0,45.0,1580.0,9.0,0.5589999999999999,0.36,0.221,0.7,8.4,4.6,7.4,0.7,0.4,8.4,14.4,,1.2,0.2,1.4,0.043,,-1.4,-2.0,-3.5,-0.6,185.0,420.0,0.44,62.0,151.0,0.41100000000000003,123.0,269.0,0.457,0.514,83.0,93.0,0.892,9.0,116.0,125.0,78.0,21.0,7.0,42.0,104.0,515.0
