Tm,Unnamed: 0,Year,Player,Pos,Age,G,GS,MP,PER,TS%,3PAr,FTr,ORB%,DRB%,TRB%,AST%,STL%,BLK%,TOV%,USG%,blanl,OWS,DWS,WS,WS/48,blank2,OBPM,DBPM,BPM,VORP,FG,FGA,FG%,3P,3PA,3P%,2P,2PA,2P%,eFG%,FT,FTA,FT%,ORB,DRB,TRB,AST,STL,BLK,TOV,PF,PTS
BOS,4086,1974.0,Art Williams,PG,34.0,81.0,,1326.0,14.7,0.526,,0.35100000000000003,3.2,14.5,9.0,33.1,3.1,0.2,,,,1.6,2.8,4.4,0.159,,-0.8,1.3,0.6,0.4,161.0,339.0,0.475,,,,161.0,339.0,0.475,0.475,90.0,119.0,0.8440000000000001,20.0,95.0,256.0,327.0,44.0,3.0,,204.0,412.0
SDR,3061,1970.0,Art Williams,PG,30.0,80.0,,1987.0,15.2,0.452,,0.254,,,,38.1,,,,,,-0.2,3.8,3.4,0.096,,,,,,265.0,718.0,0.40700000000000003,,,,265.0,718.0,0.40700000000000003,0.40700000000000003,113.0,165.0,0.746,,,364.0,524.0,,,,238.0,643.0
