Tm,Unnamed: 0,Year,Player,Pos,Age,G,GS,MP,PER,TS%,3PAr,FTr,ORB%,DRB%,TRB%,AST%,STL%,BLK%,TOV%,USG%,blanl,OWS,DWS,WS,WS/48,blank2,OBPM,DBPM,BPM,VORP,FG,FGA,FG%,3P,3PA,3P%,2P,2PA,2P%,eFG%,FT,FTA,FT%,ORB,DRB,TRB,AST,STL,BLK,TOV,PF,PTS
CIN,2272,1966.0,Art Heyman,F-G,24.0,11.0,,100.0,6.3,0.396,,0.395,,,,8.9,,,,,,-0.1,0.1,-0.1,-0.042,,,,,,15.0,43.0,0.349,,,,15.0,43.0,0.349,0.349,10.0,17.0,0.588,,,13.0,7.0,,,,19.0,40.0
NYK,2133,1965.0,Art Heyman,SG,23.0,75.0,,2236.0,14.7,0.486,,0.494,,,,17.4,,,,,,2.6,0.4,2.7,0.094,,,,,,432.0,1003.0,0.431,,,,432.0,1003.0,0.431,0.431,289.0,422.0,0.685,,,298.0,256.0,,,,229.0,1153.0
PHI,2273,1966.0,Art Heyman,F-G,24.0,6.0,,20.0,14.7,0.446,,0.556,,,,25.1,,,,,,0.0,0.0,0.0,0.08800000000000001,,,,,,3.0,9.0,0.33299999999999996,,,,3.0,9.0,0.33299999999999996,0.33299999999999996,4.0,5.0,0.8,,,4.0,4.0,,,,4.0,10.0
TOT,2271,1966.0,Art Heyman,F-G,24.0,17.0,,120.0,7.7,0.405,,0.423,,,,11.6,,,,,,-0.1,0.1,0.0,-0.02,,,,,,18.0,52.0,0.34600000000000003,,,,18.0,52.0,0.34600000000000003,0.34600000000000003,14.0,22.0,0.636,,,17.0,11.0,,,,23.0,50.0
