Tm,Unnamed: 0,Year,Player,Pos,Age,G,GS,MP,PER,TS%,3PAr,FTr,ORB%,DRB%,TRB%,AST%,STL%,BLK%,TOV%,USG%,blanl,OWS,DWS,WS,WS/48,blank2,OBPM,DBPM,BPM,VORP,FG,FGA,FG%,3P,3PA,3P%,2P,2PA,2P%,eFG%,FT,FTA,FT%,ORB,DRB,TRB,AST,STL,BLK,TOV,PF,PTS
MNL,1338,1958.0,Art Spoelstra,C,25.0,50.0,,1098.0,10.4,0.456,,0.425,,,,,,,,,,1.0,0.4,1.4,0.06,,,,,,141.0,353.0,0.39899999999999997,,,,141.0,353.0,0.39899999999999997,0.39899999999999997,100.0,150.0,0.667,,,281.0,51.0,,,,183.0,382.0
NYK,1339,1958.0,Art Spoelstra,C,25.0,17.0,,207.0,6.8,0.40700000000000003,,0.561,,,,,,,,,,0.0,0.1,0.1,0.017,,,,,,20.0,66.0,0.303,,,,20.0,66.0,0.303,0.303,27.0,37.0,0.73,,,51.0,6.0,,,,42.0,67.0
ROC,1226,1957.0,Art Spoelstra,C,24.0,72.0,,1640.0,12.9,0.455,,0.413,,,,,,,,,,1.2,2.5,3.7,0.107,,,,,,226.0,576.0,0.39799999999999996,,,,226.0,576.0,0.39799999999999996,0.39799999999999996,163.0,238.0,0.733,,,436.0,95.0,,,,248.0,615.0
TOT,1337,1958.0,Art Spoelstra,C,25.0,67.0,,1305.0,9.9,0.44799999999999995,,0.446,,,,,,,,,,0.9,0.5,1.4,0.053,,,,,,161.0,419.0,0.384,,,,161.0,419.0,0.384,0.384,127.0,187.0,0.679,,,332.0,57.0,,,,225.0,449.0
