Tm,Unnamed: 0,Year,Player,Pos,Age,G,GS,MP,PER,TS%,3PAr,FTr,ORB%,DRB%,TRB%,AST%,STL%,BLK%,TOV%,USG%,blanl,OWS,DWS,WS,WS/48,blank2,OBPM,DBPM,BPM,VORP,FG,FGA,FG%,3P,3PA,3P%,2P,2PA,2P%,eFG%,FT,FTA,FT%,ORB,DRB,TRB,AST,STL,BLK,TOV,PF,PTS
SAS,8413,1987.0,Artis Gilmore*,C,37.0,82.0,82.0,2797.0,21.2,0.68,0.006999999999999999,0.7559999999999999,12.1,25.8,19.2,8.3,0.8,3.7,19.5,20.0,,7.5,3.5,11.0,0.18899999999999997,,2.5,1.1,3.6,4.0,556.0,888.0,0.631,0.0,6.0,0.0,556.0,882.0,0.635,0.631,484.0,646.0,0.7490000000000001,299.0,685.0,984.0,150.0,40.0,192.0,254.0,306.0,1548.0
BOS,8800,1988.0,Artis Gilmore*,C,38.0,47.0,4.0,521.0,10.2,0.581,0.0,0.9009999999999999,13.1,20.0,16.8,2.9,0.9,2.0,21.7,14.8,,0.2,0.5,0.8,0.073,,-2.4,-1.0,-3.5,-0.2,58.0,101.0,0.574,0.0,0.0,,58.0,101.0,0.574,0.574,48.0,91.0,0.527,54.0,94.0,148.0,12.0,10.0,18.0,39.0,94.0,164.0
CHI,8799,1988.0,Artis Gilmore*,C,38.0,82.0,82.0,3265.0,23.5,0.7020000000000001,0.001,0.6709999999999999,11.3,27.7,19.4,14.0,0.9,4.3,22.5,25.3,,8.6,5.5,12.7,0.20800000000000002,,3.4,2.1,5.0,5.6,753.0,1310.0,0.67,1.0,1.0,1.0,753.0,1310.0,0.67,0.67,471.0,669.0,0.768,318.0,757.0,1071.0,274.0,50.0,220.0,366.0,295.0,1940.0
TOT,8798,1988.0,Artis Gilmore*,C,38.0,71.0,27.0,893.0,8.4,0.5579999999999999,0.0,0.7070000000000001,9.6,17.8,13.9,3.0,0.8,2.0,22.0,14.6,,-0.1,1.0,0.9,0.048,,-3.8,-0.7,-4.5,-0.6,99.0,181.0,0.547,0.0,0.0,,99.0,181.0,0.547,0.547,67.0,128.0,0.523,69.0,142.0,211.0,21.0,15.0,30.0,67.0,148.0,265.0
