Tm,Unnamed: 0,Year,Player,Pos,Age,G,GS,MP,PER,TS%,3PAr,FTr,ORB%,DRB%,TRB%,AST%,STL%,BLK%,TOV%,USG%,blanl,OWS,DWS,WS,WS/48,blank2,OBPM,DBPM,BPM,VORP,FG,FGA,FG%,3P,3PA,3P%,2P,2PA,2P%,eFG%,FT,FTA,FT%,ORB,DRB,TRB,AST,STL,BLK,TOV,PF,PTS
DAL,18324,2007.0,Austin Croshere,PF,31.0,61.0,2.0,727.0,10.9,0.46299999999999997,0.41,0.23399999999999999,5.6,24.8,15.4,9.2,1.0,0.6,11.9,17.8,,0.1,1.1,1.3,0.083,,-2.4,0.0,-2.4,-0.1,78.0,222.0,0.35100000000000003,26.0,91.0,0.28600000000000003,52.0,131.0,0.397,0.41,45.0,52.0,0.865,33.0,153.0,186.0,44.0,14.0,6.0,33.0,68.0,227.0
GSW,18858,2008.0,Austin Croshere,PF,32.0,44.0,0.0,457.0,13.2,0.573,0.445,0.23399999999999999,7.4,17.3,12.2,9.0,0.9,1.0,12.7,16.0,,0.8,0.3,1.1,0.11199999999999999,,-0.1,-1.6,-1.7,0.0,61.0,137.0,0.445,22.0,61.0,0.361,39.0,76.0,0.513,0.526,29.0,32.0,0.9059999999999999,33.0,71.0,104.0,30.0,8.0,6.0,22.0,60.0,173.0
IND,17774,2006.0,Austin Croshere,PF,30.0,81.0,26.0,1885.0,16.7,0.618,0.491,0.515,8.3,21.8,15.3,14.9,2.0,2.4,21.3,23.4,,2.8,2.6,5.4,0.17300000000000001,,1.3,0.6,2.0,1.3,288.0,701.0,0.46299999999999997,70.0,207.0,0.391,225.0,494.0,0.5379999999999999,0.5579999999999999,226.0,256.0,0.894,135.0,381.0,516.0,98.0,48.0,60.0,136.0,203.0,835.0
MIL,19466,2009.0,Austin Croshere,PF,33.0,11.0,0.0,77.0,17.2,0.517,0.36700000000000005,0.36700000000000005,10.3,27.3,18.4,12.9,0.7,1.1,10.3,22.6,,0.1,0.1,0.2,0.11699999999999999,,-0.2,-1.3,-1.5,0.0,12.0,30.0,0.4,5.0,11.0,0.455,7.0,19.0,0.368,0.483,7.0,11.0,0.636,7.0,17.0,24.0,6.0,1.0,1.0,4.0,4.0,36.0
SAS,19467,2009.0,Austin Croshere,PF,33.0,3.0,0.0,23.0,4.3,0.212,0.444,0.111,21.0,30.7,25.9,19.3,0.0,0.0,17.5,24.1,,-0.1,0.0,-0.1,-0.166,,-7.4,-0.1,-7.5,0.0,2.0,9.0,0.222,0.0,4.0,0.0,2.0,5.0,0.4,0.222,0.0,1.0,0.0,4.0,6.0,10.0,3.0,0.0,0.0,2.0,1.0,4.0
TOT,19465,2009.0,Austin Croshere,PF,33.0,14.0,0.0,100.0,14.2,0.452,0.385,0.308,12.7,28.1,20.1,14.4,0.5,0.8,11.9,23.0,,0.0,0.1,0.1,0.052000000000000005,,-1.8,-1.0,-2.9,0.0,14.0,39.0,0.359,5.0,15.0,0.33299999999999996,9.0,24.0,0.375,0.423,7.0,12.0,0.583,11.0,23.0,34.0,9.0,1.0,1.0,6.0,5.0,40.0
