Tm,Unnamed: 0,Year,Player,Pos,Age,G,GS,MP,PER,TS%,3PAr,FTr,ORB%,DRB%,TRB%,AST%,STL%,BLK%,TOV%,USG%,blanl,OWS,DWS,WS,WS/48,blank2,OBPM,DBPM,BPM,VORP,FG,FGA,FG%,3P,3PA,3P%,2P,2PA,2P%,eFG%,FT,FTA,FT%,ORB,DRB,TRB,AST,STL,BLK,TOV,PF,PTS
BOS,24160,2017.0,Avery Bradley,SG,26.0,77.0,77.0,2536.0,14.4,0.555,0.39899999999999997,0.19399999999999998,4.0,16.2,10.1,11.9,3.0,1.0,18.1,26.1,,2.0,2.8,4.8,0.09,,0.5,0.3,0.2,1.4,456.0,1019.0,0.498,147.0,407.0,0.40700000000000003,310.0,660.0,0.511,0.5329999999999999,96.0,123.0,0.804,65.0,269.0,334.0,158.0,117.0,19.0,109.0,177.0,1155.0
