Tm,Unnamed: 0,Year,Player,Pos,Age,G,GS,MP,PER,TS%,3PAr,FTr,ORB%,DRB%,TRB%,AST%,STL%,BLK%,TOV%,USG%,blanl,OWS,DWS,WS,WS/48,blank2,OBPM,DBPM,BPM,VORP,FG,FGA,FG%,3P,3PA,3P%,2P,2PA,2P%,eFG%,FT,FTA,FT%,ORB,DRB,TRB,AST,STL,BLK,TOV,PF,PTS
GSW,13431,1998.0,B.J. Armstrong,PG,30.0,82.0,64.0,2262.0,17.3,0.595,0.285,0.384,7.0,8.3,6.3,28.4,3.6,0.2,24.1,21.5,,6.2,0.8,7.0,0.149,,2.8,0.0,0.1,1.2,340.0,727.0,0.46799999999999997,98.0,207.0,0.473,242.0,520.0,0.519,0.535,234.0,279.0,0.861,22.0,162.0,184.0,401.0,68.0,6.0,128.0,147.0,1012.0
CHH,13974,1999.0,B.J. Armstrong,PG,31.0,62.0,1.0,772.0,15.2,0.601,0.18600000000000003,0.233,1.9,9.5,5.4,30.0,1.7,0.0,17.4,15.3,,1.8,0.5,2.3,0.141,,0.7,-2.6,-2.0,0.0,99.0,194.0,0.51,9.0,34.0,0.75,90.0,160.0,0.563,0.5579999999999999,37.0,43.0,0.9,12.0,57.0,69.0,144.0,25.0,0.0,35.0,68.0,244.0
ORL,13975,1999.0,B.J. Armstrong,PG,31.0,22.0,0.0,180.0,12.4,0.48200000000000004,0.156,0.244,0.6,14.4,7.4,31.8,2.7,0.0,23.1,16.3,,0.0,0.3,0.3,0.087,,-3.3,-0.2,-3.5,-0.1,19.0,45.0,0.42200000000000004,1.0,7.0,0.14300000000000002,18.0,38.0,0.474,0.433,9.0,11.0,0.818,1.0,22.0,23.0,34.0,9.0,0.0,15.0,15.0,48.0
TOT,13973,1999.0,B.J. Armstrong,PG,31.0,66.0,1.0,831.0,14.6,0.555,0.17,0.239,2.3,12.0,6.4,29.2,1.9,0.0,20.5,15.8,,1.6,0.6,2.2,0.124,,0.2,-1.6,-2.3,-0.1,105.0,213.0,0.493,9.0,35.0,0.467,96.0,178.0,0.539,0.514,42.0,50.0,0.857,16.0,60.0,76.0,150.0,29.0,0.0,42.0,74.0,261.0
CHI,14484,2000.0,B.J. Armstrong,PG,32.0,82.0,82.0,2770.0,15.1,0.5770000000000001,0.28300000000000003,0.261,1.7,9.2,5.1,26.5,2.0,0.3,16.9,19.8,,5.7,2.8,8.1,0.152,,1.3,-1.2,0.2,1.4,479.0,1007.0,0.499,108.0,253.0,0.5,419.0,872.0,0.508,0.537,206.0,233.0,0.885,28.0,161.0,186.0,330.0,84.0,9.0,131.0,169.0,1212.0
