Tm,Unnamed: 0,Year,Player,Pos,Age,G,GS,MP,PER,TS%,3PAr,FTr,ORB%,DRB%,TRB%,AST%,STL%,BLK%,TOV%,USG%,blanl,OWS,DWS,WS,WS/48,blank2,OBPM,DBPM,BPM,VORP,FG,FGA,FG%,3P,3PA,3P%,2P,2PA,2P%,eFG%,FT,FTA,FT%,ORB,DRB,TRB,AST,STL,BLK,TOV,PF,PTS
NYK,2158,1965.0,Barry Kramer,SF,22.0,19.0,,231.0,8.7,0.405,,0.465,,,,8.8,,,,,,-0.2,0.1,-0.1,-0.017,,,,,,27.0,86.0,0.314,,,,27.0,86.0,0.314,0.314,30.0,40.0,0.75,,,41.0,15.0,,,,31.0,84.0
SFW,2157,1965.0,Barry Kramer,SF,22.0,33.0,,276.0,11.1,0.42700000000000005,,0.44,,,,12.9,,,,,,-0.1,0.3,0.3,0.044000000000000004,,,,,,36.0,100.0,0.36,,,,36.0,100.0,0.36,0.36,30.0,44.0,0.682,,,59.0,26.0,,,,36.0,102.0
TOT,2156,1965.0,Barry Kramer,SF,22.0,52.0,,507.0,10.0,0.41700000000000004,,0.452,,,,11.0,,,,,,-0.3,0.5,0.2,0.017,,,,,,63.0,186.0,0.33899999999999997,,,,63.0,186.0,0.33899999999999997,0.33899999999999997,60.0,84.0,0.7140000000000001,,,100.0,41.0,,,,67.0,186.0
