Tm,Unnamed: 0,Year,Player,Pos,Age,G,GS,MP,PER,TS%,3PAr,FTr,ORB%,DRB%,TRB%,AST%,STL%,BLK%,TOV%,USG%,blanl,OWS,DWS,WS,WS/48,blank2,OBPM,DBPM,BPM,VORP,FG,FGA,FG%,3P,3PA,3P%,2P,2PA,2P%,eFG%,FT,FTA,FT%,ORB,DRB,TRB,AST,STL,BLK,TOV,PF,PTS
BLB,608,1952.0,Belus Smawley,SG,33.0,44.0,,139.0,3.1,0.475,,0.391,,,,,,,,,,3.8,1.0,4.9,-0.195,,,,,,212.0,545.0,0.389,,,,212.0,545.0,0.389,0.389,183.0,213.0,0.8590000000000001,,,130.0,125.0,,,,109.0,607.0
STB,272,1950.0,Belus Smawley,SG,31.0,61.0,,,,0.43,,0.377,,,,,,,,,,4.3,0.8,5.0,,,,,,,287.0,832.0,0.345,,,,287.0,832.0,0.345,0.345,260.0,314.0,0.828,,,,215.0,,,,160.0,834.0
SYR,475,1951.0,Belus Smawley,SG,32.0,16.0,,,,0.43700000000000006,,0.45799999999999996,,,,,,,,,,0.5,0.3,0.7,,,,,,,40.0,118.0,0.33899999999999997,,,,40.0,118.0,0.33899999999999997,0.33899999999999997,44.0,54.0,0.815,,,48.0,36.0,,,,36.0,124.0
TOT,474,1951.0,Belus Smawley,SG,32.0,60.0,,,,0.46799999999999997,,0.40299999999999997,,,,,,,,,,4.3,1.3,5.6,,,,,,,252.0,663.0,0.38,,,,252.0,663.0,0.38,0.38,227.0,267.0,0.85,,,178.0,161.0,,,,145.0,731.0
