Tm,Unnamed: 0,Year,Player,Pos,Age,G,GS,MP,PER,TS%,3PAr,FTr,ORB%,DRB%,TRB%,AST%,STL%,BLK%,TOV%,USG%,blanl,OWS,DWS,WS,WS/48,blank2,OBPM,DBPM,BPM,VORP,FG,FGA,FG%,3P,3PA,3P%,2P,2PA,2P%,eFG%,FT,FTA,FT%,ORB,DRB,TRB,AST,STL,BLK,TOV,PF,PTS
CLE,21620,2012.0,Ben Uzoh,PG,23.0,2.0,0.0,13.0,21.0,0.4,0.0,0.0,16.9,18.2,17.5,27.8,4.0,0.0,0.0,17.3,,0.0,0.0,0.0,0.161,,2.8,1.6,4.5,0.0,2.0,5.0,0.4,0.0,0.0,,2.0,5.0,0.4,0.4,0.0,0.0,,2.0,2.0,4.0,2.0,1.0,0.0,0.0,1.0,4.0
NJN,21063,2011.0,Ben Uzoh,PG,22.0,42.0,0.0,438.0,14.7,0.46799999999999997,0.055999999999999994,0.389,7.9,8.6,8.2,26.7,1.6,1.4,12.9,20.5,,0.2,0.2,0.5,0.054000000000000006,,-0.9,-0.8,-1.7,0.0,61.0,144.0,0.424,3.0,8.0,0.375,58.0,136.0,0.426,0.434,33.0,56.0,0.589,30.0,31.0,61.0,69.0,13.0,8.0,25.0,29.0,158.0
TOR,21621,2012.0,Ben Uzoh,PG,23.0,16.0,8.0,357.0,10.5,0.376,0.011000000000000001,0.20199999999999999,5.6,15.0,10.3,26.7,2.4,0.7,15.7,16.0,,-0.2,0.4,0.2,0.027000000000000003,,-3.0,1.6,-1.4,0.1,33.0,94.0,0.35100000000000003,0.0,1.0,0.0,33.0,93.0,0.355,0.35100000000000003,11.0,19.0,0.579,17.0,46.0,63.0,59.0,16.0,3.0,19.0,30.0,77.0
TOT,21619,2012.0,Ben Uzoh,PG,23.0,18.0,8.0,370.0,10.9,0.377,0.01,0.192,6.0,15.1,10.6,26.8,2.5,0.7,15.0,16.1,,-0.2,0.4,0.2,0.032,,-2.8,1.6,-1.2,0.1,35.0,99.0,0.354,0.0,1.0,0.0,35.0,98.0,0.35700000000000004,0.354,11.0,19.0,0.579,19.0,48.0,67.0,61.0,17.0,3.0,19.0,31.0,81.0
