Tm,Unnamed: 0,Year,Player,Pos,Age,G,GS,MP,PER,TS%,3PAr,FTr,ORB%,DRB%,TRB%,AST%,STL%,BLK%,TOV%,USG%,blanl,OWS,DWS,WS,WS/48,blank2,OBPM,DBPM,BPM,VORP,FG,FGA,FG%,3P,3PA,3P%,2P,2PA,2P%,eFG%,FT,FTA,FT%,ORB,DRB,TRB,AST,STL,BLK,TOV,PF,PTS
DET,11443,1994.0,Ben Coleman,PF,32.0,9.0,0.0,77.0,11.6,0.491,0.0,0.32,14.2,23.4,18.7,0.0,1.3,1.7,19.7,20.2,,-0.1,0.1,0.0,-0.004,,-7.4,-5.3,-12.7,-0.2,12.0,25.0,0.48,0.0,0.0,,12.0,25.0,0.48,0.48,4.0,8.0,0.5,10.0,16.0,26.0,0.0,2.0,2.0,7.0,9.0,28.0
MIL,9616,1990.0,Ben Coleman,PF,28.0,22.0,0.0,305.0,12.2,0.5479999999999999,0.01,0.423,11.5,21.4,16.4,5.6,1.1,1.4,18.4,19.4,,0.1,0.4,0.5,0.079,,-3.4,-1.1,-4.5,-0.2,46.0,97.0,0.474,0.0,1.0,0.0,46.0,96.0,0.479,0.474,34.0,41.0,0.8290000000000001,31.0,56.0,87.0,12.0,7.0,7.0,26.0,54.0,126.0
NJN,8733,1988.0,Ben Coleman,PF,26.0,68.0,10.0,1029.0,13.6,0.617,0.008,0.387,10.9,21.0,15.7,9.4,2.1,1.8,20.6,22.4,,0.9,1.1,2.0,0.09300000000000001,,-1.2,0.7,-1.2,0.2,182.0,313.0,0.581,0.0,2.0,0.0,182.0,312.0,0.583,0.581,88.0,121.0,0.774,99.0,189.0,288.0,39.0,32.0,31.0,94.0,200.0,452.0
PHI,9169,1989.0,Ben Coleman,PF,27.0,58.0,14.0,841.0,11.2,0.575,0.005,0.474,8.0,20.6,14.1,4.0,0.9,1.8,17.6,19.1,,0.6,0.6,1.2,0.071,,-2.3,-0.8,-3.1,-0.2,117.0,241.0,0.516,0.0,1.0,0.0,117.0,241.0,0.519,0.516,76.0,101.0,0.792,58.0,128.0,177.0,23.0,15.0,25.0,55.0,120.0,296.0
TOT,8732,1988.0,Ben Coleman,PF,26.0,70.0,24.0,1498.0,12.0,0.555,0.006999999999999999,0.408,8.8,18.5,13.5,6.4,1.4,1.6,19.2,18.6,,0.4,1.4,1.8,0.057999999999999996,,-2.5,-0.1,-2.6,-0.2,226.0,453.0,0.499,0.0,3.0,0.0,226.0,450.0,0.502,0.499,141.0,185.0,0.762,116.0,234.0,350.0,62.0,43.0,41.0,127.0,230.0,593.0
