Tm,Unnamed: 0,Year,Player,Pos,Age,G,GS,MP,PER,TS%,3PAr,FTr,ORB%,DRB%,TRB%,AST%,STL%,BLK%,TOV%,USG%,blanl,OWS,DWS,WS,WS/48,blank2,OBPM,DBPM,BPM,VORP,FG,FGA,FG%,3P,3PA,3P%,2P,2PA,2P%,eFG%,FT,FTA,FT%,ORB,DRB,TRB,AST,STL,BLK,TOV,PF,PTS
NYK,14074,1999.0,Ben Davis,PF,26.0,8.0,0.0,21.0,34.4,0.433,0.0,0.353,55.2,10.8,30.9,43.0,4.2,0.0,4.8,47.2,,0.1,0.0,0.1,0.23800000000000002,,19.3,1.7,21.0,0.1,7.0,17.0,0.41200000000000003,0.0,0.0,,7.0,17.0,0.41200000000000003,0.41200000000000003,3.0,6.0,0.5,9.0,2.0,11.0,3.0,1.0,0.0,1.0,4.0,17.0
PHO,14590,2000.0,Ben Davis,PF,27.0,20.0,0.0,98.0,9.4,0.41700000000000004,0.0,0.769,15.5,29.8,22.8,13.2,2.3,3.3,33.3,18.0,,0.0,0.1,0.1,0.037000000000000005,,-6.1,4.2,-4.1,0.0,10.0,26.0,0.385,0.0,0.0,,10.0,26.0,0.385,0.385,9.0,20.0,0.45,12.0,15.0,27.0,2.0,4.0,1.0,3.0,16.0,29.0
