Tm,Unnamed: 0,Year,Player,Pos,Age,G,GS,MP,PER,TS%,3PAr,FTr,ORB%,DRB%,TRB%,AST%,STL%,BLK%,TOV%,USG%,blanl,OWS,DWS,WS,WS/48,blank2,OBPM,DBPM,BPM,VORP,FG,FGA,FG%,3P,3PA,3P%,2P,2PA,2P%,eFG%,FT,FTA,FT%,ORB,DRB,TRB,AST,STL,BLK,TOV,PF,PTS
CHA,18630,2007.0,Bernard Robinson,SG,26.0,66.0,18.0,1303.0,12.0,0.503,0.099,0.40700000000000003,5.2,16.7,10.3,14.4,3.2,0.9,20.1,17.0,,0.1,1.6,1.7,0.061,,-2.7,1.5,-1.3,0.2,157.0,365.0,0.444,3.0,21.0,0.375,155.0,344.0,0.452,0.46299999999999997,106.0,134.0,0.8640000000000001,62.0,157.0,219.0,77.0,81.0,10.0,74.0,141.0,422.0
NJN,18631,2007.0,Bernard Robinson,SF,26.0,10.0,0.0,37.0,16.2,0.49,0.0,0.625,3.2,15.8,9.6,8.3,5.7,2.1,0.0,12.8,,0.1,0.1,0.1,0.18100000000000002,,-2.4,4.1,1.7,0.0,3.0,8.0,0.375,0.0,0.0,,3.0,8.0,0.375,0.375,4.0,5.0,0.8,1.0,5.0,6.0,2.0,4.0,1.0,0.0,4.0,10.0
TOT,18629,2007.0,Bernard Robinson,SG-SF,26.0,31.0,0.0,278.0,7.6,0.413,0.032,0.435,4.1,16.6,10.2,10.2,3.2,0.6,17.8,14.7,,-0.3,0.4,0.1,0.01,,-5.7,1.6,-4.1,-0.1,19.0,62.0,0.306,0.0,2.0,0.0,19.0,60.0,0.317,0.306,23.0,27.0,0.852,10.0,38.0,48.0,19.0,17.0,2.0,16.0,32.0,61.0
