Tm,Unnamed: 0,Year,Player,Pos,Age,G,GS,MP,PER,TS%,3PAr,FTr,ORB%,DRB%,TRB%,AST%,STL%,BLK%,TOV%,USG%,blanl,OWS,DWS,WS,WS/48,blank2,OBPM,DBPM,BPM,VORP,FG,FGA,FG%,3P,3PA,3P%,2P,2PA,2P%,eFG%,FT,FTA,FT%,ORB,DRB,TRB,AST,STL,BLK,TOV,PF,PTS
CIN,1771,1962.0,Bevo Nordmann,C,22.0,58.0,,344.0,9.5,0.434,,0.452,,,,,,,,,,-0.1,0.2,0.1,0.013999999999999999,,,,,,51.0,126.0,0.405,,,,51.0,126.0,0.405,0.405,29.0,57.0,0.509,,,128.0,18.0,,,,81.0,131.0
NYK,2036,1964.0,Bevo Nordmann,C,24.0,26.0,,729.0,13.0,0.546,,0.56,,,,,,,,,,0.8,0.5,1.2,0.08,,,,,,120.0,239.0,0.52,,,,120.0,239.0,0.52,0.52,38.0,83.0,0.5710000000000001,,,231.0,39.0,,,,107.0,278.0
STL,2037,1964.0,Bevo Nordmann,C,24.0,27.0,,271.0,10.5,0.479,,0.488,,,,,,,,,,0.1,0.4,0.5,0.092,,,,,,36.0,80.0,0.45,,,,36.0,80.0,0.45,0.45,21.0,39.0,0.5379999999999999,,,85.0,8.0,,,,49.0,93.0
TOT,2035,1964.0,Bevo Nordmann,C,24.0,53.0,,1000.0,12.3,0.498,,0.382,,,,,,,,,,0.9,0.9,1.7,0.083,,,,,,156.0,319.0,0.489,,,,156.0,319.0,0.489,0.489,59.0,122.0,0.484,,,316.0,47.0,,,,156.0,371.0
BOS,2179,1965.0,Bevo Nordmann,C,25.0,3.0,,25.0,13.0,0.6,,0.0,,,,14.9,,,,,,0.0,0.1,0.1,0.24100000000000002,,,,,,3.0,5.0,0.6,,,,3.0,5.0,0.6,0.6,0.0,0.0,,,,8.0,3.0,,,,5.0,6.0
