Tm,Unnamed: 0,Year,Player,Pos,Age,G,GS,MP,PER,TS%,3PAr,FTr,ORB%,DRB%,TRB%,AST%,STL%,BLK%,TOV%,USG%,blanl,OWS,DWS,WS,WS/48,blank2,OBPM,DBPM,BPM,VORP,FG,FGA,FG%,3P,3PA,3P%,2P,2PA,2P%,eFG%,FT,FTA,FT%,ORB,DRB,TRB,AST,STL,BLK,TOV,PF,PTS
CHI,14434,1999.0,Bill Wennington,C,35.0,76.0,20.0,1371.0,14.0,0.5379999999999999,0.013000000000000001,0.22399999999999998,10.0,20.2,15.1,8.0,1.6,2.0,12.6,21.4,,1.3,2.3,3.5,0.125,,-1.9,0.4,-1.5,0.2,235.0,482.0,0.498,1.0,4.0,1.0,235.0,480.0,0.502,0.498,72.0,88.0,0.86,117.0,236.0,353.0,70.0,43.0,29.0,75.0,214.0,542.0
DAL,9972,1990.0,Bill Wennington,C,26.0,65.0,9.0,1074.0,16.6,0.5489999999999999,0.040999999999999995,0.455,12.4,21.4,17.0,7.3,2.0,4.1,19.8,22.0,,0.5,1.2,1.3,0.146,,-1.5,0.4,-1.4,0.0,119.0,275.0,0.51,1.0,9.0,0.5,118.0,266.0,0.511,0.52,61.0,82.0,0.8,82.0,204.0,286.0,46.0,20.0,35.0,54.0,211.0,300.0
SAC,14940,2000.0,Bill Wennington,C,36.0,77.0,23.0,1455.0,11.0,0.479,0.012,0.22699999999999998,9.1,25.8,17.4,7.2,1.7,2.6,10.1,15.3,,0.4,1.8,2.1,0.07,,-3.5,1.1,-2.5,-0.1,181.0,415.0,0.436,1.0,5.0,0.2,180.0,410.0,0.439,0.43700000000000006,74.0,94.0,1.0,101.0,239.0,340.0,69.0,46.0,59.0,51.0,230.0,437.0
