Tm,Unnamed: 0,Year,Player,Pos,Age,G,GS,MP,PER,TS%,3PAr,FTr,ORB%,DRB%,TRB%,AST%,STL%,BLK%,TOV%,USG%,blanl,OWS,DWS,WS,WS/48,blank2,OBPM,DBPM,BPM,VORP,FG,FGA,FG%,3P,3PA,3P%,2P,2PA,2P%,eFG%,FT,FTA,FT%,ORB,DRB,TRB,AST,STL,BLK,TOV,PF,PTS
POR,6464,1982.0,Billy Ray,SG,25.0,77.0,0.0,1560.0,24.1,0.552,0.13,0.305,6.0,7.6,6.8,23.8,2.9,0.5,13.1,32.0,,2.4,1.2,3.6,0.188,,5.4,-2.1,3.3,0.5,439.0,902.0,0.493,14.0,54.0,0.42100000000000004,425.0,848.0,0.504,0.521,170.0,211.0,0.8540000000000001,71.0,86.0,157.0,196.0,82.0,6.0,149.0,120.0,1062.0
LAL,6841,1983.0,Billy Ray,SG,26.0,4.0,0.0,27.0,-7.3,0.14800000000000002,0.0,0.125,4.3,0.0,2.1,0.0,1.7,0.0,0.0,24.7,,-0.2,0.0,-0.2,-0.287,,-14.2,-6.6,-20.8,-0.1,2.0,16.0,0.125,0.0,0.0,,2.0,16.0,0.125,0.125,1.0,2.0,0.5,1.0,0.0,1.0,0.0,1.0,0.0,0.0,1.0,5.0
TOT,6839,1983.0,Billy Ray,SG,26.0,19.0,3.0,304.0,8.4,0.39799999999999996,0.034,0.152,4.0,2.9,3.5,7.2,2.2,0.6,7.2,22.6,,-0.4,0.4,0.0,-0.005,,-4.4,-1.4,-5.8,-0.3,55.0,145.0,0.379,2.0,5.0,0.4,53.0,140.0,0.379,0.386,11.0,22.0,0.5,11.0,8.0,19.0,14.0,14.0,3.0,12.0,19.0,123.0
WSB,6840,1983.0,Billy Ray,SG,26.0,15.0,3.0,277.0,9.9,0.428,0.039,0.155,4.0,3.2,3.6,7.9,2.3,0.6,8.0,22.4,,-0.2,0.4,0.1,0.023,,-3.5,-0.9,-4.3,-0.2,53.0,129.0,0.41100000000000003,2.0,5.0,0.4,51.0,124.0,0.41100000000000003,0.419,10.0,20.0,0.5,10.0,8.0,18.0,14.0,13.0,3.0,12.0,18.0,118.0
