Tm,Unnamed: 0,Year,Player,Pos,Age,G,GS,MP,PER,TS%,3PAr,FTr,ORB%,DRB%,TRB%,AST%,STL%,BLK%,TOV%,USG%,blanl,OWS,DWS,WS,WS/48,blank2,OBPM,DBPM,BPM,VORP,FG,FGA,FG%,3P,3PA,3P%,2P,2PA,2P%,eFG%,FT,FTA,FT%,ORB,DRB,TRB,AST,STL,BLK,TOV,PF,PTS
WAS,18144,2006.0,Billy Thomas,SG,30.0,17.0,0.0,131.0,9.8,0.465,0.75,0.05,4.3,8.2,6.2,10.6,4.0,0.6,12.8,16.0,,0.0,0.2,0.2,0.063,,0.0,0.0,0.0,0.1,13.0,40.0,0.325,10.0,30.0,0.33299999999999996,3.0,10.0,0.3,0.45,2.0,2.0,1.0,5.0,9.0,14.0,9.0,10.0,1.0,6.0,19.0,38.0
CLE,19255,2008.0,Billy Thomas,SF,32.0,7.0,0.0,34.0,0.1,0.429,0.929,0.0,0.0,6.9,3.4,0.0,1.6,0.0,17.6,22.7,,-0.1,0.0,-0.1,-0.11199999999999999,,-6.2,-5.6,-11.8,-0.1,4.0,14.0,0.28600000000000003,4.0,13.0,0.308,0.0,1.0,0.0,0.429,0.0,0.0,,0.0,2.0,2.0,0.0,1.0,0.0,3.0,4.0,12.0
NJN,19254,2008.0,Billy Thomas,SF,32.0,25.0,0.0,356.0,8.2,0.47,1.0,0.667,2.3,9.9,6.1,8.0,2.1,0.2,20.5,27.9,,0.0,0.4,0.4,0.055,,-2.5,-0.7,-3.2,0.0,34.0,94.0,0.36200000000000004,17.0,56.0,0.304,17.0,38.0,0.447,0.452,7.0,9.0,1.0,7.0,29.0,36.0,17.0,14.0,1.0,9.0,29.0,92.0
TOT,19253,2008.0,Billy Thomas,SF,32.0,11.0,0.0,42.0,-1.9,0.391,0.941,0.11800000000000001,0.0,5.6,2.7,0.0,1.3,0.0,18.3,23.7,,-0.2,0.0,-0.1,-0.165,,-7.4,-6.1,-13.5,-0.1,4.0,17.0,0.235,4.0,16.0,0.25,0.0,1.0,0.0,0.353,2.0,2.0,1.0,0.0,2.0,2.0,0.0,1.0,0.0,4.0,4.0,14.0
