Tm,Unnamed: 0,Year,Player,Pos,Age,G,GS,MP,PER,TS%,3PAr,FTr,ORB%,DRB%,TRB%,AST%,STL%,BLK%,TOV%,USG%,blanl,OWS,DWS,WS,WS/48,blank2,OBPM,DBPM,BPM,VORP,FG,FGA,FG%,3P,3PA,3P%,2P,2PA,2P%,eFG%,FT,FTA,FT%,ORB,DRB,TRB,AST,STL,BLK,TOV,PF,PTS
DAL,15071,2001.0,Bill Curley,PF,28.0,5.0,0.0,15.0,-8.3,0.26,0.25,1.0,0.0,0.0,0.0,0.0,3.4,4.8,25.8,23.5,,-0.1,0.0,-0.1,-0.314,,-13.6,0.6,-13.0,0.0,1.0,4.0,0.25,0.0,1.0,0.0,1.0,3.0,0.33299999999999996,0.25,1.0,4.0,0.25,0.0,0.0,0.0,0.0,1.0,1.0,2.0,4.0,3.0
DET,11923,1995.0,Bill Curley,PF,22.0,53.0,1.0,595.0,9.0,0.47700000000000004,0.0,0.26899999999999996,10.6,13.9,12.2,6.2,1.8,2.6,14.3,13.2,,0.1,0.4,0.5,0.042,,-3.6,0.2,-3.4,-0.2,58.0,134.0,0.433,0.0,0.0,,58.0,134.0,0.433,0.433,27.0,36.0,0.75,54.0,70.0,124.0,25.0,21.0,21.0,25.0,128.0,143.0
GSW,15072,2001.0,Bill Curley,SF,28.0,24.0,2.0,259.0,12.1,0.605,0.023,0.439,11.6,12.1,11.1,8.1,2.1,3.2,22.0,15.2,,0.2,0.1,0.3,0.068,,-2.4,-0.3,-3.1,0.0,24.0,57.0,0.5579999999999999,1.0,1.0,1.0,23.0,56.0,0.5479999999999999,0.57,18.0,25.0,0.733,21.0,28.0,42.0,14.0,11.0,8.0,17.0,51.0,64.0
HOU,14579,2000.0,Bill Curley,PF,27.0,4.0,0.0,50.0,5.2,0.545,0.0,0.0,9.2,8.8,9.0,0.0,2.0,0.0,26.7,13.2,,0.0,0.0,0.0,-0.006,,-5.2,-3.0,-8.1,-0.1,6.0,11.0,0.545,0.0,0.0,,6.0,11.0,0.545,0.545,0.0,0.0,,4.0,4.0,8.0,0.0,2.0,0.0,4.0,10.0,12.0
MIN,14067,1999.0,Bill Curley,PF,26.0,35.0,7.0,372.0,7.8,0.495,0.069,0.306,8.6,13.1,10.9,5.5,2.4,1.8,10.9,11.4,,0.3,0.4,0.7,0.08900000000000001,,-2.4,1.2,-1.9,0.0,29.0,72.0,0.485,1.0,5.0,0.2,28.0,67.0,0.5,0.485,19.0,22.0,0.8640000000000001,20.0,31.0,51.0,14.0,17.0,9.0,10.0,83.0,78.0
TOT,15070,2001.0,Bill Curley,SF-PF,28.0,28.0,2.0,309.0,10.5,0.569,0.043,0.40399999999999997,10.7,11.6,10.2,6.8,2.1,3.3,22.4,15.8,,0.0,0.2,0.2,0.038,,-3.3,-0.6,-3.9,-0.1,29.0,68.0,0.532,1.0,2.0,0.5,29.0,67.0,0.5329999999999999,0.5429999999999999,18.0,25.0,0.72,21.0,32.0,50.0,14.0,13.0,9.0,21.0,61.0,76.0
