Tm,Unnamed: 0,Year,Player,Pos,Age,G,GS,MP,PER,TS%,3PAr,FTr,ORB%,DRB%,TRB%,AST%,STL%,BLK%,TOV%,USG%,blanl,OWS,DWS,WS,WS/48,blank2,OBPM,DBPM,BPM,VORP,FG,FGA,FG%,3P,3PA,3P%,2P,2PA,2P%,eFG%,FT,FTA,FT%,ORB,DRB,TRB,AST,STL,BLK,TOV,PF,PTS
CLE,6371,1981.0,Bill Robinzine,PF,28.0,8.0,,84.0,6.0,0.465,0.0,0.25,5.0,12.5,8.6,8.1,2.3,0.0,22.0,21.8,,-0.2,0.1,-0.1,-0.057,,-5.7,-1.6,-7.2,-0.1,14.0,32.0,0.43799999999999994,0.0,0.0,,14.0,32.0,0.43799999999999994,0.43799999999999994,5.0,8.0,0.625,4.0,9.0,13.0,5.0,4.0,0.0,10.0,19.0,33.0
DAL,6372,1981.0,Bill Robinzine,PF,28.0,70.0,,1932.0,15.2,0.531,0.008,0.344,9.3,21.8,15.3,9.5,1.8,0.3,16.2,23.6,,0.9,1.5,2.4,0.059000000000000004,,-0.8,-0.7,-1.6,0.2,378.0,794.0,0.47600000000000003,1.0,6.0,0.16699999999999998,377.0,788.0,0.478,0.47700000000000004,213.0,273.0,0.78,164.0,356.0,520.0,113.0,71.0,9.0,177.0,256.0,970.0
KCK,6008,1980.0,Bill Robinzine,PF,27.0,82.0,,2179.0,16.4,0.581,0.003,0.4,10.6,21.5,15.9,8.5,2.7,0.7,17.8,21.1,,3.4,3.6,6.9,0.151,,1.0,0.9,1.7,2.0,459.0,837.0,0.5479999999999999,1.0,2.0,0.5,459.0,837.0,0.5479999999999999,0.5479999999999999,206.0,274.0,0.76,218.0,420.0,638.0,104.0,106.0,23.0,179.0,367.0,1098.0
TOT,6370,1981.0,Bill Robinzine,PF,28.0,78.0,,2016.0,14.8,0.528,0.006999999999999999,0.34,9.1,21.4,15.0,9.5,1.8,0.3,16.5,23.5,,0.7,1.5,2.3,0.054000000000000006,,-1.0,-0.8,-1.8,0.1,392.0,826.0,0.475,1.0,6.0,0.16699999999999998,391.0,820.0,0.47700000000000004,0.475,218.0,281.0,0.7759999999999999,168.0,365.0,533.0,118.0,75.0,9.0,187.0,275.0,1003.0
UTA,6736,1982.0,Bill Robinzine,PF,29.0,56.0,9.0,651.0,11.3,0.494,0.0,0.255,9.1,14.8,11.9,10.3,2.6,0.4,20.2,25.2,,-0.7,0.5,-0.2,-0.013000000000000001,,-3.3,-1.4,-4.7,-0.4,131.0,294.0,0.446,0.0,0.0,,131.0,294.0,0.446,0.446,61.0,75.0,0.813,56.0,88.0,144.0,49.0,37.0,5.0,83.0,156.0,323.0
