Tm,Unnamed: 0,Year,Player,Pos,Age,G,GS,MP,PER,TS%,3PAr,FTr,ORB%,DRB%,TRB%,AST%,STL%,BLK%,TOV%,USG%,blanl,OWS,DWS,WS,WS/48,blank2,OBPM,DBPM,BPM,VORP,FG,FGA,FG%,3P,3PA,3P%,2P,2PA,2P%,eFG%,FT,FTA,FT%,ORB,DRB,TRB,AST,STL,BLK,TOV,PF,PTS
NYK,8728,1988.0,Bill Cartwright,C,30.0,82.0,82.0,3150.0,19.0,0.639,0.001,1.429,9.6,26.4,15.9,18.9,1.4,3.2,34.5,21.5,,7.7,4.4,10.1,0.19699999999999998,,1.6,2.3,3.7,3.6,665.0,1215.0,0.5660000000000001,0.0,1.0,0.0,665.0,1215.0,0.5660000000000001,0.5660000000000001,451.0,566.0,0.805,195.0,532.0,726.0,165.0,48.0,127.0,222.0,315.0,1781.0
CHI,11432,1994.0,Bill Cartwright,C,36.0,79.0,79.0,2333.0,12.8,0.562,0.0,0.46799999999999997,8.8,18.0,12.9,10.5,0.9,1.1,18.8,20.1,,2.8,2.3,4.5,0.1,,-1.2,-0.1,-1.6,0.2,365.0,768.0,0.513,0.0,0.0,,365.0,768.0,0.513,0.513,236.0,308.0,0.8109999999999999,167.0,369.0,521.0,145.0,38.0,41.0,190.0,243.0,966.0
SEA,11904,1995.0,Bill Cartwright,C,37.0,29.0,19.0,430.0,4.0,0.434,0.0,0.348,7.0,16.8,12.0,3.0,0.7,0.5,18.5,9.8,,-0.2,0.4,0.2,0.021,,-5.0,-0.5,-5.5,-0.4,27.0,69.0,0.391,0.0,0.0,,27.0,69.0,0.391,0.391,15.0,24.0,0.625,25.0,62.0,87.0,10.0,6.0,3.0,18.0,70.0,69.0
