Tm,Unnamed: 0,Year,Player,Pos,Age,G,GS,MP,PER,TS%,3PAr,FTr,ORB%,DRB%,TRB%,AST%,STL%,BLK%,TOV%,USG%,blanl,OWS,DWS,WS,WS/48,blank2,OBPM,DBPM,BPM,VORP,FG,FGA,FG%,3P,3PA,3P%,2P,2PA,2P%,eFG%,FT,FTA,FT%,ORB,DRB,TRB,AST,STL,BLK,TOV,PF,PTS
CHI,12966,1997.0,Bison Dele,C,27.0,9.0,0.0,138.0,13.7,0.45299999999999996,0.0,0.23800000000000002,11.6,15.3,13.5,13.5,1.2,2.7,13.6,26.1,,0.0,0.2,0.2,0.073,,-3.3,0.0,-3.3,0.0,26.0,63.0,0.413,0.0,0.0,,26.0,63.0,0.413,0.413,11.0,15.0,0.733,14.0,19.0,33.0,12.0,3.0,5.0,11.0,20.0,63.0
DEN,11938,1995.0,Bison Dele,C,25.0,80.0,10.0,1507.0,16.5,0.616,0.006,0.486,10.5,22.0,16.4,6.8,1.6,3.6,22.0,18.7,,1.8,2.9,4.7,0.151,,-1.4,1.4,0.0,0.8,251.0,464.0,0.589,0.0,3.0,0.0,251.0,461.0,0.589,0.589,137.0,211.0,0.654,138.0,308.0,446.0,53.0,49.0,87.0,114.0,221.0,639.0
DET,14087,1999.0,Bison Dele,C,29.0,78.0,78.0,2619.0,18.1,0.542,0.003,0.27399999999999997,10.1,21.6,15.8,11.9,1.8,2.8,18.7,24.0,,3.2,3.7,6.9,0.126,,-0.4,1.3,0.2,1.1,531.0,1040.0,0.511,1.0,3.0,0.33299999999999996,530.0,1037.0,0.511,0.511,198.0,280.0,0.7070000000000001,223.0,472.0,695.0,94.0,67.0,55.0,181.0,252.0,1261.0
LAC,12406,1996.0,Bison Dele,C,26.0,65.0,65.0,2157.0,17.0,0.5820000000000001,0.008,0.349,8.2,19.5,13.7,9.4,1.7,1.9,17.7,22.2,,2.1,1.9,4.0,0.09,,-0.5,0.5,0.0,1.1,416.0,766.0,0.5429999999999999,1.0,6.0,0.16699999999999998,415.0,760.0,0.546,0.544,196.0,267.0,0.7340000000000001,149.0,343.0,492.0,122.0,70.0,55.0,190.0,226.0,1029.0
ORL,11011,1993.0,Bison Dele,PF,23.0,48.0,2.0,905.0,17.1,0.565,0.013000000000000001,0.43799999999999994,13.8,19.9,16.8,5.8,2.9,4.3,22.4,21.7,,0.6,1.2,1.8,0.09699999999999999,,-1.2,2.0,-0.1,0.4,171.0,324.0,0.528,0.0,1.0,0.0,171.0,324.0,0.528,0.528,95.0,142.0,0.8,115.0,157.0,272.0,33.0,41.0,53.0,86.0,139.0,437.0
