Tm,Unnamed: 0,Year,Player,Pos,Age,G,GS,MP,PER,TS%,3PAr,FTr,ORB%,DRB%,TRB%,AST%,STL%,BLK%,TOV%,USG%,blanl,OWS,DWS,WS,WS/48,blank2,OBPM,DBPM,BPM,VORP,FG,FGA,FG%,3P,3PA,3P%,2P,2PA,2P%,eFG%,FT,FTA,FT%,ORB,DRB,TRB,AST,STL,BLK,TOV,PF,PTS
LAC,13225,1997.0,Bo Outlaw,SF,25.0,82.0,31.0,2195.0,16.3,0.605,0.019,0.871,10.4,15.8,12.9,11.3,2.8,6.9,17.1,13.7,,3.2,2.8,6.1,0.133,,0.4,4.8,4.6,3.6,254.0,417.0,0.609,0.0,8.0,0.0,254.0,409.0,0.621,0.609,117.0,232.0,0.5920000000000001,174.0,280.0,454.0,157.0,94.0,151.0,107.0,227.0,625.0
MEM,16881,2004.0,Bo Outlaw,PF,32.0,82.0,1.0,1606.0,13.1,0.522,0.013000000000000001,0.37200000000000005,8.7,15.4,12.0,8.7,2.4,3.2,16.0,12.1,,1.4,2.2,3.6,0.107,,-1.1,3.2,2.0,1.6,159.0,312.0,0.51,0.0,4.0,0.0,159.0,308.0,0.516,0.51,61.0,116.0,0.526,125.0,217.0,342.0,90.0,73.0,70.0,69.0,170.0,379.0
ORL,19153,2008.0,Bo Outlaw,PF,36.0,82.0,76.0,2953.0,15.7,0.667,0.019,0.857,12.9,18.3,14.2,14.7,2.9,4.5,27.6,26.2,,3.9,4.5,7.9,0.15,,0.8,5.6,6.4,5.3,301.0,543.0,0.667,1.0,4.0,0.5,300.0,539.0,0.667,0.667,180.0,313.0,0.625,255.0,408.0,637.0,245.0,113.0,181.0,175.0,260.0,783.0
PHO,17469,2005.0,Bo Outlaw,PF,33.0,80.0,36.0,1800.0,12.2,0.574,0.006999999999999999,0.41700000000000004,8.4,17.6,13.2,9.9,1.8,3.7,21.3,10.1,,2.2,2.2,4.4,0.11599999999999999,,-1.0,3.5,1.9,1.8,153.0,278.0,0.55,1.0,2.0,0.5,153.0,276.0,0.5539999999999999,0.552,72.0,116.0,0.621,134.0,234.0,368.0,122.0,61.0,83.0,85.0,194.0,378.0
TOT,15851,2002.0,Bo Outlaw,PF,30.0,83.0,36.0,1928.0,11.4,0.547,0.006999999999999999,0.341,8.5,12.9,10.6,9.5,1.9,3.5,21.8,10.2,,1.1,2.4,3.5,0.086,,-1.7,3.5,1.7,1.8,166.0,299.0,0.555,1.0,2.0,0.5,165.0,297.0,0.556,0.557,43.0,102.0,0.42200000000000004,147.0,217.0,364.0,127.0,70.0,92.0,96.0,205.0,376.0
