Tm,Unnamed: 0,Year,Player,Pos,Age,G,GS,MP,PER,TS%,3PAr,FTr,ORB%,DRB%,TRB%,AST%,STL%,BLK%,TOV%,USG%,blanl,OWS,DWS,WS,WS/48,blank2,OBPM,DBPM,BPM,VORP,FG,FGA,FG%,3P,3PA,3P%,2P,2PA,2P%,eFG%,FT,FTA,FT%,ORB,DRB,TRB,AST,STL,BLK,TOV,PF,PTS
CLE,4039,1974.0,Bob Rule,C,29.0,49.0,,540.0,10.8,0.43799999999999994,,0.24,7.7,12.1,11.7,12.0,1.0,1.0,,,,0.0,0.6,0.3,0.025,,-2.4,-0.8,-3.2,-0.2,76.0,192.0,0.396,,,,76.0,192.0,0.396,0.396,34.0,46.0,0.7390000000000001,43.0,60.0,106.0,47.0,12.0,10.0,,71.0,186.0
MIL,4301,1975.0,Bob Rule,C,30.0,1.0,,11.0,-0.2,0.0,,0.0,0.0,0.0,0.0,20.9,0.0,0.0,,,,0.0,0.0,0.0,-0.147,,-12.7,-6.0,-18.7,0.0,0.0,1.0,0.0,,,,0.0,1.0,0.0,0.0,0.0,0.0,,0.0,0.0,0.0,2.0,0.0,0.0,,2.0,0.0
PHI,3778,1973.0,Bob Rule,C,28.0,60.0,,1987.0,14.9,0.48700000000000004,,0.313,,,10.9,9.5,,,,,,1.2,1.6,2.9,0.069,,,,,,416.0,934.0,0.445,,,,416.0,934.0,0.445,0.445,203.0,292.0,0.695,,,479.0,110.0,,,,162.0,1035.0
SEA,3508,1972.0,Bob Rule,C,27.0,82.0,,3104.0,24.2,0.535,,0.455,,,14.8,8.2,,,,,,5.9,1.9,7.8,0.174,,,,,,789.0,1705.0,0.489,,,,789.0,1705.0,0.489,0.489,413.0,606.0,0.833,,,941.0,144.0,,,,322.0,1965.0
TOT,3777,1973.0,Bob Rule,C,28.0,76.0,,2230.0,14.3,0.47600000000000003,,0.317,,,11.6,11.5,,,,,,0.6,1.8,2.4,0.052000000000000005,,,,,,461.0,1058.0,0.436,,,,461.0,1058.0,0.436,0.436,226.0,335.0,0.675,,,534.0,116.0,,,,189.0,1148.0
