Tm,Unnamed: 0,Year,Player,Pos,Age,G,GS,MP,PER,TS%,3PAr,FTr,ORB%,DRB%,TRB%,AST%,STL%,BLK%,TOV%,USG%,blanl,OWS,DWS,WS,WS/48,blank2,OBPM,DBPM,BPM,VORP,FG,FGA,FG%,3P,3PA,3P%,2P,2PA,2P%,eFG%,FT,FTA,FT%,ORB,DRB,TRB,AST,STL,BLK,TOV,PF,PTS
DET,5925,1980.0,Bob Lanier*,C,31.0,82.0,,3150.0,24.8,0.593,0.009000000000000001,0.386,9.3,27.1,18.6,19.9,1.6,4.3,14.5,26.7,,8.6,7.1,14.4,0.22699999999999998,,5.8,4.1,8.5,8.1,834.0,1690.0,0.546,0.0,5.0,0.0,834.0,1690.0,0.551,0.546,388.0,505.0,0.818,269.0,805.0,1205.0,350.0,110.0,247.0,225.0,297.0,2056.0
MIL,7383,1984.0,Bob Lanier*,C,35.0,74.0,72.0,2007.0,20.5,0.607,0.004,0.509,8.3,19.3,13.2,16.0,2.3,2.6,17.4,21.8,,3.7,3.4,6.8,0.209,,1.7,1.8,3.5,2.5,407.0,729.0,0.5720000000000001,1.0,3.0,1.0,407.0,727.0,0.575,0.5720000000000001,208.0,277.0,0.785,141.0,314.0,455.0,219.0,73.0,81.0,166.0,228.0,996.0
TOT,5924,1980.0,Bob Lanier*,C,31.0,63.0,,2131.0,20.4,0.5920000000000001,0.006999999999999999,0.408,7.6,19.9,13.8,12.3,1.6,2.2,13.7,21.6,,5.0,2.4,7.4,0.168,,2.1,0.8,2.9,2.6,466.0,867.0,0.537,1.0,6.0,0.16699999999999998,465.0,861.0,0.54,0.5379999999999999,277.0,354.0,0.782,152.0,400.0,552.0,184.0,74.0,89.0,162.0,200.0,1210.0
