Tm,Unnamed: 0,Year,Player,Pos,Age,G,GS,MP,PER,TS%,3PAr,FTr,ORB%,DRB%,TRB%,AST%,STL%,BLK%,TOV%,USG%,blanl,OWS,DWS,WS,WS/48,blank2,OBPM,DBPM,BPM,VORP,FG,FGA,FG%,3P,3PA,3P%,2P,2PA,2P%,eFG%,FT,FTA,FT%,ORB,DRB,TRB,AST,STL,BLK,TOV,PF,PTS
IND,5070,1978.0,Bob Carrington,SG,24.0,35.0,,621.0,12.1,0.545,,0.376,4.3,5.5,4.9,13.7,1.6,0.9,18.5,17.0,,0.6,0.3,1.0,0.07400000000000001,,-1.1,-1.4,-2.4,-0.1,96.0,197.0,0.48700000000000004,,,,96.0,197.0,0.48700000000000004,0.48700000000000004,58.0,74.0,0.784,28.0,34.0,62.0,62.0,22.0,11.0,52.0,73.0,250.0
NJN,5069,1978.0,Bob Carrington,SG,24.0,37.0,,1032.0,8.3,0.444,,0.247,3.8,6.9,5.3,7.2,1.8,0.6,13.2,17.9,,-0.4,0.8,0.4,0.017,,-2.7,-0.3,-3.1,-0.3,157.0,392.0,0.401,,,,157.0,392.0,0.401,0.401,72.0,97.0,0.742,42.0,70.0,112.0,55.0,43.0,12.0,66.0,132.0,386.0
SDC,5782,1980.0,Bob Carrington,SG,26.0,10.0,,134.0,5.9,0.444,0.054000000000000006,0.21600000000000003,4.7,5.8,5.2,2.9,1.4,0.4,11.0,13.6,,0.0,0.0,0.0,0.001,,-3.9,-2.2,-6.1,-0.1,15.0,37.0,0.405,0.0,2.0,0.0,15.0,35.0,0.429,0.405,6.0,8.0,0.75,6.0,7.0,13.0,3.0,4.0,1.0,5.0,18.0,36.0
TOT,5068,1978.0,Bob Carrington,SG,24.0,72.0,,1653.0,9.7,0.479,,0.29,4.0,6.4,5.1,9.7,1.7,0.7,15.1,17.6,,0.2,1.1,1.3,0.038,,-2.1,-0.7,-2.8,-0.3,253.0,589.0,0.43,,,,253.0,589.0,0.43,0.43,130.0,171.0,0.76,70.0,104.0,174.0,117.0,65.0,23.0,118.0,205.0,636.0
