Tm,Unnamed: 0,Year,Player,Pos,Age,G,GS,MP,PER,TS%,3PAr,FTr,ORB%,DRB%,TRB%,AST%,STL%,BLK%,TOV%,USG%,blanl,OWS,DWS,WS,WS/48,blank2,OBPM,DBPM,BPM,VORP,FG,FGA,FG%,3P,3PA,3P%,2P,2PA,2P%,eFG%,FT,FTA,FT%,ORB,DRB,TRB,AST,STL,BLK,TOV,PF,PTS
WSB,6151,1981.0,Bob Dandridge,SF,33.0,78.0,,2777.0,19.0,0.5529999999999999,0.015,0.35200000000000004,4.9,12.9,8.6,19.1,1.6,1.3,14.9,24.9,,5.8,2.8,8.7,0.158,,2.8,0.8,3.1,3.4,629.0,1260.0,0.499,2.0,11.0,0.182,629.0,1260.0,0.499,0.499,331.0,419.0,0.825,137.0,338.0,447.0,365.0,101.0,57.0,241.0,262.0,1589.0
MIL,6520,1982.0,Bob Dandridge,SF,34.0,81.0,0.0,3031.0,19.1,0.545,0.0,0.322,6.7,13.7,10.5,15.4,2.0,0.8,15.0,17.4,,6.4,4.3,9.5,0.16,,3.3,0.7,3.2,3.6,691.0,1460.0,0.509,0.0,0.0,,691.0,1460.0,0.509,0.509,283.0,376.0,0.8240000000000001,171.0,409.0,632.0,292.0,122.0,48.0,11.0,330.0,1593.0
