Tm,Unnamed: 0,Year,Player,Pos,Age,G,GS,MP,PER,TS%,3PAr,FTr,ORB%,DRB%,TRB%,AST%,STL%,BLK%,TOV%,USG%,blanl,OWS,DWS,WS,WS/48,blank2,OBPM,DBPM,BPM,VORP,FG,FGA,FG%,3P,3PA,3P%,2P,2PA,2P%,eFG%,FT,FTA,FT%,ORB,DRB,TRB,AST,STL,BLK,TOV,PF,PTS
DET,2339,1966.0,Bob Warlick,SG,24.0,10.0,,78.0,5.9,0.295,,0.158,,,,16.8,,,,,,-0.3,0.1,-0.2,-0.145,,,,,,11.0,38.0,0.289,,,,11.0,38.0,0.289,0.289,2.0,6.0,0.33299999999999996,,,16.0,10.0,,,,8.0,24.0
MIL,2848,1969.0,Bob Warlick,SG,27.0,3.0,,22.0,0.0,0.294,,0.625,,,,5.3,,,,,,-0.1,0.0,-0.1,-0.17600000000000002,,,,,,1.0,8.0,0.125,,,,1.0,8.0,0.125,0.125,4.0,5.0,0.8,,,1.0,1.0,,,,3.0,6.0
PHO,2849,1969.0,Bob Warlick,SG,27.0,63.0,,975.0,13.5,0.452,,0.273,,,,19.9,,,,,,0.0,0.3,0.3,0.016,,,,,,212.0,501.0,0.423,,,,212.0,501.0,0.423,0.423,83.0,137.0,0.606,,,151.0,131.0,,,,119.0,507.0
SFW,2644,1968.0,Bob Warlick,SG,26.0,69.0,,1320.0,12.5,0.446,,0.28,,,,20.7,,,,,,-0.4,1.8,1.4,0.05,,,,,,257.0,610.0,0.42100000000000004,,,,257.0,610.0,0.42100000000000004,0.42100000000000004,97.0,171.0,0.5670000000000001,,,264.0,159.0,,,,164.0,611.0
TOT,2847,1969.0,Bob Warlick,SG,27.0,66.0,,997.0,13.2,0.449,,0.27899999999999997,,,,19.5,,,,,,-0.1,0.3,0.2,0.011000000000000001,,,,,,213.0,509.0,0.418,,,,213.0,509.0,0.418,0.418,87.0,142.0,0.613,,,152.0,132.0,,,,122.0,513.0
