Tm,Unnamed: 0,Year,Player,Pos,Age,G,GS,MP,PER,TS%,3PAr,FTr,ORB%,DRB%,TRB%,AST%,STL%,BLK%,TOV%,USG%,blanl,OWS,DWS,WS,WS/48,blank2,OBPM,DBPM,BPM,VORP,FG,FGA,FG%,3P,3PA,3P%,2P,2PA,2P%,eFG%,FT,FTA,FT%,ORB,DRB,TRB,AST,STL,BLK,TOV,PF,PTS
CIN,2582,1968.0,Bob Love,SF,25.0,72.0,,1074.0,10.7,0.469,,0.365,,,,6.9,,,,,,0.3,0.6,1.0,0.043,,,,,,193.0,455.0,0.429,,,,193.0,455.0,0.429,0.429,93.0,147.0,0.684,,,257.0,55.0,,,,153.0,464.0
MIL,2775,1969.0,Bob Love,SF,26.0,14.0,,227.0,11.9,0.436,,0.358,,,,1.8,,,,,,-0.1,0.1,0.0,0.003,,,,,,39.0,106.0,0.368,,,,39.0,106.0,0.368,0.368,29.0,38.0,0.763,,,64.0,3.0,,,,22.0,107.0
CHI,4841,1977.0,Bob Love,SF,34.0,82.0,,3482.0,17.0,0.537,,0.382,7.9,12.5,9.4,8.7,1.3,0.5,,,,6.0,4.7,9.9,0.13699999999999998,,-0.3,-1.0,-1.9,0.1,819.0,1854.0,0.466,,,,819.0,1854.0,0.466,0.466,513.0,619.0,0.8420000000000001,191.0,319.0,712.0,185.0,84.0,28.0,,260.0,2043.0
NYN,4842,1977.0,Bob Love,SF,34.0,13.0,,228.0,15.4,0.532,,0.368,6.3,10.8,8.4,3.1,0.2,0.5,,,,0.4,0.1,0.5,0.105,,-1.8,-4.7,-6.5,-0.3,49.0,106.0,0.462,,,,49.0,106.0,0.462,0.462,33.0,39.0,0.846,15.0,23.0,38.0,4.0,1.0,2.0,,23.0,131.0
SEA,4843,1977.0,Bob Love,SF,34.0,32.0,,450.0,9.1,0.462,,0.38799999999999996,5.7,14.6,10.0,6.1,1.3,0.2,,,,0.1,0.4,0.5,0.055,,-4.5,-0.5,-5.0,-0.3,45.0,121.0,0.37200000000000005,,,,45.0,121.0,0.37200000000000005,0.37200000000000005,41.0,47.0,0.872,26.0,61.0,87.0,21.0,13.0,2.0,,50.0,131.0
TOT,4840,1977.0,Bob Love,SF,34.0,59.0,,1174.0,14.7,0.457,,0.353,6.8,10.8,8.7,5.8,0.9,0.3,,,,0.1,0.9,1.0,0.055999999999999994,,-4.0,-1.8,-5.8,-1.1,162.0,428.0,0.397,,,,162.0,428.0,0.397,0.397,109.0,132.0,0.826,79.0,119.0,198.0,48.0,22.0,6.0,,120.0,433.0
