Tm,Unnamed: 0,Year,Player,Pos,Age,G,GS,MP,PER,TS%,3PAr,FTr,ORB%,DRB%,TRB%,AST%,STL%,BLK%,TOV%,USG%,blanl,OWS,DWS,WS,WS/48,blank2,OBPM,DBPM,BPM,VORP,FG,FGA,FG%,3P,3PA,3P%,2P,2PA,2P%,eFG%,FT,FTA,FT%,ORB,DRB,TRB,AST,STL,BLK,TOV,PF,PTS
MIN,10389,1991.0,Bob Thornton,PF,28.0,12.0,1.0,110.0,-0.5,0.46,0.0,0.769,1.0,15.8,7.9,1.2,0.0,1.7,34.1,10.3,,-0.2,0.0,-0.2,-0.079,,-9.7,-1.6,-11.3,-0.3,4.0,13.0,0.308,0.0,0.0,,4.0,13.0,0.308,0.308,8.0,10.0,0.8,1.0,14.0,15.0,1.0,0.0,3.0,9.0,18.0,16.0
NYK,9030,1988.0,Bob Thornton,PF,25.0,71.0,23.0,1323.0,6.9,0.48700000000000004,0.015,0.591,9.2,15.9,12.4,6.0,1.1,0.6,26.2,14.8,,-0.2,1.6,0.9,0.034,,-4.2,0.5,-3.7,-0.1,125.0,274.0,0.456,0.0,1.0,0.0,125.0,274.0,0.456,0.456,86.0,162.0,0.65,113.0,177.0,290.0,43.0,30.0,7.0,83.0,209.0,336.0
PHI,9938,1990.0,Bob Thornton,PF,27.0,56.0,2.0,592.0,8.3,0.5579999999999999,0.027000000000000003,0.541,9.3,16.7,12.7,4.3,1.7,1.2,20.7,14.8,,0.3,0.7,0.5,0.051,,-2.5,0.4,-3.8,-0.3,59.0,112.0,0.532,1.0,3.0,0.33299999999999996,59.0,109.0,0.541,0.532,32.0,60.0,0.617,45.0,88.0,133.0,17.0,20.0,12.0,35.0,105.0,147.0
TOT,9029,1988.0,Bob Thornton,PF,25.0,48.0,2.0,593.0,7.0,0.532,0.015,0.423,8.9,13.0,10.9,3.6,0.9,0.3,18.5,13.4,,0.1,0.3,0.4,0.034,,-3.2,-1.6,-4.8,-0.4,65.0,130.0,0.5,0.0,2.0,0.0,65.0,128.0,0.508,0.5,34.0,55.0,0.618,46.0,66.0,112.0,15.0,11.0,3.0,35.0,103.0,164.0
UTA,10859,1992.0,Bob Thornton,PF,29.0,2.0,0.0,6.0,1.7,0.254,0.0,0.28600000000000003,39.5,0.0,18.8,0.0,0.0,0.0,0.0,56.6,,0.0,0.0,0.0,-0.28800000000000003,,-14.5,-19.5,-34.0,0.0,1.0,7.0,0.14300000000000002,0.0,0.0,,1.0,7.0,0.14300000000000002,0.14300000000000002,2.0,2.0,1.0,2.0,0.0,2.0,0.0,0.0,0.0,0.0,1.0,4.0
WSB,12769,1996.0,Bob Thornton,PF,33.0,7.0,0.0,31.0,4.1,0.218,0.0,0.33299999999999996,23.2,22.3,22.8,0.0,1.7,0.0,12.7,11.4,,0.0,0.0,0.0,0.001,,-7.2,-4.5,-11.7,-0.1,1.0,6.0,0.16699999999999998,0.0,0.0,,1.0,6.0,0.16699999999999998,0.16699999999999998,1.0,2.0,0.5,6.0,6.0,12.0,0.0,1.0,0.0,1.0,7.0,3.0
