Tm,Unnamed: 0,Year,Player,Pos,Age,G,GS,MP,PER,TS%,3PAr,FTr,ORB%,DRB%,TRB%,AST%,STL%,BLK%,TOV%,USG%,blanl,OWS,DWS,WS,WS/48,blank2,OBPM,DBPM,BPM,VORP,FG,FGA,FG%,3P,3PA,3P%,2P,2PA,2P%,eFG%,FT,FTA,FT%,ORB,DRB,TRB,AST,STL,BLK,TOV,PF,PTS
ATL,16986,2004.0,Bob Sura,SG,30.0,27.0,18.0,956.0,18.5,0.521,0.138,0.503,8.4,17.9,13.2,26.3,1.4,0.4,14.8,21.3,,2.0,0.6,2.6,0.13,,2.5,-0.2,2.3,1.0,131.0,312.0,0.42,12.0,43.0,0.27899999999999997,119.0,269.0,0.442,0.439,123.0,157.0,0.7829999999999999,70.0,153.0,223.0,144.0,25.0,5.0,66.0,72.0,397.0
CLE,14903,2000.0,Bob Sura,SG,26.0,82.0,45.0,2269.0,15.6,0.545,0.40700000000000003,0.5670000000000001,4.3,13.5,8.8,35.7,3.0,1.6,24.4,23.6,,2.9,3.7,5.2,0.111,,2.4,1.4,2.1,2.3,356.0,815.0,0.43700000000000006,122.0,332.0,0.36700000000000005,234.0,483.0,0.484,0.512,196.0,319.0,0.7020000000000001,76.0,238.0,308.0,390.0,91.0,33.0,181.0,218.0,1009.0
DET,16985,2004.0,Bob Sura,SG,30.0,53.0,0.0,707.0,13.0,0.489,0.20800000000000002,0.39899999999999997,5.0,11.8,8.4,21.2,2.9,1.0,16.1,16.0,,0.6,1.4,2.0,0.13699999999999998,,-0.8,1.8,1.0,0.5,71.0,173.0,0.41,9.0,36.0,0.25,62.0,137.0,0.45299999999999996,0.436,48.0,69.0,0.696,30.0,73.0,103.0,89.0,37.0,9.0,39.0,86.0,199.0
GSW,16420,2003.0,Bob Sura,SG,29.0,78.0,42.0,1780.0,17.1,0.53,0.332,0.556,5.5,11.9,7.9,25.0,2.5,0.6,21.0,20.5,,3.2,0.9,4.1,0.111,,2.1,-1.1,1.0,1.4,250.0,590.0,0.424,47.0,172.0,0.32899999999999996,208.0,457.0,0.455,0.45899999999999996,236.0,328.0,0.72,89.0,173.0,256.0,275.0,88.0,17.0,160.0,160.0,778.0
HOU,17567,2005.0,Bob Sura,PG,31.0,61.0,59.0,1922.0,14.4,0.5329999999999999,0.308,0.373,4.9,15.3,10.2,27.3,1.8,0.3,20.0,18.0,,1.8,2.9,4.8,0.11900000000000001,,0.6,1.8,2.5,2.2,215.0,504.0,0.42700000000000005,55.0,155.0,0.355,160.0,349.0,0.45799999999999996,0.48100000000000004,141.0,188.0,0.75,79.0,258.0,337.0,317.0,65.0,7.0,147.0,168.0,626.0
TOT,16984,2004.0,Bob Sura,SG,30.0,80.0,18.0,1663.0,16.2,0.51,0.163,0.466,6.9,15.3,11.2,24.1,2.0,0.6,15.2,19.0,,2.6,2.0,4.6,0.133,,1.1,0.7,1.8,1.6,202.0,485.0,0.41600000000000004,21.0,79.0,0.266,181.0,406.0,0.446,0.43799999999999994,171.0,226.0,0.757,100.0,226.0,326.0,233.0,62.0,14.0,105.0,158.0,596.0
