Tm,Unnamed: 0,Year,Player,Pos,Age,G,GS,MP,PER,TS%,3PAr,FTr,ORB%,DRB%,TRB%,AST%,STL%,BLK%,TOV%,USG%,blanl,OWS,DWS,WS,WS/48,blank2,OBPM,DBPM,BPM,VORP,FG,FGA,FG%,3P,3PA,3P%,2P,2PA,2P%,eFG%,FT,FTA,FT%,ORB,DRB,TRB,AST,STL,BLK,TOV,PF,PTS
LAL,1793,1962.0,Bob Sims,SG,23.0,19.0,,171.0,5.9,0.414,,0.6609999999999999,,,,,,,,,,-0.1,0.1,0.0,0.006999999999999999,,,,,,22.0,59.0,0.373,,,,22.0,59.0,0.373,0.373,19.0,39.0,0.48700000000000004,,,27.0,12.0,,,,40.0,63.0
STL,1794,1962.0,Bob Sims,SG,23.0,46.0,,1174.0,9.4,0.43700000000000006,,0.41,,,,,,,,,,0.0,0.4,0.4,0.016,,,,,,171.0,432.0,0.396,,,,171.0,432.0,0.396,0.396,104.0,177.0,0.588,,,156.0,142.0,,,,147.0,446.0
TOT,1792,1962.0,Bob Sims,SG,23.0,65.0,,1345.0,9.0,0.434,,0.44,,,,,,,,,,-0.1,0.5,0.4,0.015,,,,,,193.0,491.0,0.39299999999999996,,,,193.0,491.0,0.39299999999999996,0.39299999999999996,123.0,216.0,0.569,,,183.0,154.0,,,,187.0,509.0
