Tm,Unnamed: 0,Year,Player,Pos,Age,G,GS,MP,PER,TS%,3PAr,FTr,ORB%,DRB%,TRB%,AST%,STL%,BLK%,TOV%,USG%,blanl,OWS,DWS,WS,WS/48,blank2,OBPM,DBPM,BPM,VORP,FG,FGA,FG%,3P,3PA,3P%,2P,2PA,2P%,eFG%,FT,FTA,FT%,ORB,DRB,TRB,AST,STL,BLK,TOV,PF,PTS
PHW,1105,1956.0,Bob Schafer,SG,,12.0,,82.0,8.4,0.385,,0.34299999999999997,,,,,,,,,,-0.1,0.1,0.0,-0.017,,,,,,12.0,35.0,0.34299999999999997,,,,12.0,35.0,0.34299999999999997,0.34299999999999997,7.0,12.0,0.583,,,13.0,9.0,,,,14.0,31.0
STL,1106,1956.0,Bob Schafer,SG,,42.0,,496.0,7.4,0.364,,0.294,,,,,,,,,,-1.0,0.5,-0.5,-0.051,,,,,,69.0,235.0,0.294,,,,69.0,235.0,0.294,0.294,55.0,69.0,0.797,,,58.0,44.0,,,,61.0,193.0
TOT,1104,1956.0,Bob Schafer,SG,,54.0,,578.0,7.5,0.366,,0.3,,,,,,,,,,-1.1,0.5,-0.6,-0.046,,,,,,81.0,270.0,0.3,,,,81.0,270.0,0.3,0.3,62.0,81.0,0.765,,,71.0,53.0,,,,75.0,224.0
SYR,1214,1957.0,Bob Schafer,SG,,11.0,,167.0,5.2,0.342,,0.19699999999999998,,,,,,,,,,-0.3,0.1,-0.2,-0.055,,,,,,19.0,66.0,0.28800000000000003,,,,19.0,66.0,0.28800000000000003,0.28800000000000003,11.0,13.0,0.846,,,11.0,15.0,,,,16.0,49.0
