Tm,Unnamed: 0,Year,Player,Pos,Age,G,GS,MP,PER,TS%,3PAr,FTr,ORB%,DRB%,TRB%,AST%,STL%,BLK%,TOV%,USG%,blanl,OWS,DWS,WS,WS/48,blank2,OBPM,DBPM,BPM,VORP,FG,FGA,FG%,3P,3PA,3P%,2P,2PA,2P%,eFG%,FT,FTA,FT%,ORB,DRB,TRB,AST,STL,BLK,TOV,PF,PTS
BLB,829,1954.0,Bob Houbregs*,PF,21.0,59.0,,1804.0,13.1,0.452,,0.46399999999999997,,,,,,,,,,2.0,0.5,2.5,0.067,,,,,,190.0,500.0,0.38,,,,190.0,500.0,0.38,0.38,164.0,232.0,0.7070000000000001,,,329.0,114.0,,,,188.0,544.0
DET,1277,1958.0,Bob Houbregs*,PF,25.0,17.0,,302.0,11.5,0.41,,0.314,,,,,,,,,,0.0,0.2,0.2,0.031,,,,,,49.0,137.0,0.358,,,,49.0,137.0,0.358,0.358,30.0,43.0,0.698,,,65.0,19.0,,,,36.0,128.0
FTW,1169,1957.0,Bob Houbregs*,C,24.0,70.0,,1592.0,22.0,0.523,,0.6659999999999999,,,,,,,,,,4.9,1.9,6.9,0.214,,,,,,253.0,585.0,0.43200000000000005,,,,253.0,585.0,0.43200000000000005,0.43200000000000005,283.0,383.0,0.7390000000000001,,,414.0,159.0,,,,147.0,777.0
MLH,828,1954.0,Bob Houbregs*,C-F,21.0,11.0,,166.0,16.9,0.41600000000000004,,0.5479999999999999,,,,,,,,,,0.0,0.2,0.2,0.067,,,,,,19.0,62.0,0.306,,,,19.0,62.0,0.306,0.306,26.0,34.0,0.765,,,46.0,9.0,,,,21.0,64.0
TOT,954,1955.0,Bob Houbregs*,PF,22.0,70.0,,1970.0,13.4,0.456,,0.473,,,,,,,,,,2.0,0.7,2.8,0.067,,,,,,209.0,562.0,0.38299999999999995,,,,209.0,562.0,0.38299999999999995,0.38299999999999995,190.0,266.0,0.7140000000000001,,,375.0,123.0,,,,209.0,608.0
