Tm,Unnamed: 0,Year,Player,Pos,Age,G,GS,MP,PER,TS%,3PAr,FTr,ORB%,DRB%,TRB%,AST%,STL%,BLK%,TOV%,USG%,blanl,OWS,DWS,WS,WS/48,blank2,OBPM,DBPM,BPM,VORP,FG,FGA,FG%,3P,3PA,3P%,2P,2PA,2P%,eFG%,FT,FTA,FT%,ORB,DRB,TRB,AST,STL,BLK,TOV,PF,PTS
BAL,3005,1970.0,Bob Quick,SF,23.0,28.0,,154.0,15.9,0.557,,0.643,,,,10.3,,,,,,0.2,0.2,0.3,0.162,,,,,,30.0,73.0,0.5,,,,30.0,73.0,0.5,0.5,27.0,44.0,0.667,,,25.0,12.0,,,,14.0,87.0
DET,3491,1972.0,Bob Quick,SF,25.0,56.0,,1146.0,17.1,0.55,,0.5489999999999999,,,11.9,7.8,,,,,,1.8,0.9,2.6,0.121,,,,,,155.0,341.0,0.47600000000000003,,,,155.0,341.0,0.47600000000000003,0.47600000000000003,138.0,176.0,0.784,,,230.0,56.0,,,,142.0,448.0
TOT,3004,1970.0,Bob Quick,SF,23.0,34.0,,364.0,12.9,0.514,,0.511,,,,5.2,,,,,,0.4,0.2,0.6,0.076,,,,,,63.0,139.0,0.45299999999999996,,,,63.0,139.0,0.45299999999999996,0.45299999999999996,49.0,71.0,0.69,,,75.0,14.0,,,,50.0,175.0
