Tm,Unnamed: 0,Year,Player,Pos,Age,G,GS,MP,PER,TS%,3PAr,FTr,ORB%,DRB%,TRB%,AST%,STL%,BLK%,TOV%,USG%,blanl,OWS,DWS,WS,WS/48,blank2,OBPM,DBPM,BPM,VORP,FG,FGA,FG%,3P,3PA,3P%,2P,2PA,2P%,eFG%,FT,FTA,FT%,ORB,DRB,TRB,AST,STL,BLK,TOV,PF,PTS
INO,690,1953.0,Bob Lavoy,PF,26.0,70.0,,2327.0,17.1,0.46399999999999997,,0.43200000000000005,,,,,,,,,,2.9,2.9,5.8,0.152,,,,,,240.0,619.0,0.402,,,,240.0,619.0,0.402,0.402,168.0,242.0,0.753,,,528.0,130.0,,,,274.0,648.0
MLH,836,1954.0,Bob Lavoy,PF,27.0,8.0,,125.0,17.3,0.47600000000000003,,0.444,,,,,,,,,,0.2,0.1,0.4,0.151,,,,,,16.0,36.0,0.444,,,,16.0,36.0,0.444,0.444,9.0,16.0,0.563,,,30.0,10.0,,,,19.0,41.0
SYR,837,1954.0,Bob Lavoy,PF,27.0,60.0,,1152.0,12.0,0.43700000000000006,,0.353,,,,,,,,,,0.8,2.2,3.0,0.124,,,,,,119.0,320.0,0.37200000000000005,,,,119.0,320.0,0.37200000000000005,0.37200000000000005,85.0,113.0,0.752,,,287.0,68.0,,,,196.0,323.0
TOT,835,1954.0,Bob Lavoy,PF,27.0,68.0,,1277.0,12.5,0.441,,0.36200000000000004,,,,,,,,,,1.0,2.3,3.4,0.126,,,,,,135.0,356.0,0.379,,,,135.0,356.0,0.379,0.379,94.0,129.0,0.7290000000000001,,,317.0,78.0,,,,215.0,364.0
