Tm,Unnamed: 0,Year,Player,Pos,Age,G,GS,MP,PER,TS%,3PAr,FTr,ORB%,DRB%,TRB%,AST%,STL%,BLK%,TOV%,USG%,blanl,OWS,DWS,WS,WS/48,blank2,OBPM,DBPM,BPM,VORP,FG,FGA,FG%,3P,3PA,3P%,2P,2PA,2P%,eFG%,FT,FTA,FT%,ORB,DRB,TRB,AST,STL,BLK,TOV,PF,PTS
NYK,1974,1964.0,Bob Duffy,PG,23.0,4.0,,50.0,8.1,0.355,,0.42100000000000004,,,,,,,,,,-0.1,0.0,-0.1,-0.099,,,,,,5.0,19.0,0.263,,,,5.0,19.0,0.263,0.263,6.0,8.0,0.75,,,6.0,5.0,,,,0.0,16.0
STL,1973,1964.0,Bob Duffy,PG,23.0,42.0,,435.0,10.6,0.40299999999999997,,0.33299999999999996,,,,,,,,,,0.0,0.6,0.1,0.01,,,,,,66.0,174.0,0.379,,,,66.0,174.0,0.379,0.379,22.0,39.0,0.564,,,39.0,83.0,,,,42.0,154.0
TOT,1972,1964.0,Bob Duffy,PG,23.0,48.0,,662.0,10.5,0.45,,0.284,,,,,,,,,,0.1,0.2,0.3,0.025,,,,,,94.0,229.0,0.41,,,,94.0,229.0,0.41,0.41,44.0,65.0,0.677,,,61.0,79.0,,,,48.0,232.0
DET,2111,1965.0,Bob Duffy,PG,24.0,42.0,,606.0,18.4,0.49700000000000005,,0.636,,,,25.9,,,,,,0.3,0.2,0.5,0.156,,,,,,88.0,207.0,0.425,,,,88.0,207.0,0.425,0.425,38.0,56.0,0.857,,,54.0,74.0,,,,48.0,214.0
