Tm,Unnamed: 0,Year,Player,Pos,Age,G,GS,MP,PER,TS%,3PAr,FTr,ORB%,DRB%,TRB%,AST%,STL%,BLK%,TOV%,USG%,blanl,OWS,DWS,WS,WS/48,blank2,OBPM,DBPM,BPM,VORP,FG,FGA,FG%,3P,3PA,3P%,2P,2PA,2P%,eFG%,FT,FTA,FT%,ORB,DRB,TRB,AST,STL,BLK,TOV,PF,PTS
CIN,1953,1964.0,Bob Boozer,SF,26.0,79.0,,2488.0,14.4,0.493,,0.41,,,,,,,,,,2.8,1.6,3.9,0.075,,,,,,440.0,992.0,0.444,,,,440.0,992.0,0.444,0.444,263.0,372.0,0.7140000000000001,,,878.0,130.0,,,,299.0,1132.0
TOT,1952,1964.0,Bob Boozer,SF,26.0,81.0,,2379.0,14.4,0.479,,0.34299999999999997,,,,,,,,,,2.1,0.7,2.8,0.055999999999999994,,,,,,468.0,1096.0,0.42700000000000005,,,,468.0,1096.0,0.42700000000000005,0.42700000000000005,272.0,376.0,0.723,,,596.0,96.0,,,,231.0,1208.0
NYK,2090,1965.0,Bob Boozer,SF,27.0,80.0,,2139.0,17.8,0.504,,0.389,,,,7.7,,,,,,3.9,1.4,5.3,0.11900000000000001,,,,,,424.0,963.0,0.44,,,,424.0,963.0,0.44,0.44,288.0,375.0,0.77,,,604.0,108.0,,,,183.0,1136.0
LAL,2229,1966.0,Bob Boozer,PF,28.0,78.0,,1847.0,16.4,0.542,,0.38299999999999995,,,,6.4,,,,,,4.3,1.6,5.8,0.151,,,,,,365.0,754.0,0.484,,,,365.0,754.0,0.484,0.484,225.0,289.0,0.779,,,548.0,87.0,,,,196.0,955.0
CHI,2683,1969.0,Bob Boozer,PF,31.0,80.0,,2988.0,19.9,0.552,,0.423,,,,8.8,,,,,,8.0,3.5,11.6,0.193,,,,,,661.0,1375.0,0.49200000000000005,,,,661.0,1375.0,0.49200000000000005,0.49200000000000005,411.0,535.0,0.8059999999999999,,,756.0,156.0,,,,229.0,1716.0
SEA,2886,1970.0,Bob Boozer,PF,32.0,82.0,,2549.0,15.2,0.545,,0.318,,,,5.8,,,,,,4.4,1.5,5.9,0.111,,,,,,493.0,1005.0,0.491,,,,493.0,1005.0,0.491,0.491,263.0,320.0,0.8220000000000001,,,717.0,110.0,,,,237.0,1249.0
MIL,3094,1971.0,Bob Boozer,PF,33.0,80.0,,1775.0,13.1,0.502,,0.281,,,11.6,8.6,,,,,,1.7,2.1,3.7,0.10099999999999999,,,,,,290.0,645.0,0.45,,,,290.0,645.0,0.45,0.45,148.0,181.0,0.818,,,435.0,128.0,,,,216.0,728.0
