Tm,Unnamed: 0,Year,Player,Pos,Age,G,GS,MP,PER,TS%,3PAr,FTr,ORB%,DRB%,TRB%,AST%,STL%,BLK%,TOV%,USG%,blanl,OWS,DWS,WS,WS/48,blank2,OBPM,DBPM,BPM,VORP,FG,FGA,FG%,3P,3PA,3P%,2P,2PA,2P%,eFG%,FT,FTA,FT%,ORB,DRB,TRB,AST,STL,BLK,TOV,PF,PTS
PHI,18478,2007.0,Bobby Jones,SF,34.0,81.0,73.0,2304.0,20.1,0.625,0.09699999999999999,0.561,9.4,14.6,12.0,15.4,2.9,3.4,19.7,20.8,,5.4,3.9,9.2,0.217,,2.8,3.8,5.0,3.6,416.0,755.0,0.564,1.0,9.0,0.111,416.0,752.0,0.5670000000000001,0.564,282.0,347.0,0.861,199.0,332.0,531.0,226.0,107.0,118.0,165.0,245.0,1096.0
DEN,19038,2008.0,Bobby Jones,PF,26.0,82.0,0.0,2440.0,21.1,0.616,0.359,0.43799999999999994,7.5,20.8,14.3,15.6,3.3,3.4,18.0,17.3,,5.5,5.5,11.0,0.21899999999999997,,3.1,4.6,7.7,6.0,501.0,879.0,0.578,9.0,23.0,0.391,501.0,879.0,0.578,0.578,236.0,329.0,0.821,174.0,504.0,678.0,264.0,186.0,162.0,194.0,238.0,1238.0
HOU,19040,2008.0,Bobby Jones,SF,24.0,4.0,0.0,9.0,5.9,0.5,0.0,0.0,0.0,12.3,6.3,0.0,5.9,0.0,20.0,25.4,,0.0,0.0,0.0,-0.018000000000000002,,-9.2,-0.1,-9.3,0.0,2.0,4.0,0.5,0.0,0.0,,2.0,4.0,0.5,0.5,0.0,0.0,,0.0,1.0,1.0,0.0,1.0,0.0,1.0,3.0,4.0
MEM,19039,2008.0,Bobby Jones,SF,24.0,9.0,2.0,137.0,12.1,0.495,0.361,0.278,8.1,14.0,11.0,12.0,1.8,1.1,11.0,14.7,,0.1,0.1,0.2,0.079,,-0.6,-0.2,-0.9,0.0,14.0,36.0,0.389,3.0,13.0,0.231,11.0,23.0,0.478,0.431,9.0,10.0,0.9,10.0,17.0,27.0,11.0,5.0,2.0,5.0,17.0,40.0
MIA,19041,2008.0,Bobby Jones,SF,24.0,6.0,0.0,143.0,11.2,0.636,0.469,0.406,6.6,13.6,10.1,5.9,0.7,0.0,15.7,14.8,,0.2,0.1,0.2,0.08,,-0.6,-2.3,-2.9,0.0,17.0,32.0,0.531,6.0,15.0,0.4,11.0,17.0,0.647,0.625,8.0,13.0,0.615,8.0,16.0,24.0,5.0,2.0,0.0,7.0,18.0,48.0
SAS,19042,2008.0,Bobby Jones,SF,24.0,3.0,0.0,20.0,3.4,0.25,0.5,0.0,0.0,11.6,5.9,7.2,5.4,0.0,20.0,12.0,,-0.1,0.0,0.0,-0.042,,-7.6,4.4,-3.2,0.0,1.0,4.0,0.25,0.0,2.0,0.0,1.0,2.0,0.5,0.25,0.0,0.0,,0.0,2.0,2.0,1.0,2.0,0.0,1.0,1.0,2.0
TOT,19037,2008.0,Bobby Jones,C-SF,24.0,47.0,2.0,531.0,9.9,0.5479999999999999,0.379,0.364,6.2,13.3,9.8,7.9,1.4,0.4,14.7,15.9,,0.4,0.4,0.8,0.07,,-1.7,-1.5,-3.1,-0.2,60.0,140.0,0.429,18.0,53.0,0.34,42.0,87.0,0.483,0.493,40.0,51.0,0.784,29.0,63.0,92.0,28.0,15.0,3.0,28.0,85.0,178.0
