Tm,Unnamed: 0,Year,Player,Pos,Age,G,GS,MP,PER,TS%,3PAr,FTr,ORB%,DRB%,TRB%,AST%,STL%,BLK%,TOV%,USG%,blanl,OWS,DWS,WS,WS/48,blank2,OBPM,DBPM,BPM,VORP,FG,FGA,FG%,3P,3PA,3P%,2P,2PA,2P%,eFG%,FT,FTA,FT%,ORB,DRB,TRB,AST,STL,BLK,TOV,PF,PTS
POR,17037,2004.0,Bonzi Wells,SG,27.0,75.0,69.0,2396.0,26.3,0.5710000000000001,0.166,0.9,13.7,16.4,14.8,21.3,3.2,2.1,17.7,44.4,,3.4,3.1,6.0,0.14300000000000002,,3.7,0.8,2.6,2.4,487.0,1039.0,0.55,66.0,172.0,0.384,421.0,867.0,0.588,0.575,226.0,313.0,0.778,121.0,323.0,444.0,246.0,123.0,25.0,215.0,220.0,1255.0
MEM,17624,2005.0,Bonzi Wells,SG,28.0,69.0,19.0,1489.0,15.9,0.515,0.16899999999999998,0.305,4.3,14.4,9.2,13.0,3.1,1.4,14.8,26.8,,0.6,2.5,3.1,0.1,,-1.1,0.8,-0.3,0.6,295.0,675.0,0.441,36.0,104.0,0.34600000000000003,274.0,614.0,0.46,0.47,141.0,188.0,0.75,57.0,180.0,229.0,104.0,85.0,27.0,129.0,165.0,728.0
SAC,18191,2006.0,Bonzi Wells,SG,29.0,52.0,41.0,1684.0,16.6,0.507,0.073,0.31,10.0,17.8,13.9,14.8,2.9,1.1,15.3,22.4,,0.7,2.7,3.4,0.096,,-0.4,2.2,1.8,1.6,284.0,613.0,0.46299999999999997,10.0,45.0,0.222,274.0,568.0,0.48200000000000004,0.47100000000000003,129.0,190.0,0.679,142.0,259.0,401.0,144.0,94.0,25.0,126.0,156.0,707.0
HOU,19294,2008.0,Bonzi Wells,SG,31.0,51.0,7.0,1124.0,14.1,0.48,0.092,0.42200000000000004,6.4,19.5,13.0,11.8,2.4,1.7,19.0,23.7,,-0.2,2.4,2.1,0.091,,-3.2,2.3,-0.9,0.3,175.0,412.0,0.425,8.0,38.0,0.21100000000000002,167.0,374.0,0.447,0.434,111.0,174.0,0.638,63.0,197.0,260.0,80.0,51.0,24.0,76.0,113.0,469.0
NOH,19295,2008.0,Bonzi Wells,SG,31.0,22.0,0.0,438.0,15.1,0.535,0.076,0.33799999999999997,5.5,13.7,9.5,6.2,2.9,1.4,13.0,22.0,,0.2,0.7,0.8,0.09300000000000001,,-2.1,0.8,-1.2,0.1,77.0,157.0,0.49,4.0,12.0,0.33299999999999996,73.0,145.0,0.503,0.503,35.0,53.0,0.66,21.0,50.0,71.0,17.0,24.0,8.0,27.0,44.0,193.0
TOT,19293,2008.0,Bonzi Wells,SG,31.0,73.0,27.0,1872.0,14.4,0.495,0.08800000000000001,0.39899999999999997,6.2,17.8,12.0,13.6,2.6,1.5,14.8,26.5,,-0.1,3.0,3.0,0.092,,-2.0,1.9,-1.0,0.4,363.0,850.0,0.44299999999999995,22.0,69.0,0.319,341.0,781.0,0.462,0.45299999999999996,146.0,227.0,0.754,84.0,247.0,331.0,139.0,91.0,32.0,161.0,197.0,886.0
