Tm,Unnamed: 0,Year,Player,Pos,Age,G,GS,MP,PER,TS%,3PAr,FTr,ORB%,DRB%,TRB%,AST%,STL%,BLK%,TOV%,USG%,blanl,OWS,DWS,WS,WS/48,blank2,OBPM,DBPM,BPM,VORP,FG,FGA,FG%,3P,3PA,3P%,2P,2PA,2P%,eFG%,FT,FTA,FT%,ORB,DRB,TRB,AST,STL,BLK,TOV,PF,PTS
CHH,14781,2000.0,Brad Miller,C,23.0,55.0,4.0,961.0,21.2,0.6509999999999999,0.013999999999999999,0.7390000000000001,13.5,20.6,17.1,9.0,1.2,2.8,14.9,21.7,,2.4,1.4,3.8,0.22,,1.1,0.1,0.5,0.5,135.0,293.0,0.565,1.0,2.0,0.5,135.0,291.0,0.5660000000000001,0.569,153.0,195.0,0.794,113.0,180.0,293.0,45.0,23.0,35.0,48.0,111.0,423.0
IND,16294,2003.0,Brad Miller,C,26.0,73.0,72.0,2270.0,20.8,0.627,0.024,0.535,10.1,20.2,14.9,14.5,1.5,1.4,12.5,19.7,,6.1,3.4,9.6,0.214,,3.0,1.8,3.8,3.3,329.0,667.0,0.562,5.0,16.0,0.33299999999999996,324.0,651.0,0.565,0.564,292.0,357.0,0.823,185.0,418.0,603.0,193.0,65.0,43.0,118.0,203.0,955.0
SAC,19700,2009.0,Brad Miller,PF,32.0,79.0,79.0,2923.0,20.7,0.596,0.124,0.47100000000000003,8.5,23.7,16.1,21.5,1.7,2.3,16.2,18.9,,7.1,3.6,10.0,0.198,,2.5,2.2,4.5,4.2,434.0,877.0,0.524,34.0,90.0,0.465,400.0,789.0,0.532,0.528,280.0,338.0,0.848,191.0,552.0,743.0,374.0,69.0,86.0,180.0,247.0,1182.0
TOT,19699,2009.0,Brad Miller,C,32.0,76.0,75.0,2263.0,20.1,0.5720000000000001,0.091,0.523,12.7,21.9,15.8,17.9,1.8,1.3,15.1,20.6,,6.0,2.3,8.3,0.17600000000000002,,2.4,0.6,2.9,2.8,366.0,733.0,0.499,23.0,56.0,0.429,363.0,726.0,0.5,0.501,297.0,383.0,0.8240000000000001,252.0,395.0,621.0,234.0,76.0,41.0,130.0,244.0,1032.0
CHI,20305,2010.0,Brad Miller,C,33.0,82.0,47.0,1950.0,19.6,0.574,0.22699999999999998,0.585,14.4,23.7,17.3,18.0,2.0,2.0,14.5,21.1,,3.1,2.5,4.4,0.165,,2.0,1.1,2.8,1.6,250.0,581.0,0.478,37.0,132.0,0.5,213.0,449.0,0.493,0.485,190.0,253.0,0.853,176.0,316.0,419.0,154.0,52.0,38.0,107.0,189.0,719.0
HOU,20899,2011.0,Brad Miller,C,34.0,60.0,5.0,1015.0,16.3,0.5660000000000001,0.361,0.318,4.9,19.9,12.4,21.4,1.4,1.4,13.8,17.0,,2.0,1.0,3.0,0.142,,1.2,0.6,1.7,0.9,132.0,296.0,0.446,40.0,107.0,0.374,92.0,189.0,0.48700000000000004,0.514,78.0,94.0,0.83,44.0,178.0,222.0,145.0,28.0,21.0,54.0,98.0,382.0
MIN,21481,2012.0,Brad Miller,C,35.0,15.0,1.0,146.0,10.7,0.542,0.556,0.444,3.0,11.5,7.2,24.3,1.4,1.0,27.1,13.5,,0.1,0.1,0.2,0.06,,-1.7,-0.5,-2.2,0.0,9.0,27.0,0.33299999999999996,7.0,15.0,0.467,2.0,12.0,0.16699999999999998,0.46299999999999997,10.0,12.0,0.833,4.0,15.0,19.0,24.0,4.0,2.0,12.0,10.0,35.0
