Tm,Unnamed: 0,Year,Player,Pos,Age,G,GS,MP,PER,TS%,3PAr,FTr,ORB%,DRB%,TRB%,AST%,STL%,BLK%,TOV%,USG%,blanl,OWS,DWS,WS,WS/48,blank2,OBPM,DBPM,BPM,VORP,FG,FGA,FG%,3P,3PA,3P%,2P,2PA,2P%,eFG%,FT,FTA,FT%,ORB,DRB,TRB,AST,STL,BLK,TOV,PF,PTS
LAL,6225,1981.0,Brad Holland,SG,24.0,41.0,,295.0,14.3,0.49,0.14400000000000002,0.441,3.5,6.9,5.3,14.8,3.5,0.3,19.0,25.2,,0.1,0.4,0.3,0.081,,-1.6,-1.2,-4.0,-0.1,47.0,111.0,0.423,3.0,15.0,0.33299999999999996,46.0,108.0,0.461,0.43799999999999994,35.0,49.0,0.938,9.0,20.0,29.0,23.0,21.0,1.0,31.0,44.0,130.0
MIL,6591,1982.0,Brad Holland,SG,25.0,1.0,0.0,9.0,-21.5,0.0,0.0,0.4,0.0,0.0,0.0,24.8,0.0,0.0,14.5,31.4,,-0.1,0.0,-0.1,-0.649,,-24.7,-9.7,-34.4,-0.1,0.0,5.0,0.0,0.0,0.0,,0.0,5.0,0.0,0.0,0.0,2.0,0.0,0.0,0.0,0.0,2.0,0.0,0.0,1.0,1.0,0.0
TOT,6589,1982.0,Brad Holland,SG,25.0,14.0,3.0,194.0,6.8,0.353,0.038,0.077,3.4,3.9,3.7,12.7,2.7,0.3,9.0,19.1,,-0.4,0.3,-0.1,-0.025,,-5.1,-0.1,-5.3,-0.2,27.0,78.0,0.34600000000000003,0.0,3.0,0.0,27.0,75.0,0.36,0.34600000000000003,3.0,6.0,0.5,6.0,7.0,13.0,18.0,11.0,1.0,8.0,13.0,57.0
WSB,6590,1982.0,Brad Holland,SG,25.0,13.0,3.0,185.0,8.2,0.381,0.040999999999999995,0.055,3.6,4.1,3.8,12.2,2.9,0.3,8.6,18.5,,-0.2,0.3,0.0,0.005,,-4.1,0.3,-3.8,-0.1,27.0,73.0,0.37,0.0,3.0,0.0,27.0,70.0,0.386,0.37,3.0,4.0,0.75,6.0,7.0,13.0,16.0,11.0,1.0,7.0,12.0,57.0
