Tm,Unnamed: 0,Year,Player,Pos,Age,G,GS,MP,PER,TS%,3PAr,FTr,ORB%,DRB%,TRB%,AST%,STL%,BLK%,TOV%,USG%,blanl,OWS,DWS,WS,WS/48,blank2,OBPM,DBPM,BPM,VORP,FG,FGA,FG%,3P,3PA,3P%,2P,2PA,2P%,eFG%,FT,FTA,FT%,ORB,DRB,TRB,AST,STL,BLK,TOV,PF,PTS
BLB,613,1952.0,Brady Walker,PF,30.0,49.0,,699.0,15.5,0.44,,0.245,,,,,,,,,,1.3,1.4,2.7,0.066,,,,,,151.0,383.0,0.41,,,,151.0,383.0,0.41,0.41,67.0,94.0,0.765,,,323.0,103.0,,,,71.0,369.0
BOS,482,1951.0,Brady Walker,PF,29.0,68.0,,,,0.419,,0.273,,,,,,,,,,0.9,1.0,1.9,,,,,,,218.0,583.0,0.39399999999999996,,,,218.0,583.0,0.39399999999999996,0.39399999999999996,72.0,114.0,0.632,,,31.0,109.0,,,,100.0,508.0
TOT,481,1951.0,Brady Walker,PF,29.0,66.0,,,,0.434,,0.248,,,,,,,,,,1.4,1.5,2.8,,,,,,,164.0,416.0,0.39399999999999996,,,,164.0,416.0,0.39399999999999996,0.39399999999999996,72.0,103.0,0.6990000000000001,,,354.0,111.0,,,,82.0,400.0
