Tm,Unnamed: 0,Year,Player,Pos,Age,G,GS,MP,PER,TS%,3PAr,FTr,ORB%,DRB%,TRB%,AST%,STL%,BLK%,TOV%,USG%,blanl,OWS,DWS,WS,WS/48,blank2,OBPM,DBPM,BPM,VORP,FG,FGA,FG%,3P,3PA,3P%,2P,2PA,2P%,eFG%,FT,FTA,FT%,ORB,DRB,TRB,AST,STL,BLK,TOV,PF,PTS
BOS,16734,2004.0,Brandon Hunter,PF,23.0,36.0,12.0,406.0,12.6,0.46299999999999997,0.026000000000000002,0.371,14.4,18.8,16.6,7.9,1.6,0.2,14.0,17.6,,0.2,0.4,0.6,0.066,,-2.7,-1.2,-3.9,-0.2,53.0,116.0,0.457,0.0,3.0,0.0,53.0,113.0,0.469,0.457,19.0,43.0,0.442,50.0,68.0,118.0,19.0,13.0,1.0,22.0,40.0,125.0
ORL,17324,2005.0,Brandon Hunter,PF,24.0,31.0,0.0,224.0,12.2,0.527,0.0,0.534,12.7,21.7,17.3,2.2,0.9,2.2,19.6,21.9,,-0.1,0.2,0.2,0.036000000000000004,,-5.0,-3.1,-8.1,-0.3,37.0,73.0,0.507,0.0,0.0,,37.0,73.0,0.507,0.507,21.0,39.0,0.5379999999999999,25.0,44.0,69.0,3.0,4.0,7.0,22.0,42.0,95.0
