Tm,Unnamed: 0,Year,Player,Pos,Age,G,GS,MP,PER,TS%,3PAr,FTr,ORB%,DRB%,TRB%,AST%,STL%,BLK%,TOV%,USG%,blanl,OWS,DWS,WS,WS/48,blank2,OBPM,DBPM,BPM,VORP,FG,FGA,FG%,3P,3PA,3P%,2P,2PA,2P%,eFG%,FT,FTA,FT%,ORB,DRB,TRB,AST,STL,BLK,TOV,PF,PTS
HOU,14332,1999.0,Brent Price,PG,30.0,72.0,6.0,1332.0,15.0,0.624,0.603,0.316,3.3,8.2,5.7,25.6,2.3,0.2,23.9,17.4,,1.6,0.5,2.2,0.128,,2.1,-1.7,0.4,0.5,128.0,310.0,0.483,73.0,187.0,0.41100000000000003,55.0,123.0,0.568,0.594,77.0,98.0,1.0,37.0,70.0,107.0,192.0,52.0,4.0,111.0,163.0,406.0
SAC,15879,2002.0,Brent Price,PG,33.0,20.0,0.0,89.0,6.6,0.474,0.556,0.48100000000000004,4.9,4.7,4.8,13.9,1.7,0.7,23.4,20.9,,-0.1,0.1,0.0,-0.009000000000000001,,-3.1,-2.0,-5.2,-0.1,9.0,27.0,0.33299999999999996,4.0,15.0,0.267,5.0,12.0,0.41700000000000004,0.40700000000000003,9.0,13.0,0.6920000000000001,4.0,4.0,8.0,9.0,3.0,1.0,10.0,13.0,31.0
VAN,15375,2001.0,Brent Price,PG,32.0,41.0,0.0,424.0,9.5,0.518,0.5710000000000001,0.636,3.8,11.4,7.6,26.6,3.5,0.2,25.7,27.5,,0.0,0.1,0.1,0.009000000000000001,,-1.5,-1.3,-3.8,0.0,41.0,119.0,0.345,25.0,68.0,0.368,16.0,51.0,0.314,0.45,34.0,39.0,0.872,8.0,29.0,37.0,69.0,17.0,1.0,47.0,63.0,141.0
WSB,12668,1996.0,Brent Price,PG,27.0,81.0,50.0,2042.0,17.5,0.655,0.564,0.358,3.6,10.7,6.7,30.5,3.2,0.2,24.6,20.0,,5.6,1.8,7.4,0.174,,3.9,-0.6,2.6,2.4,252.0,534.0,0.47200000000000003,139.0,301.0,0.462,113.0,233.0,0.517,0.602,167.0,191.0,0.8740000000000001,38.0,190.0,228.0,416.0,78.0,4.0,153.0,184.0,810.0
