Tm,Unnamed: 0,Year,Player,Pos,Age,G,GS,MP,PER,TS%,3PAr,FTr,ORB%,DRB%,TRB%,AST%,STL%,BLK%,TOV%,USG%,blanl,OWS,DWS,WS,WS/48,blank2,OBPM,DBPM,BPM,VORP,FG,FGA,FG%,3P,3PA,3P%,2P,2PA,2P%,eFG%,FT,FTA,FT%,ORB,DRB,TRB,AST,STL,BLK,TOV,PF,PTS
ATL,13746,1998.0,Brian Oliver,SG,29.0,5.0,0.0,61.0,6.3,0.361,0.0,0.21100000000000002,6.0,11.2,8.7,5.4,0.9,0.0,4.6,16.5,,-0.1,0.0,0.0,-0.012,,-5.2,-2.7,-7.9,-0.1,7.0,19.0,0.368,0.0,0.0,,7.0,19.0,0.368,0.368,1.0,4.0,0.25,3.0,6.0,9.0,2.0,1.0,0.0,1.0,4.0,15.0
PHI,10750,1992.0,Brian Oliver,SG,23.0,73.0,4.0,800.0,9.9,0.46,0.066,0.261,4.1,8.5,6.2,16.2,2.1,0.4,18.0,21.0,,-0.5,0.6,0.2,0.01,,-3.7,-1.4,-5.1,-0.5,111.0,272.0,0.408,5.0,18.0,0.278,106.0,254.0,0.41700000000000004,0.41700000000000004,52.0,71.0,0.732,18.0,62.0,80.0,88.0,34.0,4.0,50.0,76.0,279.0
WSB,12139,1995.0,Brian Oliver,SG,26.0,6.0,0.0,42.0,6.9,0.5589999999999999,0.0,0.889,0.0,11.4,5.5,13.5,0.0,0.0,19.3,16.2,,0.0,0.0,0.0,0.022000000000000002,,-5.2,-3.6,-8.8,-0.1,4.0,9.0,0.444,0.0,0.0,,4.0,9.0,0.444,0.444,6.0,8.0,0.75,0.0,4.0,4.0,4.0,0.0,0.0,3.0,8.0,14.0
