Tm,Unnamed: 0,Year,Player,Pos,Age,G,GS,MP,PER,TS%,3PAr,FTr,ORB%,DRB%,TRB%,AST%,STL%,BLK%,TOV%,USG%,blanl,OWS,DWS,WS,WS/48,blank2,OBPM,DBPM,BPM,VORP,FG,FGA,FG%,3P,3PA,3P%,2P,2PA,2P%,eFG%,FT,FTA,FT%,ORB,DRB,TRB,AST,STL,BLK,TOV,PF,PTS
BOS,20396,2010.0,Brian Scalabrine,PF,31.0,71.0,17.0,1027.0,7.4,0.5579999999999999,0.5760000000000001,0.213,5.4,12.5,9.2,11.2,1.2,1.6,20.2,12.7,,0.4,0.9,1.1,0.105,,-1.4,1.4,-1.4,0.1,77.0,193.0,0.42100000000000004,44.0,110.0,0.4,43.0,106.0,0.45299999999999996,0.526,26.0,36.0,0.889,27.0,87.0,114.0,59.0,23.0,19.0,50.0,130.0,216.0
CHI,21551,2012.0,Brian Scalabrine,PF,33.0,28.0,0.0,122.0,13.5,0.526,0.263,0.2,7.5,11.7,9.6,18.7,2.2,3.5,21.6,15.5,,0.0,0.2,0.3,0.10800000000000001,,-2.0,2.9,0.9,0.1,14.0,30.0,0.526,1.0,7.0,0.14300000000000002,13.0,23.0,0.7140000000000001,0.526,3.0,6.0,0.5,8.0,13.0,21.0,15.0,5.0,6.0,9.0,18.0,32.0
NJN,17534,2005.0,Brian Scalabrine,PF,26.0,69.0,14.0,1167.0,11.0,0.48700000000000004,0.231,0.321,8.4,16.8,12.6,13.0,1.6,1.9,24.6,17.2,,0.3,1.6,1.7,0.08900000000000001,,-2.8,1.1,-1.7,0.1,132.0,332.0,0.402,22.0,68.0,0.359,110.0,264.0,0.429,0.444,58.0,70.0,0.833,83.0,161.0,244.0,88.0,34.0,18.0,66.0,113.0,339.0
