Tm,Unnamed: 0,Year,Player,Pos,Age,G,GS,MP,PER,TS%,3PAr,FTr,ORB%,DRB%,TRB%,AST%,STL%,BLK%,TOV%,USG%,blanl,OWS,DWS,WS,WS/48,blank2,OBPM,DBPM,BPM,VORP,FG,FGA,FG%,3P,3PA,3P%,2P,2PA,2P%,eFG%,FT,FTA,FT%,ORB,DRB,TRB,AST,STL,BLK,TOV,PF,PTS
DET,15590,2002.0,Brian Cardinal,PF,24.0,15.0,0.0,126.0,15.9,0.612,0.5379999999999999,0.581,6.7,13.0,9.8,8.0,2.8,1.1,18.8,16.5,,0.1,0.2,0.2,0.201,,2.9,0.5,0.0,0.0,10.0,31.0,0.462,3.0,7.0,0.429,10.0,26.0,0.5,0.5770000000000001,11.0,18.0,1.0,8.0,15.0,23.0,3.0,7.0,2.0,9.0,27.0,31.0
WAS,16084,2003.0,Brian Cardinal,PF,25.0,5.0,0.0,15.0,13.8,0.41,0.25,0.5,23.6,15.8,19.7,10.4,0.0,0.0,17.0,18.5,,0.0,0.0,0.0,0.051,,-1.0,-3.2,-4.2,0.0,1.0,4.0,0.25,0.0,1.0,0.0,1.0,3.0,0.33299999999999996,0.25,2.0,2.0,1.0,3.0,2.0,5.0,1.0,0.0,0.0,1.0,0.0,4.0
GSW,16585,2004.0,Brian Cardinal,PF,26.0,76.0,11.0,1634.0,19.4,0.626,0.266,0.5820000000000001,6.9,15.0,10.9,10.7,2.2,0.9,12.6,18.9,,5.5,1.7,7.2,0.212,,3.2,0.2,3.4,2.2,220.0,466.0,0.47200000000000003,55.0,124.0,0.444,165.0,342.0,0.48200000000000004,0.531,238.0,271.0,0.878,100.0,217.0,317.0,103.0,66.0,20.0,84.0,206.0,733.0
MEM,18832,2008.0,Brian Cardinal,PF,30.0,58.0,16.0,1433.0,17.7,0.655,0.643,0.419,6.6,18.0,12.2,16.1,3.6,1.0,19.2,19.6,,1.1,2.4,3.5,0.14400000000000002,,2.8,2.0,3.0,1.4,160.0,432.0,0.494,44.0,125.0,0.44799999999999995,116.0,307.0,0.585,0.6,158.0,181.0,0.9259999999999999,63.0,162.0,225.0,114.0,88.0,19.0,83.0,172.0,522.0
MIN,20018,2010.0,Brian Cardinal,PF,32.0,64.0,4.0,909.0,8.1,0.546,0.544,0.5,4.8,13.8,9.1,12.3,2.1,1.1,20.7,11.5,,0.3,0.7,0.9,0.071,,-1.8,1.0,-0.8,0.3,65.0,169.0,0.389,30.0,92.0,0.33299999999999996,35.0,77.0,0.455,0.473,30.0,35.0,0.9440000000000001,39.0,103.0,142.0,76.0,37.0,13.0,48.0,135.0,190.0
DAL,21209,2012.0,Brian Cardinal,SF,34.0,56.0,4.0,618.0,9.7,0.672,0.8909999999999999,0.18,2.0,12.1,6.9,9.1,2.0,0.9,13.6,11.0,,1.0,0.7,1.7,0.132,,1.1,1.3,2.4,0.7,43.0,100.0,0.43,42.0,87.0,0.483,4.0,13.0,0.667,0.64,17.0,18.0,0.9440000000000001,10.0,49.0,59.0,40.0,24.0,7.0,17.0,82.0,145.0
