Tm,Unnamed: 0,Year,Player,Pos,Age,G,GS,MP,PER,TS%,3PAr,FTr,ORB%,DRB%,TRB%,AST%,STL%,BLK%,TOV%,USG%,blanl,OWS,DWS,WS,WS/48,blank2,OBPM,DBPM,BPM,VORP,FG,FGA,FG%,3P,3PA,3P%,2P,2PA,2P%,eFG%,FT,FTA,FT%,ORB,DRB,TRB,AST,STL,BLK,TOV,PF,PTS
CHO,24557,2017.0,Brian Roberts,PG,31.0,72.0,10.0,1330.0,13.9,0.552,0.42700000000000005,0.322,1.3,9.0,5.2,20.3,1.3,0.4,15.7,19.9,,0.6,1.2,1.8,0.10800000000000001,,-0.8,-1.7,-2.5,-0.2,176.0,452.0,0.44299999999999995,62.0,193.0,0.386,114.0,259.0,0.47700000000000004,0.483,66.0,74.0,0.919,13.0,96.0,109.0,162.0,33.0,6.0,57.0,75.0,480.0
NOH,22119,2013.0,Brian Roberts,PG,27.0,78.0,5.0,1324.0,14.6,0.509,0.299,0.151,1.5,7.3,4.4,28.2,1.5,0.2,11.5,21.6,,2.0,0.2,2.2,0.078,,1.1,-3.6,-2.5,-0.2,213.0,511.0,0.41700000000000004,59.0,153.0,0.386,154.0,358.0,0.43,0.475,70.0,77.0,0.909,17.0,80.0,97.0,219.0,37.0,3.0,71.0,108.0,555.0
NOP,22724,2014.0,Brian Roberts,PG,28.0,72.0,42.0,1667.0,13.4,0.529,0.306,0.22899999999999998,1.2,8.4,4.7,22.1,1.3,0.4,12.9,20.0,,2.0,0.2,2.2,0.063,,0.3,-3.2,-2.9,-0.4,244.0,581.0,0.42,64.0,178.0,0.36,180.0,403.0,0.447,0.475,125.0,133.0,0.94,17.0,119.0,136.0,234.0,43.0,7.0,95.0,132.0,677.0
POR,23968,2016.0,Brian Roberts,PG,30.0,21.0,0.0,137.0,13.7,0.551,0.3,0.2,1.6,7.9,4.7,18.5,1.1,0.6,11.4,19.6,,0.2,0.1,0.3,0.096,,-0.8,-3.3,-4.0,-0.1,23.0,50.0,0.46,6.0,15.0,0.4,17.0,35.0,0.486,0.52,8.0,10.0,0.8,2.0,10.0,12.0,16.0,3.0,1.0,7.0,12.0,60.0
TOT,23966,2016.0,Brian Roberts,PG,30.0,51.0,0.0,470.0,13.8,0.552,0.255,0.285,1.4,8.2,4.8,18.6,1.1,0.3,11.0,19.8,,0.7,0.3,1.0,0.105,,-1.1,-2.8,-3.9,-0.2,74.0,165.0,0.44799999999999995,15.0,42.0,0.35700000000000004,59.0,123.0,0.48,0.494,42.0,47.0,0.894,6.0,35.0,41.0,54.0,10.0,2.0,23.0,35.0,205.0
