Tm,Unnamed: 0,Year,Player,Pos,Age,G,GS,MP,PER,TS%,3PAr,FTr,ORB%,DRB%,TRB%,AST%,STL%,BLK%,TOV%,USG%,blanl,OWS,DWS,WS,WS/48,blank2,OBPM,DBPM,BPM,VORP,FG,FGA,FG%,3P,3PA,3P%,2P,2PA,2P%,eFG%,FT,FTA,FT%,ORB,DRB,TRB,AST,STL,BLK,TOV,PF,PTS
LAL,18851,2008.0,Brian Cook,PF,27.0,81.0,46.0,1535.0,15.6,0.578,0.47600000000000003,0.19899999999999998,7.8,18.2,12.9,10.8,1.9,2.7,14.9,21.2,,3.0,1.5,4.5,0.142,,0.3,0.9,-0.7,0.5,261.0,511.0,0.511,78.0,199.0,0.429,225.0,427.0,0.527,0.546,84.0,101.0,1.0,88.0,186.0,274.0,74.0,37.0,32.0,61.0,205.0,642.0
ORL,19455,2009.0,Brian Cook,PF,28.0,45.0,0.0,559.0,9.5,0.508,0.493,0.1,5.2,15.8,10.4,6.9,1.1,1.6,14.9,23.3,,-0.2,0.7,0.5,0.044000000000000004,,-2.1,-1.0,-3.1,-0.2,84.0,213.0,0.39399999999999996,41.0,105.0,0.44,43.0,108.0,0.39799999999999996,0.491,15.0,17.0,0.882,24.0,75.0,99.0,24.0,11.0,12.0,35.0,87.0,224.0
HOU,20036,2010.0,Brian Cook,PF,29.0,15.0,0.0,44.0,7.4,0.40299999999999997,0.391,0.304,4.9,21.6,11.7,7.3,0.0,8.7,18.7,33.5,,-0.1,0.0,-0.1,-0.12,,-9.6,-0.2,-9.8,0.0,7.0,23.0,0.313,2.0,9.0,0.4,5.0,14.0,0.35700000000000004,0.375,5.0,7.0,0.7140000000000001,1.0,8.0,9.0,1.0,0.0,3.0,6.0,5.0,21.0
LAC,21228,2012.0,Brian Cook,PF,31.0,40.0,0.0,447.0,11.6,0.534,0.551,0.141,5.0,20.0,12.6,5.6,1.4,2.8,12.2,20.9,,0.1,0.5,0.6,0.064,,-1.8,-1.6,-3.5,-0.2,72.0,170.0,0.424,34.0,79.0,0.43,38.0,91.0,0.418,0.524,15.0,24.0,1.0,19.0,77.0,96.0,15.0,12.0,11.0,25.0,75.0,193.0
TOT,21227,2012.0,Brian Cook,PF,31.0,51.0,2.0,629.0,8.6,0.489,0.51,0.102,5.3,22.3,13.1,6.8,1.1,1.5,14.2,24.8,,-0.3,0.7,0.4,0.028999999999999998,,-2.6,-1.1,-3.7,-0.2,88.0,234.0,0.376,43.0,115.0,0.433,45.0,119.0,0.43799999999999994,0.46799999999999997,19.0,21.0,0.905,28.0,81.0,109.0,27.0,13.0,12.0,39.0,93.0,238.0
WAS,21229,2012.0,Brian Cook,PF,31.0,16.0,0.0,155.0,10.4,0.484,0.469,0.122,4.3,25.0,14.6,8.2,1.3,0.5,11.9,16.9,,0.0,0.2,0.2,0.057999999999999996,,-2.5,-1.6,-4.0,-0.1,20.0,49.0,0.408,5.0,23.0,0.217,15.0,26.0,0.5770000000000001,0.45899999999999996,5.0,6.0,0.833,6.0,34.0,40.0,8.0,4.0,1.0,7.0,22.0,50.0
