Tm,Unnamed: 0,Year,Player,Pos,Age,G,GS,MP,PER,TS%,3PAr,FTr,ORB%,DRB%,TRB%,AST%,STL%,BLK%,TOV%,USG%,blanl,OWS,DWS,WS,WS/48,blank2,OBPM,DBPM,BPM,VORP,FG,FGA,FG%,3P,3PA,3P%,2P,2PA,2P%,eFG%,FT,FTA,FT%,ORB,DRB,TRB,AST,STL,BLK,TOV,PF,PTS
IND,17354,2005.0,Britton Johnsen,SF,25.0,6.0,1.0,87.0,0.4,0.273,0.182,0.0,7.0,6.7,6.9,7.6,0.6,0.0,12.0,13.8,,-0.2,0.0,-0.2,-0.087,,-6.7,-1.4,-8.0,-0.1,6.0,22.0,0.273,0.0,4.0,0.0,6.0,18.0,0.33299999999999996,0.273,0.0,0.0,,5.0,5.0,10.0,4.0,1.0,0.0,3.0,10.0,12.0
ORL,16757,2004.0,Britton Johnsen,C,24.0,20.0,4.0,290.0,2.6,0.318,0.203,0.271,5.7,12.0,8.8,6.1,1.3,0.2,17.5,12.5,,-0.5,0.0,-0.6,-0.096,,-5.9,-1.9,-7.8,-0.4,17.0,59.0,0.28800000000000003,1.0,12.0,0.083,16.0,47.0,0.34,0.297,7.0,16.0,0.43799999999999994,15.0,30.0,45.0,12.0,7.0,1.0,14.0,28.0,42.0
