Tm,Unnamed: 0,Year,Player,Pos,Age,G,GS,MP,PER,TS%,3PAr,FTr,ORB%,DRB%,TRB%,AST%,STL%,BLK%,TOV%,USG%,blanl,OWS,DWS,WS,WS/48,blank2,OBPM,DBPM,BPM,VORP,FG,FGA,FG%,3P,3PA,3P%,2P,2PA,2P%,eFG%,FT,FTA,FT%,ORB,DRB,TRB,AST,STL,BLK,TOV,PF,PTS
IND,7378,1984.0,Bruce Kuczenski,PF,22.0,5.0,0.0,51.0,-2.0,0.373,0.0,0.235,6.5,13.0,9.8,5.1,0.0,0.0,29.9,21.7,,-0.2,0.0,-0.2,-0.192,,-11.7,-3.0,-14.7,-0.2,5.0,17.0,0.294,0.0,0.0,,5.0,17.0,0.294,0.294,4.0,4.0,1.0,3.0,6.0,9.0,2.0,0.0,0.0,8.0,8.0,14.0
NJN,7376,1984.0,Bruce Kuczenski,PF,22.0,7.0,0.0,28.0,9.4,0.376,0.0,0.5,12.0,20.7,16.3,18.6,0.0,0.0,12.0,23.6,,0.0,0.0,0.0,-0.012,,-4.2,-1.7,-5.9,0.0,4.0,12.0,0.33299999999999996,0.0,0.0,,4.0,12.0,0.33299999999999996,0.33299999999999996,3.0,6.0,0.5,3.0,5.0,8.0,4.0,0.0,0.0,2.0,3.0,11.0
PHI,7377,1984.0,Bruce Kuczenski,PF,22.0,3.0,2.0,40.0,-5.6,0.16899999999999998,0.0,0.25,2.9,13.8,8.5,6.1,1.2,1.4,36.0,14.3,,-0.2,0.0,-0.2,-0.2,,-12.6,1.0,-11.6,-0.1,1.0,8.0,0.125,0.0,0.0,,1.0,8.0,0.125,0.125,1.0,2.0,0.5,1.0,5.0,6.0,2.0,1.0,1.0,5.0,7.0,3.0
TOT,7375,1984.0,Bruce Kuczenski,PF,22.0,15.0,2.0,119.0,-0.5,0.331,0.0,0.324,6.6,15.1,10.9,8.6,0.4,0.5,26.2,19.7,,-0.5,0.1,-0.4,-0.152,,-10.2,-1.3,-11.6,-0.3,10.0,37.0,0.27,0.0,0.0,,10.0,37.0,0.27,0.27,8.0,12.0,0.667,7.0,16.0,23.0,8.0,1.0,1.0,15.0,18.0,28.0
