Tm,Unnamed: 0,Year,Player,Pos,Age,G,GS,MP,PER,TS%,3PAr,FTr,ORB%,DRB%,TRB%,AST%,STL%,BLK%,TOV%,USG%,blanl,OWS,DWS,WS,WS/48,blank2,OBPM,DBPM,BPM,VORP,FG,FGA,FG%,3P,3PA,3P%,2P,2PA,2P%,eFG%,FT,FTA,FT%,ORB,DRB,TRB,AST,STL,BLK,TOV,PF,PTS
BOS,14007,1999.0,Bruce Bowen,SF,27.0,61.0,9.0,1305.0,11.0,0.483,0.28,0.409,6.6,9.4,7.9,9.3,3.4,1.7,12.9,13.4,,0.8,1.4,2.2,0.081,,-1.3,1.5,0.2,0.7,122.0,298.0,0.409,20.0,59.0,0.33899999999999997,102.0,239.0,0.42700000000000005,0.44299999999999995,76.0,122.0,0.623,79.0,95.0,174.0,81.0,87.0,29.0,52.0,174.0,340.0
PHI,14518,2000.0,Bruce Bowen,SF,28.0,42.0,0.0,311.0,6.0,0.377,0.027000000000000003,0.16399999999999998,4.9,7.9,6.4,7.7,1.5,1.2,6.0,11.7,,-0.1,0.3,0.3,0.039,,-4.4,0.6,-3.8,-0.1,26.0,73.0,0.35600000000000004,1.0,2.0,0.5,25.0,71.0,0.35200000000000004,0.363,6.0,12.0,0.5,14.0,22.0,36.0,16.0,9.0,5.0,5.0,37.0,59.0
TOT,14517,2000.0,Bruce Bowen,SF,28.0,69.0,2.0,878.0,6.7,0.46,0.299,0.222,3.5,8.7,6.2,5.8,1.4,1.2,8.2,12.1,,0.2,0.9,1.2,0.064,,-2.6,0.2,-2.4,-0.1,72.0,194.0,0.371,27.0,58.0,0.466,45.0,136.0,0.331,0.441,25.0,43.0,0.581,27.0,69.0,96.0,34.0,23.0,15.0,19.0,118.0,196.0
MIA,15012,2001.0,Bruce Bowen,SF,29.0,82.0,72.0,2685.0,37.7,0.509,0.528,0.27699999999999997,2.8,9.1,6.1,8.2,1.7,77.8,10.2,13.1,,0.5,3.7,4.2,0.321,,-1.4,46.8,36.2,1.6,211.0,581.0,0.38,103.0,307.0,0.46399999999999997,108.0,274.0,0.39399999999999996,0.488,98.0,161.0,0.613,45.0,200.0,245.0,132.0,83.0,53.0,74.0,269.0,623.0
SAS,19410,2009.0,Bruce Bowen,SF,37.0,82.0,82.0,2755.0,9.5,0.563,0.524,0.24100000000000002,2.9,11.9,6.9,8.1,1.9,1.1,14.0,13.9,,2.4,4.6,6.2,0.111,,0.3,2.6,1.9,2.7,251.0,598.0,0.466,104.0,253.0,0.441,149.0,345.0,0.488,0.5710000000000001,71.0,114.0,0.652,59.0,285.0,320.0,126.0,84.0,42.0,90.0,195.0,675.0
