Tm,Unnamed: 0,Year,Player,Pos,Age,G,GS,MP,PER,TS%,3PAr,FTr,ORB%,DRB%,TRB%,AST%,STL%,BLK%,TOV%,USG%,blanl,OWS,DWS,WS,WS/48,blank2,OBPM,DBPM,BPM,VORP,FG,FGA,FG%,3P,3PA,3P%,2P,2PA,2P%,eFG%,FT,FTA,FT%,ORB,DRB,TRB,AST,STL,BLK,TOV,PF,PTS
BOS,15430,2001.0,Bryant Stith,SG,30.0,78.0,74.0,2504.0,11.7,0.5379999999999999,0.396,0.33899999999999997,2.9,10.7,6.6,11.2,1.9,0.4,11.4,14.4,,3.1,1.7,4.8,0.09300000000000001,,-0.1,-0.4,-0.5,1.0,245.0,611.0,0.401,91.0,242.0,0.376,154.0,369.0,0.41700000000000004,0.475,175.0,207.0,0.845,65.0,219.0,284.0,168.0,93.0,14.0,90.0,182.0,756.0
CLE,15943,2002.0,Bryant Stith,SG,31.0,50.0,5.0,665.0,11.1,0.493,0.36200000000000004,0.27699999999999997,3.6,11.4,7.5,9.9,2.3,0.7,12.5,16.6,,0.3,0.4,0.7,0.047,,-1.4,-1.2,-2.7,-0.1,70.0,188.0,0.37200000000000005,24.0,68.0,0.353,46.0,120.0,0.38299999999999995,0.436,44.0,52.0,0.846,20.0,65.0,85.0,42.0,29.0,6.0,30.0,42.0,208.0
DEN,14894,2000.0,Bryant Stith,SG,29.0,82.0,82.0,2853.0,14.4,0.568,0.366,0.49,5.1,11.3,8.2,13.8,2.1,1.2,12.9,20.2,,3.8,3.4,6.8,0.115,,1.1,1.0,0.8,2.0,379.0,911.0,0.47200000000000003,70.0,182.0,0.385,363.0,802.0,0.519,0.5,320.0,379.0,0.872,125.0,275.0,400.0,241.0,116.0,20.0,157.0,187.0,1119.0
