Tm,Unnamed: 0,Year,Player,Pos,Age,G,GS,MP,PER,TS%,3PAr,FTr,ORB%,DRB%,TRB%,AST%,STL%,BLK%,TOV%,USG%,blanl,OWS,DWS,WS,WS/48,blank2,OBPM,DBPM,BPM,VORP,FG,FGA,FG%,3P,3PA,3P%,2P,2PA,2P%,eFG%,FT,FTA,FT%,ORB,DRB,TRB,AST,STL,BLK,TOV,PF,PTS
UTA,22989,2015.0,Bryce Cotton,PG,22.0,15.0,0.0,159.0,14.5,0.52,0.29,0.261,2.2,10.8,6.5,17.0,1.3,0.0,13.5,25.6,,0.1,0.1,0.2,0.067,,-1.2,-3.2,-4.4,-0.1,29.0,69.0,0.42,7.0,20.0,0.35,22.0,49.0,0.449,0.47100000000000003,15.0,18.0,0.833,3.0,15.0,18.0,15.0,4.0,0.0,12.0,6.0,80.0
MEM,23622,2016.0,Bryce Cotton,PG,23.0,5.0,0.0,6.0,29.1,1.0,0.0,0.0,0.0,0.0,0.0,0.0,0.0,0.0,0.0,15.0,,0.0,0.0,0.0,0.221,,6.5,-6.1,0.4,0.0,2.0,2.0,1.0,0.0,0.0,,2.0,2.0,1.0,1.0,0.0,0.0,,0.0,0.0,0.0,0.0,0.0,0.0,0.0,0.0,4.0
PHO,23621,2016.0,Bryce Cotton,PG,23.0,3.0,0.0,33.0,-3.3,0.25,0.375,0.0,0.0,0.0,0.0,12.7,4.4,0.0,38.5,16.8,,-0.2,0.0,-0.2,-0.23800000000000002,,-12.2,-2.1,-14.3,-0.1,2.0,8.0,0.25,0.0,3.0,0.0,2.0,5.0,0.4,0.25,0.0,0.0,,0.0,0.0,0.0,3.0,3.0,0.0,5.0,2.0,4.0
TOT,23620,2016.0,Bryce Cotton,PG,23.0,8.0,0.0,39.0,1.7,0.4,0.3,0.0,0.0,0.0,0.0,10.8,3.7,0.0,33.3,16.5,,-0.2,0.0,-0.1,-0.168,,-9.3,-2.7,-12.0,-0.1,4.0,10.0,0.4,0.0,3.0,0.0,4.0,7.0,0.5710000000000001,0.4,0.0,0.0,,0.0,0.0,0.0,3.0,3.0,0.0,5.0,2.0,8.0
