Tm,Unnamed: 0,Year,Player,Pos,Age,G,GS,MP,PER,TS%,3PAr,FTr,ORB%,DRB%,TRB%,AST%,STL%,BLK%,TOV%,USG%,blanl,OWS,DWS,WS,WS/48,blank2,OBPM,DBPM,BPM,VORP,FG,FGA,FG%,3P,3PA,3P%,2P,2PA,2P%,eFG%,FT,FTA,FT%,ORB,DRB,TRB,AST,STL,BLK,TOV,PF,PTS
ATL,5569,1979.0,Butch Lee,PG,22.0,49.0,,997.0,12.2,0.516,,0.374,1.1,5.4,3.2,23.0,2.6,0.1,20.8,18.3,,0.4,0.9,1.2,0.06,,-1.4,-1.4,-2.9,-0.2,144.0,313.0,0.46,,,,144.0,313.0,0.46,0.46,88.0,117.0,0.752,11.0,48.0,59.0,169.0,56.0,1.0,96.0,88.0,376.0
CLE,5929,1980.0,Butch Lee,PG,23.0,33.0,,782.0,15.7,0.511,0.0,0.35200000000000004,12.6,6.7,6.6,22.5,1.8,0.0,20.8,23.1,,1.1,0.2,1.3,0.081,,0.5,-2.6,-2.0,0.0,146.0,321.0,0.455,0.0,0.0,,146.0,321.0,0.455,0.455,87.0,113.0,0.77,22.0,45.0,67.0,126.0,30.0,0.0,58.0,58.0,379.0
LAL,5930,1980.0,Butch Lee,PG,23.0,11.0,,31.0,12.4,0.435,0.0,0.5379999999999999,15.4,12.9,14.1,34.1,1.5,0.0,30.3,29.8,,-0.1,0.0,0.0,-0.051,,-3.8,-1.3,-5.1,0.0,4.0,13.0,0.308,0.0,0.0,,4.0,13.0,0.308,0.308,6.0,7.0,0.857,4.0,4.0,8.0,9.0,1.0,0.0,7.0,2.0,14.0
TOT,5928,1980.0,Butch Lee,PG,23.0,82.0,,1779.0,13.8,0.513,0.0,0.363,14.2,7.3,10.8,25.5,2.3,0.0,26.7,26.9,,1.5,1.1,2.6,0.069,,-0.6,-1.9,-2.5,-0.1,290.0,634.0,0.457,0.0,0.0,,290.0,634.0,0.457,0.457,175.0,230.0,0.7609999999999999,33.0,93.0,126.0,295.0,86.0,1.0,154.0,146.0,755.0
