Tm,Unnamed: 0,Year,Player,Pos,Age,G,GS,MP,PER,TS%,3PAr,FTr,ORB%,DRB%,TRB%,AST%,STL%,BLK%,TOV%,USG%,blanl,OWS,DWS,WS,WS/48,blank2,OBPM,DBPM,BPM,VORP,FG,FGA,FG%,3P,3PA,3P%,2P,2PA,2P%,eFG%,FT,FTA,FT%,ORB,DRB,TRB,AST,STL,BLK,TOV,PF,PTS
OKC,20915,2011.0,Byron Mullens,PF,21.0,13.0,0.0,85.0,3.5,0.368,0.0,0.5,8.6,24.0,16.5,2.9,1.9,2.6,19.0,22.5,,-0.2,0.1,-0.1,-0.077,,-8.9,-1.6,-10.5,-0.1,9.0,28.0,0.368,0.0,0.0,,9.0,28.0,0.368,0.368,7.0,14.0,0.5,6.0,18.0,24.0,1.0,2.0,3.0,8.0,13.0,25.0
CHA,22058,2013.0,Byron Mullens,PF,23.0,65.0,41.0,1465.0,13.0,0.473,0.369,0.19,7.3,22.0,13.5,10.1,1.2,2.6,10.9,22.5,,-0.4,0.7,0.2,0.006999999999999999,,-1.9,-1.7,-3.6,-0.6,251.0,591.0,0.425,66.0,208.0,0.317,239.0,540.0,0.44299999999999995,0.444,92.0,112.0,0.821,96.0,266.0,337.0,81.0,34.0,52.0,74.0,137.0,606.0
LAC,22662,2014.0,Byron Mullens,C,24.0,27.0,0.0,167.0,7.8,0.503,0.609,0.094,4.8,16.1,10.6,5.5,1.8,1.4,16.3,21.1,,-0.2,0.2,0.0,0.012,,-2.8,-1.3,-4.1,-0.1,26.0,64.0,0.406,13.0,39.0,0.33299999999999996,13.0,25.0,0.52,0.508,2.0,6.0,0.33299999999999996,7.0,25.0,32.0,6.0,6.0,3.0,13.0,33.0,67.0
PHI,22663,2014.0,Byron Mullens,C,24.0,18.0,0.0,247.0,16.1,0.569,0.495,0.139,7.2,19.6,13.1,5.5,1.8,2.6,11.6,20.8,,0.2,0.2,0.4,0.087,,-0.7,-2.1,-2.8,0.0,47.0,101.0,0.465,20.0,50.0,0.4,27.0,51.0,0.529,0.564,8.0,14.0,0.5710000000000001,17.0,43.0,60.0,8.0,9.0,8.0,14.0,31.0,122.0
TOT,22661,2014.0,Byron Mullens,C,24.0,45.0,0.0,414.0,12.8,0.544,0.539,0.121,6.2,18.2,12.1,5.5,1.8,2.1,13.4,20.9,,0.1,0.4,0.5,0.057,,-1.5,-1.8,-3.3,-0.1,73.0,165.0,0.442,33.0,89.0,0.371,40.0,76.0,0.526,0.542,10.0,20.0,0.5,24.0,68.0,92.0,14.0,15.0,11.0,27.0,64.0,189.0
