Tm,Unnamed: 0,Year,Player,Pos,Age,G,GS,MP,PER,TS%,3PAr,FTr,ORB%,DRB%,TRB%,AST%,STL%,BLK%,TOV%,USG%,blanl,OWS,DWS,WS,WS/48,blank2,OBPM,DBPM,BPM,VORP,FG,FGA,FG%,3P,3PA,3P%,2P,2PA,2P%,eFG%,FT,FTA,FT%,ORB,DRB,TRB,AST,STL,BLK,TOV,PF,PTS
BRK,22223,2013.0,C.J. Watson,PG,28.0,80.0,8.0,1521.0,13.9,0.544,0.466,0.198,2.9,8.4,5.6,17.2,2.3,0.6,12.1,17.2,,2.5,1.3,3.8,0.12,,1.6,-0.5,1.0,1.2,192.0,459.0,0.418,88.0,214.0,0.41100000000000003,104.0,245.0,0.424,0.514,71.0,91.0,0.78,38.0,107.0,145.0,161.0,66.0,12.0,69.0,123.0,543.0
CHI,21641,2012.0,C.J. Watson,PG,27.0,82.0,25.0,1159.0,13.3,0.491,0.396,0.23800000000000002,2.1,8.1,5.1,27.2,2.7,0.8,16.7,22.8,,0.8,2.0,2.6,0.109,,0.4,-0.3,-0.1,0.5,161.0,437.0,0.371,68.0,173.0,0.39299999999999996,102.0,282.0,0.36200000000000004,0.446,84.0,104.0,0.8079999999999999,21.0,84.0,105.0,200.0,55.0,11.0,97.0,103.0,474.0
GSW,20469,2010.0,C.J. Watson,PG,25.0,77.0,18.0,1883.0,14.2,0.564,0.275,0.34299999999999997,3.6,8.9,5.5,16.2,2.8,0.3,13.7,16.8,,2.7,0.9,3.3,0.084,,0.5,-0.7,-0.4,0.7,257.0,562.0,0.46799999999999997,48.0,145.0,0.4,209.0,442.0,0.527,0.51,168.0,193.0,0.87,39.0,153.0,192.0,206.0,103.0,8.0,92.0,137.0,730.0
IND,23475,2015.0,C.J. Watson,PG,30.0,63.0,21.0,1422.0,15.4,0.581,0.434,0.4,1.9,11.2,6.3,23.3,2.6,0.5,16.9,18.8,,2.2,2.1,4.0,0.135,,1.4,0.8,1.5,1.3,181.0,417.0,0.43700000000000006,70.0,175.0,0.4,111.0,242.0,0.49200000000000005,0.518,138.0,167.0,0.826,19.0,145.0,163.0,208.0,60.0,9.0,100.0,107.0,570.0
ORL,24649,2017.0,C.J. Watson,PG,32.0,62.0,9.0,1012.0,9.3,0.507,0.423,0.285,1.7,9.6,5.6,18.1,2.1,0.6,14.5,14.1,,0.2,0.6,0.9,0.047,,-2.5,-0.8,-3.3,-0.2,96.0,248.0,0.387,32.0,105.0,0.305,64.0,143.0,0.44799999999999995,0.452,57.0,66.0,0.872,16.0,73.0,89.0,114.0,43.0,5.0,47.0,84.0,281.0
