Tm,Unnamed: 0,Year,Player,Pos,Age,G,GS,MP,PER,TS%,3PAr,FTr,ORB%,DRB%,TRB%,AST%,STL%,BLK%,TOV%,USG%,blanl,OWS,DWS,WS,WS/48,blank2,OBPM,DBPM,BPM,VORP,FG,FGA,FG%,3P,3PA,3P%,2P,2PA,2P%,eFG%,FT,FTA,FT%,ORB,DRB,TRB,AST,STL,BLK,TOV,PF,PTS
PHI,6624,1982.0,Caldwell Jones,C,31.0,82.0,47.0,2771.0,13.4,0.5710000000000001,0.006,0.47100000000000003,10.6,26.5,18.2,9.1,0.9,4.9,26.3,15.5,,1.1,5.4,5.5,0.111,,-2.3,3.5,0.8,1.9,302.0,637.0,0.507,0.0,3.0,0.0,302.0,637.0,0.507,0.507,179.0,219.0,0.8170000000000001,219.0,731.0,950.0,164.0,53.0,200.0,218.0,303.0,725.0
HOU,7357,1984.0,Caldwell Jones,C,33.0,82.0,82.0,2506.0,12.3,0.557,0.005,0.31,9.2,20.9,14.7,7.9,0.9,3.0,18.2,15.4,,1.6,2.5,4.1,0.078,,-1.5,1.5,0.0,1.2,318.0,677.0,0.502,1.0,3.0,0.33299999999999996,317.0,675.0,0.503,0.503,164.0,206.0,0.8370000000000001,222.0,446.0,668.0,156.0,46.0,131.0,171.0,335.0,801.0
CHI,7705,1985.0,Caldwell Jones,C,34.0,42.0,32.0,885.0,6.9,0.523,0.017,0.409,6.6,20.7,13.8,4.7,0.7,2.0,22.8,8.3,,0.1,0.8,0.9,0.048,,-3.3,1.6,-1.7,0.1,53.0,115.0,0.461,0.0,2.0,0.0,53.0,113.0,0.469,0.461,36.0,47.0,0.7659999999999999,49.0,162.0,211.0,34.0,12.0,31.0,40.0,125.0,142.0
POR,9290,1989.0,Caldwell Jones,PF,38.0,80.0,77.0,1778.0,9.7,0.588,0.027999999999999997,0.591,8.3,23.6,16.1,6.3,1.2,3.9,28.3,11.6,,0.8,2.2,2.7,0.078,,-2.5,2.6,-0.6,0.6,128.0,263.0,0.496,0.0,7.0,0.0,128.0,259.0,0.51,0.496,124.0,150.0,0.8270000000000001,114.0,341.0,455.0,81.0,38.0,99.0,102.0,251.0,376.0
SAS,9745,1990.0,Caldwell Jones,PF,39.0,72.0,2.0,885.0,7.2,0.516,0.035,0.375,10.0,19.1,14.6,2.9,1.1,1.9,22.2,10.1,,0.0,1.3,1.3,0.07200000000000001,,-4.1,0.7,-3.4,-0.3,67.0,144.0,0.465,1.0,5.0,0.2,66.0,139.0,0.475,0.469,38.0,54.0,0.7040000000000001,76.0,154.0,230.0,20.0,20.0,27.0,48.0,146.0,173.0
