Tm,Unnamed: 0,Year,Player,Pos,Age,G,GS,MP,PER,TS%,3PAr,FTr,ORB%,DRB%,TRB%,AST%,STL%,BLK%,TOV%,USG%,blanl,OWS,DWS,WS,WS/48,blank2,OBPM,DBPM,BPM,VORP,FG,FGA,FG%,3P,3PA,3P%,2P,2PA,2P%,eFG%,FT,FTA,FT%,ORB,DRB,TRB,AST,STL,BLK,TOV,PF,PTS
NYK,8999,1988.0,Carey Scurry,SF,25.0,4.0,0.0,8.0,14.8,0.5,0.0,0.0,13.9,29.6,21.5,17.3,12.1,7.8,50.0,20.3,,0.0,0.0,0.0,0.009000000000000001,,-5.7,15.9,10.3,0.0,1.0,2.0,0.5,0.0,0.0,,1.0,2.0,0.5,0.5,0.0,0.0,,1.0,2.0,3.0,1.0,2.0,1.0,2.0,3.0,2.0
TOT,8997,1988.0,Carey Scurry,SF,25.0,33.0,0.0,455.0,12.9,0.518,0.068,0.331,7.4,12.3,9.9,14.4,5.1,2.9,24.1,16.0,,-0.2,1.1,0.9,0.095,,-1.8,6.1,4.3,0.7,55.0,118.0,0.466,3.0,8.0,0.375,52.0,110.0,0.473,0.479,27.0,39.0,0.6920000000000001,30.0,54.0,84.0,50.0,49.0,23.0,43.0,81.0,140.0
UTA,8998,1988.0,Carey Scurry,SF,25.0,78.0,5.0,1168.0,18.3,0.562,0.069,0.5429999999999999,13.3,14.1,13.7,14.4,5.0,4.1,23.5,19.1,,1.0,2.1,2.6,0.168,,0.7,5.9,5.0,1.3,142.0,301.0,0.498,4.0,13.0,0.375,141.0,290.0,0.509,0.506,94.0,134.0,0.701,97.0,145.0,242.0,85.0,78.0,66.0,96.0,171.0,363.0
