Tm,Unnamed: 0,Year,Player,Pos,Age,G,GS,MP,PER,TS%,3PAr,FTr,ORB%,DRB%,TRB%,AST%,STL%,BLK%,TOV%,USG%,blanl,OWS,DWS,WS,WS/48,blank2,OBPM,DBPM,BPM,VORP,FG,FGA,FG%,3P,3PA,3P%,2P,2PA,2P%,eFG%,FT,FTA,FT%,ORB,DRB,TRB,AST,STL,BLK,TOV,PF,PTS
DET,18334,2007.0,Carlos Delfino,SG,24.0,82.0,4.0,1372.0,12.8,0.515,0.36700000000000005,0.342,5.8,17.2,11.5,13.3,2.6,1.5,14.6,19.1,,1.0,1.9,2.9,0.10099999999999999,,-0.7,1.2,-0.4,0.6,156.0,376.0,0.415,46.0,138.0,0.33299999999999996,110.0,238.0,0.462,0.47600000000000003,70.0,89.0,0.787,67.0,199.0,266.0,88.0,46.0,15.0,61.0,97.0,428.0
HOU,21810,2013.0,Carlos Delfino,SF,30.0,67.0,5.0,1689.0,13.3,0.5489999999999999,0.679,0.09,1.2,13.4,7.4,12.5,2.0,0.4,10.0,18.6,,2.0,1.5,3.5,0.10099999999999999,,1.7,-0.6,1.2,1.3,251.0,620.0,0.405,158.0,421.0,0.375,93.0,199.0,0.467,0.532,48.0,56.0,0.857,18.0,202.0,220.0,135.0,68.0,9.0,72.0,114.0,708.0
MIL,21246,2012.0,Carlos Delfino,SF,29.0,75.0,66.0,2279.0,13.1,0.526,0.5539999999999999,0.163,2.4,18.0,9.8,14.0,2.6,0.7,13.2,18.0,,1.1,3.7,4.8,0.105,,0.5,1.8,2.1,2.1,299.0,732.0,0.408,134.0,365.0,0.37,165.0,367.0,0.45,0.5,93.0,119.0,0.8,51.0,343.0,394.0,202.0,80.0,21.0,119.0,138.0,825.0
TOR,18869,2008.0,Carlos Delfino,SG,25.0,82.0,0.0,1928.0,13.6,0.527,0.49700000000000005,0.247,4.0,18.1,11.0,11.3,1.9,0.5,9.7,19.0,,1.7,2.3,4.0,0.1,,0.9,0.4,1.3,1.6,251.0,632.0,0.397,120.0,314.0,0.382,131.0,318.0,0.41200000000000003,0.49200000000000005,116.0,156.0,0.7440000000000001,66.0,293.0,359.0,145.0,69.0,11.0,75.0,177.0,738.0
