Tm,Unnamed: 0,Year,Player,Pos,Age,G,GS,MP,PER,TS%,3PAr,FTr,ORB%,DRB%,TRB%,AST%,STL%,BLK%,TOV%,USG%,blanl,OWS,DWS,WS,WS/48,blank2,OBPM,DBPM,BPM,VORP,FG,FGA,FG%,3P,3PA,3P%,2P,2PA,2P%,eFG%,FT,FTA,FT%,ORB,DRB,TRB,AST,STL,BLK,TOV,PF,PTS
DEN,14160,1999.0,Carl Herrera,PF,32.0,24.0,0.0,265.0,8.2,0.441,0.016,0.14300000000000002,8.4,15.3,11.8,0.6,2.4,1.9,15.2,13.5,,-0.1,0.1,0.0,-0.008,,-5.2,-1.6,-6.8,-0.3,27.0,63.0,0.429,0.0,1.0,0.0,27.0,62.0,0.435,0.429,5.0,9.0,0.556,20.0,34.0,54.0,1.0,12.0,7.0,12.0,38.0,59.0
HOU,12019,1995.0,Carl Herrera,PF,28.0,81.0,26.0,1800.0,13.1,0.58,0.006,0.396,9.9,18.2,14.3,7.1,1.5,2.6,17.0,16.7,,2.1,2.6,4.6,0.12300000000000001,,-1.5,0.7,-1.0,0.4,240.0,444.0,0.541,0.0,2.0,0.0,240.0,442.0,0.5429999999999999,0.541,125.0,176.0,0.711,148.0,306.0,454.0,61.0,47.0,38.0,92.0,190.0,605.0
SAS,13619,1998.0,Carl Herrera,PF,31.0,75.0,58.0,1837.0,10.6,0.46299999999999997,0.01,0.251,8.9,15.0,11.5,7.3,2.0,2.3,21.7,21.1,,-0.7,0.9,0.1,0.006,,-4.0,0.9,-4.4,-0.3,257.0,593.0,0.434,2.0,6.0,0.33299999999999996,255.0,587.0,0.43700000000000006,0.435,81.0,118.0,0.6859999999999999,118.0,222.0,340.0,50.0,62.0,53.0,95.0,217.0,597.0
TOT,14158,1999.0,Carl Herrera,PF,32.0,28.0,0.0,307.0,6.8,0.402,0.013000000000000001,0.145,9.2,14.4,11.7,2.2,2.1,1.6,16.5,14.3,,-0.3,0.1,-0.3,-0.042,,-5.7,-1.9,-7.6,-0.4,30.0,76.0,0.395,0.0,1.0,0.0,30.0,75.0,0.4,0.395,5.0,11.0,0.455,25.0,37.0,62.0,4.0,12.0,7.0,16.0,41.0,65.0
VAN,14159,1999.0,Carl Herrera,PF,32.0,4.0,0.0,42.0,-1.7,0.21600000000000003,0.0,0.154,13.8,8.6,11.2,11.8,0.0,0.0,22.4,19.5,,-0.2,0.0,-0.2,-0.255,,-9.3,-3.6,-12.9,-0.1,3.0,13.0,0.231,0.0,0.0,,3.0,13.0,0.231,0.231,0.0,2.0,0.0,5.0,3.0,8.0,3.0,0.0,0.0,4.0,3.0,6.0
