Tm,Unnamed: 0,Year,Player,Pos,Age,G,GS,MP,PER,TS%,3PAr,FTr,ORB%,DRB%,TRB%,AST%,STL%,BLK%,TOV%,USG%,blanl,OWS,DWS,WS,WS/48,blank2,OBPM,DBPM,BPM,VORP,FG,FGA,FG%,3P,3PA,3P%,2P,2PA,2P%,eFG%,FT,FTA,FT%,ORB,DRB,TRB,AST,STL,BLK,TOV,PF,PTS
GSW,12186,1995.0,Carlos Rogers,C,23.0,49.0,18.0,1017.0,14.3,0.542,0.040999999999999995,0.429,11.7,18.7,15.1,5.8,1.1,3.5,17.2,20.3,,0.1,0.8,0.9,0.045,,-2.8,0.1,-2.6,-0.2,180.0,340.0,0.529,2.0,14.0,0.14300000000000002,178.0,326.0,0.546,0.532,76.0,146.0,0.521,108.0,170.0,278.0,37.0,22.0,52.0,84.0,124.0,438.0
HOU,15398,2001.0,Carlos Rogers,C,29.0,53.0,15.0,1101.0,18.1,0.674,0.043,0.473,10.5,18.9,14.8,6.3,1.0,2.3,14.1,17.8,,1.5,0.8,2.2,0.18,,0.5,-0.6,-0.2,0.3,170.0,324.0,0.682,1.0,14.0,0.071,169.0,310.0,0.688,0.682,81.0,137.0,0.591,98.0,177.0,275.0,42.0,14.0,34.0,63.0,77.0,422.0
IND,15903,2002.0,Carlos Rogers,C,30.0,22.0,1.0,168.0,15.3,0.574,0.14,0.442,9.6,15.7,12.8,3.0,1.6,2.5,8.9,15.2,,0.3,0.2,0.5,0.14,,-1.0,-0.6,-1.5,0.0,24.0,43.0,0.5579999999999999,1.0,6.0,0.16699999999999998,23.0,37.0,0.622,0.57,10.0,19.0,0.526,14.0,24.0,38.0,3.0,5.0,6.0,5.0,17.0,59.0
POR,14358,1999.0,Carlos Rogers,PF,27.0,3.0,0.0,25.0,23.3,0.665,0.25,2.0,4.8,13.9,7.2,26.7,2.1,0.0,20.0,21.5,,0.0,0.0,0.0,0.259,,5.6,-0.3,2.3,0.0,2.0,4.0,1.0,0.0,1.0,0.0,2.0,3.0,1.0,1.0,1.0,4.0,0.25,1.0,1.0,2.0,2.0,1.0,0.0,1.0,2.0,5.0
TOR,13806,1998.0,Carlos Rogers,PF,26.0,56.0,18.0,1397.0,17.0,0.575,0.163,0.42100000000000004,10.5,15.9,12.7,7.4,1.6,3.9,13.2,19.5,,2.6,1.4,4.0,0.138,,-0.1,0.2,0.1,0.8,212.0,404.0,0.525,25.0,66.0,0.379,187.0,338.0,0.5529999999999999,0.556,102.0,170.0,0.6,120.0,184.0,304.0,37.0,42.0,69.0,61.0,140.0,551.0
TOT,13805,1998.0,Carlos Rogers,PF,26.0,21.0,0.0,376.0,12.7,0.5329999999999999,0.022000000000000002,0.35200000000000004,10.1,9.9,10.0,7.7,1.4,1.5,11.8,13.9,,0.5,0.0,0.5,0.064,,-1.1,-2.0,-3.1,-0.1,47.0,91.0,0.516,0.0,2.0,0.0,47.0,89.0,0.528,0.516,18.0,32.0,0.563,35.0,32.0,67.0,18.0,10.0,8.0,14.0,35.0,112.0
