Tm,Unnamed: 0,Year,Player,Pos,Age,G,GS,MP,PER,TS%,3PAr,FTr,ORB%,DRB%,TRB%,AST%,STL%,BLK%,TOV%,USG%,blanl,OWS,DWS,WS,WS/48,blank2,OBPM,DBPM,BPM,VORP,FG,FGA,FG%,3P,3PA,3P%,2P,2PA,2P%,eFG%,FT,FTA,FT%,ORB,DRB,TRB,AST,STL,BLK,TOV,PF,PTS
CHI,22329,2014.0,Carlos Boozer,PF,32.0,79.0,79.0,2546.0,19.7,0.5489999999999999,0.002,0.289,8.3,27.2,17.6,14.3,1.7,0.9,13.5,26.9,,3.3,4.3,7.6,0.187,,0.3,1.7,2.0,2.0,544.0,1140.0,0.532,0.0,2.0,0.0,544.0,1138.0,0.5329999999999999,0.532,193.0,264.0,0.767,175.0,596.0,771.0,179.0,66.0,28.0,176.0,239.0,1281.0
CLE,16545,2004.0,Carlos Boozer,PF,22.0,81.0,75.0,2592.0,20.8,0.5770000000000001,0.006999999999999999,0.317,10.8,26.8,18.3,10.3,1.5,1.7,12.8,20.0,,6.1,3.4,9.4,0.174,,1.6,0.7,2.3,2.8,471.0,900.0,0.536,1.0,6.0,0.16699999999999998,470.0,894.0,0.536,0.536,219.0,285.0,0.7709999999999999,230.0,627.0,857.0,148.0,74.0,55.0,134.0,224.0,1162.0
LAL,22932,2015.0,Carlos Boozer,PF,33.0,71.0,26.0,1692.0,16.4,0.517,0.0,0.20199999999999999,7.0,25.2,15.7,10.3,1.2,0.6,10.2,23.7,,1.2,1.0,2.2,0.062,,-1.8,-1.5,-3.3,-0.6,371.0,743.0,0.499,0.0,0.0,,371.0,743.0,0.499,0.499,94.0,150.0,0.627,111.0,371.0,482.0,95.0,41.0,12.0,92.0,184.0,836.0
UTA,19983,2010.0,Carlos Boozer,PF,28.0,81.0,81.0,2827.0,24.1,0.599,0.001,0.387,11.2,29.9,20.6,18.0,1.8,1.2,14.5,26.6,,6.5,4.6,10.2,0.185,,3.4,2.0,4.6,4.3,709.0,1297.0,0.562,0.0,1.0,0.0,709.0,1296.0,0.562,0.562,290.0,393.0,0.742,235.0,693.0,874.0,247.0,100.0,41.0,212.0,293.0,1708.0
