Tm,Unnamed: 0,Year,Player,Pos,Age,G,GS,MP,PER,TS%,3PAr,FTr,ORB%,DRB%,TRB%,AST%,STL%,BLK%,TOV%,USG%,blanl,OWS,DWS,WS,WS/48,blank2,OBPM,DBPM,BPM,VORP,FG,FGA,FG%,3P,3PA,3P%,2P,2PA,2P%,eFG%,FT,FTA,FT%,ORB,DRB,TRB,AST,STL,BLK,TOV,PF,PTS
SAC,10851,1992.0,Carl Thomas,SG,22.0,1.0,0.0,31.0,6.4,0.466,0.16699999999999998,0.16699999999999998,0.0,0.0,0.0,4.7,1.6,0.0,7.2,18.7,,0.0,0.0,0.0,-0.027000000000000003,,-5.2,-5.4,-10.6,-0.1,5.0,12.0,0.41700000000000004,1.0,2.0,0.5,4.0,10.0,0.4,0.45799999999999996,1.0,2.0,0.5,0.0,0.0,0.0,1.0,1.0,0.0,1.0,3.0,12.0
CLE,13884,1998.0,Carl Thomas,SG,28.0,29.0,0.0,272.0,10.0,0.508,0.5429999999999999,0.18600000000000003,5.0,17.2,11.0,18.4,3.1,1.4,19.7,19.8,,0.0,0.5,0.5,0.092,,-2.3,1.5,-0.8,0.1,27.0,70.0,0.386,15.0,38.0,0.395,12.0,32.0,0.583,0.493,8.0,13.0,1.0,6.0,31.0,37.0,9.0,16.0,5.0,12.0,27.0,77.0
GSW,13882,1998.0,Carl Thomas,SG,28.0,10.0,0.0,139.0,11.0,0.447,0.32299999999999995,0.154,3.0,4.7,3.8,12.0,1.9,0.5,8.0,23.7,,0.0,0.1,0.1,0.019,,-1.7,-3.2,-4.8,-0.1,25.0,65.0,0.385,5.0,21.0,0.23800000000000002,20.0,44.0,0.455,0.423,7.0,10.0,0.7,4.0,6.0,10.0,9.0,5.0,1.0,6.0,12.0,62.0
ORL,13883,1998.0,Carl Thomas,SG,28.0,4.0,0.0,15.0,27.8,0.765,0.0,0.4,0.0,0.0,0.0,15.4,0.0,4.8,0.0,18.0,,0.1,0.0,0.1,0.271,,3.7,-5.3,-1.6,0.0,4.0,5.0,0.8,0.0,0.0,,4.0,5.0,0.8,0.8,1.0,2.0,0.5,0.0,0.0,0.0,1.0,0.0,1.0,0.0,0.0,9.0
TOT,13881,1998.0,Carl Thomas,SG,28.0,43.0,0.0,426.0,10.9,0.49,0.42100000000000004,0.179,2.7,10.4,6.6,7.9,2.6,1.2,10.7,17.9,,0.1,0.6,0.7,0.07400000000000001,,-1.9,-0.2,-2.1,0.0,56.0,140.0,0.4,20.0,59.0,0.33899999999999997,36.0,81.0,0.444,0.47100000000000003,16.0,25.0,0.64,10.0,37.0,47.0,19.0,21.0,7.0,18.0,39.0,148.0
