Tm,Unnamed: 0,Year,Player,Pos,Age,G,GS,MP,PER,TS%,3PAr,FTr,ORB%,DRB%,TRB%,AST%,STL%,BLK%,TOV%,USG%,blanl,OWS,DWS,WS,WS/48,blank2,OBPM,DBPM,BPM,VORP,FG,FGA,FG%,3P,3PA,3P%,2P,2PA,2P%,eFG%,FT,FTA,FT%,ORB,DRB,TRB,AST,STL,BLK,TOV,PF,PTS
DEN,20522,2011.0,Carmelo Anthony,SF,26.0,82.0,82.0,2995.0,22.2,0.568,0.146,0.466,7.0,19.3,12.4,19.2,1.7,1.3,13.1,33.4,,6.8,3.0,9.4,0.153,,3.1,-0.5,2.0,2.6,756.0,1572.0,0.49200000000000005,69.0,214.0,0.371,719.0,1420.0,0.509,0.511,573.0,709.0,0.83,183.0,393.0,571.0,259.0,98.0,42.0,253.0,253.0,2122.0
NYK,24116,2017.0,Carmelo Anthony,SF,32.0,77.0,77.0,2982.0,24.8,0.575,0.303,0.358,6.1,19.5,12.3,21.9,1.7,1.5,10.8,35.6,,8.1,2.6,10.7,0.184,,4.7,0.0,3.6,4.2,743.0,1643.0,0.461,167.0,421.0,0.424,576.0,1228.0,0.47600000000000003,0.51,459.0,541.0,0.872,145.0,477.0,622.0,299.0,95.0,51.0,198.0,224.0,2112.0
TOT,20521,2011.0,Carmelo Anthony,SF,26.0,77.0,77.0,2751.0,21.7,0.557,0.16699999999999998,0.40299999999999997,5.0,18.3,11.8,14.7,1.2,1.3,10.4,32.0,,5.4,2.5,7.9,0.138,,1.8,-1.3,0.5,1.8,684.0,1503.0,0.455,95.0,251.0,0.37799999999999995,589.0,1252.0,0.47,0.48700000000000004,507.0,605.0,0.838,118.0,445.0,563.0,221.0,68.0,46.0,206.0,224.0,1970.0
