Tm,Unnamed: 0,Year,Player,Pos,Age,G,GS,MP,PER,TS%,3PAr,FTr,ORB%,DRB%,TRB%,AST%,STL%,BLK%,TOV%,USG%,blanl,OWS,DWS,WS,WS/48,blank2,OBPM,DBPM,BPM,VORP,FG,FGA,FG%,3P,3PA,3P%,2P,2PA,2P%,eFG%,FT,FTA,FT%,ORB,DRB,TRB,AST,STL,BLK,TOV,PF,PTS
CHI,19821,2009.0,Cedric Simmons,PF,23.0,11.0,0.0,61.0,18.0,0.515,0.0,0.667,7.6,14.9,11.3,5.4,0.8,4.8,18.4,25.3,,0.1,0.1,0.2,0.139,,-1.7,-1.0,-2.7,0.0,11.0,21.0,0.524,0.0,0.0,,11.0,21.0,0.524,0.524,6.0,14.0,0.429,4.0,8.0,12.0,2.0,1.0,4.0,2.0,6.0,28.0
CLE,19217,2008.0,Cedric Simmons,PF,22.0,7.0,0.0,68.0,2.4,0.21,0.0,1.3330000000000002,8.1,17.3,12.6,0.0,1.6,5.8,29.6,9.0,,-0.2,0.1,-0.1,-0.07,,-10.9,1.6,-9.3,-0.1,2.0,6.0,0.33299999999999996,0.0,0.0,,2.0,6.0,0.33299999999999996,0.33299999999999996,0.0,8.0,0.0,5.0,10.0,15.0,0.0,2.0,5.0,4.0,7.0,4.0
NOK,18648,2007.0,Cedric Simmons,PF,21.0,43.0,4.0,534.0,8.0,0.43,0.0,0.25,9.3,13.9,11.6,3.5,0.8,3.4,13.1,14.4,,-0.3,0.5,0.3,0.025,,-4.8,0.6,-4.2,-0.3,55.0,132.0,0.41700000000000004,0.0,0.0,,55.0,132.0,0.41700000000000004,0.41700000000000004,16.0,33.0,0.485,44.0,63.0,107.0,12.0,8.0,23.0,22.0,75.0,126.0
SAC,19822,2009.0,Cedric Simmons,PF,23.0,7.0,0.0,23.0,-8.3,0.102,0.0,0.5,5.0,15.3,10.2,0.0,0.0,0.0,29.1,13.4,,-0.1,0.0,-0.1,-0.28800000000000003,,-15.4,-5.1,-20.5,-0.1,0.0,4.0,0.0,0.0,0.0,,0.0,4.0,0.0,0.0,1.0,2.0,0.5,1.0,3.0,4.0,0.0,0.0,0.0,2.0,2.0,1.0
TOT,19820,2009.0,Cedric Simmons,PF,23.0,18.0,0.0,87.0,10.8,0.45299999999999996,0.0,0.7140000000000001,7.6,16.2,11.8,3.9,1.2,4.5,24.6,18.1,,0.0,0.1,0.0,0.022000000000000002,,-5.5,-0.3,-7.6,-0.1,11.0,25.0,0.44,0.0,0.0,,11.0,25.0,0.44,0.44,7.0,16.0,0.43799999999999994,6.0,12.0,18.0,2.0,2.0,5.0,6.0,8.0,29.0
