Tm,Unnamed: 0,Year,Player,Pos,Age,G,GS,MP,PER,TS%,3PAr,FTr,ORB%,DRB%,TRB%,AST%,STL%,BLK%,TOV%,USG%,blanl,OWS,DWS,WS,WS/48,blank2,OBPM,DBPM,BPM,VORP,FG,FGA,FG%,3P,3PA,3P%,2P,2PA,2P%,eFG%,FT,FTA,FT%,ORB,DRB,TRB,AST,STL,BLK,TOV,PF,PTS
HOU,22694,2014.0,Chandler Parsons,SF,25.0,76.0,76.0,2783.0,15.9,0.584,0.42100000000000004,0.22399999999999998,5.7,13.6,9.6,17.3,2.1,1.2,12.7,19.3,,5.1,2.5,7.6,0.131,,2.4,1.2,2.7,3.3,466.0,987.0,0.486,152.0,395.0,0.385,336.0,636.0,0.5589999999999999,0.5670000000000001,164.0,221.0,0.742,90.0,340.0,409.0,298.0,88.0,32.0,147.0,168.0,1226.0
DAL,23935,2016.0,Chandler Parsons,SF,27.0,66.0,66.0,2186.0,16.3,0.589,0.419,0.233,3.2,15.6,8.7,16.0,1.6,1.0,11.8,20.6,,3.8,1.7,5.5,0.121,,2.7,0.3,2.5,2.5,383.0,829.0,0.49200000000000005,132.0,347.0,0.414,251.0,482.0,0.54,0.5710000000000001,139.0,193.0,0.72,64.0,259.0,323.0,169.0,69.0,21.0,96.0,140.0,1037.0
MEM,24519,2017.0,Chandler Parsons,SF,28.0,34.0,34.0,675.0,7.6,0.436,0.419,0.19399999999999998,1.0,13.6,7.1,12.8,1.5,0.7,9.1,17.8,,-0.5,0.7,0.2,0.016,,-3.6,-0.5,-4.0,-0.3,75.0,222.0,0.33799999999999997,25.0,93.0,0.26899999999999996,50.0,129.0,0.38799999999999996,0.39399999999999996,35.0,43.0,0.8140000000000001,6.0,78.0,84.0,55.0,20.0,5.0,24.0,52.0,210.0
