Tm,Unnamed: 0,Year,Player,Pos,Age,G,GS,MP,PER,TS%,3PAr,FTr,ORB%,DRB%,TRB%,AST%,STL%,BLK%,TOV%,USG%,blanl,OWS,DWS,WS,WS/48,blank2,OBPM,DBPM,BPM,VORP,FG,FGA,FG%,3P,3PA,3P%,2P,2PA,2P%,eFG%,FT,FTA,FT%,ORB,DRB,TRB,AST,STL,BLK,TOV,PF,PTS
GSW,5174,1978.0,Charles Johnson,SG,28.0,81.0,,2171.0,14.2,0.485,,0.11800000000000001,6.0,11.1,7.9,17.8,2.9,0.4,8.8,20.9,,1.6,2.1,3.7,0.11599999999999999,,-0.8,-0.1,-0.9,0.4,394.0,957.0,0.467,,,,394.0,957.0,0.467,0.467,75.0,102.0,0.759,134.0,177.0,311.0,233.0,138.0,8.0,23.0,204.0,863.0
TOT,5173,1978.0,Charles Johnson,SG,28.0,71.0,,1299.0,10.9,0.43,,0.105,3.3,8.7,6.0,13.9,2.1,0.2,10.7,20.0,,-0.1,1.3,1.1,0.042,,-2.1,-0.7,-2.8,-0.3,237.0,581.0,0.408,,,,237.0,581.0,0.408,0.408,49.0,61.0,0.8029999999999999,43.0,112.0,155.0,130.0,62.0,5.0,73.0,129.0,523.0
WSB,5537,1979.0,Charles Johnson,SG,29.0,82.0,,1819.0,12.0,0.45799999999999996,,0.147,4.0,9.0,5.7,14.0,2.4,0.2,11.9,19.5,,0.9,1.9,2.8,0.07400000000000001,,-0.8,0.0,-0.8,0.5,342.0,786.0,0.435,,,,342.0,786.0,0.435,0.435,67.0,79.0,0.848,70.0,132.0,202.0,177.0,95.0,6.0,87.0,161.0,751.0
