Tm,Unnamed: 0,Year,Player,Pos,Age,G,GS,MP,PER,TS%,3PAr,FTr,ORB%,DRB%,TRB%,AST%,STL%,BLK%,TOV%,USG%,blanl,OWS,DWS,WS,WS/48,blank2,OBPM,DBPM,BPM,VORP,FG,FGA,FG%,3P,3PA,3P%,2P,2PA,2P%,eFG%,FT,FTA,FT%,ORB,DRB,TRB,AST,STL,BLK,TOV,PF,PTS
DAL,15544,2002.0,Charlie Bell,SG,22.0,2.0,0.0,2.0,7.6,,,,0.0,54.7,27.8,0.0,0.0,0.0,,0.0,,0.0,0.0,0.0,0.085,,-10.9,-2.5,-13.4,0.0,0.0,0.0,,0.0,0.0,,0.0,0.0,,,0.0,0.0,,0.0,1.0,1.0,0.0,0.0,0.0,0.0,0.0,0.0
PHO,15543,2002.0,Charlie Bell,SG,22.0,5.0,0.0,42.0,-2.2,0.337,0.545,0.182,5.3,5.5,5.4,6.7,0.0,0.0,29.6,18.0,,-0.2,0.0,-0.2,-0.185,,-8.4,-3.2,-11.6,-0.1,3.0,11.0,0.273,0.0,6.0,0.0,3.0,5.0,0.6,0.273,2.0,2.0,1.0,2.0,2.0,4.0,2.0,0.0,0.0,5.0,3.0,8.0
TOT,15542,2002.0,Charlie Bell,SG,22.0,7.0,0.0,44.0,-1.8,0.337,0.545,0.182,5.1,7.7,6.4,6.4,0.0,0.0,29.6,17.2,,-0.2,0.0,-0.2,-0.172,,-8.6,-3.1,-11.7,-0.1,3.0,11.0,0.273,0.0,6.0,0.0,3.0,5.0,0.6,0.273,2.0,2.0,1.0,2.0,3.0,5.0,2.0,0.0,0.0,5.0,3.0,8.0
MIL,19966,2010.0,Charlie Bell,SG,30.0,82.0,64.0,2848.0,14.7,0.55,0.45799999999999996,0.217,2.3,10.3,6.0,19.9,2.4,0.6,12.7,18.3,,3.6,1.9,4.0,0.12300000000000001,,1.6,0.2,0.9,1.0,426.0,974.0,0.439,127.0,361.0,0.423,299.0,613.0,0.488,0.526,131.0,168.0,0.825,57.0,181.0,238.0,247.0,97.0,12.0,104.0,213.0,1110.0
GSW,20563,2011.0,Charlie Bell,SG,31.0,19.0,0.0,171.0,4.7,0.35700000000000004,0.488,0.09300000000000001,3.9,8.1,6.0,10.1,1.8,0.4,11.8,13.1,,-0.2,0.0,-0.1,-0.04,,-4.5,-1.9,-6.4,-0.2,12.0,43.0,0.27899999999999997,6.0,21.0,0.28600000000000003,6.0,22.0,0.273,0.349,2.0,4.0,0.5,6.0,12.0,18.0,13.0,6.0,1.0,6.0,13.0,32.0
