Tm,Unnamed: 0,Year,Player,Pos,Age,G,GS,MP,PER,TS%,3PAr,FTr,ORB%,DRB%,TRB%,AST%,STL%,BLK%,TOV%,USG%,blanl,OWS,DWS,WS,WS/48,blank2,OBPM,DBPM,BPM,VORP,FG,FGA,FG%,3P,3PA,3P%,2P,2PA,2P%,eFG%,FT,FTA,FT%,ORB,DRB,TRB,AST,STL,BLK,TOV,PF,PTS
SDC,6516,1982.0,Charlie Criss,PG,33.0,28.0,20.0,840.0,13.1,0.552,0.073,0.299,1.0,5.4,3.1,18.1,1.2,0.3,13.8,18.3,,1.2,-0.2,1.1,0.061,,-0.1,-3.3,-3.4,-0.3,138.0,288.0,0.479,8.0,21.0,0.381,130.0,267.0,0.48700000000000004,0.493,76.0,86.0,0.884,7.0,37.0,44.0,112.0,21.0,4.0,52.0,56.0,360.0
MIL,7266,1984.0,Charlie Criss,PG,35.0,66.0,0.0,922.0,14.5,0.504,0.2,0.36700000000000005,2.2,7.4,4.8,20.9,2.3,0.0,10.3,20.3,,1.3,0.9,2.2,0.113,,-0.5,-0.8,-2.7,0.0,169.0,375.0,0.451,6.0,31.0,0.19399999999999998,163.0,344.0,0.474,0.45899999999999996,68.0,76.0,0.895,14.0,65.0,79.0,127.0,27.0,0.0,44.0,44.0,412.0
TOT,7265,1984.0,Charlie Criss,PG,35.0,55.0,20.0,1392.0,13.3,0.524,0.115,0.319,2.7,7.9,5.3,23.8,1.9,0.3,14.5,19.5,,1.6,0.4,2.1,0.07200000000000001,,-0.5,-1.1,-3.0,-0.1,222.0,498.0,0.446,10.0,29.0,0.345,212.0,469.0,0.452,0.456,141.0,159.0,0.887,13.0,69.0,82.0,187.0,44.0,6.0,82.0,96.0,595.0
ATL,7617,1985.0,Charlie Criss,PG,36.0,81.0,2.0,1935.0,14.8,0.54,0.11800000000000001,0.441,3.1,11.3,6.7,26.6,2.6,0.2,35.9,21.4,,1.9,1.8,3.7,0.092,,-0.3,-0.1,-1.8,0.1,319.0,751.0,0.45399999999999996,2.0,21.0,0.25,319.0,751.0,0.47200000000000003,0.455,236.0,296.0,1.0,27.0,97.0,121.0,294.0,108.0,5.0,150.0,143.0,874.0
