Tm,Unnamed: 0,Year,Player,Pos,Age,G,GS,MP,PER,TS%,3PAr,FTr,ORB%,DRB%,TRB%,AST%,STL%,BLK%,TOV%,USG%,blanl,OWS,DWS,WS,WS/48,blank2,OBPM,DBPM,BPM,VORP,FG,FGA,FG%,3P,3PA,3P%,2P,2PA,2P%,eFG%,FT,FTA,FT%,ORB,DRB,TRB,AST,STL,BLK,TOV,PF,PTS
MIL,2806,1969.0,Charlie Paulk,PF,22.0,17.0,,217.0,3.9,0.271,,0.27399999999999997,,,,1.7,,,,,,-1.0,0.2,-0.8,-0.174,,,,,,19.0,84.0,0.226,,,,19.0,84.0,0.226,0.226,13.0,23.0,0.565,,,78.0,3.0,,,,26.0,51.0
CIN,3238,1971.0,Charlie Paulk,PF,24.0,68.0,,1213.0,11.5,0.451,,0.20600000000000002,,,11.9,3.0,,,,,,-0.4,0.8,0.3,0.013000000000000001,,,,,,274.0,637.0,0.43,,,,274.0,637.0,0.43,0.43,79.0,131.0,0.603,,,320.0,27.0,,,,186.0,627.0
CHI,3481,1972.0,Charlie Paulk,PF,25.0,7.0,,60.0,8.2,0.36,,0.321,,,11.9,8.8,,,,,,-0.2,0.1,-0.1,-0.059000000000000004,,,,,,8.0,28.0,0.28600000000000003,,,,8.0,28.0,0.28600000000000003,0.28600000000000003,7.0,9.0,0.778,,,15.0,4.0,,,,7.0,23.0
NYK,3482,1972.0,Charlie Paulk,PF,25.0,28.0,,151.0,5.2,0.306,,0.2,,,15.9,5.9,,,,,,-0.6,0.2,-0.4,-0.11900000000000001,,,,,,16.0,60.0,0.267,,,,16.0,60.0,0.267,0.267,8.0,12.0,0.667,,,49.0,7.0,,,,24.0,40.0
TOT,3480,1972.0,Charlie Paulk,PF,25.0,35.0,,211.0,6.0,0.324,,0.239,,,14.8,6.7,,,,,,-0.8,0.4,-0.4,-0.102,,,,,,24.0,88.0,0.273,,,,24.0,88.0,0.273,0.273,15.0,21.0,0.7140000000000001,,,64.0,11.0,,,,31.0,63.0
