Tm,Unnamed: 0,Year,Player,Pos,Age,G,GS,MP,PER,TS%,3PAr,FTr,ORB%,DRB%,TRB%,AST%,STL%,BLK%,TOV%,USG%,blanl,OWS,DWS,WS,WS/48,blank2,OBPM,DBPM,BPM,VORP,FG,FGA,FG%,3P,3PA,3P%,2P,2PA,2P%,eFG%,FT,FTA,FT%,ORB,DRB,TRB,AST,STL,BLK,TOV,PF,PTS
DAL,24053,2016.0,Charlie Villanueva,PF,31.0,64.0,4.0,678.0,17.4,0.534,0.61,0.09699999999999999,4.8,21.1,12.5,6.2,1.4,2.6,8.4,26.7,,0.6,0.8,1.4,0.096,,1.2,-1.8,-1.8,0.0,150.0,362.0,0.414,83.0,221.0,0.376,78.0,155.0,0.503,0.529,22.0,35.0,0.917,30.0,128.0,152.0,24.0,18.0,22.0,31.0,71.0,403.0
DET,22826,2014.0,Charlie Villanueva,PF,29.0,78.0,16.0,1848.0,16.2,0.5529999999999999,0.609,0.16399999999999998,5.8,26.8,15.9,8.4,2.1,2.8,8.0,26.0,,2.1,1.4,3.5,0.096,,0.9,-1.2,-1.5,0.1,363.0,827.0,0.442,125.0,323.0,0.387,264.0,545.0,0.583,0.53,106.0,130.0,0.857,85.0,280.0,365.0,54.0,48.0,55.0,74.0,223.0,931.0
MIL,19874,2009.0,Charlie Villanueva,PF,24.0,78.0,47.0,2095.0,18.6,0.547,0.237,0.23199999999999998,8.9,21.6,15.0,12.4,1.3,2.2,11.3,28.5,,2.2,2.7,4.9,0.11199999999999999,,1.0,-0.3,0.7,1.4,487.0,1089.0,0.47,89.0,258.0,0.345,398.0,831.0,0.508,0.508,201.0,240.0,0.838,154.0,366.0,520.0,137.0,50.0,56.0,138.0,254.0,1264.0
TOR,18172,2006.0,Charlie Villanueva,PF,21.0,81.0,36.0,2361.0,16.4,0.521,0.228,0.17,9.0,18.4,13.5,6.5,1.3,2.1,8.9,21.7,,2.9,1.0,3.9,0.079,,0.3,-1.3,-1.0,0.6,435.0,940.0,0.46299999999999997,70.0,214.0,0.327,365.0,726.0,0.503,0.5,113.0,160.0,0.706,181.0,340.0,521.0,88.0,60.0,63.0,99.0,247.0,1053.0
