Tm,Unnamed: 0,Year,Player,Pos,Age,G,GS,MP,PER,TS%,3PAr,FTr,ORB%,DRB%,TRB%,AST%,STL%,BLK%,TOV%,USG%,blanl,OWS,DWS,WS,WS/48,blank2,OBPM,DBPM,BPM,VORP,FG,FGA,FG%,3P,3PA,3P%,2P,2PA,2P%,eFG%,FT,FTA,FT%,ORB,DRB,TRB,AST,STL,BLK,TOV,PF,PTS
CLE,3633,1973.0,Charlie Davis,SG,23.0,61.0,,1144.0,12.3,0.499,,0.297,,,3.9,18.4,,,,,,0.1,0.7,0.8,0.099,,,,,,229.0,569.0,0.488,,,,229.0,569.0,0.488,0.488,142.0,169.0,0.84,,,92.0,123.0,,,,143.0,600.0
POR,3898,1974.0,Charlie Davis,SG,24.0,69.0,,1333.0,11.8,0.46299999999999997,,0.273,2.2,10.4,6.2,18.1,1.0,0.0,,,,0.2,0.3,0.6,0.02,,-6.0,-3.8,-9.9,-0.2,243.0,590.0,0.41200000000000003,,,,243.0,590.0,0.41200000000000003,0.41200000000000003,126.0,161.0,0.7829999999999999,2.0,9.0,111.0,175.0,2.0,0.0,,174.0,612.0
TOT,3632,1973.0,Charlie Davis,SG,23.0,75.0,,1419.0,11.8,0.465,,0.266,,,4.0,18.1,,,,,,0.3,0.4,0.7,0.025,,,,,,263.0,631.0,0.41700000000000004,,,,263.0,631.0,0.41700000000000004,0.41700000000000004,130.0,168.0,0.774,,,116.0,185.0,,,,194.0,656.0
