Tm,Unnamed: 0,Year,Player,Pos,Age,G,GS,MP,PER,TS%,3PAr,FTr,ORB%,DRB%,TRB%,AST%,STL%,BLK%,TOV%,USG%,blanl,OWS,DWS,WS,WS/48,blank2,OBPM,DBPM,BPM,VORP,FG,FGA,FG%,3P,3PA,3P%,2P,2PA,2P%,eFG%,FT,FTA,FT%,ORB,DRB,TRB,AST,STL,BLK,TOV,PF,PTS
NYK,17029,2004.0,Charlie Ward,PG,33.0,82.0,82.0,2317.0,17.5,0.5670000000000001,0.645,0.526,4.5,12.9,8.0,35.1,3.7,1.2,27.3,32.7,,2.6,4.5,7.1,0.14800000000000002,,2.9,2.5,3.3,3.1,235.0,516.0,0.455,102.0,267.0,0.428,154.0,301.0,0.512,0.556,95.0,125.0,0.828,45.0,242.0,274.0,466.0,144.0,37.0,175.0,195.0,642.0
SAS,17030,2004.0,Charlie Ward,PG,33.0,36.0,0.0,425.0,8.7,0.449,0.523,0.046,0.5,12.0,6.3,17.3,2.2,0.5,16.9,17.4,,-0.3,0.8,0.6,0.064,,-2.9,0.7,-2.2,0.0,45.0,130.0,0.34600000000000003,25.0,68.0,0.368,20.0,62.0,0.32299999999999995,0.442,4.0,6.0,0.667,2.0,46.0,48.0,45.0,17.0,3.0,27.0,33.0,119.0
TOT,17028,2004.0,Charlie Ward,PG,33.0,71.0,10.0,1252.0,14.5,0.528,0.528,0.069,1.1,11.9,6.6,29.0,2.7,0.7,19.3,18.4,,1.1,1.8,2.9,0.11,,1.0,0.0,1.0,0.9,160.0,390.0,0.41,84.0,206.0,0.408,76.0,184.0,0.413,0.518,20.0,27.0,0.741,12.0,132.0,144.0,215.0,64.0,11.0,96.0,107.0,424.0
HOU,17618,2005.0,Charlie Ward,PG,34.0,14.0,13.0,360.0,8.7,0.45299999999999996,0.662,0.16899999999999998,2.0,10.4,6.3,18.4,2.3,0.0,17.9,13.2,,-0.1,0.5,0.5,0.061,,-1.7,1.1,-0.6,0.1,24.0,77.0,0.312,16.0,51.0,0.314,8.0,26.0,0.308,0.41600000000000004,11.0,13.0,0.846,6.0,33.0,39.0,43.0,15.0,0.0,18.0,22.0,75.0
