Tm,Unnamed: 0,Year,Player,Pos,Age,G,GS,MP,PER,TS%,3PAr,FTr,ORB%,DRB%,TRB%,AST%,STL%,BLK%,TOV%,USG%,blanl,OWS,DWS,WS,WS/48,blank2,OBPM,DBPM,BPM,VORP,FG,FGA,FG%,3P,3PA,3P%,2P,2PA,2P%,eFG%,FT,FTA,FT%,ORB,DRB,TRB,AST,STL,BLK,TOV,PF,PTS
DET,19209,2008.0,Cheikh Samb,C,23.0,4.0,0.0,31.0,12.0,0.7170000000000001,0.0,0.5,11.5,15.5,13.5,0.0,1.8,5.1,17.0,8.9,,0.1,0.1,0.1,0.17800000000000002,,-2.1,0.9,-1.2,0.0,3.0,4.0,0.75,0.0,0.0,,3.0,4.0,0.75,0.75,1.0,2.0,0.5,3.0,4.0,7.0,0.0,1.0,2.0,1.0,8.0,7.0
DEN,19806,2009.0,Cheikh Samb,C,24.0,6.0,0.0,24.0,2.9,0.154,0.077,0.0,10.0,32.9,21.8,6.0,4.2,16.1,13.3,27.8,,-0.2,0.1,-0.1,-0.24600000000000002,,-17.6,8.7,-8.9,0.0,2.0,13.0,0.154,0.0,1.0,0.0,2.0,12.0,0.16699999999999998,0.154,0.0,0.0,,2.0,7.0,9.0,1.0,2.0,5.0,2.0,4.0,4.0
LAC,19807,2009.0,Cheikh Samb,C,24.0,10.0,0.0,51.0,9.2,0.302,0.125,0.313,15.4,14.0,14.7,0.0,1.0,7.3,5.2,17.2,,-0.1,0.0,0.0,-0.046,,-8.8,-2.4,-11.2,-0.1,4.0,16.0,0.25,0.0,2.0,0.0,4.0,14.0,0.28600000000000003,0.25,3.0,5.0,0.6,7.0,6.0,13.0,0.0,1.0,5.0,1.0,3.0,11.0
NYK,19808,2009.0,Cheikh Samb,C,24.0,2.0,0.0,8.0,-12.6,0.0,0.0,0.667,13.2,14.2,13.7,0.0,0.0,0.0,0.0,21.1,,-0.1,0.0,-0.1,-0.45799999999999996,,-19.5,-7.7,-27.2,-0.1,0.0,3.0,0.0,0.0,0.0,,0.0,3.0,0.0,0.0,0.0,2.0,0.0,1.0,1.0,2.0,0.0,0.0,0.0,0.0,0.0,0.0
TOT,19805,2009.0,Cheikh Samb,C,24.0,18.0,0.0,83.0,5.3,0.214,0.094,0.21899999999999997,13.6,19.5,16.7,1.7,1.9,9.1,7.9,20.6,,-0.4,0.1,-0.2,-0.14400000000000002,,-12.4,0.3,-12.1,-0.2,6.0,32.0,0.188,0.0,3.0,0.0,6.0,29.0,0.207,0.188,3.0,7.0,0.429,10.0,14.0,24.0,1.0,3.0,10.0,3.0,7.0,15.0
