Tm,Unnamed: 0,Year,Player,Pos,Age,G,GS,MP,PER,TS%,3PAr,FTr,ORB%,DRB%,TRB%,AST%,STL%,BLK%,TOV%,USG%,blanl,OWS,DWS,WS,WS/48,blank2,OBPM,DBPM,BPM,VORP,FG,FGA,FG%,3P,3PA,3P%,2P,2PA,2P%,eFG%,FT,FTA,FT%,ORB,DRB,TRB,AST,STL,BLK,TOV,PF,PTS
CHI,4337,1975.0,Chet Walker*,SF,34.0,82.0,,2927.0,21.8,0.583,,0.46399999999999997,5.0,13.6,9.5,12.2,1.2,0.1,,,,10.0,4.5,14.5,0.268,,3.4,-0.6,2.5,3.0,650.0,1398.0,0.505,,,,650.0,1398.0,0.505,0.505,483.0,568.0,0.875,131.0,318.0,604.0,200.0,68.0,6.0,,203.0,1780.0
PHI,2844,1969.0,Chet Walker*,SF,28.0,82.0,,2775.0,17.9,0.557,,0.505,,,,9.9,,,,,,7.4,3.7,10.1,0.18100000000000002,,,,,,561.0,1172.0,0.488,,,,561.0,1172.0,0.488,0.488,445.0,581.0,0.804,,,784.0,201.0,,,,252.0,1567.0
SYR,1935,1963.0,Chet Walker*,SF,22.0,78.0,,1992.0,14.8,0.526,,0.48200000000000004,,,,,,,,,,3.3,2.0,5.3,0.129,,,,,,352.0,751.0,0.469,,,,352.0,751.0,0.469,0.469,253.0,362.0,0.6990000000000001,,,561.0,83.0,,,,220.0,957.0
