Tm,Unnamed: 0,Year,Player,Pos,Age,G,GS,MP,PER,TS%,3PAr,FTr,ORB%,DRB%,TRB%,AST%,STL%,BLK%,TOV%,USG%,blanl,OWS,DWS,WS,WS/48,blank2,OBPM,DBPM,BPM,VORP,FG,FGA,FG%,3P,3PA,3P%,2P,2PA,2P%,eFG%,FT,FTA,FT%,ORB,DRB,TRB,AST,STL,BLK,TOV,PF,PTS
GSW,15309,2001.0,Chris Mullin*,SG,37.0,82.0,82.0,3346.0,22.7,0.645,0.491,0.447,5.2,12.9,8.7,22.8,2.6,1.9,19.1,26.6,,9.7,3.1,12.2,0.17600000000000002,,5.7,0.7,4.8,5.4,830.0,1630.0,0.5529999999999999,87.0,234.0,0.452,807.0,1530.0,0.602,0.605,513.0,580.0,0.8959999999999999,152.0,333.0,483.0,415.0,176.0,63.0,296.0,217.0,2176.0
IND,14793,2000.0,Chris Mullin*,SG,36.0,82.0,82.0,2177.0,18.1,0.616,0.588,0.248,2.8,13.3,8.1,14.6,2.5,1.3,13.3,19.3,,4.4,3.2,7.6,0.168,,4.3,1.5,4.4,3.5,333.0,692.0,0.48100000000000004,107.0,243.0,0.465,226.0,449.0,0.503,0.575,154.0,164.0,0.9390000000000001,38.0,211.0,249.0,186.0,95.0,39.0,117.0,186.0,927.0
