Tm,Unnamed: 0,Year,Player,Pos,Age,G,GS,MP,PER,TS%,3PAr,FTr,ORB%,DRB%,TRB%,AST%,STL%,BLK%,TOV%,USG%,blanl,OWS,DWS,WS,WS/48,blank2,OBPM,DBPM,BPM,VORP,FG,FGA,FG%,3P,3PA,3P%,2P,2PA,2P%,eFG%,FT,FTA,FT%,ORB,DRB,TRB,AST,STL,BLK,TOV,PF,PTS
BOS,16832,2004.0,Chris Mihm,C,24.0,54.0,16.0,939.0,13.8,0.539,0.0,0.465,13.6,19.6,16.6,2.0,1.5,3.4,17.5,18.0,,0.8,1.2,1.9,0.099,,-3.4,-0.8,-4.2,-0.5,127.0,254.0,0.5,0.0,0.0,,127.0,254.0,0.5,0.5,76.0,118.0,0.644,109.0,164.0,273.0,11.0,28.0,41.0,65.0,150.0,330.0
CLE,16831,2004.0,Chris Mihm,PF,24.0,74.0,60.0,1659.0,16.6,0.513,0.013000000000000001,0.37799999999999995,13.3,26.3,19.8,6.0,1.2,4.0,15.2,20.5,,0.4,1.1,1.3,0.11699999999999999,,-2.7,-0.4,-3.1,-0.1,221.0,526.0,0.465,3.0,7.0,0.429,218.0,519.0,0.465,0.465,124.0,179.0,0.794,133.0,259.0,392.0,28.0,20.0,89.0,97.0,260.0,569.0
LAL,19694,2009.0,Chris Mihm,C,29.0,75.0,75.0,1870.0,15.7,0.552,0.004,0.467,16.4,20.2,18.3,13.7,0.7,4.4,18.8,22.2,,2.5,1.7,4.0,0.124,,-1.6,1.2,-1.4,0.2,280.0,552.0,0.507,0.0,2.0,0.0,280.0,550.0,0.509,0.507,175.0,258.0,0.857,197.0,305.0,502.0,61.0,16.0,108.0,110.0,237.0,735.0
TOT,16830,2004.0,Chris Mihm,C-PF,24.0,76.0,17.0,1330.0,14.6,0.531,0.0,0.436,13.5,21.6,17.6,2.7,1.4,3.6,16.5,18.5,,1.1,1.8,2.9,0.10400000000000001,,-3.2,-0.7,-3.9,-0.6,186.0,381.0,0.488,0.0,0.0,,186.0,381.0,0.488,0.488,110.0,166.0,0.6629999999999999,156.0,257.0,413.0,21.0,37.0,63.0,90.0,208.0,482.0
