Tm,Unnamed: 0,Year,Player,Pos,Age,G,GS,MP,PER,TS%,3PAr,FTr,ORB%,DRB%,TRB%,AST%,STL%,BLK%,TOV%,USG%,blanl,OWS,DWS,WS,WS/48,blank2,OBPM,DBPM,BPM,VORP,FG,FGA,FG%,3P,3PA,3P%,2P,2PA,2P%,eFG%,FT,FTA,FT%,ORB,DRB,TRB,AST,STL,BLK,TOV,PF,PTS
NJN,20065,2010.0,Chris Douglas-Roberts,SG,23.0,67.0,38.0,1730.0,12.2,0.531,0.094,0.35200000000000004,2.9,10.7,6.6,14.8,1.7,1.0,13.2,19.6,,0.4,0.9,0.7,0.046,,-2.7,-1.1,-4.0,-0.4,255.0,573.0,0.46,14.0,54.0,0.259,241.0,519.0,0.47600000000000003,0.469,133.0,157.0,0.847,45.0,153.0,198.0,93.0,55.0,19.0,97.0,101.0,657.0
MIL,20674,2011.0,Chris Douglas-Roberts,SF,24.0,44.0,12.0,884.0,11.5,0.517,0.168,0.326,0.9,11.0,5.8,9.8,1.8,1.2,10.1,18.4,,0.4,1.3,1.6,0.08800000000000001,,-2.8,0.6,-2.3,-0.1,117.0,273.0,0.429,15.0,46.0,0.326,102.0,227.0,0.449,0.456,74.0,89.0,0.831,7.0,81.0,88.0,50.0,29.0,13.0,35.0,73.0,323.0
DAL,21820,2013.0,Chris Douglas-Roberts,SG,26.0,6.0,0.0,63.0,8.3,0.462,0.28600000000000003,0.7140000000000001,0.0,8.7,4.4,8.9,1.6,0.0,5.2,14.0,,0.0,0.0,0.1,0.040999999999999995,,-3.2,-1.8,-5.0,0.0,5.0,14.0,0.35700000000000004,0.0,4.0,0.0,5.0,10.0,0.5,0.35700000000000004,7.0,10.0,0.7,0.0,5.0,5.0,4.0,2.0,0.0,1.0,4.0,17.0
CHA,22432,2014.0,Chris Douglas-Roberts,SF,27.0,49.0,8.0,1016.0,12.2,0.588,0.524,0.325,1.8,11.5,6.6,7.9,1.5,1.2,11.1,14.7,,1.1,1.2,2.4,0.113,,-0.3,0.4,0.1,0.5,111.0,252.0,0.44,51.0,132.0,0.386,60.0,120.0,0.5,0.542,66.0,82.0,0.805,16.0,103.0,119.0,51.0,29.0,16.0,36.0,61.0,339.0
LAC,23028,2015.0,Chris Douglas-Roberts,SG,28.0,12.0,0.0,103.0,3.3,0.387,0.33299999999999996,0.381,1.1,11.8,6.6,5.0,0.5,0.0,0.0,10.7,,0.0,0.1,0.0,0.02,,-4.4,-1.6,-6.1,-0.1,5.0,21.0,0.23800000000000002,1.0,7.0,0.14300000000000002,4.0,14.0,0.28600000000000003,0.262,8.0,8.0,1.0,1.0,11.0,12.0,4.0,1.0,0.0,0.0,14.0,19.0
