Tm,Unnamed: 0,Year,Player,Pos,Age,G,GS,MP,PER,TS%,3PAr,FTr,ORB%,DRB%,TRB%,AST%,STL%,BLK%,TOV%,USG%,blanl,OWS,DWS,WS,WS/48,blank2,OBPM,DBPM,BPM,VORP,FG,FGA,FG%,3P,3PA,3P%,2P,2PA,2P%,eFG%,FT,FTA,FT%,ORB,DRB,TRB,AST,STL,BLK,TOV,PF,PTS
LAC,18198,2006.0,Chris Wilcox,PF,23.0,65.0,25.0,1340.0,15.3,0.562,0.012,0.43799999999999994,10.5,21.5,15.3,7.8,1.4,2.4,16.4,21.6,,2.3,1.1,2.6,0.11900000000000001,,0.0,0.4,-2.1,0.0,227.0,436.0,0.536,0.0,2.0,0.0,227.0,435.0,0.542,0.536,105.0,150.0,0.7,125.0,180.0,305.0,51.0,29.0,24.0,80.0,183.0,559.0
SEA,19301,2008.0,Chris Wilcox,PF,25.0,82.0,81.0,2586.0,20.4,0.631,0.006999999999999999,0.429,9.8,23.2,16.4,7.1,1.4,1.5,12.1,21.2,,4.1,1.9,6.0,0.153,,1.9,0.0,0.2,0.6,433.0,819.0,0.5920000000000001,0.0,6.0,0.0,433.0,813.0,0.5920000000000001,0.5920000000000001,240.0,351.0,0.787,178.0,451.0,629.0,82.0,70.0,38.0,127.0,248.0,1106.0
NYK,19898,2009.0,Chris Wilcox,C,26.0,25.0,0.0,330.0,13.2,0.539,0.01,0.52,10.0,17.5,13.6,6.7,1.2,1.1,13.8,19.2,,0.2,0.3,0.5,0.07,,-2.9,-0.9,-3.8,-0.2,54.0,102.0,0.529,0.0,1.0,0.0,54.0,101.0,0.535,0.529,27.0,53.0,0.509,31.0,51.0,82.0,14.0,8.0,5.0,20.0,48.0,135.0
OKC,19897,2009.0,Chris Wilcox,C,26.0,37.0,6.0,719.0,13.4,0.509,0.011000000000000001,0.325,10.2,21.2,15.6,8.0,1.3,1.1,15.2,22.2,,-0.1,0.7,0.6,0.039,,-3.3,-0.9,-4.2,-0.4,130.0,268.0,0.485,0.0,3.0,0.0,130.0,265.0,0.491,0.485,52.0,87.0,0.598,65.0,130.0,195.0,33.0,18.0,11.0,55.0,89.0,312.0
TOT,19896,2009.0,Chris Wilcox,C-PF,26.0,77.0,24.0,1529.0,17.3,0.605,0.011000000000000001,0.37799999999999995,10.2,22.5,15.9,7.6,1.3,1.7,14.8,21.3,,3.2,1.2,4.4,0.138,,-0.1,-0.8,-0.9,0.4,257.0,450.0,0.5710000000000001,0.0,4.0,0.0,257.0,448.0,0.574,0.5710000000000001,112.0,153.0,0.732,118.0,292.0,410.0,52.0,33.0,34.0,75.0,183.0,626.0
DET,21094,2011.0,Chris Wilcox,PF,28.0,57.0,29.0,995.0,18.0,0.5870000000000001,0.003,0.433,11.4,22.7,16.7,7.4,1.6,2.3,21.0,18.9,,2.0,0.8,2.8,0.133,,0.4,-0.5,-0.5,0.4,187.0,322.0,0.581,0.0,1.0,0.0,187.0,321.0,0.583,0.581,50.0,89.0,0.562,95.0,176.0,271.0,43.0,29.0,17.0,43.0,145.0,424.0
BOS,22233,2013.0,Chris Wilcox,C,30.0,61.0,7.0,830.0,15.3,0.725,0.006999999999999999,0.379,9.8,19.7,14.9,4.2,2.0,2.7,19.5,15.4,,1.8,1.3,3.1,0.18100000000000002,,-0.5,1.7,1.2,0.7,110.0,153.0,0.7190000000000001,0.0,1.0,0.0,110.0,152.0,0.7240000000000001,0.7190000000000001,39.0,58.0,0.672,55.0,125.0,180.0,22.0,32.0,28.0,34.0,125.0,259.0
