Tm,Unnamed: 0,Year,Player,Pos,Age,G,GS,MP,PER,TS%,3PAr,FTr,ORB%,DRB%,TRB%,AST%,STL%,BLK%,TOV%,USG%,blanl,OWS,DWS,WS,WS/48,blank2,OBPM,DBPM,BPM,VORP,FG,FGA,FG%,3P,3PA,3P%,2P,2PA,2P%,eFG%,FT,FTA,FT%,ORB,DRB,TRB,AST,STL,BLK,TOV,PF,PTS
CLE,13184,1997.0,Chris Mills,SF,27.0,80.0,80.0,3167.0,15.2,0.5539999999999999,0.281,0.271,7.7,15.8,11.5,11.3,1.6,1.6,11.2,19.9,,4.7,4.7,8.9,0.134,,0.4,1.7,1.8,3.0,454.0,971.0,0.46799999999999997,94.0,240.0,0.392,375.0,761.0,0.493,0.508,218.0,263.0,0.8420000000000001,134.0,379.0,497.0,198.0,86.0,52.0,121.0,242.0,1205.0
GSW,16299,2003.0,Chris Mills,SF,33.0,66.0,24.0,1395.0,16.2,0.516,0.297,0.28800000000000003,7.8,16.2,10.2,13.4,1.5,0.8,10.6,23.0,,1.6,1.5,3.0,0.10400000000000001,,0.7,0.8,0.5,0.9,186.0,453.0,0.42100000000000004,48.0,127.0,0.37799999999999995,154.0,338.0,0.456,0.473,85.0,107.0,0.889,51.0,188.0,237.0,103.0,39.0,14.0,58.0,125.0,489.0
NYK,13720,1998.0,Chris Mills,SF,28.0,80.0,29.0,2183.0,12.7,0.512,0.203,0.28,6.6,15.9,11.2,10.4,1.1,1.1,12.4,18.6,,1.9,3.3,5.1,0.113,,-0.9,1.2,0.3,1.3,292.0,675.0,0.433,40.0,137.0,0.292,252.0,538.0,0.46799999999999997,0.462,152.0,189.0,0.804,120.0,288.0,408.0,133.0,45.0,30.0,107.0,218.0,776.0
