Tm,Unnamed: 0,Year,Player,Pos,Age,G,GS,MP,PER,TS%,3PAr,FTr,ORB%,DRB%,TRB%,AST%,STL%,BLK%,TOV%,USG%,blanl,OWS,DWS,WS,WS/48,blank2,OBPM,DBPM,BPM,VORP,FG,FGA,FG%,3P,3PA,3P%,2P,2PA,2P%,eFG%,FT,FTA,FT%,ORB,DRB,TRB,AST,STL,BLK,TOV,PF,PTS
ATL,13669,1998.0,Christian Laettner,PF,28.0,82.0,82.0,3140.0,19.1,0.5760000000000001,0.078,0.485,10.0,18.9,14.3,14.6,1.8,2.2,17.1,23.1,,6.1,5.4,11.6,0.177,,1.3,1.9,2.8,3.8,548.0,1128.0,0.489,31.0,88.0,0.35200000000000004,517.0,1040.0,0.502,0.5,359.0,440.0,0.8640000000000001,212.0,508.0,720.0,223.0,102.0,73.0,218.0,277.0,1486.0
DAL,15229,2001.0,Christian Laettner,C,31.0,53.0,35.0,930.0,16.7,0.5539999999999999,0.009000000000000001,0.254,9.2,16.0,12.7,12.0,2.2,2.1,16.3,21.0,,1.3,1.3,2.6,0.134,,0.0,1.2,1.2,0.8,165.0,323.0,0.511,1.0,3.0,0.33299999999999996,164.0,320.0,0.513,0.512,67.0,82.0,0.8170000000000001,75.0,137.0,212.0,67.0,40.0,27.0,70.0,159.0,398.0
DET,14730,2000.0,Christian Laettner,PF,30.0,82.0,82.0,2443.0,14.8,0.539,0.03,0.5379999999999999,8.3,17.9,13.1,12.4,2.5,2.9,16.7,21.2,,2.7,2.4,5.1,0.10099999999999999,,-0.3,1.4,0.4,1.5,379.0,801.0,0.473,7.0,24.0,0.33299999999999996,372.0,777.0,0.479,0.478,237.0,292.0,0.812,175.0,378.0,553.0,186.0,83.0,45.0,186.0,326.0,1002.0
MIA,17380,2005.0,Christian Laettner,PF,35.0,49.0,0.0,739.0,16.3,0.619,0.038,0.321,5.9,14.4,10.3,8.8,2.3,1.5,12.1,15.1,,1.5,1.2,2.7,0.174,,0.3,1.3,1.6,0.7,107.0,184.0,0.5820000000000001,1.0,7.0,0.14300000000000002,106.0,177.0,0.599,0.584,45.0,59.0,0.763,36.0,95.0,131.0,41.0,32.0,15.0,29.0,78.0,260.0
MIN,12545,1996.0,Christian Laettner,PF,26.0,81.0,81.0,2823.0,18.0,0.58,0.053,0.5429999999999999,7.9,22.7,15.1,21.3,1.9,2.4,19.1,24.9,,3.6,2.8,6.2,0.11599999999999999,,1.2,1.9,2.2,2.7,503.0,1061.0,0.489,13.0,40.0,0.325,499.0,1021.0,0.49700000000000005,0.496,462.0,553.0,0.835,171.0,537.0,708.0,307.0,105.0,87.0,275.0,302.0,1472.0
TOT,15228,2001.0,Christian Laettner,C-PF,31.0,78.0,71.0,2495.0,17.7,0.568,0.043,0.43700000000000006,8.6,17.2,12.8,13.7,2.2,2.2,17.6,22.6,,3.9,2.4,6.2,0.124,,0.6,1.0,1.2,2.0,442.0,907.0,0.503,9.0,39.0,0.308,433.0,868.0,0.507,0.506,324.0,396.0,0.833,184.0,354.0,538.0,197.0,71.0,71.0,187.0,276.0,1217.0
WAS,16782,2004.0,Christian Laettner,PF,34.0,76.0,66.0,2215.0,17.6,0.586,0.08199999999999999,0.535,6.7,21.3,13.4,17.8,2.3,2.1,19.2,21.2,,3.8,2.8,6.6,0.14300000000000002,,0.6,2.1,2.6,2.6,255.0,516.0,0.494,6.0,21.0,0.3,253.0,500.0,0.506,0.498,120.0,144.0,0.868,114.0,388.0,502.0,235.0,82.0,40.0,87.0,206.0,632.0
