Tm,Unnamed: 0,Year,Player,Pos,Age,G,GS,MP,PER,TS%,3PAr,FTr,ORB%,DRB%,TRB%,AST%,STL%,BLK%,TOV%,USG%,blanl,OWS,DWS,WS,WS/48,blank2,OBPM,DBPM,BPM,VORP,FG,FGA,FG%,3P,3PA,3P%,2P,2PA,2P%,eFG%,FT,FTA,FT%,ORB,DRB,TRB,AST,STL,BLK,TOV,PF,PTS
MIA,23578,2016.0,Chris Bosh,PF,31.0,79.0,79.0,2795.0,20.2,0.597,0.289,0.446,7.0,21.1,13.6,12.1,1.7,3.4,11.2,28.4,,6.1,4.3,10.3,0.177,,2.3,0.6,2.1,2.0,524.0,1056.0,0.535,81.0,222.0,0.375,518.0,1031.0,0.569,0.555,384.0,471.0,0.821,141.0,500.0,641.0,144.0,80.0,101.0,138.0,192.0,1438.0
TOR,19984,2010.0,Chris Bosh,PF,25.0,81.0,81.0,3017.0,25.0,0.5920000000000001,0.039,0.544,9.9,25.2,17.7,12.1,1.4,3.1,13.1,28.7,,8.7,3.8,10.1,0.2,,3.0,1.7,3.7,3.5,615.0,1263.0,0.518,12.0,49.0,0.4,603.0,1214.0,0.521,0.522,504.0,617.0,0.8440000000000001,215.0,556.0,771.0,191.0,76.0,113.0,187.0,226.0,1746.0
