Tm,Unnamed: 0,Year,Player,Pos,Age,G,GS,MP,PER,TS%,3PAr,FTr,ORB%,DRB%,TRB%,AST%,STL%,BLK%,TOV%,USG%,blanl,OWS,DWS,WS,WS/48,blank2,OBPM,DBPM,BPM,VORP,FG,FGA,FG%,3P,3PA,3P%,2P,2PA,2P%,eFG%,FT,FTA,FT%,ORB,DRB,TRB,AST,STL,BLK,TOV,PF,PTS
BRK,24446,2017.0,Chris McCullough,PF,21.0,24.0,4.0,362.0,16.8,0.541,0.312,0.21100000000000002,13.4,13.6,12.5,4.9,3.9,2.7,11.2,20.4,,0.1,0.4,0.3,0.098,,-0.9,1.1,-1.0,0.1,44.0,109.0,0.516,13.0,34.0,0.382,31.0,75.0,0.6,0.532,11.0,23.0,0.667,25.0,43.0,68.0,9.0,28.0,12.0,15.0,39.0,112.0
TOT,24445,2017.0,Chris McCullough,PF,21.0,16.0,0.0,80.0,15.2,0.526,0.21899999999999997,0.156,12.1,13.3,12.7,4.4,1.2,1.9,8.1,19.9,,0.1,0.1,0.1,0.07200000000000001,,-2.0,-2.6,-4.6,-0.1,16.0,32.0,0.5,1.0,7.0,0.14300000000000002,15.0,25.0,0.6,0.516,3.0,5.0,0.6,9.0,10.0,19.0,2.0,2.0,2.0,3.0,7.0,36.0
WAS,24447,2017.0,Chris McCullough,PF,21.0,2.0,0.0,8.0,1.1,0.266,1.0,2.0,0.0,28.1,14.1,0.0,6.2,0.0,34.7,15.7,,0.0,0.0,0.0,-0.163,,-11.8,0.3,-11.5,0.0,0.0,1.0,0.0,0.0,1.0,0.0,0.0,0.0,,0.0,1.0,2.0,0.5,0.0,2.0,2.0,0.0,1.0,0.0,1.0,0.0,1.0
