Tm,Unnamed: 0,Year,Player,Pos,Age,G,GS,MP,PER,TS%,3PAr,FTr,ORB%,DRB%,TRB%,AST%,STL%,BLK%,TOV%,USG%,blanl,OWS,DWS,WS,WS/48,blank2,OBPM,DBPM,BPM,VORP,FG,FGA,FG%,3P,3PA,3P%,2P,2PA,2P%,eFG%,FT,FTA,FT%,ORB,DRB,TRB,AST,STL,BLK,TOV,PF,PTS
PHO,12361,1996.0,Chris Carr,SG,21.0,60.0,10.0,590.0,10.5,0.493,0.19399999999999998,0.276,5.4,14.5,10.0,11.4,0.9,0.6,14.1,21.4,,-0.1,0.3,0.3,0.021,,-3.1,-2.5,-5.6,-0.5,90.0,217.0,0.415,11.0,42.0,0.262,79.0,175.0,0.451,0.44,49.0,60.0,0.8170000000000001,27.0,75.0,102.0,43.0,10.0,5.0,40.0,77.0,240.0
MIN,14035,1999.0,Chris Carr,SG,24.0,55.0,40.0,1165.0,13.3,0.556,0.34600000000000003,0.26899999999999996,4.4,18.0,8.3,13.2,1.5,0.9,12.6,21.5,,1.0,0.6,1.7,0.096,,-0.3,-1.8,-2.2,0.0,190.0,452.0,0.461,40.0,127.0,0.35200000000000004,150.0,325.0,0.514,0.518,84.0,99.0,0.848,43.0,112.0,155.0,85.0,24.0,11.0,69.0,129.0,504.0
NJN,14036,1999.0,Chris Carr,SG,24.0,28.0,2.0,364.0,13.0,0.47200000000000003,0.369,0.201,6.6,11.6,9.0,8.5,1.0,0.2,11.0,26.5,,0.1,0.1,0.2,0.032,,-0.5,-4.5,-5.0,-0.3,67.0,179.0,0.374,25.0,66.0,0.379,42.0,113.0,0.37200000000000005,0.444,25.0,36.0,0.6940000000000001,23.0,36.0,59.0,16.0,7.0,1.0,24.0,36.0,184.0
CHI,14551,2000.0,Chris Carr,SF,25.0,50.0,2.0,1092.0,10.8,0.483,0.201,0.22899999999999998,3.8,13.5,8.6,15.5,1.5,0.9,18.0,26.0,,-1.2,0.9,-0.3,-0.015,,-3.3,-1.7,-5.0,-0.8,185.0,463.0,0.4,31.0,93.0,0.33299999999999996,154.0,370.0,0.41600000000000004,0.433,91.0,106.0,0.858,36.0,124.0,160.0,81.0,30.0,14.0,112.0,101.0,492.0
GSW,14550,2000.0,Chris Carr,SG,25.0,7.0,0.0,74.0,11.1,0.47100000000000003,0.242,0.5760000000000001,6.7,12.1,9.2,6.6,0.0,1.0,10.8,26.4,,0.0,0.0,0.0,0.028999999999999998,,-3.0,-5.7,-8.6,-0.1,11.0,33.0,0.33299999999999996,1.0,8.0,0.125,10.0,25.0,0.4,0.348,16.0,19.0,0.8420000000000001,5.0,8.0,13.0,3.0,0.0,1.0,5.0,12.0,39.0
TOT,14549,2000.0,Chris Carr,SG,25.0,57.0,4.0,1166.0,11.8,0.48200000000000004,0.366,0.252,5.4,13.4,8.8,15.0,1.4,0.9,17.5,26.1,,0.0,0.9,0.2,0.026000000000000002,,-1.4,-1.9,-5.2,-0.4,196.0,496.0,0.395,32.0,101.0,0.373,164.0,395.0,0.415,0.439,107.0,125.0,0.856,41.0,132.0,173.0,84.0,30.0,15.0,117.0,113.0,531.0
BOS,15039,2001.0,Chris Carr,SG,26.0,35.0,0.0,309.0,16.3,0.611,0.33,0.536,4.0,13.0,8.3,6.7,0.7,0.7,12.1,23.1,,0.8,0.2,0.9,0.142,,0.2,-4.4,-4.2,-0.2,53.0,112.0,0.473,17.0,37.0,0.45899999999999996,36.0,75.0,0.48,0.5489999999999999,46.0,60.0,0.767,11.0,33.0,44.0,11.0,4.0,3.0,19.0,45.0,169.0
