Tm,Unnamed: 0,Year,Player,Pos,Age,G,GS,MP,PER,TS%,3PAr,FTr,ORB%,DRB%,TRB%,AST%,STL%,BLK%,TOV%,USG%,blanl,OWS,DWS,WS,WS/48,blank2,OBPM,DBPM,BPM,VORP,FG,FGA,FG%,3P,3PA,3P%,2P,2PA,2P%,eFG%,FT,FTA,FT%,ORB,DRB,TRB,AST,STL,BLK,TOV,PF,PTS
NJN,16091,2003.0,Chris Childs,PG,35.0,78.0,54.0,2408.0,16.4,0.5489999999999999,0.44799999999999995,0.391,3.2,9.1,5.6,38.6,4.0,0.7,22.0,20.7,,3.3,2.5,5.8,0.115,,2.3,0.3,1.2,1.9,324.0,778.0,0.41600000000000004,95.0,259.0,0.36700000000000005,229.0,519.0,0.441,0.478,259.0,304.0,0.852,51.0,194.0,245.0,548.0,111.0,8.0,230.0,246.0,1002.0
NYK,15050,2001.0,Chris Childs,PG,33.0,71.0,61.0,2076.0,11.6,0.544,0.355,0.35600000000000004,2.2,11.1,6.4,30.7,2.0,0.4,28.8,16.8,,1.4,3.2,3.9,0.11,,-0.3,0.7,0.1,0.7,211.0,510.0,0.42700000000000005,70.0,181.0,0.387,141.0,329.0,0.462,0.494,113.0,149.0,0.848,29.0,169.0,191.0,398.0,78.0,11.0,180.0,240.0,605.0
TOR,15597,2002.0,Chris Childs,PG,34.0,69.0,4.0,1576.0,8.8,0.47200000000000003,0.405,0.24,2.0,11.3,6.6,32.9,2.1,1.0,31.9,14.8,,-0.3,1.5,1.1,0.033,,-2.9,-0.6,-3.5,-0.2,97.0,296.0,0.37200000000000005,33.0,120.0,0.28600000000000003,64.0,176.0,0.423,0.425,58.0,71.0,0.84,18.0,136.0,154.0,351.0,56.0,8.0,123.0,177.0,285.0
TOT,15049,2001.0,Chris Childs,PG,33.0,77.0,5.0,1859.0,9.0,0.494,0.316,0.212,1.5,11.2,6.4,29.8,1.7,0.6,29.9,13.3,,-0.2,2.3,2.2,0.057,,-2.5,0.3,-2.2,-0.1,135.0,335.0,0.40299999999999997,32.0,106.0,0.302,103.0,229.0,0.45,0.451,60.0,71.0,0.845,24.0,178.0,202.0,355.0,59.0,15.0,156.0,242.0,362.0
