Tm,Unnamed: 0,Year,Player,Pos,Age,G,GS,MP,PER,TS%,3PAr,FTr,ORB%,DRB%,TRB%,AST%,STL%,BLK%,TOV%,USG%,blanl,OWS,DWS,WS,WS/48,blank2,OBPM,DBPM,BPM,VORP,FG,FGA,FG%,3P,3PA,3P%,2P,2PA,2P%,eFG%,FT,FTA,FT%,ORB,DRB,TRB,AST,STL,BLK,TOV,PF,PTS
NOK,18590,2007.0,Chris Paul,PG,21.0,78.0,78.0,2808.0,22.1,0.546,0.187,0.491,2.6,14.8,8.5,41.3,3.4,0.2,13.7,23.1,,6.8,3.6,10.4,0.179,,4.7,1.4,6.1,5.7,407.0,947.0,0.43700000000000006,50.0,177.0,0.35,357.0,770.0,0.46399999999999997,0.466,394.0,465.0,0.847,61.0,339.0,400.0,611.0,175.0,6.0,183.0,218.0,1258.0
NOH,20944,2011.0,Chris Paul,PG,25.0,80.0,80.0,3006.0,30.0,0.599,0.19899999999999998,0.418,2.8,14.6,8.7,54.5,3.9,0.4,13.9,27.5,,13.3,5.0,18.3,0.292,,9.1,2.1,11.2,10.0,631.0,1291.0,0.503,92.0,249.0,0.409,567.0,1079.0,0.525,0.534,455.0,524.0,0.878,69.0,363.0,432.0,925.0,217.0,10.0,231.0,212.0,1781.0
LAC,24522,2017.0,Chris Paul,PG,31.0,82.0,82.0,2857.0,27.0,0.614,0.385,0.397,2.8,14.9,8.8,52.7,3.8,0.4,14.0,27.1,,12.9,3.5,16.1,0.287,,8.0,1.0,8.7,6.9,568.0,1170.0,0.485,139.0,349.0,0.41100000000000003,429.0,821.0,0.5379999999999999,0.555,295.0,345.0,0.9,53.0,324.0,376.0,838.0,169.0,15.0,194.0,203.0,1564.0
