Tm,Unnamed: 0,Year,Player,Pos,Age,G,GS,MP,PER,TS%,3PAr,FTr,ORB%,DRB%,TRB%,AST%,STL%,BLK%,TOV%,USG%,blanl,OWS,DWS,WS,WS/48,blank2,OBPM,DBPM,BPM,VORP,FG,FGA,FG%,3P,3PA,3P%,2P,2PA,2P%,eFG%,FT,FTA,FT%,ORB,DRB,TRB,AST,STL,BLK,TOV,PF,PTS
CLE,24108,2017.0,Chris Andersen,C,38.0,12.0,0.0,114.0,11.6,0.49700000000000005,0.136,0.636,9.0,20.6,15.0,5.9,2.2,5.0,15.1,13.0,,0.1,0.2,0.2,0.102,,-3.8,3.0,-0.9,0.0,9.0,22.0,0.409,0.0,3.0,0.0,9.0,19.0,0.474,0.409,10.0,14.0,0.7140000000000001,9.0,22.0,31.0,5.0,5.0,7.0,5.0,20.0,28.0
DEN,21139,2012.0,Chris Andersen,PF,33.0,76.0,3.0,1695.0,19.0,0.636,0.054000000000000006,0.985,15.8,23.3,17.8,6.3,2.0,9.3,16.1,19.9,,3.2,2.8,5.9,0.207,,0.2,4.6,3.4,2.0,160.0,292.0,0.599,2.0,10.0,0.2,158.0,284.0,0.603,0.599,164.0,236.0,0.7859999999999999,163.0,336.0,483.0,35.0,42.0,175.0,69.0,174.0,452.0
MEM,23531,2016.0,Chris Andersen,C,37.0,20.0,14.0,366.0,15.1,0.605,0.145,0.516,9.9,18.2,13.9,3.7,2.0,2.5,8.4,10.2,,0.7,0.4,1.1,0.14800000000000002,,-0.4,0.9,0.6,0.2,34.0,62.0,0.5479999999999999,2.0,9.0,0.222,32.0,53.0,0.604,0.565,22.0,32.0,0.688,33.0,56.0,89.0,9.0,14.0,10.0,7.0,25.0,92.0
MIA,23530,2016.0,Chris Andersen,C,37.0,72.0,20.0,1396.0,18.5,0.6829999999999999,0.5,0.7559999999999999,12.1,23.2,17.1,12.2,1.4,6.4,14.5,17.5,,3.8,2.2,6.0,0.207,,0.4,2.6,3.0,1.3,177.0,275.0,0.644,4.0,13.0,0.667,174.0,263.0,0.662,0.649,120.0,169.0,0.75,129.0,250.0,379.0,43.0,32.0,97.0,53.0,162.0,477.0
NOH,18759,2008.0,Chris Andersen,C,29.0,67.0,2.0,1430.0,18.5,0.581,0.008,0.5710000000000001,10.9,24.6,17.0,9.1,0.5,9.2,12.7,16.4,,2.7,1.8,4.5,0.152,,-1.1,2.4,1.2,1.2,191.0,358.0,0.534,0.0,3.0,0.0,191.0,355.0,0.5379999999999999,0.534,131.0,190.0,0.6890000000000001,137.0,273.0,410.0,71.0,14.0,100.0,64.0,144.0,513.0
NOK,17668,2006.0,Chris Andersen,C,27.0,32.0,2.0,570.0,14.1,0.562,0.0,1.051,12.4,20.2,16.2,1.7,0.8,5.9,15.4,13.9,,0.6,0.7,1.3,0.11199999999999999,,-2.8,1.3,-1.5,0.1,56.0,98.0,0.5710000000000001,0.0,0.0,,56.0,98.0,0.5710000000000001,0.5710000000000001,49.0,103.0,0.47600000000000003,61.0,94.0,155.0,6.0,8.0,41.0,26.0,84.0,161.0
TOT,23529,2016.0,Chris Andersen,C,37.0,27.0,15.0,402.0,15.3,0.598,0.19399999999999998,0.5,9.9,18.2,13.9,4.4,1.9,2.9,9.3,10.8,,0.8,0.4,1.3,0.149,,-0.3,1.1,0.8,0.3,38.0,72.0,0.528,4.0,14.0,0.28600000000000003,34.0,58.0,0.586,0.556,25.0,36.0,0.6940000000000001,36.0,62.0,98.0,12.0,15.0,13.0,9.0,29.0,105.0
