Tm,Unnamed: 0,Year,Player,Pos,Age,G,GS,MP,PER,TS%,3PAr,FTr,ORB%,DRB%,TRB%,AST%,STL%,BLK%,TOV%,USG%,blanl,OWS,DWS,WS,WS/48,blank2,OBPM,DBPM,BPM,VORP,FG,FGA,FG%,3P,3PA,3P%,2P,2PA,2P%,eFG%,FT,FTA,FT%,ORB,DRB,TRB,AST,STL,BLK,TOV,PF,PTS
DAL,13971,1999.0,Chris Anstey,C,24.0,41.0,8.0,680.0,13.2,0.455,0.069,0.345,8.5,17.4,12.8,9.3,2.4,2.8,14.0,20.5,,-0.2,0.9,0.6,0.044000000000000004,,-3.3,0.5,-3.1,-0.1,92.0,231.0,0.39799999999999996,3.0,16.0,0.188,89.0,215.0,0.414,0.405,53.0,74.0,0.716,53.0,104.0,157.0,35.0,31.0,27.0,41.0,98.0,240.0
CHI,14482,2000.0,Chris Anstey,C,25.0,73.0,11.0,1007.0,15.1,0.512,0.016,0.40399999999999997,10.3,22.5,16.3,13.2,1.5,1.8,15.7,23.1,,0.6,1.3,1.9,0.09,,-2.4,-0.2,-2.5,-0.1,161.0,364.0,0.442,1.0,6.0,0.16699999999999998,160.0,358.0,0.447,0.444,116.0,147.0,0.789,90.0,190.0,280.0,65.0,29.0,25.0,80.0,180.0,439.0
