Tm,Unnamed: 0,Year,Player,Pos,Age,G,GS,MP,PER,TS%,3PAr,FTr,ORB%,DRB%,TRB%,AST%,STL%,BLK%,TOV%,USG%,blanl,OWS,DWS,WS,WS/48,blank2,OBPM,DBPM,BPM,VORP,FG,FGA,FG%,3P,3PA,3P%,2P,2PA,2P%,eFG%,FT,FTA,FT%,ORB,DRB,TRB,AST,STL,BLK,TOV,PF,PTS
CLE,22107,2013.0,Chris Quinn,SG,29.0,7.0,0.0,78.0,1.3,0.29600000000000004,0.313,0.125,1.4,1.6,1.5,16.3,2.0,0.0,26.2,13.1,,-0.2,0.0,-0.2,-0.124,,-7.7,-3.1,-10.8,-0.2,4.0,16.0,0.25,0.0,5.0,0.0,4.0,11.0,0.364,0.25,2.0,2.0,1.0,1.0,1.0,2.0,9.0,3.0,0.0,6.0,4.0,10.0
MIA,19769,2009.0,Chris Quinn,PG,25.0,66.0,25.0,1340.0,13.8,0.5589999999999999,0.474,0.282,1.8,9.7,5.3,25.8,2.0,0.2,12.5,19.6,,1.9,0.7,2.6,0.10400000000000001,,0.3,-1.9,-1.6,0.1,158.0,373.0,0.424,64.0,159.0,0.409,94.0,214.0,0.439,0.509,85.0,98.0,0.867,11.0,107.0,118.0,178.0,46.0,4.0,55.0,90.0,465.0
NJN,20361,2010.0,Chris Quinn,PG,26.0,25.0,0.0,223.0,9.3,0.47700000000000004,0.5710000000000001,0.107,0.5,8.1,4.1,20.9,2.1,0.3,14.6,14.1,,0.0,0.1,0.1,0.025,,-2.6,-2.6,-5.2,-0.2,20.0,56.0,0.35700000000000004,10.0,32.0,0.313,10.0,24.0,0.41700000000000004,0.446,6.0,6.0,1.0,1.0,15.0,16.0,29.0,9.0,1.0,10.0,15.0,56.0
SAS,20972,2011.0,Chris Quinn,PG,27.0,41.0,0.0,292.0,7.5,0.428,0.40700000000000003,0.08800000000000001,1.2,8.5,5.0,21.1,0.9,0.2,11.3,16.8,,-0.1,0.2,0.1,0.024,,-3.0,-2.3,-5.3,-0.2,33.0,91.0,0.363,11.0,37.0,0.297,22.0,54.0,0.40700000000000003,0.423,4.0,8.0,0.5,3.0,22.0,25.0,42.0,5.0,1.0,12.0,29.0,81.0
