Tm,Unnamed: 0,Year,Player,Pos,Age,G,GS,MP,PER,TS%,3PAr,FTr,ORB%,DRB%,TRB%,AST%,STL%,BLK%,TOV%,USG%,blanl,OWS,DWS,WS,WS/48,blank2,OBPM,DBPM,BPM,VORP,FG,FGA,FG%,3P,3PA,3P%,2P,2PA,2P%,eFG%,FT,FTA,FT%,ORB,DRB,TRB,AST,STL,BLK,TOV,PF,PTS
MIN,12211,1995.0,Chris Smith,SG,24.0,80.0,17.0,1617.0,11.2,0.5479999999999999,0.409,0.415,3.1,7.6,4.6,27.4,1.9,1.5,17.2,15.8,,1.0,0.5,1.2,0.055999999999999994,,-0.9,-2.1,-3.2,-0.3,184.0,423.0,0.439,47.0,108.0,0.435,174.0,384.0,0.45299999999999996,0.528,95.0,141.0,0.792,32.0,107.0,122.0,285.0,48.0,22.0,101.0,131.0,473.0
NYK,22758,2014.0,Chris Smith,PG,26.0,2.0,0.0,2.0,0.0,,,,0.0,0.0,0.0,0.0,0.0,0.0,,0.0,,0.0,0.0,0.0,-0.02,,-5.8,-0.5,-6.2,0.0,0.0,0.0,,0.0,0.0,,0.0,0.0,,,0.0,0.0,,0.0,0.0,0.0,0.0,0.0,0.0,0.0,0.0,0.0
