Tm,Unnamed: 0,Year,Player,Pos,Age,G,GS,MP,PER,TS%,3PAr,FTr,ORB%,DRB%,TRB%,AST%,STL%,BLK%,TOV%,USG%,blanl,OWS,DWS,WS,WS/48,blank2,OBPM,DBPM,BPM,VORP,FG,FGA,FG%,3P,3PA,3P%,2P,2PA,2P%,eFG%,FT,FTA,FT%,ORB,DRB,TRB,AST,STL,BLK,TOV,PF,PTS
IND,22988,2015.0,Chris Copeland,SF,30.0,50.0,12.0,828.0,17.6,0.621,0.675,0.145,3.1,11.7,7.4,12.6,0.7,2.0,15.2,23.7,,0.6,0.8,1.0,0.18600000000000003,,3.5,-1.5,1.4,0.2,112.0,310.0,0.47,52.0,167.0,0.418,60.0,143.0,0.579,0.611,33.0,45.0,0.733,23.0,88.0,111.0,51.0,11.0,11.0,59.0,78.0,309.0
MIL,23619,2016.0,Chris Copeland,PF,31.0,24.0,1.0,156.0,5.4,0.462,0.706,0.13699999999999998,0.7,6.5,3.7,10.3,0.7,0.0,10.0,17.3,,-0.1,0.0,-0.1,-0.017,,-2.5,-5.2,-7.7,-0.2,17.0,51.0,0.33299999999999996,10.0,36.0,0.278,7.0,15.0,0.467,0.431,6.0,7.0,0.857,1.0,9.0,10.0,11.0,2.0,0.0,6.0,17.0,50.0
NYK,21788,2013.0,Chris Copeland,PF,28.0,56.0,13.0,862.0,16.8,0.583,0.368,0.218,4.5,11.9,8.1,5.7,1.0,1.2,10.7,25.3,,1.5,0.6,2.1,0.11699999999999999,,1.0,-3.2,-2.2,-0.1,182.0,380.0,0.479,59.0,140.0,0.42100000000000004,123.0,240.0,0.513,0.557,63.0,83.0,0.759,34.0,85.0,119.0,27.0,16.0,12.0,50.0,104.0,486.0
