Tm,Unnamed: 0,Year,Player,Pos,Age,G,GS,MP,PER,TS%,3PAr,FTr,ORB%,DRB%,TRB%,AST%,STL%,BLK%,TOV%,USG%,blanl,OWS,DWS,WS,WS/48,blank2,OBPM,DBPM,BPM,VORP,FG,FGA,FG%,3P,3PA,3P%,2P,2PA,2P%,eFG%,FT,FTA,FT%,ORB,DRB,TRB,AST,STL,BLK,TOV,PF,PTS
SAS,12263,1995.0,Chris Whitney,PG,23.0,40.0,4.0,339.0,3.5,0.406,0.40399999999999997,0.23399999999999999,2.7,7.6,4.8,21.4,1.7,0.2,29.5,17.2,,-0.3,0.3,-0.2,-0.044000000000000004,,-5.4,-1.7,-7.3,-0.3,25.0,82.0,0.305,10.0,30.0,0.33299999999999996,15.0,52.0,0.39299999999999996,0.366,12.0,15.0,1.0,5.0,24.0,29.0,53.0,11.0,1.0,37.0,53.0,72.0
WSB,13382,1997.0,Chris Whitney,PG,25.0,82.0,1.0,1117.0,17.1,0.634,0.494,0.444,1.4,10.7,5.8,23.8,2.8,0.3,16.3,18.9,,2.0,1.2,3.2,0.18100000000000002,,2.4,-1.1,1.3,0.4,139.0,330.0,0.455,58.0,163.0,0.43200000000000005,81.0,167.0,0.485,0.551,94.0,113.0,0.932,13.0,91.0,104.0,182.0,49.0,4.0,68.0,100.0,430.0
DEN,16460,2003.0,Chris Whitney,PG,31.0,29.0,20.0,762.0,10.2,0.484,0.49,0.218,0.1,7.2,3.5,29.2,1.2,0.1,16.1,19.9,,0.2,0.5,0.8,0.049,,-0.9,-3.4,-4.3,-0.5,94.0,261.0,0.36,43.0,128.0,0.336,51.0,133.0,0.38299999999999995,0.44299999999999995,46.0,57.0,0.807,1.0,45.0,46.0,124.0,17.0,1.0,55.0,77.0,277.0
ORL,16461,2003.0,Chris Whitney,PG,31.0,22.0,1.0,290.0,6.7,0.418,0.409,0.136,0.8,7.7,4.1,11.3,2.1,0.3,14.6,16.9,,-0.3,0.2,-0.2,-0.026000000000000002,,-4.4,-2.0,-6.3,-0.3,30.0,88.0,0.341,7.0,36.0,0.19399999999999998,23.0,52.0,0.442,0.381,11.0,12.0,0.917,2.0,19.0,21.0,21.0,12.0,1.0,16.0,15.0,78.0
TOT,16459,2003.0,Chris Whitney,PG,31.0,51.0,21.0,1052.0,9.2,0.46799999999999997,0.47,0.198,0.3,7.4,3.7,24.2,1.4,0.1,15.8,19.1,,-0.1,0.7,0.6,0.027999999999999997,,-1.9,-3.0,-4.9,-0.8,124.0,349.0,0.355,50.0,164.0,0.305,74.0,185.0,0.4,0.42700000000000005,57.0,69.0,0.826,3.0,64.0,67.0,145.0,29.0,2.0,71.0,92.0,355.0
WAS,17046,2004.0,Chris Whitney,PG,32.0,82.0,81.0,2171.0,15.8,0.568,0.609,0.363,2.1,10.8,6.2,30.7,2.2,0.8,17.5,21.5,,5.4,1.1,6.5,0.14300000000000002,,3.3,-1.9,1.0,1.7,274.0,656.0,0.418,131.0,323.0,0.444,143.0,333.0,0.525,0.518,154.0,175.0,1.0,20.0,141.0,152.0,314.0,72.0,6.0,107.0,182.0,833.0
