Tm,Unnamed: 0,Year,Player,Pos,Age,G,GS,MP,PER,TS%,3PAr,FTr,ORB%,DRB%,TRB%,AST%,STL%,BLK%,TOV%,USG%,blanl,OWS,DWS,WS,WS/48,blank2,OBPM,DBPM,BPM,VORP,FG,FGA,FG%,3P,3PA,3P%,2P,2PA,2P%,eFG%,FT,FTA,FT%,ORB,DRB,TRB,AST,STL,BLK,TOV,PF,PTS
ATL,5332,1978.0,Claude Terry,SG,28.0,27.0,,241.0,15.2,0.5820000000000001,,0.24100000000000002,3.5,8.1,4.9,16.3,1.7,0.2,9.9,19.6,,0.6,0.1,0.6,0.129,,0.7,-1.9,-1.1,0.1,47.0,87.0,0.54,,,,47.0,87.0,0.54,0.54,18.0,21.0,0.857,8.0,12.0,18.0,25.0,9.0,1.0,8.0,21.0,112.0
BUF,4951,1977.0,Claude Terry,SG,27.0,33.0,,304.0,11.6,0.508,,0.221,1.3,8.0,4.6,15.7,1.6,0.0,,,,0.2,0.1,0.3,0.055,,-2.9,-2.3,-5.2,-0.2,49.0,104.0,0.47100000000000003,,,,49.0,104.0,0.47100000000000003,0.47100000000000003,18.0,23.0,0.7829999999999999,4.0,24.0,28.0,33.0,11.0,0.0,,27.0,116.0
TOT,4950,1977.0,Claude Terry,SG,27.0,45.0,,545.0,13.2,0.542,,0.23,2.3,6.5,4.3,16.0,1.7,0.1,,,,0.8,0.2,1.0,0.08800000000000001,,-1.3,-2.1,-3.4,-0.2,96.0,191.0,0.503,,,,96.0,191.0,0.503,0.503,36.0,44.0,0.818,12.0,34.0,46.0,58.0,20.0,1.0,,48.0,228.0
