Tm,Unnamed: 0,Year,Player,Pos,Age,G,GS,MP,PER,TS%,3PAr,FTr,ORB%,DRB%,TRB%,AST%,STL%,BLK%,TOV%,USG%,blanl,OWS,DWS,WS,WS/48,blank2,OBPM,DBPM,BPM,VORP,FG,FGA,FG%,3P,3PA,3P%,2P,2PA,2P%,eFG%,FT,FTA,FT%,ORB,DRB,TRB,AST,STL,BLK,TOV,PF,PTS
ATL,9775,1990.0,Cliff Levingston,PF,29.0,82.0,53.0,2184.0,15.5,0.609,0.012,0.439,12.9,19.3,15.6,7.1,2.2,2.4,17.0,16.2,,4.6,2.9,7.0,0.157,,1.8,2.0,2.9,2.6,314.0,568.0,0.557,1.0,5.0,0.5,313.0,563.0,0.557,0.5579999999999999,190.0,246.0,0.772,230.0,341.0,566.0,104.0,97.0,84.0,133.0,287.0,819.0
CHI,10692,1992.0,Cliff Levingston,PF,31.0,79.0,0.0,1020.0,13.1,0.53,0.024,0.382,12.7,14.4,13.1,8.1,1.4,2.8,13.4,15.7,,1.5,1.5,2.9,0.139,,-0.2,1.2,1.0,0.8,127.0,282.0,0.498,1.0,6.0,0.25,126.0,278.0,0.506,0.5,60.0,96.0,0.648,109.0,126.0,227.0,66.0,29.0,45.0,50.0,143.0,314.0
DEN,12074,1995.0,Cliff Levingston,PF,34.0,57.0,0.0,469.0,10.5,0.431,0.008,0.34600000000000003,12.9,18.7,15.8,8.7,1.5,3.1,12.3,16.4,,-0.1,0.6,0.5,0.052000000000000005,,-3.4,0.8,-2.5,-0.1,55.0,130.0,0.423,0.0,1.0,0.0,55.0,129.0,0.426,0.423,19.0,45.0,0.42200000000000004,49.0,75.0,124.0,27.0,13.0,20.0,21.0,91.0,129.0
DET,7387,1984.0,Cliff Levingston,PF,23.0,80.0,24.0,1746.0,14.8,0.563,0.006999999999999999,0.544,13.7,19.7,16.6,7.8,1.2,2.5,17.9,17.9,,3.2,2.1,5.3,0.14400000000000002,,0.9,1.7,2.5,2.0,229.0,436.0,0.525,0.0,3.0,0.0,229.0,433.0,0.529,0.525,125.0,186.0,0.672,234.0,311.0,545.0,109.0,44.0,78.0,77.0,281.0,583.0
