Tm,Unnamed: 0,Year,Player,Pos,Age,G,GS,MP,PER,TS%,3PAr,FTr,ORB%,DRB%,TRB%,AST%,STL%,BLK%,TOV%,USG%,blanl,OWS,DWS,WS,WS/48,blank2,OBPM,DBPM,BPM,VORP,FG,FGA,FG%,3P,3PA,3P%,2P,2PA,2P%,eFG%,FT,FTA,FT%,ORB,DRB,TRB,AST,STL,BLK,TOV,PF,PTS
CHI,6530,1982.0,Coby Dietrick,C,33.0,82.0,0.0,1830.0,12.1,0.503,0.019,0.34700000000000003,7.6,16.4,12.1,16.4,2.4,2.4,19.3,15.0,,0.8,2.1,2.9,0.08,,-1.2,1.9,0.6,1.2,227.0,500.0,0.46,2.0,9.0,0.33299999999999996,226.0,491.0,0.462,0.46,90.0,118.0,0.763,101.0,262.0,363.0,216.0,89.0,53.0,112.0,230.0,545.0
SAS,6903,1983.0,Coby Dietrick,PF,34.0,82.0,0.0,1876.0,13.9,0.56,0.0,0.4,6.7,18.6,12.8,19.5,2.1,1.6,19.5,15.2,,2.1,2.0,4.1,0.133,,0.4,1.7,2.1,1.5,285.0,620.0,0.523,0.0,0.0,,285.0,620.0,0.523,0.523,119.0,166.0,0.7979999999999999,111.0,285.0,372.0,217.0,88.0,57.0,144.0,267.0,689.0
