Tm,Unnamed: 0,Year,Player,Pos,Age,G,GS,MP,PER,TS%,3PAr,FTr,ORB%,DRB%,TRB%,AST%,STL%,BLK%,TOV%,USG%,blanl,OWS,DWS,WS,WS/48,blank2,OBPM,DBPM,BPM,VORP,FG,FGA,FG%,3P,3PA,3P%,2P,2PA,2P%,eFG%,FT,FTA,FT%,ORB,DRB,TRB,AST,STL,BLK,TOV,PF,PTS
SAS,11921,1995.0,Corey Crowder,SF,25.0,7.0,0.0,29.0,-2.5,0.237,0.4,0.6,4.1,7.4,5.9,4.6,1.7,0.0,13.7,22.2,,-0.2,0.0,-0.1,-0.22399999999999998,,-10.4,-2.6,-13.0,-0.1,2.0,10.0,0.2,0.0,4.0,0.0,2.0,6.0,0.33299999999999996,0.2,2.0,6.0,0.33299999999999996,1.0,2.0,3.0,1.0,1.0,0.0,2.0,1.0,6.0
UTA,10548,1992.0,Corey Crowder,SF,22.0,51.0,0.0,328.0,8.4,0.475,0.268,0.161,5.8,8.2,7.1,7.2,1.1,0.4,9.8,17.5,,0.1,0.3,0.4,0.053,,-2.1,-1.8,-3.9,-0.2,43.0,112.0,0.384,13.0,30.0,0.433,30.0,82.0,0.366,0.442,15.0,18.0,0.833,16.0,25.0,41.0,17.0,7.0,2.0,13.0,35.0,114.0
