Tm,Unnamed: 0,Year,Player,Pos,Age,G,GS,MP,PER,TS%,3PAr,FTr,ORB%,DRB%,TRB%,AST%,STL%,BLK%,TOV%,USG%,blanl,OWS,DWS,WS,WS/48,blank2,OBPM,DBPM,BPM,VORP,FG,FGA,FG%,3P,3PA,3P%,2P,2PA,2P%,eFG%,FT,FTA,FT%,ORB,DRB,TRB,AST,STL,BLK,TOV,PF,PTS
CHA,21458,2012.0,Corey Maggette,SF,32.0,32.0,28.0,881.0,14.1,0.517,0.177,0.5579999999999999,2.6,14.0,8.1,8.3,1.4,0.1,11.3,27.4,,0.5,0.1,0.7,0.038,,-1.4,-3.7,-5.2,-0.7,139.0,373.0,0.373,24.0,66.0,0.364,115.0,307.0,0.375,0.405,178.0,208.0,0.856,21.0,104.0,125.0,39.0,23.0,1.0,59.0,83.0,480.0
DET,22010,2013.0,Corey Maggette,SF,33.0,18.0,0.0,257.0,7.9,0.489,0.276,0.632,2.2,9.1,5.6,11.4,1.2,0.6,14.9,20.2,,0.0,0.1,0.1,0.017,,-3.2,-2.7,-5.9,-0.3,27.0,76.0,0.355,5.0,21.0,0.23800000000000002,22.0,55.0,0.4,0.38799999999999996,36.0,48.0,0.75,5.0,20.0,25.0,19.0,6.0,2.0,17.0,42.0,95.0
GSW,20263,2010.0,Corey Maggette,PF,30.0,70.0,49.0,2081.0,20.3,0.615,0.15,0.655,4.9,16.0,10.0,13.2,1.4,0.3,13.0,26.7,,5.6,0.7,6.3,0.14400000000000002,,1.6,-2.6,-1.0,0.5,457.0,886.0,0.516,24.0,95.0,0.26,444.0,836.0,0.531,0.523,460.0,551.0,0.835,92.0,281.0,373.0,172.0,51.0,8.0,168.0,231.0,1387.0
LAC,19079,2008.0,Corey Maggette,SG,28.0,75.0,72.0,2628.0,20.1,0.595,0.262,0.7829999999999999,7.6,18.2,12.3,16.6,1.5,0.8,15.6,27.9,,8.2,2.5,8.6,0.16,,4.0,-0.6,1.8,2.5,458.0,1013.0,0.462,78.0,231.0,0.384,380.0,818.0,0.483,0.49700000000000005,563.0,681.0,0.857,96.0,352.0,442.0,225.0,71.0,19.0,207.0,244.0,1547.0
MIL,20875,2011.0,Corey Maggette,SF,31.0,67.0,18.0,1401.0,15.8,0.573,0.14,0.581,3.6,16.8,10.0,11.3,0.8,0.3,15.3,27.7,,1.5,1.9,3.4,0.115,,-1.3,-1.4,-2.7,-0.2,253.0,559.0,0.45299999999999996,28.0,78.0,0.359,225.0,481.0,0.46799999999999997,0.478,271.0,325.0,0.8340000000000001,44.0,197.0,241.0,84.0,21.0,5.0,127.0,175.0,805.0
ORL,14751,2000.0,Corey Maggette,SF,20.0,77.0,5.0,1370.0,14.1,0.5529999999999999,0.023,0.557,9.8,14.3,12.0,7.0,0.9,1.3,19.1,22.1,,1.2,1.4,2.6,0.091,,-1.5,-0.8,-2.3,-0.1,224.0,469.0,0.478,2.0,11.0,0.182,222.0,458.0,0.485,0.48,196.0,261.0,0.7509999999999999,123.0,180.0,303.0,61.0,24.0,26.0,138.0,169.0,646.0
