Tm,Unnamed: 0,Year,Player,Pos,Age,G,GS,MP,PER,TS%,3PAr,FTr,ORB%,DRB%,TRB%,AST%,STL%,BLK%,TOV%,USG%,blanl,OWS,DWS,WS,WS/48,blank2,OBPM,DBPM,BPM,VORP,FG,FGA,FG%,3P,3PA,3P%,2P,2PA,2P%,eFG%,FT,FTA,FT%,ORB,DRB,TRB,AST,STL,BLK,TOV,PF,PTS
DAL,14972,2001.0,Courtney Alexander,PG,23.0,38.0,6.0,472.0,6.8,0.40399999999999997,0.055999999999999994,0.253,4.9,9.9,7.5,6.9,1.7,0.5,9.6,21.1,,-0.5,0.4,-0.1,-0.013000000000000001,,-4.8,-1.8,-6.6,-0.5,62.0,178.0,0.348,3.0,10.0,0.3,59.0,168.0,0.35100000000000003,0.35700000000000004,33.0,45.0,0.733,20.0,43.0,63.0,21.0,16.0,3.0,21.0,76.0,160.0
NOH,16008,2003.0,Courtney Alexander,PG,25.0,66.0,7.0,1360.0,9.3,0.45899999999999996,0.113,0.289,3.3,6.8,5.0,9.8,1.2,0.3,10.7,21.3,,0.1,1.0,1.1,0.04,,-3.2,-2.3,-5.5,-1.2,193.0,505.0,0.382,19.0,57.0,0.33299999999999996,174.0,448.0,0.38799999999999996,0.401,118.0,146.0,0.8079999999999999,39.0,79.0,118.0,79.0,31.0,6.0,68.0,125.0,523.0
TOT,14971,2001.0,Courtney Alexander,PG,23.0,65.0,24.0,1382.0,11.6,0.484,0.08,0.262,3.5,8.4,5.9,8.0,1.7,0.3,10.5,23.2,,0.3,0.5,0.8,0.027000000000000003,,-1.8,-2.5,-4.4,-0.8,239.0,573.0,0.41700000000000004,17.0,46.0,0.37,222.0,527.0,0.42100000000000004,0.43200000000000005,123.0,150.0,0.82,42.0,101.0,143.0,62.0,45.0,5.0,75.0,139.0,618.0
WAS,15509,2002.0,Courtney Alexander,SG,24.0,56.0,28.0,1325.0,14.2,0.521,0.091,0.266,3.7,9.3,6.5,11.3,1.7,0.4,10.9,24.3,,1.6,0.6,2.2,0.08,,-0.3,-1.6,-2.1,0.0,223.0,474.0,0.47,14.0,36.0,0.389,218.0,456.0,0.478,0.47600000000000003,98.0,121.0,0.857,43.0,105.0,148.0,86.0,35.0,7.0,60.0,113.0,549.0
