Tm,Unnamed: 0,Year,Player,Pos,Age,G,GS,MP,PER,TS%,3PAr,FTr,ORB%,DRB%,TRB%,AST%,STL%,BLK%,TOV%,USG%,blanl,OWS,DWS,WS,WS/48,blank2,OBPM,DBPM,BPM,VORP,FG,FGA,FG%,3P,3PA,3P%,2P,2PA,2P%,eFG%,FT,FTA,FT%,ORB,DRB,TRB,AST,STL,BLK,TOV,PF,PTS
IND,19219,2008.0,Courtney Sims,C,24.0,3.0,0.0,11.0,1.1,0.0,0.0,0.0,9.7,10.1,9.9,11.6,0.0,0.0,0.0,3.9,,0.0,0.0,0.0,0.008,,-5.8,0.1,-5.7,0.0,0.0,1.0,0.0,0.0,0.0,,0.0,1.0,0.0,0.0,0.0,0.0,,1.0,1.0,2.0,1.0,0.0,0.0,0.0,2.0,0.0
NYK,19825,2009.0,Courtney Sims,C,25.0,1.0,0.0,11.0,19.8,0.5,0.0,0.0,19.3,20.6,19.9,0.0,0.0,0.0,0.0,23.7,,0.0,0.0,0.0,0.11800000000000001,,-3.4,-9.7,-13.0,0.0,3.0,6.0,0.5,0.0,0.0,,3.0,6.0,0.5,0.5,0.0,0.0,,2.0,2.0,4.0,0.0,0.0,0.0,0.0,1.0,6.0
PHO,19824,2009.0,Courtney Sims,C,25.0,1.0,0.0,2.0,-26.0,,,,0.0,0.0,0.0,0.0,0.0,0.0,100.0,22.0,,0.0,0.0,0.0,-0.735,,-25.1,-0.2,-25.2,0.0,0.0,0.0,,0.0,0.0,,0.0,0.0,,,0.0,0.0,,0.0,0.0,0.0,0.0,0.0,0.0,1.0,0.0,0.0
TOT,19823,2009.0,Courtney Sims,C,25.0,2.0,0.0,13.0,12.8,0.5,0.0,0.0,16.3,17.4,16.8,0.0,0.0,0.0,14.3,23.5,,0.0,0.0,0.0,-0.013000000000000001,,-6.7,-8.2,-14.9,0.0,3.0,6.0,0.5,0.0,0.0,,3.0,6.0,0.5,0.5,0.0,0.0,,2.0,2.0,4.0,0.0,0.0,0.0,1.0,1.0,6.0
