Tm,Unnamed: 0,Year,Player,Pos,Age,G,GS,MP,PER,TS%,3PAr,FTr,ORB%,DRB%,TRB%,AST%,STL%,BLK%,TOV%,USG%,blanl,OWS,DWS,WS,WS/48,blank2,OBPM,DBPM,BPM,VORP,FG,FGA,FG%,3P,3PA,3P%,2P,2PA,2P%,eFG%,FT,FTA,FT%,ORB,DRB,TRB,AST,STL,BLK,TOV,PF,PTS
LAC,21007,2011.0,Craig Smith,PF,27.0,75.0,2.0,1232.0,16.9,0.599,0.027000000000000003,0.524,9.1,18.0,13.5,11.8,1.4,1.5,15.3,21.2,,2.0,1.0,3.0,0.12,,-0.2,-0.3,-0.5,0.5,226.0,397.0,0.569,1.0,5.0,0.2,225.0,392.0,0.574,0.5710000000000001,132.0,208.0,0.735,97.0,190.0,287.0,84.0,33.0,25.0,88.0,194.0,585.0
MIN,19831,2009.0,Craig Smith,PF,25.0,82.0,31.0,1547.0,16.9,0.599,0.017,0.48200000000000004,11.9,20.3,16.2,9.7,1.8,1.0,14.4,22.5,,2.7,1.7,3.9,0.121,,-0.1,-0.6,-1.3,0.3,297.0,528.0,0.563,0.0,9.0,0.0,297.0,519.0,0.5720000000000001,0.563,168.0,248.0,0.677,149.0,267.0,416.0,79.0,51.0,19.0,105.0,223.0,746.0
POR,21569,2012.0,Craig Smith,PF,28.0,47.0,0.0,464.0,13.6,0.556,0.009000000000000001,0.45299999999999996,8.1,19.8,13.8,6.6,1.8,0.8,14.6,16.2,,0.6,0.4,1.0,0.105,,-2.2,-0.4,-2.6,-0.1,59.0,117.0,0.504,0.0,1.0,0.0,59.0,116.0,0.509,0.504,38.0,53.0,0.7170000000000001,33.0,77.0,110.0,19.0,16.0,5.0,24.0,55.0,156.0
