Tm,Unnamed: 0,Year,Player,Pos,Age,G,GS,MP,PER,TS%,3PAr,FTr,ORB%,DRB%,TRB%,AST%,STL%,BLK%,TOV%,USG%,blanl,OWS,DWS,WS,WS/48,blank2,OBPM,DBPM,BPM,VORP,FG,FGA,FG%,3P,3PA,3P%,2P,2PA,2P%,eFG%,FT,FTA,FT%,ORB,DRB,TRB,AST,STL,BLK,TOV,PF,PTS
CHI,10642,1992.0,Craig Hodges,SG,31.0,73.0,6.0,1112.0,14.9,0.589,0.547,0.135,2.3,6.3,4.4,17.6,2.0,0.2,11.1,21.1,,2.2,0.8,2.8,0.12300000000000001,,2.0,-2.2,-0.2,0.5,187.0,394.0,0.475,87.0,181.0,0.48100000000000004,116.0,229.0,0.513,0.569,45.0,53.0,0.963,21.0,63.0,84.0,138.0,41.0,4.0,52.0,87.0,490.0
MIL,8838,1988.0,Craig Hodges,SG,27.0,82.0,66.0,2496.0,13.9,0.591,0.342,0.21600000000000003,3.3,5.0,4.1,18.5,2.0,0.2,14.6,17.6,,3.3,2.9,6.0,0.147,,2.4,-0.1,1.8,1.7,359.0,732.0,0.5,85.0,228.0,0.466,312.0,597.0,0.523,0.564,131.0,147.0,0.8909999999999999,74.0,112.0,186.0,349.0,96.0,7.0,135.0,262.0,871.0
PHO,9264,1989.0,Craig Hodges,SG,28.0,23.0,0.0,462.0,14.2,0.604,0.33299999999999996,0.18,2.4,6.1,3.9,13.4,1.6,0.3,12.7,19.4,,0.7,0.1,0.9,0.09,,1.3,-2.8,-1.5,0.1,87.0,178.0,0.489,31.0,57.0,0.544,56.0,121.0,0.5,0.5760000000000001,27.0,32.0,0.8440000000000001,7.0,25.0,32.0,44.0,16.0,2.0,28.0,38.0,232.0
SDC,7334,1984.0,Craig Hodges,SG,23.0,76.0,48.0,2022.0,10.3,0.493,0.128,0.185,2.8,4.6,3.4,18.0,1.9,0.1,17.5,17.7,,0.6,0.3,0.8,0.018000000000000002,,-1.2,-2.0,-3.9,-0.8,318.0,704.0,0.452,20.0,90.0,0.222,298.0,614.0,0.485,0.466,94.0,130.0,0.75,53.0,69.0,122.0,275.0,82.0,4.0,161.0,192.0,750.0
TOT,9263,1989.0,Craig Hodges,SG,28.0,66.0,6.0,1445.0,14.5,0.581,0.419,0.136,2.3,6.1,4.3,17.2,1.8,0.2,12.2,18.2,,2.1,0.8,2.9,0.11699999999999999,,1.8,-2.3,-0.5,0.5,242.0,523.0,0.47200000000000003,86.0,180.0,0.491,156.0,348.0,0.512,0.5589999999999999,59.0,71.0,0.8420000000000001,23.0,66.0,89.0,153.0,46.0,4.0,77.0,118.0,629.0
