Tm,Unnamed: 0,Year,Player,Pos,Age,G,GS,MP,PER,TS%,3PAr,FTr,ORB%,DRB%,TRB%,AST%,STL%,BLK%,TOV%,USG%,blanl,OWS,DWS,WS,WS/48,blank2,OBPM,DBPM,BPM,VORP,FG,FGA,FG%,3P,3PA,3P%,2P,2PA,2P%,eFG%,FT,FTA,FT%,ORB,DRB,TRB,AST,STL,BLK,TOV,PF,PTS
MIA,9373,1989.0,Craig Neal,PG,24.0,32.0,0.0,341.0,7.9,0.45799999999999996,0.284,0.239,1.3,4.8,3.0,35.4,2.1,0.7,29.1,16.4,,-0.4,0.2,-0.2,-0.022000000000000002,,-5.1,-3.8,-8.9,-0.6,34.0,88.0,0.386,8.0,25.0,0.32,26.0,63.0,0.413,0.43200000000000005,13.0,21.0,0.619,4.0,14.0,18.0,86.0,15.0,4.0,40.0,46.0,89.0
POR,9372,1989.0,Craig Neal,PG,24.0,21.0,0.0,159.0,4.3,0.348,0.257,0.057,2.0,5.6,3.8,23.3,2.6,0.0,28.1,12.1,,-0.2,0.1,-0.1,-0.032,,-5.8,-1.6,-7.4,-0.2,11.0,35.0,0.314,2.0,9.0,0.222,9.0,26.0,0.34600000000000003,0.34299999999999997,1.0,2.0,0.5,3.0,8.0,11.0,32.0,9.0,0.0,14.0,24.0,25.0
TOT,9371,1989.0,Craig Neal,PG,24.0,53.0,0.0,500.0,6.7,0.428,0.276,0.187,1.5,5.1,3.2,31.6,2.3,0.5,28.9,15.0,,-0.6,0.3,-0.3,-0.025,,-5.3,-3.1,-8.4,-0.8,45.0,123.0,0.366,10.0,34.0,0.294,35.0,89.0,0.39299999999999996,0.40700000000000003,14.0,23.0,0.609,7.0,22.0,29.0,118.0,24.0,4.0,54.0,70.0,114.0
DEN,10286,1991.0,Craig Neal,PG,26.0,10.0,0.0,125.0,8.2,0.49200000000000005,0.257,0.629,1.4,11.7,6.0,33.8,1.4,0.0,29.8,18.0,,-0.1,0.0,-0.1,-0.047,,-4.3,-3.8,-8.1,-0.2,14.0,35.0,0.4,3.0,9.0,0.33299999999999996,11.0,26.0,0.423,0.44299999999999995,13.0,22.0,0.591,2.0,14.0,16.0,37.0,4.0,0.0,19.0,26.0,44.0
