Tm,Unnamed: 0,Year,Player,Pos,Age,G,GS,MP,PER,TS%,3PAr,FTr,ORB%,DRB%,TRB%,AST%,STL%,BLK%,TOV%,USG%,blanl,OWS,DWS,WS,WS/48,blank2,OBPM,DBPM,BPM,VORP,FG,FGA,FG%,3P,3PA,3P%,2P,2PA,2P%,eFG%,FT,FTA,FT%,ORB,DRB,TRB,AST,STL,BLK,TOV,PF,PTS
DET,21029,2011.0,DaJuan Summers,SF,23.0,44.0,1.0,405.0,7.5,0.47600000000000003,0.32299999999999995,0.292,3.9,9.9,6.7,6.3,1.1,1.5,14.3,21.3,,-0.1,0.1,0.0,0.002,,-3.3,-2.5,-5.8,-0.4,46.0,130.0,0.406,15.0,42.0,0.429,31.0,88.0,0.396,0.47100000000000003,27.0,38.0,0.711,14.0,31.0,45.0,16.0,8.0,7.0,16.0,52.0,134.0
LAC,22168,2013.0,DaJuan Summers,PF,25.0,2.0,0.0,7.0,4.3,0.25,0.0,0.0,0.0,33.5,17.0,21.7,0.0,0.0,0.0,26.1,,0.0,0.0,0.0,-0.124,,-10.8,-1.9,-12.6,0.0,1.0,4.0,0.25,0.0,0.0,,1.0,4.0,0.25,0.25,0.0,0.0,,0.0,2.0,2.0,1.0,0.0,0.0,0.0,0.0,2.0
NOH,21588,2012.0,DaJuan Summers,SF,24.0,15.0,6.0,209.0,9.0,0.493,0.24600000000000002,0.138,4.6,8.4,6.6,8.1,1.8,0.0,10.4,17.4,,0.1,0.1,0.2,0.049,,-1.8,-1.7,-3.4,-0.1,28.0,65.0,0.431,5.0,16.0,0.313,23.0,49.0,0.469,0.469,7.0,9.0,0.778,8.0,15.0,23.0,10.0,7.0,0.0,8.0,31.0,68.0
