Tm,Unnamed: 0,Year,Player,Pos,Age,G,GS,MP,PER,TS%,3PAr,FTr,ORB%,DRB%,TRB%,AST%,STL%,BLK%,TOV%,USG%,blanl,OWS,DWS,WS,WS/48,blank2,OBPM,DBPM,BPM,VORP,FG,FGA,FG%,3P,3PA,3P%,2P,2PA,2P%,eFG%,FT,FTA,FT%,ORB,DRB,TRB,AST,STL,BLK,TOV,PF,PTS
DET,7898,1985.0,Dale Wilkinson,PF,24.0,2.0,0.0,7.0,-10.9,0.0,0.0,0.0,0.0,15.6,7.4,0.0,0.0,0.0,0.0,11.0,,0.0,0.0,0.0,-0.19699999999999998,,-14.4,-3.1,-17.5,0.0,0.0,2.0,0.0,0.0,0.0,,0.0,2.0,0.0,0.0,0.0,0.0,,0.0,1.0,1.0,0.0,0.0,0.0,0.0,2.0,0.0
LAC,7899,1985.0,Dale Wilkinson,SF,24.0,10.0,0.0,38.0,0.5,0.41,0.071,0.5,3.0,5.6,4.4,6.7,0.0,0.0,19.0,22.6,,-0.1,0.0,-0.1,-0.11,,-8.0,-4.6,-12.6,-0.1,4.0,14.0,0.28600000000000003,0.0,1.0,0.0,4.0,13.0,0.308,0.28600000000000003,6.0,7.0,0.857,1.0,2.0,3.0,2.0,0.0,0.0,4.0,8.0,14.0
TOT,7897,1985.0,Dale Wilkinson,SF-PF,24.0,12.0,0.0,45.0,-1.3,0.36700000000000005,0.063,0.43799999999999994,2.5,7.2,4.8,5.6,0.0,0.0,17.3,20.8,,-0.1,0.0,-0.1,-0.124,,-9.0,-4.4,-13.4,-0.1,4.0,16.0,0.25,0.0,1.0,0.0,4.0,15.0,0.267,0.25,6.0,7.0,0.857,1.0,3.0,4.0,2.0,0.0,0.0,4.0,10.0,14.0
