Tm,Unnamed: 0,Year,Player,Pos,Age,G,GS,MP,PER,TS%,3PAr,FTr,ORB%,DRB%,TRB%,AST%,STL%,BLK%,TOV%,USG%,blanl,OWS,DWS,WS,WS/48,blank2,OBPM,DBPM,BPM,VORP,FG,FGA,FG%,3P,3PA,3P%,2P,2PA,2P%,eFG%,FT,FTA,FT%,ORB,DRB,TRB,AST,STL,BLK,TOV,PF,PTS
IND,23376,2015.0,Damjan Rudez,SF,28.0,68.0,2.0,1047.0,8.2,0.591,0.6459999999999999,0.087,0.9,4.1,2.5,7.9,0.8,0.4,14.7,13.8,,0.6,0.7,1.3,0.061,,-0.7,-1.8,-2.5,-0.1,119.0,263.0,0.452,69.0,170.0,0.406,50.0,93.0,0.5379999999999999,0.584,16.0,23.0,0.696,8.0,39.0,47.0,53.0,16.0,5.0,47.0,79.0,323.0
MIN,23977,2016.0,Damjan Rudez,SF,29.0,33.0,0.0,277.0,5.5,0.5720000000000001,0.8059999999999999,0.129,2.1,6.2,4.2,5.8,0.5,0.3,16.6,12.7,,0.1,0.0,0.1,0.009000000000000001,,-1.2,-3.5,-4.7,-0.2,25.0,62.0,0.40299999999999997,17.0,50.0,0.34,8.0,12.0,0.667,0.54,8.0,8.0,1.0,5.0,15.0,20.0,11.0,3.0,1.0,13.0,33.0,75.0
ORL,24568,2017.0,Damjan Rudez,SF,30.0,45.0,0.0,314.0,6.3,0.466,0.727,0.0,1.7,7.1,4.3,9.2,1.9,0.3,9.3,13.6,,-0.1,0.2,0.1,0.008,,-2.8,-1.9,-4.7,-0.2,31.0,88.0,0.35200000000000004,20.0,64.0,0.313,11.0,24.0,0.45799999999999996,0.466,0.0,0.0,,5.0,20.0,25.0,20.0,12.0,1.0,9.0,31.0,82.0
