Tm,Unnamed: 0,Year,Player,Pos,Age,G,GS,MP,PER,TS%,3PAr,FTr,ORB%,DRB%,TRB%,AST%,STL%,BLK%,TOV%,USG%,blanl,OWS,DWS,WS,WS/48,blank2,OBPM,DBPM,BPM,VORP,FG,FGA,FG%,3P,3PA,3P%,2P,2PA,2P%,eFG%,FT,FTA,FT%,ORB,DRB,TRB,AST,STL,BLK,TOV,PF,PTS
MEM,19238,2008.0,Damon Stoudamire,PG,34.0,62.0,51.0,1501.0,13.7,0.514,0.485,0.21600000000000003,3.3,10.3,6.7,31.3,1.6,0.1,19.6,20.8,,1.1,1.0,1.7,0.09300000000000001,,0.5,-1.0,-0.6,0.3,171.0,437.0,0.397,59.0,175.0,0.38299999999999995,112.0,262.0,0.42700000000000005,0.49,66.0,83.0,0.855,31.0,108.0,139.0,299.0,47.0,2.0,101.0,95.0,467.0
POR,17562,2005.0,Damon Stoudamire,PG,31.0,82.0,82.0,3118.0,16.6,0.519,0.42100000000000004,0.29100000000000004,3.7,10.6,7.1,36.8,2.2,0.3,18.0,23.6,,4.9,2.5,6.7,0.124,,3.2,-0.7,1.1,2.2,457.0,1165.0,0.434,181.0,490.0,0.386,324.0,716.0,0.45299999999999996,0.478,182.0,207.0,0.915,78.0,256.0,310.0,500.0,106.0,9.0,191.0,202.0,1277.0
SAS,19239,2008.0,Damon Stoudamire,PG,34.0,31.0,4.0,413.0,4.6,0.36200000000000004,0.385,0.055999999999999994,1.7,11.6,6.7,20.0,1.4,0.4,17.0,20.5,,-1.1,0.6,-0.5,-0.06,,-6.1,-0.1,-6.2,-0.4,43.0,143.0,0.301,14.0,55.0,0.255,29.0,88.0,0.33,0.35,6.0,8.0,0.75,6.0,41.0,47.0,53.0,11.0,2.0,30.0,30.0,106.0
TOR,13869,1998.0,Damon Stoudamire,PG,24.0,81.0,81.0,3311.0,18.1,0.528,0.353,0.285,3.3,9.3,6.0,38.2,2.0,0.5,17.5,25.3,,5.8,1.8,7.6,0.11,,3.4,-2.1,1.3,2.8,564.0,1407.0,0.426,176.0,496.0,0.395,388.0,911.0,0.46,0.485,330.0,401.0,0.8440000000000001,86.0,244.0,330.0,709.0,123.0,19.0,288.0,166.0,1634.0
TOT,19237,2008.0,Damon Stoudamire,PG,34.0,71.0,71.0,2839.0,16.8,0.503,0.442,0.263,3.4,10.8,6.5,35.1,2.1,0.2,18.5,22.4,,3.9,0.8,4.7,0.079,,2.5,-1.4,-0.1,1.4,448.0,1091.0,0.41100000000000003,91.0,304.0,0.336,357.0,787.0,0.45399999999999996,0.452,238.0,287.0,0.8290000000000001,87.0,211.0,298.0,580.0,113.0,7.0,223.0,150.0,1225.0
