Tm,Unnamed: 0,Year,Player,Pos,Age,G,GS,MP,PER,TS%,3PAr,FTr,ORB%,DRB%,TRB%,AST%,STL%,BLK%,TOV%,USG%,blanl,OWS,DWS,WS,WS/48,blank2,OBPM,DBPM,BPM,VORP,FG,FGA,FG%,3P,3PA,3P%,2P,2PA,2P%,eFG%,FT,FTA,FT%,ORB,DRB,TRB,AST,STL,BLK,TOV,PF,PTS
HOU,15765,2002.0,Dan Langhi,SF,24.0,34.0,8.0,434.0,9.4,0.41200000000000003,0.032,0.293,6.4,13.1,9.8,5.4,1.5,0.8,6.7,22.9,,-0.1,0.2,0.0,0.001,,-4.5,-1.8,-6.3,-0.5,49.0,125.0,0.392,1.0,4.0,0.25,48.0,121.0,0.397,0.396,16.0,29.0,0.727,22.0,45.0,67.0,14.0,8.0,5.0,9.0,25.0,107.0
PHO,16252,2003.0,Dan Langhi,SF,25.0,60.0,0.0,541.0,9.4,0.434,0.153,0.099,3.9,14.3,9.1,6.4,1.5,0.8,7.1,18.8,,-0.1,0.6,0.4,0.038,,-4.0,-1.4,-5.4,-0.5,81.0,202.0,0.401,9.0,31.0,0.29,72.0,171.0,0.42100000000000004,0.423,12.0,20.0,0.6,19.0,68.0,87.0,21.0,15.0,6.0,16.0,58.0,183.0
GSW,16787,2004.0,Dan Langhi,SF,26.0,4.0,0.0,17.0,-2.1,0.436,0.0,0.33299999999999996,0.0,19.9,9.9,0.0,0.0,0.0,22.5,24.1,,-0.1,0.0,0.0,-0.125,,-13.0,-6.5,-19.4,-0.1,2.0,6.0,0.33299999999999996,0.0,0.0,,2.0,6.0,0.33299999999999996,0.33299999999999996,2.0,2.0,1.0,0.0,3.0,3.0,0.0,0.0,0.0,2.0,5.0,6.0
MIL,16788,2004.0,Dan Langhi,SF,26.0,2.0,0.0,20.0,5.1,0.43799999999999994,0.25,0.0,0.0,5.7,2.8,0.0,0.0,0.0,0.0,18.1,,0.0,0.0,0.0,-0.019,,-4.3,-6.2,-10.5,0.0,3.0,8.0,0.375,1.0,2.0,0.5,2.0,6.0,0.33299999999999996,0.43799999999999994,0.0,0.0,,0.0,1.0,1.0,0.0,0.0,0.0,0.0,2.0,7.0
TOT,16786,2004.0,Dan Langhi,SF,26.0,6.0,0.0,37.0,1.8,0.43700000000000006,0.14300000000000002,0.14300000000000002,0.0,12.2,6.1,0.0,0.0,0.0,11.8,20.9,,-0.1,0.0,-0.1,-0.068,,-8.3,-6.3,-14.6,-0.1,5.0,14.0,0.35700000000000004,1.0,2.0,0.5,4.0,12.0,0.33299999999999996,0.39299999999999996,2.0,2.0,1.0,0.0,4.0,4.0,0.0,0.0,0.0,2.0,7.0,13.0
