Tm,Unnamed: 0,Year,Player,Pos,Age,G,GS,MP,PER,TS%,3PAr,FTr,ORB%,DRB%,TRB%,AST%,STL%,BLK%,TOV%,USG%,blanl,OWS,DWS,WS,WS/48,blank2,OBPM,DBPM,BPM,VORP,FG,FGA,FG%,3P,3PA,3P%,2P,2PA,2P%,eFG%,FT,FTA,FT%,ORB,DRB,TRB,AST,STL,BLK,TOV,PF,PTS
BOS,16519,2004.0,Dana Barros,SG,36.0,80.0,25.0,2328.0,18.6,0.773,0.457,0.667,1.8,9.6,5.3,29.9,2.5,0.6,17.9,20.4,,4.8,1.3,5.6,0.256,,3.1,-2.2,0.7,1.3,379.0,806.0,0.667,150.0,368.0,0.41,229.0,438.0,0.667,0.667,130.0,147.0,1.0,28.0,171.0,192.0,306.0,83.0,6.0,120.0,124.0,1038.0
DET,15536,2002.0,Dana Barros,PG,34.0,60.0,20.0,1079.0,14.3,0.534,0.37,0.19399999999999998,0.6,11.3,5.8,22.5,1.4,0.2,13.9,20.4,,1.4,0.8,2.3,0.10099999999999999,,0.0,-2.0,-2.1,0.0,183.0,412.0,0.444,44.0,105.0,0.419,139.0,307.0,0.45299999999999996,0.498,68.0,80.0,0.85,6.0,88.0,94.0,110.0,30.0,2.0,60.0,63.0,478.0
PHI,11862,1995.0,Dana Barros,PG,27.0,82.0,82.0,3318.0,20.9,0.632,0.40299999999999997,0.331,1.2,8.7,4.8,32.6,2.4,0.1,15.3,21.2,,10.5,2.2,12.7,0.183,,5.9,-1.6,4.3,5.3,571.0,1165.0,0.49,197.0,425.0,0.46399999999999997,374.0,740.0,0.529,0.575,347.0,386.0,0.899,28.0,247.0,274.0,619.0,149.0,5.0,242.0,159.0,1686.0
SEA,10938,1993.0,Dana Barros,PG,25.0,81.0,25.0,1630.0,18.8,0.6,0.377,0.273,2.7,8.7,5.7,21.9,2.5,0.2,13.5,23.3,,2.9,1.4,3.6,0.158,,3.0,-1.2,0.3,0.7,299.0,738.0,0.495,95.0,238.0,0.446,204.0,500.0,0.53,0.5670000000000001,89.0,110.0,0.9179999999999999,35.0,97.0,132.0,205.0,63.0,4.0,123.0,97.0,782.0
