Tm,Unnamed: 0,Year,Player,Pos,Age,G,GS,MP,PER,TS%,3PAr,FTr,ORB%,DRB%,TRB%,AST%,STL%,BLK%,TOV%,USG%,blanl,OWS,DWS,WS,WS/48,blank2,OBPM,DBPM,BPM,VORP,FG,FGA,FG%,3P,3PA,3P%,2P,2PA,2P%,eFG%,FT,FTA,FT%,ORB,DRB,TRB,AST,STL,BLK,TOV,PF,PTS
BOS,9115,1989.0,Danny Ainge,SG,29.0,81.0,81.0,3018.0,17.5,0.598,0.364,0.294,5.0,9.8,6.6,23.1,3.1,0.3,17.5,22.4,,6.7,3.2,8.6,0.136,,3.9,0.4,2.9,3.7,482.0,982.0,0.529,148.0,357.0,0.44299999999999995,404.0,736.0,0.5489999999999999,0.5660000000000001,158.0,180.0,0.904,83.0,193.0,268.0,503.0,122.0,17.0,153.0,259.0,1270.0
TOT,9114,1989.0,Danny Ainge,PG,29.0,73.0,54.0,2377.0,18.0,0.5539999999999999,0.29,0.228,3.3,8.7,6.0,25.3,1.9,0.2,11.1,22.6,,5.2,1.4,6.7,0.135,,4.0,-1.6,2.3,2.6,480.0,1051.0,0.457,116.0,305.0,0.38,364.0,746.0,0.488,0.512,205.0,240.0,0.8540000000000001,71.0,184.0,255.0,402.0,93.0,8.0,145.0,186.0,1281.0
SAC,9550,1990.0,Danny Ainge,PG,30.0,75.0,68.0,2727.0,18.6,0.5539999999999999,0.325,0.242,3.5,10.6,6.8,28.1,2.1,0.4,12.7,23.0,,2.7,2.1,4.8,0.136,,4.5,-0.6,2.8,2.5,506.0,1154.0,0.452,108.0,289.0,0.387,398.0,865.0,0.484,0.515,222.0,267.0,0.831,69.0,257.0,326.0,453.0,113.0,18.0,185.0,238.0,1342.0
POR,10455,1992.0,Danny Ainge,SG,32.0,81.0,6.0,1710.0,17.0,0.574,0.35200000000000004,0.19399999999999998,2.9,10.2,6.6,23.8,2.2,0.5,11.4,20.8,,4.1,2.1,6.2,0.175,,3.4,-0.6,2.8,2.1,337.0,714.0,0.47200000000000003,102.0,251.0,0.406,235.0,463.0,0.508,0.5429999999999999,114.0,138.0,0.826,45.0,160.0,205.0,285.0,73.0,13.0,100.0,195.0,890.0
PHO,11846,1995.0,Danny Ainge,SG,35.0,80.0,1.0,2163.0,14.3,0.596,0.51,0.308,2.6,8.3,5.5,21.7,1.8,0.4,14.2,17.8,,4.5,1.8,6.2,0.139,,3.0,-1.3,1.6,2.0,337.0,730.0,0.462,150.0,372.0,0.40299999999999997,187.0,358.0,0.5579999999999999,0.564,123.0,145.0,0.848,49.0,165.0,214.0,260.0,69.0,8.0,113.0,175.0,947.0
