Tm,Unnamed: 0,Year,Player,Pos,Age,G,GS,MP,PER,TS%,3PAr,FTr,ORB%,DRB%,TRB%,AST%,STL%,BLK%,TOV%,USG%,blanl,OWS,DWS,WS,WS/48,blank2,OBPM,DBPM,BPM,VORP,FG,FGA,FG%,3P,3PA,3P%,2P,2PA,2P%,eFG%,FT,FTA,FT%,ORB,DRB,TRB,AST,STL,BLK,TOV,PF,PTS
DET,11356,1993.0,Danny Young,PG,30.0,65.0,2.0,836.0,10.4,0.519,0.40700000000000003,0.192,1.6,4.7,3.1,19.2,1.9,0.4,14.2,10.8,,0.9,0.5,1.4,0.081,,-1.8,-0.9,-2.7,-0.2,69.0,167.0,0.413,22.0,68.0,0.324,47.0,99.0,0.475,0.479,28.0,32.0,0.875,13.0,34.0,47.0,119.0,31.0,5.0,30.0,36.0,188.0
LAC,10906,1992.0,Danny Young,PG,29.0,44.0,5.0,889.0,11.2,0.493,0.27899999999999997,0.247,2.0,6.3,4.1,22.8,2.2,0.3,15.0,13.4,,0.6,0.9,1.6,0.086,,-1.6,-0.5,-2.1,0.0,84.0,215.0,0.391,20.0,60.0,0.33299999999999996,64.0,155.0,0.413,0.43700000000000006,47.0,53.0,0.887,16.0,50.0,66.0,152.0,40.0,4.0,42.0,47.0,235.0
MIL,12291,1995.0,Danny Young,PG,32.0,7.0,0.0,77.0,14.3,0.688,0.706,0.059000000000000004,1.5,6.4,3.9,24.2,2.7,0.0,18.7,12.3,,0.2,0.0,0.2,0.141,,1.5,-2.9,-1.4,0.0,9.0,17.0,0.529,5.0,12.0,0.41700000000000004,4.0,5.0,0.8,0.6759999999999999,1.0,1.0,1.0,1.0,4.0,5.0,12.0,4.0,0.0,4.0,8.0,24.0
POR,10905,1992.0,Danny Young,PG,29.0,82.0,8.0,1393.0,11.8,0.534,0.384,0.35,2.7,7.4,4.8,20.7,2.8,0.5,17.5,15.5,,1.0,1.9,3.0,0.109,,-0.8,1.0,-0.3,0.6,138.0,328.0,0.46,36.0,104.0,0.34600000000000003,122.0,269.0,0.49,0.494,91.0,112.0,0.9109999999999999,29.0,93.0,122.0,231.0,82.0,7.0,80.0,84.0,383.0
SEA,9105,1988.0,Danny Young,PG,25.0,82.0,29.0,1901.0,13.7,0.573,0.353,0.247,2.1,13.4,6.7,29.2,5.6,0.3,21.0,19.3,,2.7,2.1,4.8,0.122,,0.1,2.1,0.1,1.0,227.0,449.0,0.506,29.0,79.0,0.36700000000000005,203.0,375.0,0.541,0.532,90.0,106.0,0.8490000000000001,29.0,91.0,120.0,353.0,110.0,9.0,92.0,113.0,568.0
TOT,10904,1992.0,Danny Young,PG,29.0,62.0,5.0,1023.0,11.3,0.49200000000000005,0.275,0.263,1.7,6.4,4.1,22.4,2.2,0.2,14.2,13.7,,0.8,1.1,1.9,0.08900000000000001,,-1.6,-0.7,-2.3,-0.1,100.0,255.0,0.392,23.0,70.0,0.32899999999999996,77.0,185.0,0.41600000000000004,0.43700000000000006,57.0,67.0,0.851,16.0,59.0,75.0,172.0,46.0,4.0,47.0,53.0,280.0
