Tm,Unnamed: 0,Year,Player,Pos,Age,G,GS,MP,PER,TS%,3PAr,FTr,ORB%,DRB%,TRB%,AST%,STL%,BLK%,TOV%,USG%,blanl,OWS,DWS,WS,WS/48,blank2,OBPM,DBPM,BPM,VORP,FG,FGA,FG%,3P,3PA,3P%,2P,2PA,2P%,eFG%,FT,FTA,FT%,ORB,DRB,TRB,AST,STL,BLK,TOV,PF,PTS
IND,22484,2014.0,Danny Granger,SF,30.0,82.0,80.0,2876.0,21.8,0.584,0.42200000000000004,0.376,8.8,16.0,12.5,13.6,2.0,3.0,12.8,29.6,,5.6,3.2,8.0,0.158,,3.8,2.6,2.9,3.0,571.0,1277.0,0.462,182.0,450.0,0.40399999999999997,389.0,853.0,0.49700000000000005,0.522,404.0,466.0,0.9620000000000001,131.0,393.0,486.0,203.0,95.0,97.0,206.0,290.0,1728.0
LAC,22485,2014.0,Danny Granger,SF,30.0,12.0,0.0,194.0,12.6,0.532,0.405,0.16699999999999998,4.2,11.6,8.0,6.6,0.8,1.6,10.0,22.8,,0.1,0.2,0.3,0.07,,-1.1,-2.3,-3.4,-0.1,36.0,84.0,0.429,12.0,34.0,0.353,24.0,50.0,0.48,0.5,12.0,14.0,0.857,7.0,21.0,28.0,8.0,3.0,4.0,10.0,21.0,96.0
TOT,22483,2014.0,Danny Granger,SF,30.0,41.0,2.0,847.0,10.9,0.502,0.41700000000000004,0.218,4.3,12.9,8.8,7.8,0.7,1.5,12.0,20.5,,0.1,1.2,1.3,0.073,,-2.2,-0.6,-2.8,-0.2,116.0,307.0,0.37799999999999995,43.0,128.0,0.336,73.0,179.0,0.408,0.44799999999999995,63.0,67.0,0.94,31.0,102.0,133.0,41.0,12.0,17.0,46.0,62.0,338.0
MIA,23090,2015.0,Danny Granger,SF,31.0,30.0,6.0,613.0,8.6,0.527,0.519,0.228,4.0,11.5,7.8,4.4,1.1,0.8,11.9,15.5,,0.2,0.3,0.6,0.046,,-1.5,-1.8,-3.2,-0.2,65.0,162.0,0.401,30.0,84.0,0.35700000000000004,35.0,78.0,0.449,0.494,28.0,37.0,0.757,20.0,60.0,80.0,17.0,13.0,6.0,24.0,67.0,188.0
