Tm,Unnamed: 0,Year,Player,Pos,Age,G,GS,MP,PER,TS%,3PAr,FTr,ORB%,DRB%,TRB%,AST%,STL%,BLK%,TOV%,USG%,blanl,OWS,DWS,WS,WS/48,blank2,OBPM,DBPM,BPM,VORP,FG,FGA,FG%,3P,3PA,3P%,2P,2PA,2P%,eFG%,FT,FTA,FT%,ORB,DRB,TRB,AST,STL,BLK,TOV,PF,PTS
CHA,20653,2011.0,Dante Cunningham,PF,23.0,22.0,9.0,529.0,13.1,0.525,0.05,0.094,5.2,15.0,10.1,4.5,1.5,1.7,8.7,18.3,,0.2,0.5,0.7,0.065,,-2.6,-0.6,-3.2,-0.2,92.0,181.0,0.508,1.0,9.0,0.111,91.0,172.0,0.529,0.511,13.0,17.0,0.765,23.0,65.0,88.0,13.0,15.0,11.0,18.0,38.0,198.0
MEM,21234,2012.0,Dante Cunningham,PF,24.0,64.0,5.0,1124.0,14.9,0.5379999999999999,0.006999999999999999,0.247,9.3,16.4,12.8,5.2,2.0,2.5,8.6,13.6,,1.8,1.7,3.4,0.147,,-0.8,1.6,0.8,0.8,144.0,279.0,0.516,0.0,2.0,0.0,144.0,277.0,0.52,0.516,45.0,69.0,0.652,91.0,155.0,246.0,37.0,42.0,34.0,29.0,98.0,333.0
MIN,22395,2014.0,Dante Cunningham,PF,26.0,81.0,9.0,2010.0,13.3,0.485,0.01,0.154,7.8,15.6,11.6,7.7,2.2,2.7,7.3,17.2,,1.1,2.4,3.5,0.085,,-2.1,2.1,-0.1,0.8,314.0,671.0,0.46799999999999997,0.0,6.0,0.0,314.0,665.0,0.47200000000000003,0.46799999999999997,67.0,103.0,0.65,142.0,266.0,408.0,83.0,84.0,58.0,56.0,153.0,695.0
NOP,24214,2017.0,Dante Cunningham,SF,29.0,80.0,46.0,1971.0,10.2,0.586,0.504,0.19899999999999998,4.8,14.2,8.9,5.6,1.5,1.7,8.9,11.0,,1.5,1.6,3.0,0.08800000000000001,,-1.1,1.0,-0.5,0.6,186.0,412.0,0.485,71.0,181.0,0.392,154.0,329.0,0.579,0.584,57.0,82.0,0.695,70.0,221.0,277.0,77.0,46.0,37.0,41.0,173.0,484.0
POR,20652,2011.0,Dante Cunningham,PF,23.0,63.0,9.0,1108.0,14.3,0.517,0.013999999999999999,0.22399999999999998,9.4,18.7,14.0,4.3,1.9,2.5,9.6,16.8,,0.9,1.2,1.9,0.129,,-2.1,1.0,-1.9,0.0,126.0,291.0,0.495,0.0,4.0,0.0,126.0,287.0,0.5,0.495,32.0,48.0,0.711,73.0,116.0,189.0,30.0,39.0,32.0,33.0,139.0,284.0
TOT,20651,2011.0,Dante Cunningham,PF,23.0,78.0,18.0,1637.0,10.7,0.483,0.027999999999999997,0.131,6.9,13.9,10.3,4.3,1.8,2.2,9.3,15.7,,0.3,1.7,2.0,0.06,,-3.2,0.5,-2.8,-0.3,218.0,472.0,0.462,1.0,13.0,0.077,217.0,459.0,0.473,0.46299999999999997,45.0,62.0,0.726,96.0,181.0,277.0,43.0,54.0,43.0,51.0,177.0,482.0
