Tm,Unnamed: 0,Year,Player,Pos,Age,G,GS,MP,PER,TS%,3PAr,FTr,ORB%,DRB%,TRB%,AST%,STL%,BLK%,TOV%,USG%,blanl,OWS,DWS,WS,WS/48,blank2,OBPM,DBPM,BPM,VORP,FG,FGA,FG%,3P,3PA,3P%,2P,2PA,2P%,eFG%,FT,FTA,FT%,ORB,DRB,TRB,AST,STL,BLK,TOV,PF,PTS
CHI,18122,2006.0,Darius Songaila,PF,27.0,62.0,7.0,1329.0,13.6,0.524,0.01,0.23399999999999999,6.6,14.6,10.6,11.5,1.4,0.9,13.6,21.3,,0.7,1.8,2.5,0.09,,-1.9,0.8,-1.1,0.3,236.0,491.0,0.48100000000000004,2.0,5.0,0.4,234.0,486.0,0.48100000000000004,0.483,94.0,115.0,0.8170000000000001,76.0,170.0,246.0,88.0,35.0,16.0,85.0,157.0,568.0
NOH,20410,2010.0,Darius Songaila,C,31.0,75.0,1.0,1410.0,11.6,0.522,0.012,0.152,4.8,14.7,9.7,7.9,2.3,0.8,13.5,19.5,,0.0,1.2,1.3,0.044000000000000004,,-3.1,0.0,-3.1,-0.4,241.0,488.0,0.494,1.0,6.0,0.16699999999999998,240.0,482.0,0.498,0.495,60.0,74.0,0.8109999999999999,59.0,173.0,232.0,70.0,62.0,14.0,81.0,206.0,543.0
PHI,21017,2011.0,Darius Songaila,C,32.0,10.0,0.0,71.0,1.2,0.47700000000000004,0.0,0.267,3.2,13.0,8.1,4.1,0.0,0.0,19.3,13.5,,-0.1,0.1,0.0,-0.019,,-6.9,-1.9,-8.8,-0.1,7.0,15.0,0.467,0.0,0.0,,7.0,15.0,0.467,0.467,2.0,4.0,0.5,2.0,8.0,10.0,2.0,0.0,0.0,4.0,16.0,16.0
SAC,17554,2005.0,Darius Songaila,PF,26.0,81.0,21.0,1668.0,14.9,0.5660000000000001,0.006,0.322,10.8,15.2,13.1,10.5,2.2,0.9,12.1,16.4,,3.1,1.2,4.3,0.129,,-0.1,-0.4,-0.5,0.6,257.0,488.0,0.527,0.0,3.0,0.0,257.0,485.0,0.53,0.527,94.0,111.0,0.847,125.0,219.0,344.0,114.0,51.0,18.0,70.0,206.0,608.0
WAS,19840,2009.0,Darius Songaila,PF,30.0,80.0,29.0,1554.0,13.9,0.57,0.009000000000000001,0.24,7.0,15.2,11.0,14.2,2.2,1.1,14.7,18.3,,1.8,1.2,2.4,0.078,,-0.8,0.0,-1.5,0.2,243.0,467.0,0.532,0.0,2.0,0.0,243.0,465.0,0.5329999999999999,0.532,80.0,90.0,0.9179999999999999,81.0,190.0,271.0,135.0,64.0,20.0,86.0,200.0,566.0
