Tm,Unnamed: 0,Year,Player,Pos,Age,G,GS,MP,PER,TS%,3PAr,FTr,ORB%,DRB%,TRB%,AST%,STL%,BLK%,TOV%,USG%,blanl,OWS,DWS,WS,WS/48,blank2,OBPM,DBPM,BPM,VORP,FG,FGA,FG%,3P,3PA,3P%,2P,2PA,2P%,eFG%,FT,FTA,FT%,ORB,DRB,TRB,AST,STL,BLK,TOV,PF,PTS
CLE,16834,2004.0,Darius Miles,SF,22.0,67.0,62.0,2008.0,12.7,0.455,0.091,0.24100000000000002,6.2,14.8,10.4,15.7,1.7,2.4,20.0,21.1,,-0.2,1.4,0.6,0.032,,-1.8,0.6,-1.8,0.0,263.0,642.0,0.43200000000000005,5.0,30.0,0.16699999999999998,263.0,628.0,0.45799999999999996,0.44,92.0,155.0,0.594,113.0,250.0,363.0,176.0,67.0,69.0,178.0,159.0,618.0
LAC,15809,2002.0,Darius Miles,SF,20.0,82.0,21.0,2227.0,14.7,0.518,0.03,0.397,7.0,18.3,12.8,13.5,1.7,4.1,17.5,19.1,,0.8,2.6,3.4,0.07400000000000001,,-1.6,2.1,0.5,1.4,318.0,642.0,0.505,3.0,19.0,0.158,317.0,623.0,0.519,0.506,158.0,255.0,0.62,127.0,350.0,477.0,184.0,71.0,125.0,160.0,191.0,779.0
MEM,19696,2009.0,Darius Miles,SF,27.0,34.0,0.0,298.0,16.1,0.5329999999999999,0.061,0.313,7.7,15.9,11.7,10.1,2.0,5.5,15.7,21.0,,0.1,0.4,0.5,0.077,,-2.9,1.6,-1.2,0.1,48.0,99.0,0.485,1.0,6.0,0.16699999999999998,47.0,93.0,0.505,0.49,23.0,31.0,0.742,19.0,38.0,57.0,17.0,11.0,20.0,21.0,32.0,120.0
POR,17992,2006.0,Darius Miles,SF,24.0,63.0,40.0,1699.0,18.6,0.5589999999999999,0.033,0.32,6.4,15.0,10.2,14.2,2.4,3.3,16.6,25.7,,2.1,2.0,3.0,0.121,,0.8,1.2,0.9,0.9,336.0,697.0,0.526,8.0,23.0,0.348,328.0,674.0,0.534,0.528,129.0,215.0,0.7020000000000001,71.0,228.0,299.0,129.0,75.0,78.0,157.0,189.0,809.0
TOT,16833,2004.0,Darius Miles,SF,22.0,79.0,56.0,2079.0,16.1,0.514,0.053,0.256,6.2,13.6,9.9,14.0,1.8,2.1,13.4,21.5,,1.9,1.7,3.6,0.083,,-0.3,0.1,-0.3,0.9,365.0,753.0,0.485,7.0,40.0,0.175,358.0,713.0,0.502,0.489,124.0,193.0,0.642,112.0,247.0,359.0,162.0,67.0,61.0,130.0,168.0,861.0
