Tm,Unnamed: 0,Year,Player,Pos,Age,G,GS,MP,PER,TS%,3PAr,FTr,ORB%,DRB%,TRB%,AST%,STL%,BLK%,TOV%,USG%,blanl,OWS,DWS,WS,WS/48,blank2,OBPM,DBPM,BPM,VORP,FG,FGA,FG%,3P,3PA,3P%,2P,2PA,2P%,eFG%,FT,FTA,FT%,ORB,DRB,TRB,AST,STL,BLK,TOV,PF,PTS
BOS,8765,1988.0,Darren Daye,SF,27.0,61.0,8.0,724.0,13.6,0.5539999999999999,0.005,0.401,6.3,12.5,9.6,14.7,2.2,0.5,19.5,19.6,,0.7,0.8,1.2,0.086,,-0.3,0.0,-1.4,0.1,112.0,217.0,0.516,0.0,1.0,0.0,112.0,216.0,0.519,0.516,59.0,87.0,0.6779999999999999,37.0,87.0,124.0,75.0,29.0,7.0,56.0,98.0,283.0
CHI,8379,1987.0,Darren Daye,SF,26.0,1.0,0.0,7.0,-5.2,,,,0.0,16.5,8.1,16.8,0.0,0.0,100.0,6.0,,0.0,0.0,0.0,-0.124,,-11.9,0.5,-11.4,0.0,0.0,0.0,,0.0,0.0,,0.0,0.0,,,0.0,0.0,,0.0,1.0,1.0,1.0,0.0,0.0,1.0,2.0,0.0
TOT,8378,1987.0,Darren Daye,SF,26.0,62.0,2.0,731.0,9.5,0.512,0.0,0.322,6.2,12.5,9.6,13.3,1.7,0.5,19.8,16.8,,-0.2,0.8,0.6,0.040999999999999995,,-3.0,0.0,-3.0,-0.2,101.0,202.0,0.5,0.0,0.0,,101.0,202.0,0.5,0.5,34.0,65.0,0.523,37.0,88.0,125.0,76.0,25.0,7.0,57.0,100.0,236.0
WSB,8003,1986.0,Darren Daye,SF,25.0,80.0,8.0,1573.0,16.4,0.5660000000000001,0.015,0.594,9.0,12.9,9.5,21.8,2.1,0.7,17.9,23.4,,1.8,2.1,3.8,0.11699999999999999,,0.0,0.7,0.6,1.0,258.0,504.0,0.512,1.0,7.0,0.33299999999999996,257.0,497.0,0.517,0.513,178.0,249.0,0.715,93.0,179.0,272.0,240.0,53.0,19.0,134.0,164.0,695.0
