Tm,Unnamed: 0,Year,Player,Pos,Age,G,GS,MP,PER,TS%,3PAr,FTr,ORB%,DRB%,TRB%,AST%,STL%,BLK%,TOV%,USG%,blanl,OWS,DWS,WS,WS/48,blank2,OBPM,DBPM,BPM,VORP,FG,FGA,FG%,3P,3PA,3P%,2P,2PA,2P%,eFG%,FT,FTA,FT%,ORB,DRB,TRB,AST,STL,BLK,TOV,PF,PTS
DAL,21781,2013.0,Darren Collison,PG,25.0,81.0,47.0,2372.0,16.3,0.575,0.188,0.38,1.5,8.7,5.1,26.8,2.2,0.3,17.0,19.6,,4.0,1.7,5.6,0.114,,1.1,-0.9,0.2,1.3,341.0,724.0,0.47100000000000003,48.0,136.0,0.353,293.0,588.0,0.498,0.504,242.0,275.0,0.88,31.0,188.0,219.0,415.0,100.0,8.0,173.0,139.0,972.0
IND,21224,2012.0,Darren Collison,PG,24.0,79.0,79.0,2360.0,15.6,0.534,0.18,0.293,1.9,9.3,5.6,28.9,1.9,0.6,16.6,21.9,,2.3,2.2,4.3,0.098,,0.5,-0.8,-0.3,0.8,398.0,870.0,0.457,41.0,124.0,0.36200000000000004,357.0,746.0,0.479,0.48100000000000004,202.0,232.0,0.871,40.0,185.0,225.0,403.0,87.0,14.0,194.0,109.0,1039.0
LAC,22383,2014.0,Darren Collison,PG,26.0,80.0,35.0,2069.0,16.2,0.575,0.272,0.32299999999999995,2.6,7.3,5.0,21.9,2.2,0.6,14.3,19.7,,3.8,2.0,5.9,0.136,,1.4,-0.4,1.0,1.6,324.0,694.0,0.467,71.0,189.0,0.376,253.0,505.0,0.501,0.518,192.0,224.0,0.857,47.0,141.0,188.0,297.0,93.0,15.0,132.0,150.0,911.0
NOH,20032,2010.0,Darren Collison,PG,22.0,76.0,37.0,2109.0,16.5,0.546,0.146,0.221,2.2,8.6,5.3,32.9,1.9,0.1,18.9,23.1,,1.9,1.1,2.9,0.067,,0.2,-1.9,-1.7,0.2,376.0,789.0,0.47700000000000004,46.0,115.0,0.4,330.0,674.0,0.49,0.506,148.0,174.0,0.851,41.0,151.0,192.0,432.0,78.0,4.0,202.0,92.0,946.0
SAC,24199,2017.0,Darren Collison,PG,29.0,74.0,64.0,2219.0,17.5,0.591,0.293,0.335,1.4,8.7,5.2,27.2,2.2,0.7,15.1,20.9,,4.5,0.8,5.2,0.11599999999999999,,2.8,-1.3,1.5,1.4,377.0,776.0,0.486,87.0,217.0,0.41700000000000004,290.0,559.0,0.519,0.542,194.0,226.0,0.86,28.0,141.0,169.0,318.0,76.0,14.0,130.0,142.0,1035.0
