Tm,Unnamed: 0,Year,Player,Pos,Age,G,GS,MP,PER,TS%,3PAr,FTr,ORB%,DRB%,TRB%,AST%,STL%,BLK%,TOV%,USG%,blanl,OWS,DWS,WS,WS/48,blank2,OBPM,DBPM,BPM,VORP,FG,FGA,FG%,3P,3PA,3P%,2P,2PA,2P%,eFG%,FT,FTA,FT%,ORB,DRB,TRB,AST,STL,BLK,TOV,PF,PTS
ORL,16024,2003.0,Darrell Armstrong,PG,34.0,82.0,82.0,2767.0,40.2,0.622,0.75,0.341,14.8,10.2,7.6,76.1,7.7,0.7,20.8,53.0,,5.8,3.4,8.7,0.49200000000000005,,31.7,3.1,34.8,4.2,484.0,1119.0,0.5,143.0,403.0,0.5,347.0,716.0,0.5,0.594,225.0,249.0,1.0,94.0,249.0,343.0,524.0,169.0,13.0,248.0,167.0,1330.0
NOH,17097,2005.0,Darrell Armstrong,PG,36.0,79.0,22.0,2247.0,15.6,0.525,0.583,0.196,4.4,9.6,6.9,28.5,3.2,0.5,16.2,22.1,,2.8,2.5,5.3,0.114,,2.3,-0.3,1.9,2.2,291.0,736.0,0.395,135.0,429.0,0.315,156.0,307.0,0.508,0.48700000000000004,123.0,144.0,0.905,63.0,163.0,226.0,311.0,133.0,16.0,155.0,148.0,840.0
TOT,17096,2005.0,Darrell Armstrong,PG,36.0,66.0,16.0,988.0,11.0,0.43,0.401,0.245,4.0,9.3,6.7,27.9,2.4,0.6,17.9,17.3,,-0.2,1.0,0.8,0.039,,-1.2,-0.4,-1.6,0.1,89.0,277.0,0.321,28.0,111.0,0.252,61.0,166.0,0.36700000000000005,0.37200000000000005,58.0,68.0,0.853,35.0,80.0,115.0,178.0,45.0,8.0,67.0,92.0,264.0
DAL,17681,2006.0,Darrell Armstrong,PG,37.0,62.0,7.0,622.0,10.9,0.444,0.375,0.39799999999999996,3.8,12.0,7.8,27.5,2.7,0.8,28.4,15.4,,0.1,0.7,0.8,0.069,,-1.6,0.2,-1.5,0.1,43.0,128.0,0.336,11.0,48.0,0.268,32.0,80.0,0.4,0.379,39.0,47.0,0.83,19.0,63.0,81.0,113.0,30.0,6.0,58.0,71.0,130.0
IND,18243,2007.0,Darrell Armstrong,PG,38.0,81.0,4.0,1275.0,15.1,0.547,0.568,0.247,3.0,9.3,6.1,24.8,2.9,0.4,15.4,17.4,,1.7,1.5,3.2,0.121,,1.7,-0.6,1.1,1.0,156.0,377.0,0.414,72.0,214.0,0.336,84.0,163.0,0.515,0.509,73.0,93.0,0.785,34.0,101.0,135.0,191.0,70.0,6.0,76.0,102.0,457.0
NJN,18767,2008.0,Darrell Armstrong,PG,39.0,50.0,2.0,549.0,8.7,0.499,0.627,0.273,3.6,10.6,7.1,20.5,2.7,0.3,25.0,13.7,,-0.2,0.5,0.3,0.024,,-2.6,-0.4,-3.0,-0.1,40.0,110.0,0.364,23.0,69.0,0.33299999999999996,17.0,41.0,0.415,0.46799999999999997,20.0,30.0,0.667,17.0,50.0,67.0,73.0,28.0,2.0,41.0,53.0,123.0
