Tm,Unnamed: 0,Year,Player,Pos,Age,G,GS,MP,PER,TS%,3PAr,FTr,ORB%,DRB%,TRB%,AST%,STL%,BLK%,TOV%,USG%,blanl,OWS,DWS,WS,WS/48,blank2,OBPM,DBPM,BPM,VORP,FG,FGA,FG%,3P,3PA,3P%,2P,2PA,2P%,eFG%,FT,FTA,FT%,ORB,DRB,TRB,AST,STL,BLK,TOV,PF,PTS
SAC,19288,2008.0,Darryl Watkins,C,23.0,9.0,0.0,71.0,0.5,0.349,0.0,0.33299999999999996,8.5,11.4,10.0,0.0,1.4,2.2,28.9,15.2,,-0.2,0.0,-0.2,-0.136,,-10.1,-2.7,-12.8,-0.2,5.0,15.0,0.33299999999999996,0.0,0.0,,5.0,15.0,0.33299999999999996,0.33299999999999996,2.0,5.0,0.4,5.0,7.0,12.0,0.0,2.0,2.0,7.0,8.0,12.0
NOH,21640,2012.0,Darryl Watkins,C,27.0,5.0,0.0,98.0,10.8,0.525,0.0,1.286,9.9,22.7,16.4,4.7,2.8,3.4,26.7,14.4,,-0.1,0.2,0.1,0.055999999999999994,,-4.6,2.8,-1.8,0.0,7.0,14.0,0.5,0.0,0.0,,7.0,14.0,0.5,0.5,9.0,18.0,0.5,8.0,19.0,27.0,3.0,5.0,4.0,8.0,14.0,23.0
