Tm,Unnamed: 0,Year,Player,Pos,Age,G,GS,MP,PER,TS%,3PAr,FTr,ORB%,DRB%,TRB%,AST%,STL%,BLK%,TOV%,USG%,blanl,OWS,DWS,WS,WS/48,blank2,OBPM,DBPM,BPM,VORP,FG,FGA,FG%,3P,3PA,3P%,2P,2PA,2P%,eFG%,FT,FTA,FT%,ORB,DRB,TRB,AST,STL,BLK,TOV,PF,PTS
CHI,11313,1993.0,Darrell Walker,PG,31.0,28.0,0.0,367.0,8.9,0.42,0.0,0.26,5.5,6.8,6.1,15.1,3.3,0.4,12.3,11.5,,0.1,0.5,0.6,0.073,,-2.6,0.9,-1.7,0.0,31.0,77.0,0.40299999999999997,0.0,0.0,,31.0,77.0,0.40299999999999997,0.40299999999999997,10.0,20.0,0.5,18.0,21.0,39.0,44.0,23.0,2.0,12.0,51.0,72.0
DEN,8638,1987.0,Darrell Walker,PG,25.0,81.0,25.0,2020.0,15.8,0.547,0.005,0.49200000000000005,7.7,9.4,8.5,18.1,2.7,1.0,17.2,20.7,,2.0,1.8,3.8,0.09,,0.4,0.3,0.7,1.4,358.0,742.0,0.48200000000000004,0.0,4.0,0.0,358.0,738.0,0.485,0.48200000000000004,272.0,365.0,0.745,157.0,170.0,327.0,282.0,120.0,37.0,187.0,229.0,988.0
DET,11312,1993.0,Darrell Walker,SG,31.0,74.0,4.0,1541.0,10.9,0.45299999999999996,0.053,0.316,6.3,12.1,8.7,18.9,3.6,0.7,37.5,14.4,,0.3,2.1,2.4,0.075,,-2.1,3.7,-0.2,0.7,161.0,381.0,0.423,0.0,10.0,0.0,161.0,371.0,0.434,0.423,65.0,105.0,0.619,85.0,153.0,238.0,205.0,63.0,18.0,79.0,134.0,387.0
NYK,8255,1986.0,Darrell Walker,PG,24.0,82.0,66.0,2489.0,15.9,0.508,0.028999999999999998,0.508,6.8,8.5,7.7,31.1,4.6,1.1,23.4,26.1,,0.5,3.0,2.8,0.083,,0.1,2.4,2.0,1.8,430.0,989.0,0.435,4.0,17.0,0.267,430.0,972.0,0.442,0.435,243.0,347.0,0.7909999999999999,128.0,150.0,278.0,408.0,167.0,36.0,204.0,244.0,1103.0
TOT,11311,1993.0,Darrell Walker,PG-SG,31.0,37.0,2.0,511.0,6.4,0.37200000000000005,0.01,0.271,4.8,8.3,6.5,13.1,3.3,0.3,18.9,11.2,,-0.4,0.6,0.2,0.019,,-4.5,1.7,-2.8,-0.1,34.0,96.0,0.354,0.0,1.0,0.0,34.0,95.0,0.358,0.354,12.0,26.0,0.462,22.0,36.0,58.0,53.0,33.0,2.0,25.0,63.0,80.0
WSB,10406,1991.0,Darrell Walker,SG,29.0,81.0,81.0,2883.0,15.6,0.49200000000000005,0.03,0.361,6.6,20.4,13.4,28.4,3.2,0.8,20.3,17.8,,2.7,3.6,6.3,0.105,,0.2,2.7,2.8,3.5,316.0,696.0,0.45399999999999996,2.0,21.0,0.095,314.0,675.0,0.465,0.455,142.0,201.0,0.7809999999999999,173.0,541.0,714.0,652.0,155.0,33.0,184.0,220.0,772.0
