Tm,Unnamed: 0,Year,Player,Pos,Age,G,GS,MP,PER,TS%,3PAr,FTr,ORB%,DRB%,TRB%,AST%,STL%,BLK%,TOV%,USG%,blanl,OWS,DWS,WS,WS/48,blank2,OBPM,DBPM,BPM,VORP,FG,FGA,FG%,3P,3PA,3P%,2P,2PA,2P%,eFG%,FT,FTA,FT%,ORB,DRB,TRB,AST,STL,BLK,TOV,PF,PTS
CIN,3415,1972.0,Darrall Imhoff,C,33.0,34.0,,826.0,11.3,0.474,,0.28300000000000003,,,17.6,11.7,,,,,,0.2,0.7,0.9,0.052000000000000005,,,,,,119.0,258.0,0.461,,,,119.0,258.0,0.461,0.461,37.0,73.0,0.507,,,233.0,79.0,,,,120.0,275.0
DET,2008,1964.0,Darrall Imhoff,C,25.0,58.0,,871.0,10.9,0.46,,0.45399999999999996,,,,,,,,,,0.2,0.5,0.7,0.038,,,,,,104.0,251.0,0.414,,,,104.0,251.0,0.414,0.414,69.0,114.0,0.605,,,283.0,56.0,,,,167.0,277.0
LAL,2558,1968.0,Darrall Imhoff,C,29.0,82.0,,2725.0,14.5,0.516,,0.495,,,,10.9,,,,,,2.3,3.0,5.0,0.10400000000000001,,,,,,370.0,780.0,0.478,,,,370.0,780.0,0.478,0.478,177.0,286.0,0.619,,,1080.0,222.0,,,,281.0,867.0
NYK,1738,1962.0,Darrall Imhoff,C,23.0,76.0,,1481.0,9.1,0.41600000000000004,,0.31,,,,,,,,,,-0.3,1.4,0.7,0.021,,,,,,186.0,482.0,0.39399999999999996,,,,186.0,482.0,0.39399999999999996,0.39399999999999996,80.0,139.0,0.5760000000000001,,,470.0,82.0,,,,230.0,452.0
PHI,2950,1970.0,Darrall Imhoff,C,31.0,82.0,,2474.0,15.5,0.5710000000000001,,0.5479999999999999,,,,11.1,,,,,,4.9,3.4,8.2,0.159,,,,,,430.0,796.0,0.54,,,,430.0,796.0,0.54,0.54,215.0,331.0,0.65,,,792.0,218.0,,,,310.0,1075.0
POR,3416,1972.0,Darrall Imhoff,C,33.0,40.0,,404.0,9.4,0.44299999999999995,,0.34,,,12.4,16.1,,,,,,-0.1,0.1,0.0,0.001,,,,,,42.0,103.0,0.408,,,,42.0,103.0,0.408,0.408,21.0,35.0,0.6,,,107.0,50.0,,,,76.0,105.0
TOT,3414,1972.0,Darrall Imhoff,C,33.0,49.0,,480.0,8.6,0.424,,0.326,,,13.3,14.1,,,,,,-0.3,0.2,-0.2,-0.016,,,,,,52.0,132.0,0.39399999999999996,,,,52.0,132.0,0.39399999999999996,0.39399999999999996,24.0,43.0,0.5579999999999999,,,134.0,52.0,,,,98.0,128.0
