Tm,Unnamed: 0,Year,Player,Pos,Age,G,GS,MP,PER,TS%,3PAr,FTr,ORB%,DRB%,TRB%,AST%,STL%,BLK%,TOV%,USG%,blanl,OWS,DWS,WS,WS/48,blank2,OBPM,DBPM,BPM,VORP,FG,FGA,FG%,3P,3PA,3P%,2P,2PA,2P%,eFG%,FT,FTA,FT%,ORB,DRB,TRB,AST,STL,BLK,TOV,PF,PTS
CLE,3798,1973.0,Dave Sorenson,PF,24.0,79.0,,1940.0,15.2,0.49700000000000005,,0.28800000000000003,,,13.9,12.8,,,,,,1.9,1.1,2.6,0.086,,,,,,353.0,794.0,0.44799999999999995,,,,353.0,794.0,0.44799999999999995,0.44799999999999995,184.0,229.0,0.8029999999999999,,,486.0,163.0,,,,181.0,890.0
PHI,3799,1973.0,Dave Sorenson,PF,24.0,48.0,,626.0,14.3,0.504,,0.319,,,12.3,7.1,,,,,,0.7,0.3,1.1,0.081,,,,,,113.0,248.0,0.456,,,,113.0,248.0,0.456,0.456,59.0,79.0,0.747,,,173.0,31.0,,,,91.0,285.0
TOT,3797,1973.0,Dave Sorenson,PF,24.0,58.0,,755.0,12.4,0.469,,0.307,,,12.6,6.7,,,,,,0.1,0.5,0.7,0.042,,,,,,124.0,293.0,0.423,,,,124.0,293.0,0.423,0.423,64.0,90.0,0.711,,,210.0,36.0,,,,107.0,312.0
