Tm,Unnamed: 0,Year,Player,Pos,Age,G,GS,MP,PER,TS%,3PAr,FTr,ORB%,DRB%,TRB%,AST%,STL%,BLK%,TOV%,USG%,blanl,OWS,DWS,WS,WS/48,blank2,OBPM,DBPM,BPM,VORP,FG,FGA,FG%,3P,3PA,3P%,2P,2PA,2P%,eFG%,FT,FTA,FT%,ORB,DRB,TRB,AST,STL,BLK,TOV,PF,PTS
BAL,3801,1973.0,Dave Stallworth,SF,31.0,73.0,,1815.0,13.0,0.48100000000000004,,0.23199999999999998,,,10.3,11.8,,,,,,0.7,1.8,2.5,0.067,,,,,,303.0,690.0,0.439,,,,303.0,690.0,0.439,0.439,123.0,153.0,0.804,,,398.0,133.0,,,,186.0,729.0
CAP,4052,1974.0,Dave Stallworth,SF,32.0,45.0,,458.0,15.0,0.466,,0.294,10.7,15.4,13.0,7.6,2.8,0.4,,,,0.3,0.8,1.1,0.11699999999999999,,-1.2,0.4,-0.9,0.1,75.0,187.0,0.401,,,,75.0,187.0,0.401,0.401,47.0,55.0,0.855,52.0,73.0,125.0,25.0,28.0,4.0,,61.0,197.0
NYK,4320,1975.0,Dave Stallworth,SF,33.0,82.0,,1893.0,16.3,0.517,,0.45899999999999996,10.8,26.0,18.3,15.0,2.4,2.8,,,,3.2,2.8,3.9,0.11900000000000001,,-8.2,1.4,-6.8,-0.1,380.0,820.0,0.466,,,,380.0,820.0,0.466,0.466,258.0,376.0,0.8290000000000001,6.0,14.0,492.0,186.0,3.0,3.0,,237.0,1004.0
TOT,3529,1972.0,Dave Stallworth,SF,30.0,78.0,,2040.0,12.9,0.479,,0.242,,,10.0,10.8,,,,,,0.7,2.1,2.8,0.066,,,,,,336.0,778.0,0.43200000000000005,,,,336.0,778.0,0.43200000000000005,0.43200000000000005,152.0,188.0,0.809,,,433.0,158.0,,,,217.0,824.0
