Tm,Unnamed: 0,Year,Player,Pos,Age,G,GS,MP,PER,TS%,3PAr,FTr,ORB%,DRB%,TRB%,AST%,STL%,BLK%,TOV%,USG%,blanl,OWS,DWS,WS,WS/48,blank2,OBPM,DBPM,BPM,VORP,FG,FGA,FG%,3P,3PA,3P%,2P,2PA,2P%,eFG%,FT,FTA,FT%,ORB,DRB,TRB,AST,STL,BLK,TOV,PF,PTS
BOS,5041,1978.0,Dave Bing*,PG,34.0,80.0,,2256.0,13.4,0.508,,0.315,3.5,6.0,4.8,19.2,1.6,0.4,16.8,22.1,,2.0,1.6,3.6,0.076,,-0.3,-1.4,-1.7,0.2,422.0,940.0,0.449,,,,422.0,940.0,0.449,0.449,244.0,296.0,0.8240000000000001,76.0,136.0,212.0,300.0,79.0,18.0,216.0,247.0,1088.0
DET,4126,1975.0,Dave Bing*,PG,31.0,82.0,,3361.0,22.5,0.54,,0.451,3.6,6.8,5.7,28.9,1.7,0.4,,,,9.3,3.2,11.7,0.183,,2.5,-0.7,1.3,2.6,835.0,1893.0,0.467,,,,835.0,1893.0,0.467,0.467,615.0,772.0,0.8140000000000001,108.0,200.0,382.0,637.0,116.0,26.0,,256.0,2213.0
WSB,4676,1977.0,Dave Bing*,SG,33.0,82.0,,2945.0,16.0,0.511,,0.379,3.7,5.9,4.8,25.5,1.8,0.4,,,,3.4,2.9,6.3,0.102,,1.9,-0.6,1.3,2.5,497.0,1113.0,0.45399999999999996,,,,497.0,1113.0,0.45399999999999996,0.45399999999999996,332.0,422.0,0.787,94.0,143.0,237.0,492.0,118.0,23.0,,262.0,1326.0
