Tm,Unnamed: 0,Year,Player,Pos,Age,G,GS,MP,PER,TS%,3PAr,FTr,ORB%,DRB%,TRB%,AST%,STL%,BLK%,TOV%,USG%,blanl,OWS,DWS,WS,WS/48,blank2,OBPM,DBPM,BPM,VORP,FG,FGA,FG%,3P,3PA,3P%,2P,2PA,2P%,eFG%,FT,FTA,FT%,ORB,DRB,TRB,AST,STL,BLK,TOV,PF,PTS
BOS,8608,1987.0,David Thirdkill,SF,26.0,49.0,0.0,385.0,12.1,0.5479999999999999,0.042,0.8,8.3,16.3,12.0,4.9,1.4,0.4,13.9,17.9,,0.5,0.5,1.0,0.129,,-1.4,-1.3,-2.7,-0.1,54.0,110.0,0.491,0.0,1.0,0.0,54.0,109.0,0.495,0.491,55.0,88.0,0.625,27.0,43.0,70.0,15.0,11.0,3.0,19.0,55.0,163.0
DET,7854,1985.0,David Thirdkill,SF,24.0,46.0,1.0,291.0,5.9,0.521,0.043,0.478,3.5,8.4,5.7,10.9,1.6,1.0,30.1,13.8,,-0.2,0.2,0.0,0.002,,-4.4,-0.4,-4.9,-0.1,31.0,72.0,0.522,0.0,1.0,0.0,31.0,71.0,0.545,0.522,15.0,31.0,0.484,9.0,22.0,31.0,27.0,10.0,3.0,19.0,44.0,77.0
MIL,7855,1985.0,David Thirdkill,SF,24.0,6.0,0.0,16.0,15.4,0.7170000000000001,0.0,0.5,7.0,6.9,6.9,0.0,0.0,0.0,0.0,12.4,,0.1,0.0,0.1,0.195,,0.6,-4.6,-4.0,0.0,3.0,4.0,0.75,0.0,0.0,,3.0,4.0,0.75,0.75,1.0,2.0,0.5,1.0,1.0,2.0,0.0,0.0,0.0,0.0,1.0,7.0
PHO,7156,1983.0,David Thirdkill,SF,22.0,49.0,2.0,521.0,7.5,0.475,0.040999999999999995,0.45899999999999996,6.2,8.9,7.6,9.1,1.7,0.4,19.0,19.8,,-0.4,0.7,0.3,0.023,,-4.1,-0.8,-4.9,-0.4,74.0,170.0,0.435,1.0,7.0,0.14300000000000002,73.0,163.0,0.44799999999999995,0.43799999999999994,45.0,78.0,0.5770000000000001,28.0,44.0,72.0,36.0,19.0,4.0,48.0,93.0,194.0
SAS,7856,1985.0,David Thirdkill,SF,24.0,2.0,2.0,52.0,11.1,0.55,0.0,0.545,11.2,4.2,7.6,6.9,1.8,1.1,12.8,12.0,,0.1,0.0,0.1,0.10300000000000001,,0.1,-0.4,-0.3,0.0,5.0,11.0,0.455,0.0,0.0,,5.0,11.0,0.455,0.455,5.0,6.0,0.833,5.0,2.0,7.0,3.0,2.0,1.0,2.0,5.0,15.0
TOT,7853,1985.0,David Thirdkill,SF,24.0,18.0,3.0,183.0,5.8,0.55,0.026000000000000002,0.5,6.0,4.2,5.0,2.6,1.3,0.9,23.2,12.9,,-0.1,0.1,0.0,0.012,,-3.7,-0.8,-4.5,-0.1,20.0,38.0,0.526,0.0,1.0,0.0,20.0,37.0,0.541,0.526,11.0,19.0,0.579,10.0,7.0,17.0,4.0,5.0,3.0,14.0,22.0,51.0
