Tm,Unnamed: 0,Year,Player,Pos,Age,G,GS,MP,PER,TS%,3PAr,FTr,ORB%,DRB%,TRB%,AST%,STL%,BLK%,TOV%,USG%,blanl,OWS,DWS,WS,WS/48,blank2,OBPM,DBPM,BPM,VORP,FG,FGA,FG%,3P,3PA,3P%,2P,2PA,2P%,eFG%,FT,FTA,FT%,ORB,DRB,TRB,AST,STL,BLK,TOV,PF,PTS
DEN,6769,1982.0,David Thompson*,SG,27.0,82.0,5.0,3025.0,23.2,0.578,0.031,0.5429999999999999,5.5,10.2,7.3,19.3,1.6,1.7,15.2,28.5,,10.8,3.1,12.7,0.20199999999999999,,5.1,-1.0,3.6,4.3,826.0,1626.0,0.521,10.0,39.0,0.368,826.0,1626.0,0.521,0.521,520.0,668.0,0.8140000000000001,156.0,234.0,390.0,362.0,114.0,99.0,250.0,236.0,2172.0
SEA,7500,1984.0,David Thompson*,SG,29.0,75.0,64.0,2155.0,20.0,0.609,0.011000000000000001,0.442,5.9,8.4,7.2,14.7,1.4,2.1,13.0,26.7,,3.6,1.8,5.4,0.14400000000000002,,0.8,-1.0,-0.2,1.0,445.0,925.0,0.539,2.0,10.0,0.2,443.0,915.0,0.5429999999999999,0.539,298.0,380.0,0.8490000000000001,96.0,174.0,270.0,222.0,47.0,33.0,163.0,142.0,1190.0
