Tm,Unnamed: 0,Year,Player,Pos,Age,G,GS,MP,PER,TS%,3PAr,FTr,ORB%,DRB%,TRB%,AST%,STL%,BLK%,TOV%,USG%,blanl,OWS,DWS,WS,WS/48,blank2,OBPM,DBPM,BPM,VORP,FG,FGA,FG%,3P,3PA,3P%,2P,2PA,2P%,eFG%,FT,FTA,FT%,ORB,DRB,TRB,AST,STL,BLK,TOV,PF,PTS
LAL,9414,1989.0,David Rivers,PG,24.0,47.0,0.0,440.0,9.8,0.47700000000000004,0.049,0.344,3.5,7.1,5.4,30.4,2.5,1.2,30.3,18.9,,-0.5,0.5,0.0,0.002,,-4.4,-1.0,-5.4,-0.4,49.0,122.0,0.402,1.0,6.0,0.16699999999999998,48.0,116.0,0.414,0.406,35.0,42.0,0.833,13.0,30.0,43.0,106.0,23.0,9.0,61.0,50.0,134.0
LAC,10791,1992.0,David Rivers,PG,27.0,52.0,11.0,724.0,9.9,0.473,0.033,0.396,9.1,8.6,8.7,29.4,2.9,0.5,32.8,18.4,,-0.3,0.6,-0.1,-0.012,,-3.9,1.2,-4.1,-0.1,80.0,197.0,0.406,0.0,5.0,0.0,80.0,192.0,0.41700000000000004,0.406,59.0,78.0,0.909,30.0,55.0,85.0,155.0,31.0,1.0,88.0,53.0,219.0
