Tm,Unnamed: 0,Year,Player,Pos,Age,G,GS,MP,PER,TS%,3PAr,FTr,ORB%,DRB%,TRB%,AST%,STL%,BLK%,TOV%,USG%,blanl,OWS,DWS,WS,WS/48,blank2,OBPM,DBPM,BPM,VORP,FG,FGA,FG%,3P,3PA,3P%,2P,2PA,2P%,eFG%,FT,FTA,FT%,ORB,DRB,TRB,AST,STL,BLK,TOV,PF,PTS
BOS,13474,1998.0,Dee Brown,SG,29.0,82.0,76.0,2867.0,17.2,0.562,0.44299999999999995,0.345,2.6,10.0,6.2,28.1,3.1,1.2,16.7,21.6,,5.0,2.7,6.8,0.135,,2.6,1.2,3.0,3.2,490.0,1021.0,0.48,126.0,327.0,0.385,460.0,925.0,0.49700000000000005,0.512,236.0,277.0,0.873,63.0,237.0,300.0,461.0,156.0,49.0,146.0,207.0,1236.0
TOR,14532,2000.0,Dee Brown,SG,31.0,49.0,12.0,1377.0,16.8,0.58,0.725,0.14,1.7,9.8,5.6,20.7,2.2,1.3,13.4,20.0,,2.0,0.6,2.5,0.11,,2.9,-2.5,0.1,0.7,187.0,495.0,0.446,135.0,349.0,0.41100000000000003,72.0,149.0,0.483,0.552,40.0,55.0,0.907,15.0,88.0,103.0,143.0,56.0,17.0,80.0,75.0,549.0
ORL,15570,2002.0,Dee Brown,PG,33.0,7.0,0.0,155.0,9.0,0.519,0.727,0.114,0.0,15.6,7.7,11.9,2.4,1.1,16.7,16.5,,0.1,0.1,0.2,0.059000000000000004,,-0.8,-0.6,-3.5,-0.1,16.0,44.0,0.364,12.0,32.0,0.375,4.0,12.0,0.33299999999999996,0.5,4.0,5.0,0.8,0.0,11.0,11.0,12.0,4.0,1.0,7.0,10.0,48.0
UTA,18290,2007.0,Dee Brown,PG,22.0,49.0,0.0,450.0,8.6,0.41100000000000003,0.28600000000000003,0.37799999999999995,2.2,8.6,5.4,26.2,2.6,1.3,21.3,14.5,,-0.2,0.5,0.2,0.024,,-3.4,-0.3,-3.7,-0.2,32.0,98.0,0.327,6.0,28.0,0.214,26.0,70.0,0.371,0.35700000000000004,24.0,37.0,0.649,8.0,32.0,40.0,83.0,22.0,7.0,31.0,51.0,94.0
PHO,19422,2009.0,Dee Brown,PG,24.0,2.0,0.0,28.0,-2.9,0.425,0.8,0.4,0.0,4.0,2.1,13.1,0.0,0.0,33.8,14.0,,-0.1,0.0,-0.1,-0.11599999999999999,,-6.0,-4.5,-10.5,-0.1,1.0,5.0,0.2,1.0,4.0,0.25,0.0,1.0,0.0,0.3,2.0,2.0,1.0,0.0,1.0,1.0,3.0,0.0,0.0,3.0,6.0,5.0
TOT,19420,2009.0,Dee Brown,SG,29.0,72.0,12.0,1719.0,14.2,0.555,0.49,0.126,3.1,10.1,6.5,19.8,2.5,1.0,24.9,16.9,,2.6,0.8,3.4,0.095,,1.1,-1.7,-0.8,0.5,246.0,562.0,0.43799999999999994,108.0,271.0,0.39899999999999997,138.0,291.0,0.474,0.534,58.0,71.0,0.8170000000000001,24.0,128.0,152.0,154.0,82.0,23.0,73.0,123.0,658.0
WAS,19421,2009.0,Dee Brown,PG,24.0,17.0,11.0,233.0,7.8,0.452,0.455,0.068,3.4,10.9,7.1,20.6,2.3,0.0,23.6,11.6,,-0.1,0.1,0.0,-0.006,,-2.9,-1.3,-4.2,-0.1,17.0,44.0,0.386,6.0,20.0,0.3,11.0,24.0,0.45799999999999996,0.455,1.0,3.0,0.33299999999999996,7.0,21.0,28.0,33.0,10.0,0.0,14.0,22.0,41.0
