Tm,Unnamed: 0,Year,Player,Pos,Age,G,GS,MP,PER,TS%,3PAr,FTr,ORB%,DRB%,TRB%,AST%,STL%,BLK%,TOV%,USG%,blanl,OWS,DWS,WS,WS/48,blank2,OBPM,DBPM,BPM,VORP,FG,FGA,FG%,3P,3PA,3P%,2P,2PA,2P%,eFG%,FT,FTA,FT%,ORB,DRB,TRB,AST,STL,BLK,TOV,PF,PTS
NOP,24208,2017.0,DeMarcus Cousins,C,26.0,17.0,17.0,574.0,23.3,0.564,0.306,0.385,6.9,32.2,19.5,20.6,2.1,2.7,14.4,33.1,,0.5,1.1,1.6,0.13699999999999998,,2.1,2.8,4.9,1.0,142.0,314.0,0.452,36.0,96.0,0.375,106.0,218.0,0.486,0.51,94.0,121.0,0.777,38.0,174.0,212.0,66.0,25.0,19.0,62.0,75.0,414.0
SAC,24207,2017.0,DeMarcus Cousins,C,26.0,81.0,74.0,2309.0,26.5,0.562,0.239,0.508,14.2,30.6,21.1,27.4,2.4,4.0,18.5,37.5,,4.1,3.8,7.9,0.166,,4.5,3.3,7.1,4.3,601.0,1332.0,0.496,95.0,268.0,0.354,591.0,1184.0,0.499,0.496,476.0,663.0,0.782,265.0,613.0,831.0,266.0,109.0,103.0,268.0,332.0,1748.0
TOT,24206,2017.0,DeMarcus Cousins,C,26.0,72.0,72.0,2465.0,25.7,0.562,0.254,0.46799999999999997,7.1,29.2,18.2,25.8,2.0,3.3,13.5,36.5,,3.8,3.8,7.6,0.149,,3.9,2.6,6.6,5.3,647.0,1433.0,0.452,131.0,364.0,0.36,516.0,1069.0,0.483,0.49700000000000005,517.0,670.0,0.772,153.0,644.0,797.0,332.0,100.0,92.0,269.0,278.0,1942.0
