Tm,Unnamed: 0,Year,Player,Pos,Age,G,GS,MP,PER,TS%,3PAr,FTr,ORB%,DRB%,TRB%,AST%,STL%,BLK%,TOV%,USG%,blanl,OWS,DWS,WS,WS/48,blank2,OBPM,DBPM,BPM,VORP,FG,FGA,FG%,3P,3PA,3P%,2P,2PA,2P%,eFG%,FT,FTA,FT%,ORB,DRB,TRB,AST,STL,BLK,TOV,PF,PTS
ATL,24575,2017.0,Dennis Schroder,PG,23.0,80.0,78.0,2485.0,16.1,0.5329999999999999,0.306,0.26899999999999996,2.3,11.8,6.9,36.1,2.1,0.6,22.8,28.8,,1.2,2.5,3.7,0.08,,0.7,-0.9,-0.7,0.8,548.0,1215.0,0.451,100.0,294.0,0.35100000000000003,448.0,921.0,0.486,0.49200000000000005,218.0,255.0,0.855,42.0,206.0,248.0,499.0,74.0,16.0,258.0,149.0,1414.0
