Tm,Unnamed: 0,Year,Player,Pos,Age,G,GS,MP,PER,TS%,3PAr,FTr,ORB%,DRB%,TRB%,AST%,STL%,BLK%,TOV%,USG%,blanl,OWS,DWS,WS,WS/48,blank2,OBPM,DBPM,BPM,VORP,FG,FGA,FG%,3P,3PA,3P%,2P,2PA,2P%,eFG%,FT,FTA,FT%,ORB,DRB,TRB,AST,STL,BLK,TOV,PF,PTS
DAL,13825,1998.0,Dennis Scott,SF,29.0,52.0,42.0,1797.0,12.2,0.49200000000000005,0.41,0.177,2.4,10.0,6.1,12.4,1.3,1.2,11.4,20.6,,0.5,0.8,1.3,0.036000000000000004,,-0.3,-1.5,-1.9,0.1,258.0,666.0,0.387,94.0,273.0,0.344,164.0,393.0,0.41700000000000004,0.45799999999999996,97.0,118.0,0.8220000000000001,39.0,158.0,197.0,129.0,43.0,32.0,92.0,121.0,707.0
MIN,14371,1999.0,Dennis Scott,SF,30.0,21.0,9.0,532.0,12.4,0.565,0.433,0.172,1.0,7.5,4.0,9.5,1.2,0.3,7.7,15.1,,1.0,0.3,1.3,0.113,,0.6,-1.9,-1.3,0.1,70.0,157.0,0.446,29.0,68.0,0.426,41.0,89.0,0.461,0.5379999999999999,22.0,27.0,0.815,5.0,33.0,38.0,32.0,12.0,2.0,14.0,32.0,191.0
NYK,14370,1999.0,Dennis Scott,SF,30.0,15.0,0.0,206.0,3.9,0.37200000000000005,0.518,0.071,1.8,9.4,5.7,6.7,0.8,0.4,8.0,14.6,,-0.2,0.2,0.0,-0.006,,-4.0,-1.0,-5.0,-0.2,17.0,56.0,0.304,8.0,29.0,0.276,9.0,27.0,0.33299999999999996,0.375,1.0,4.0,0.25,3.0,17.0,20.0,8.0,3.0,1.0,5.0,17.0,43.0
ORL,13305,1997.0,Dennis Scott,SG,28.0,82.0,82.0,3041.0,16.3,0.589,0.562,0.215,2.8,9.8,6.1,13.9,1.9,0.9,11.3,26.9,,6.4,2.4,8.8,0.147,,3.6,-0.6,2.3,3.3,503.0,1183.0,0.44,267.0,628.0,0.426,378.0,849.0,0.45799999999999996,0.5589999999999999,182.0,222.0,0.9009999999999999,63.0,246.0,309.0,243.0,90.0,32.0,127.0,203.0,1431.0
PHO,13826,1998.0,Dennis Scott,SF,29.0,29.0,3.0,493.0,11.9,0.541,0.426,0.07400000000000001,1.9,9.7,5.9,7.6,1.1,1.0,6.7,16.5,,0.6,0.5,1.0,0.10099999999999999,,-0.3,-1.4,-1.7,0.0,71.0,162.0,0.43799999999999994,31.0,69.0,0.449,40.0,93.0,0.43,0.534,8.0,12.0,0.667,8.0,42.0,50.0,24.0,10.0,7.0,12.0,31.0,181.0
TOT,14369,1999.0,Dennis Scott,SF,30.0,81.0,45.0,2290.0,12.1,0.516,0.455,0.157,2.3,9.9,6.1,11.3,1.2,1.2,10.5,19.7,,1.1,1.3,2.4,0.08,,-0.3,-1.5,-1.8,0.1,329.0,828.0,0.408,125.0,342.0,0.381,204.0,486.0,0.431,0.495,105.0,130.0,0.8079999999999999,47.0,200.0,247.0,153.0,53.0,39.0,104.0,152.0,888.0
VAN,14874,2000.0,Dennis Scott,SF,31.0,66.0,0.0,1263.0,9.4,0.515,0.568,0.171,1.5,8.6,5.0,8.7,1.2,0.5,7.7,14.0,,1.4,0.1,1.5,0.057,,-0.3,-2.6,-2.9,-0.3,125.0,333.0,0.375,71.0,189.0,0.376,54.0,144.0,0.375,0.48200000000000004,48.0,57.0,0.8420000000000001,16.0,90.0,106.0,69.0,28.0,9.0,30.0,104.0,369.0
