Tm,Unnamed: 0,Year,Player,Pos,Age,G,GS,MP,PER,TS%,3PAr,FTr,ORB%,DRB%,TRB%,AST%,STL%,BLK%,TOV%,USG%,blanl,OWS,DWS,WS,WS/48,blank2,OBPM,DBPM,BPM,VORP,FG,FGA,FG%,3P,3PA,3P%,2P,2PA,2P%,eFG%,FT,FTA,FT%,ORB,DRB,TRB,AST,STL,BLK,TOV,PF,PTS
SEA,5884,1980.0,Dennis Johnson*,SG,25.0,81.0,,2937.0,16.7,0.541,0.043,0.507,9.5,9.1,9.3,16.1,3.3,1.9,13.4,24.2,,3.0,4.4,7.4,0.13,,1.7,1.6,3.4,2.8,574.0,1361.0,0.504,12.0,58.0,0.207,562.0,1303.0,0.504,0.504,380.0,487.0,0.7809999999999999,173.0,241.0,414.0,332.0,144.0,97.0,227.0,267.0,1540.0
PHO,6977,1983.0,Dennis Johnson*,SG,28.0,80.0,77.0,2937.0,17.0,0.54,0.042,0.429,6.9,10.1,7.7,20.4,2.4,1.3,16.6,24.6,,4.1,4.4,8.4,0.154,,1.2,0.9,2.0,2.7,577.0,1228.0,0.47,11.0,51.0,0.21600000000000003,569.0,1186.0,0.48,0.473,411.0,501.0,0.82,160.0,268.0,410.0,388.0,136.0,61.0,233.0,253.0,1561.0
BOS,9731,1990.0,Dennis Johnson*,SG,35.0,80.0,78.0,2976.0,14.7,0.522,0.078,0.376,3.8,8.0,6.0,29.7,2.0,1.2,19.5,20.5,,3.5,3.7,6.7,0.11800000000000001,,0.4,0.8,0.7,1.8,493.0,1066.0,0.462,12.0,62.0,0.26899999999999996,486.0,1040.0,0.46799999999999997,0.466,281.0,330.0,0.856,91.0,226.0,317.0,598.0,110.0,57.0,212.0,251.0,1254.0
