Tm,Unnamed: 0,Year,Player,Pos,Age,G,GS,MP,PER,TS%,3PAr,FTr,ORB%,DRB%,TRB%,AST%,STL%,BLK%,TOV%,USG%,blanl,OWS,DWS,WS,WS/48,blank2,OBPM,DBPM,BPM,VORP,FG,FGA,FG%,3P,3PA,3P%,2P,2PA,2P%,eFG%,FT,FTA,FT%,ORB,DRB,TRB,AST,STL,BLK,TOV,PF,PTS
IND,15275,2001.0,Derrick McKey,SF,34.0,81.0,81.0,2805.0,15.0,0.5579999999999999,0.213,0.519,8.9,18.1,11.9,18.8,2.7,1.7,24.1,18.5,,3.6,3.9,7.4,0.127,,1.2,2.9,3.5,3.9,411.0,833.0,0.5,32.0,89.0,0.435,379.0,744.0,0.511,0.513,221.0,297.0,0.8240000000000001,129.0,273.0,402.0,327.0,125.0,49.0,228.0,260.0,1075.0
PHI,15802,2002.0,Derrick McKey,SF,35.0,41.0,1.0,784.0,8.8,0.46399999999999997,0.098,0.115,7.0,11.3,9.2,8.9,2.8,0.4,14.7,8.8,,0.3,1.2,1.6,0.096,,-2.1,2.5,0.4,0.5,52.0,122.0,0.426,5.0,12.0,0.41700000000000004,47.0,110.0,0.42700000000000005,0.447,10.0,14.0,0.7140000000000001,48.0,79.0,127.0,45.0,41.0,4.0,22.0,90.0,119.0
SEA,11164,1993.0,Derrick McKey,SF,26.0,82.0,82.0,2804.0,15.7,0.575,0.14400000000000002,0.43200000000000005,8.1,14.4,10.8,11.2,2.2,2.3,14.9,20.0,,5.0,3.0,7.4,0.13,,1.7,1.2,2.5,3.0,487.0,970.0,0.517,40.0,112.0,0.38,465.0,926.0,0.524,0.522,315.0,403.0,0.847,172.0,319.0,489.0,219.0,105.0,81.0,192.0,264.0,1305.0
