Tm,Unnamed: 0,Year,Player,Pos,Age,G,GS,MP,PER,TS%,3PAr,FTr,ORB%,DRB%,TRB%,AST%,STL%,BLK%,TOV%,USG%,blanl,OWS,DWS,WS,WS/48,blank2,OBPM,DBPM,BPM,VORP,FG,FGA,FG%,3P,3PA,3P%,2P,2PA,2P%,eFG%,FT,FTA,FT%,ORB,DRB,TRB,AST,STL,BLK,TOV,PF,PTS
CHH,15058,2001.0,Derrick Coleman,PF,33.0,74.0,64.0,2347.0,18.9,0.541,0.2,0.46799999999999997,8.0,24.2,16.4,13.5,1.1,3.8,15.5,25.2,,2.7,3.8,6.5,0.133,,-0.2,1.3,1.1,1.8,446.0,979.0,0.456,51.0,141.0,0.392,395.0,838.0,0.47100000000000003,0.48200000000000004,296.0,377.0,0.785,124.0,508.0,632.0,175.0,34.0,130.0,173.0,195.0,1239.0
DET,17193,2005.0,Derrick Coleman,C,37.0,5.0,0.0,50.0,1.2,0.294,0.14300000000000002,0.214,7.1,27.9,17.6,0.0,0.0,0.0,11.5,16.3,,-0.1,0.1,-0.1,-0.049,,-11.9,-5.5,-17.4,-0.2,3.0,14.0,0.214,0.0,2.0,0.0,3.0,12.0,0.25,0.214,3.0,3.0,1.0,3.0,12.0,15.0,0.0,0.0,0.0,2.0,6.0,9.0
NJN,11914,1995.0,Derrick Coleman,PF,27.0,77.0,77.0,2778.0,21.4,0.57,0.13699999999999998,0.56,10.4,24.0,16.9,16.1,1.7,3.2,18.0,26.4,,5.5,5.1,9.9,0.171,,2.4,2.9,4.8,4.8,564.0,1226.0,0.504,38.0,121.0,0.342,541.0,1127.0,0.522,0.516,439.0,567.0,0.8079999999999999,269.0,608.0,870.0,276.0,92.0,142.0,248.0,217.0,1572.0
PHI,16602,2004.0,Derrick Coleman,PF,36.0,64.0,58.0,2135.0,17.5,0.525,0.17800000000000002,0.451,10.0,23.8,15.8,19.3,1.6,3.1,17.5,25.2,,2.7,3.2,5.9,0.135,,-0.1,1.6,1.1,1.4,364.0,867.0,0.45,32.0,119.0,0.337,332.0,769.0,0.466,0.47,302.0,391.0,0.815,167.0,438.0,587.0,193.0,53.0,75.0,184.0,171.0,1040.0
