Tm,Unnamed: 0,Year,Player,Pos,Age,G,GS,MP,PER,TS%,3PAr,FTr,ORB%,DRB%,TRB%,AST%,STL%,BLK%,TOV%,USG%,blanl,OWS,DWS,WS,WS/48,blank2,OBPM,DBPM,BPM,VORP,FG,FGA,FG%,3P,3PA,3P%,2P,2PA,2P%,eFG%,FT,FTA,FT%,ORB,DRB,TRB,AST,STL,BLK,TOV,PF,PTS
CLE,24666,2017.0,Derrick Williams,PF,25.0,25.0,0.0,427.0,11.1,0.628,0.486,0.364,0.8,13.5,7.4,4.7,0.6,0.4,10.1,14.4,,0.6,0.2,0.8,0.086,,-1.1,-2.1,-3.2,-0.1,54.0,107.0,0.505,21.0,52.0,0.40399999999999997,33.0,55.0,0.6,0.603,27.0,39.0,0.6920000000000001,3.0,54.0,57.0,14.0,5.0,2.0,14.0,27.0,156.0
MIA,24665,2017.0,Derrick Williams,PF,25.0,25.0,11.0,377.0,10.1,0.465,0.32799999999999996,0.365,4.7,16.9,10.7,5.6,1.2,1.0,8.1,20.4,,-0.1,0.4,0.3,0.038,,-3.8,-1.4,-5.2,-0.3,54.0,137.0,0.39399999999999996,9.0,45.0,0.2,45.0,92.0,0.489,0.42700000000000005,31.0,50.0,0.62,16.0,57.0,73.0,14.0,9.0,5.0,14.0,33.0,148.0
MIN,22845,2014.0,Derrick Williams,PF,22.0,78.0,56.0,1916.0,14.5,0.515,0.278,0.392,6.0,20.6,12.8,4.5,1.2,1.9,11.7,23.5,,1.0,2.1,3.0,0.076,,-2.1,-0.8,-3.1,-0.2,338.0,786.0,0.43,65.0,196.0,0.332,273.0,590.0,0.467,0.47100000000000003,192.0,272.0,0.875,96.0,334.0,430.0,46.0,44.0,37.0,101.0,127.0,933.0
NYK,24077,2016.0,Derrick Williams,SF,24.0,80.0,9.0,1435.0,17.2,0.55,0.265,0.45299999999999996,3.6,18.7,11.3,8.9,1.0,0.5,8.3,23.3,,2.4,1.2,3.6,0.12,,-0.1,-2.4,-2.6,-0.2,254.0,565.0,0.45,44.0,150.0,0.293,210.0,415.0,0.506,0.488,194.0,256.0,0.758,47.0,249.0,296.0,75.0,29.0,9.0,61.0,69.0,746.0
SAC,23486,2015.0,Derrick Williams,SF,23.0,74.0,15.0,1658.0,12.8,0.54,0.322,0.568,4.6,15.8,10.1,5.6,1.4,0.8,11.6,18.9,,1.7,1.1,2.5,0.073,,-0.5,-0.4,-2.1,-0.1,217.0,485.0,0.447,49.0,156.0,0.314,168.0,344.0,0.511,0.498,172.0,243.0,0.708,68.0,229.0,297.0,55.0,44.0,16.0,70.0,105.0,617.0
TOT,24664,2017.0,Derrick Williams,SF-PF,25.0,78.0,15.0,1820.0,11.5,0.537,0.39799999999999996,0.537,4.3,15.8,10.0,5.1,1.3,0.9,11.3,17.2,,1.3,1.3,2.6,0.068,,-2.1,-0.5,-2.6,-0.3,206.0,482.0,0.44299999999999995,30.0,99.0,0.309,180.0,383.0,0.531,0.504,186.0,259.0,0.718,71.0,252.0,323.0,56.0,48.0,20.0,76.0,114.0,624.0
