Tm,Unnamed: 0,Year,Player,Pos,Age,G,GS,MP,PER,TS%,3PAr,FTr,ORB%,DRB%,TRB%,AST%,STL%,BLK%,TOV%,USG%,blanl,OWS,DWS,WS,WS/48,blank2,OBPM,DBPM,BPM,VORP,FG,FGA,FG%,3P,3PA,3P%,2P,2PA,2P%,eFG%,FT,FTA,FT%,ORB,DRB,TRB,AST,STL,BLK,TOV,PF,PTS
DAL,9435,1989.0,Detlef Schrempf,SF,26.0,82.0,12.0,1711.0,14.2,0.56,0.12300000000000001,0.612,8.1,14.2,11.2,14.8,1.4,1.2,18.0,20.0,,2.5,1.5,4.0,0.113,,0.5,-0.2,0.4,1.0,265.0,561.0,0.47200000000000003,33.0,69.0,0.478,241.0,507.0,0.475,0.502,201.0,266.0,0.789,102.0,216.0,303.0,161.0,50.0,32.0,110.0,224.0,756.0
IND,11260,1993.0,Detlef Schrempf,PF,30.0,82.0,60.0,3098.0,19.5,0.618,0.077,0.649,9.1,22.9,16.4,23.2,1.4,0.8,16.2,22.1,,7.6,2.9,10.4,0.18100000000000002,,3.2,0.9,4.1,4.8,517.0,1085.0,0.536,23.0,71.0,0.375,509.0,1033.0,0.5539999999999999,0.5489999999999999,525.0,653.0,0.828,210.0,570.0,780.0,493.0,79.0,37.0,243.0,305.0,1567.0
POR,15411,2001.0,Detlef Schrempf,SF,38.0,77.0,6.0,1662.0,14.5,0.544,0.12,0.49700000000000005,5.9,17.7,11.8,18.2,1.2,0.8,20.8,17.4,,2.9,2.2,5.2,0.149,,0.1,0.9,1.0,1.3,187.0,433.0,0.43200000000000005,21.0,52.0,0.40399999999999997,166.0,381.0,0.436,0.456,179.0,215.0,0.852,79.0,253.0,332.0,197.0,37.0,17.0,100.0,182.0,574.0
SEA,14368,1999.0,Detlef Schrempf,SF,36.0,82.0,82.0,2886.0,20.3,0.6409999999999999,0.242,0.523,6.2,19.4,12.1,20.6,1.6,1.1,14.8,21.3,,9.8,3.2,12.9,0.215,,4.2,0.5,4.5,4.7,521.0,997.0,0.523,93.0,181.0,0.514,428.0,835.0,0.531,0.569,437.0,521.0,0.8440000000000001,144.0,419.0,554.0,341.0,93.0,35.0,176.0,273.0,1572.0
TOT,9434,1989.0,Detlef Schrempf,PF,26.0,69.0,13.0,1850.0,15.3,0.5660000000000001,0.061,0.606,7.8,15.5,11.8,14.0,1.4,0.6,15.4,19.9,,2.9,1.5,4.4,0.113,,0.6,-0.1,0.6,1.2,274.0,578.0,0.474,7.0,35.0,0.2,267.0,543.0,0.49200000000000005,0.48,273.0,350.0,0.78,126.0,269.0,395.0,179.0,53.0,19.0,133.0,220.0,828.0
