Tm,Unnamed: 0,Year,Player,Pos,Age,G,GS,MP,PER,TS%,3PAr,FTr,ORB%,DRB%,TRB%,AST%,STL%,BLK%,TOV%,USG%,blanl,OWS,DWS,WS,WS/48,blank2,OBPM,DBPM,BPM,VORP,FG,FGA,FG%,3P,3PA,3P%,2P,2PA,2P%,eFG%,FT,FTA,FT%,ORB,DRB,TRB,AST,STL,BLK,TOV,PF,PTS
HOU,14647,2000.0,Devin Gray,SF,27.0,21.0,2.0,124.0,14.0,0.49200000000000005,0.0,0.784,10.2,12.4,11.3,6.3,2.1,1.6,7.4,19.0,,0.2,0.1,0.3,0.12300000000000001,,-1.7,-1.2,-2.9,0.0,15.0,37.0,0.405,0.0,0.0,,15.0,37.0,0.405,0.405,19.0,29.0,0.655,11.0,14.0,25.0,5.0,5.0,3.0,4.0,22.0,49.0
SAC,13030,1997.0,Devin Gray,PF,24.0,3.0,0.0,25.0,15.8,0.313,0.0,0.364,13.8,28.3,21.0,12.6,6.3,0.0,0.0,22.9,,0.0,0.1,0.0,0.07,,-3.7,2.4,-1.3,0.0,3.0,11.0,0.273,0.0,0.0,,3.0,11.0,0.273,0.273,2.0,4.0,0.5,3.0,6.0,9.0,2.0,3.0,0.0,0.0,3.0,8.0
SAS,13031,1997.0,Devin Gray,PF,24.0,3.0,0.0,24.0,-7.1,0.324,0.0,0.067,14.5,10.4,12.5,0.0,2.3,0.0,24.5,39.6,,-0.2,0.0,-0.2,-0.439,,-17.7,-9.3,-27.0,-0.2,5.0,15.0,0.33299999999999996,0.0,0.0,,5.0,15.0,0.33299999999999996,0.33299999999999996,0.0,1.0,0.0,3.0,2.0,5.0,0.0,1.0,0.0,5.0,8.0,10.0
TOT,13029,1997.0,Devin Gray,PF,24.0,6.0,0.0,49.0,4.6,0.319,0.0,0.192,14.2,19.5,16.8,6.4,4.4,0.0,15.1,31.1,,-0.3,0.1,-0.2,-0.179,,-10.5,-3.3,-13.9,-0.1,8.0,26.0,0.308,0.0,0.0,,8.0,26.0,0.308,0.308,2.0,5.0,0.4,6.0,8.0,14.0,2.0,4.0,0.0,5.0,11.0,18.0
