Tm,Unnamed: 0,Year,Player,Pos,Age,G,GS,MP,PER,TS%,3PAr,FTr,ORB%,DRB%,TRB%,AST%,STL%,BLK%,TOV%,USG%,blanl,OWS,DWS,WS,WS/48,blank2,OBPM,DBPM,BPM,VORP,FG,FGA,FG%,3P,3PA,3P%,2P,2PA,2P%,eFG%,FT,FTA,FT%,ORB,DRB,TRB,AST,STL,BLK,TOV,PF,PTS
LAL,2919,1970.0,Dick Garrett,SG,23.0,73.0,,2318.0,9.4,0.47700000000000004,,0.19899999999999998,,,,10.1,,,,,,0.3,2.0,2.3,0.047,,,,,,354.0,816.0,0.434,,,,354.0,816.0,0.434,0.434,138.0,162.0,0.852,,,235.0,180.0,,,,236.0,846.0
BUF,3658,1973.0,Dick Garrett,SG,26.0,78.0,,2375.0,11.8,0.489,,0.278,,,5.7,17.0,,,,,,1.2,1.4,2.4,0.048,,,,,,373.0,902.0,0.442,,,,373.0,902.0,0.442,0.442,218.0,251.0,0.873,,,295.0,264.0,,,,290.0,964.0
MIL,3921,1974.0,Dick Garrett,SG,27.0,15.0,,87.0,7.2,0.359,,0.171,6.3,9.8,8.2,12.7,1.6,0.0,,,,-0.2,0.1,-0.1,-0.038,,-5.7,-1.6,-7.3,-0.1,11.0,35.0,0.314,,,,11.0,35.0,0.314,0.314,5.0,6.0,0.833,5.0,9.0,14.0,9.0,3.0,0.0,,15.0,27.0
NYK,3920,1974.0,Dick Garrett,SG,27.0,25.0,,239.0,6.0,0.38299999999999995,,0.14300000000000002,4.4,7.0,5.7,7.9,1.4,0.2,,,,-0.4,0.3,-0.2,-0.032,,-5.8,-1.5,-7.3,-0.3,32.0,91.0,0.35200000000000004,,,,32.0,91.0,0.35200000000000004,0.35200000000000004,10.0,13.0,0.769,10.0,16.0,26.0,14.0,7.0,1.0,,41.0,74.0
TOT,3919,1974.0,Dick Garrett,SG,27.0,40.0,,326.0,6.3,0.376,,0.151,4.9,7.8,6.4,9.1,1.4,0.2,,,,-0.6,0.4,-0.2,-0.034,,-5.8,-1.5,-7.3,-0.4,43.0,126.0,0.341,,,,43.0,126.0,0.341,0.341,15.0,19.0,0.789,15.0,25.0,40.0,23.0,10.0,1.0,,56.0,101.0
