Tm,Unnamed: 0,Year,Player,Pos,Age,G,GS,MP,PER,TS%,3PAr,FTr,ORB%,DRB%,TRB%,AST%,STL%,BLK%,TOV%,USG%,blanl,OWS,DWS,WS,WS/48,blank2,OBPM,DBPM,BPM,VORP,FG,FGA,FG%,3P,3PA,3P%,2P,2PA,2P%,eFG%,FT,FTA,FT%,ORB,DRB,TRB,AST,STL,BLK,TOV,PF,PTS
GSW,13838,1998.0,Dickey Simpkins,PF,25.0,19.0,0.0,196.0,9.0,0.45399999999999996,0.021,0.542,10.1,15.1,12.5,13.5,1.3,0.7,24.2,17.5,,-0.3,0.2,-0.1,-0.027000000000000003,,-4.9,0.1,-4.9,-0.1,22.0,48.0,0.45799999999999996,0.0,1.0,0.0,22.0,47.0,0.46799999999999997,0.45799999999999996,10.0,26.0,0.385,19.0,27.0,46.0,16.0,5.0,2.0,19.0,19.0,54.0
TOT,13837,1998.0,Dickey Simpkins,PF,25.0,40.0,0.0,433.0,10.6,0.551,0.022000000000000002,0.787,6.7,13.0,9.8,12.0,1.1,0.8,21.1,15.5,,0.1,0.5,0.6,0.068,,-3.0,-0.1,-3.1,-0.1,48.0,89.0,0.539,0.0,2.0,0.0,48.0,87.0,0.552,0.539,36.0,70.0,0.514,27.0,50.0,77.0,33.0,9.0,5.0,32.0,54.0,132.0
CHI,14877,2000.0,Dickey Simpkins,PF,27.0,69.0,48.0,1651.0,13.4,0.6459999999999999,0.043,1.073,12.1,19.6,15.2,10.8,1.4,1.0,28.1,19.8,,1.5,1.3,2.9,0.146,,-1.4,0.7,-1.7,0.0,150.0,324.0,0.634,1.0,4.0,1.0,150.0,323.0,0.65,0.634,156.0,242.0,0.7,124.0,248.0,372.0,100.0,36.0,22.0,128.0,217.0,456.0
ATL,15922,2002.0,Dickey Simpkins,PF,29.0,1.0,0.0,3.0,11.6,,,,0.0,0.0,0.0,45.5,0.0,0.0,,0.0,,0.0,0.0,0.0,0.11599999999999999,,-8.0,-12.7,-20.6,0.0,0.0,0.0,,0.0,0.0,,0.0,0.0,,,0.0,0.0,,0.0,0.0,0.0,1.0,0.0,0.0,0.0,0.0,0.0
