Tm,Unnamed: 0,Year,Player,Pos,Age,G,GS,MP,PER,TS%,3PAr,FTr,ORB%,DRB%,TRB%,AST%,STL%,BLK%,TOV%,USG%,blanl,OWS,DWS,WS,WS/48,blank2,OBPM,DBPM,BPM,VORP,FG,FGA,FG%,3P,3PA,3P%,2P,2PA,2P%,eFG%,FT,FTA,FT%,ORB,DRB,TRB,AST,STL,BLK,TOV,PF,PTS
IND,6320,1981.0,Dick Miller,SF,22.0,5.0,,34.0,4.4,0.33299999999999996,0.16699999999999998,0.0,3.1,9.9,6.4,14.2,4.2,0.0,40.0,11.8,,-0.1,0.0,-0.1,-0.071,,-6.9,1.8,-5.1,0.0,2.0,6.0,0.33299999999999996,0.0,1.0,0.0,2.0,5.0,0.4,0.33299999999999996,0.0,0.0,,1.0,3.0,4.0,4.0,3.0,0.0,4.0,2.0,4.0
TOT,6319,1981.0,Dick Miller,SF,22.0,8.0,,53.0,3.3,0.444,0.111,0.0,4.2,10.6,7.4,11.7,3.6,0.0,47.1,13.2,,-0.2,0.1,-0.1,-0.102,,-7.5,1.2,-6.3,-0.1,4.0,9.0,0.444,0.0,1.0,0.0,4.0,8.0,0.5,0.444,0.0,0.0,,2.0,5.0,7.0,5.0,4.0,0.0,8.0,5.0,8.0
UTA,6321,1981.0,Dick Miller,SF,22.0,3.0,,19.0,1.4,0.667,0.0,0.0,6.1,11.9,9.1,7.1,2.6,0.0,57.1,15.9,,-0.1,0.0,-0.1,-0.156,,-8.5,-0.1,-8.6,0.0,2.0,3.0,0.667,0.0,0.0,,2.0,3.0,0.667,0.667,0.0,0.0,,1.0,2.0,3.0,1.0,1.0,0.0,4.0,3.0,4.0
