Tm,Unnamed: 0,Year,Player,Pos,Age,G,GS,MP,PER,TS%,3PAr,FTr,ORB%,DRB%,TRB%,AST%,STL%,BLK%,TOV%,USG%,blanl,OWS,DWS,WS,WS/48,blank2,OBPM,DBPM,BPM,VORP,FG,FGA,FG%,3P,3PA,3P%,2P,2PA,2P%,eFG%,FT,FTA,FT%,ORB,DRB,TRB,AST,STL,BLK,TOV,PF,PTS
DAL,18444,2007.0,Didier Ilunga-Mbenga,C,26.0,43.0,1.0,237.0,13.4,0.5379999999999999,0.017,0.5,9.8,18.4,14.2,10.9,2.0,8.1,24.1,16.7,,0.0,0.4,0.5,0.092,,-4.2,3.4,-1.6,0.0,32.0,60.0,0.5329999999999999,0.0,1.0,0.0,32.0,59.0,0.542,0.5329999999999999,10.0,20.0,0.875,19.0,37.0,56.0,6.0,6.0,25.0,16.0,47.0,74.0
GSW,19005,2008.0,Didier Ilunga-Mbenga,C,27.0,16.0,0.0,130.0,6.7,0.39799999999999996,0.0,0.087,10.3,15.4,12.8,3.9,1.1,5.6,14.3,9.0,,0.0,0.1,0.1,0.048,,-4.7,2.3,-2.4,0.0,9.0,23.0,0.391,0.0,0.0,,9.0,23.0,0.391,0.391,1.0,2.0,0.5,13.0,18.0,31.0,4.0,3.0,10.0,4.0,32.0,19.0
LAL,20188,2010.0,Didier Ilunga-Mbenga,C,29.0,49.0,2.0,355.0,13.9,0.504,0.018000000000000002,0.184,10.2,17.2,13.7,7.2,2.8,10.2,17.7,17.8,,0.0,0.6,0.6,0.091,,-4.1,6.0,1.2,0.1,48.0,103.0,0.49200000000000005,0.0,1.0,0.0,48.0,103.0,0.49200000000000005,0.49200000000000005,9.0,19.0,0.875,32.0,55.0,87.0,9.0,10.0,29.0,15.0,54.0,105.0
NOH,20803,2011.0,Didier Ilunga-Mbenga,C,30.0,41.0,0.0,330.0,9.7,0.518,0.0,0.36700000000000005,12.8,18.9,15.9,2.7,1.0,6.8,27.0,11.3,,0.0,0.6,0.5,0.076,,-4.9,3.6,-1.3,0.1,23.0,49.0,0.469,0.0,0.0,,23.0,49.0,0.469,0.469,13.0,18.0,0.722,35.0,51.0,86.0,6.0,6.0,27.0,21.0,52.0,59.0
TOT,19004,2008.0,Didier Ilunga-Mbenga,C,27.0,42.0,0.0,326.0,9.4,0.465,0.0,0.14300000000000002,9.4,14.7,12.1,4.3,1.1,5.8,11.8,13.5,,0.0,0.4,0.4,0.066,,-4.3,1.7,-2.6,0.0,39.0,84.0,0.46399999999999997,0.0,0.0,,39.0,84.0,0.46399999999999997,0.46399999999999997,5.0,12.0,0.41700000000000004,28.0,44.0,72.0,10.0,7.0,26.0,12.0,70.0,83.0
