Tm,Unnamed: 0,Year,Player,Pos,Age,G,GS,MP,PER,TS%,3PAr,FTr,ORB%,DRB%,TRB%,AST%,STL%,BLK%,TOV%,USG%,blanl,OWS,DWS,WS,WS/48,blank2,OBPM,DBPM,BPM,VORP,FG,FGA,FG%,3P,3PA,3P%,2P,2PA,2P%,eFG%,FT,FTA,FT%,ORB,DRB,TRB,AST,STL,BLK,TOV,PF,PTS
FTW,653,1953.0,Dike Eddleman,SF,30.0,69.0,,1571.0,10.8,0.4,,0.345,,,,,,,,,,-0.1,1.5,0.1,0.022000000000000002,,,,,,241.0,687.0,0.381,,,,241.0,687.0,0.381,0.381,133.0,237.0,0.561,,,236.0,104.0,,,,220.0,615.0
MLH,522,1952.0,Dike Eddleman,SF,29.0,50.0,,1616.0,11.5,0.385,,0.419,,,,,,,,,,-1.4,1.2,-0.2,-0.006999999999999999,,,,,,227.0,700.0,0.324,,,,227.0,700.0,0.324,0.324,185.0,293.0,0.631,,,232.0,112.0,,,,193.0,639.0
TOT,521,1952.0,Dike Eddleman,SF,29.0,66.0,,1904.0,11.1,0.387,,0.408,,,,,,,,,,-1.5,1.4,-0.1,-0.003,,,,,,270.0,813.0,0.332,,,,270.0,813.0,0.332,0.332,203.0,332.0,0.611,,,269.0,135.0,,,,252.0,743.0
TRI,358,1951.0,Dike Eddleman,SF,28.0,68.0,,,,0.408,,0.312,,,,,,,,,,1.6,2.9,3.8,,,,,,,398.0,1120.0,0.366,,,,398.0,1120.0,0.366,0.366,244.0,349.0,0.6990000000000001,,,410.0,170.0,,,,254.0,1040.0
