Tm,Unnamed: 0,Year,Player,Pos,Age,G,GS,MP,PER,TS%,3PAr,FTr,ORB%,DRB%,TRB%,AST%,STL%,BLK%,TOV%,USG%,blanl,OWS,DWS,WS,WS/48,blank2,OBPM,DBPM,BPM,VORP,FG,FGA,FG%,3P,3PA,3P%,2P,2PA,2P%,eFG%,FT,FTA,FT%,ORB,DRB,TRB,AST,STL,BLK,TOV,PF,PTS
DNN,45,1950.0,Dillard Crocker,PF,25.0,53.0,,,,0.369,,0.377,,,,,,,,,,-0.9,-0.8,-1.7,,,,,,,245.0,840.0,0.292,,,,245.0,840.0,0.292,0.292,233.0,317.0,0.735,,,,85.0,,,,223.0,723.0
INO,514,1952.0,Dillard Crocker,PF,27.0,6.0,,23.0,12.7,0.589,,1.2,,,,,,,,,,0.1,0.0,0.1,0.253,,,,,,2.0,5.0,0.4,,,,2.0,5.0,0.4,0.4,5.0,6.0,0.833,,,3.0,0.0,,,,6.0,9.0
MLH,648,1953.0,Dillard Crocker,PF,28.0,61.0,,776.0,13.2,0.449,,0.665,,,,,,,,,,1.1,1.0,2.2,0.134,,,,,,100.0,284.0,0.35200000000000004,,,,100.0,284.0,0.35200000000000004,0.35200000000000004,130.0,189.0,0.688,,,108.0,63.0,,,,199.0,330.0
TOT,513,1952.0,Dillard Crocker,PF,27.0,38.0,,783.0,12.3,0.42700000000000005,,0.52,,,,,,,,,,0.6,0.6,1.2,0.07200000000000001,,,,,,98.0,279.0,0.35100000000000003,,,,98.0,279.0,0.35100000000000003,0.35100000000000003,97.0,145.0,0.669,,,111.0,57.0,,,,132.0,293.0
