Tm,Unnamed: 0,Year,Player,Pos,Age,G,GS,MP,PER,TS%,3PAr,FTr,ORB%,DRB%,TRB%,AST%,STL%,BLK%,TOV%,USG%,blanl,OWS,DWS,WS,WS/48,blank2,OBPM,DBPM,BPM,VORP,FG,FGA,FG%,3P,3PA,3P%,2P,2PA,2P%,eFG%,FT,FTA,FT%,ORB,DRB,TRB,AST,STL,BLK,TOV,PF,PTS
CLE,23468,2015.0,Dion Waiters,SG,23.0,70.0,48.0,2072.0,14.0,0.508,0.252,0.261,1.8,9.0,5.3,18.4,2.9,1.0,12.3,26.9,,0.3,1.3,1.6,0.037000000000000005,,-0.2,-1.0,-2.1,0.0,430.0,993.0,0.433,92.0,250.0,0.368,338.0,743.0,0.455,0.479,161.0,235.0,0.7829999999999999,32.0,163.0,195.0,209.0,63.0,17.0,154.0,153.0,1113.0
TOT,23467,2015.0,Dion Waiters,SG,23.0,80.0,23.0,2208.0,10.9,0.46,0.26,0.182,2.1,7.4,4.8,11.9,2.1,0.8,10.0,22.5,,-0.6,1.7,1.1,0.025,,-2.1,-1.5,-3.6,-0.9,375.0,946.0,0.396,73.0,246.0,0.297,302.0,700.0,0.431,0.435,117.0,172.0,0.68,41.0,151.0,192.0,163.0,90.0,21.0,113.0,155.0,940.0
OKC,24058,2016.0,Dion Waiters,SG,24.0,78.0,20.0,2152.0,10.1,0.49200000000000005,0.34,0.222,2.2,8.0,5.1,10.0,1.9,0.6,13.4,21.7,,0.3,1.8,2.1,0.046,,-1.5,-0.6,-2.1,-0.1,282.0,706.0,0.39899999999999997,86.0,240.0,0.358,196.0,466.0,0.42100000000000004,0.46,112.0,157.0,0.713,36.0,166.0,202.0,154.0,81.0,15.0,120.0,143.0,762.0
MIA,24644,2017.0,Dion Waiters,SG,25.0,46.0,43.0,1384.0,14.5,0.507,0.324,0.192,1.4,11.0,6.2,23.8,1.5,1.1,12.5,26.3,,0.2,1.5,1.6,0.057,,0.0,-0.8,-0.8,0.4,281.0,663.0,0.424,85.0,215.0,0.395,196.0,448.0,0.43799999999999994,0.488,82.0,127.0,0.6459999999999999,18.0,136.0,154.0,200.0,41.0,20.0,103.0,95.0,729.0
