Tm,Unnamed: 0,Year,Player,Pos,Age,G,GS,MP,PER,TS%,3PAr,FTr,ORB%,DRB%,TRB%,AST%,STL%,BLK%,TOV%,USG%,blanl,OWS,DWS,WS,WS/48,blank2,OBPM,DBPM,BPM,VORP,FG,FGA,FG%,3P,3PA,3P%,2P,2PA,2P%,eFG%,FT,FTA,FT%,ORB,DRB,TRB,AST,STL,BLK,TOV,PF,PTS
ATL,16685,2004.0,Dion Glover,SG,25.0,76.0,42.0,1890.0,13.5,0.512,0.263,0.409,4.7,14.0,9.2,13.8,2.8,0.9,13.2,22.8,,1.4,1.2,2.6,0.065,,-0.5,0.0,-1.7,0.1,277.0,648.0,0.42700000000000005,56.0,158.0,0.354,221.0,490.0,0.455,0.47100000000000003,127.0,162.0,0.784,62.0,220.0,282.0,141.0,71.0,17.0,108.0,146.0,737.0
SAS,17274,2005.0,Dion Glover,SG,26.0,7.0,0.0,68.0,14.0,0.473,0.364,0.455,5.2,13.8,9.5,9.5,2.4,3.2,7.0,19.4,,0.1,0.1,0.2,0.15,,-1.4,1.8,0.5,0.0,8.0,22.0,0.364,1.0,8.0,0.125,7.0,14.0,0.5,0.386,8.0,10.0,0.8,3.0,8.0,11.0,4.0,3.0,3.0,2.0,9.0,25.0
TOR,16686,2004.0,Dion Glover,SG,25.0,14.0,4.0,178.0,9.9,0.45,0.215,0.215,2.6,16.3,9.4,16.1,3.1,0.8,21.1,24.6,,-0.4,0.3,-0.1,-0.027999999999999997,,-5.6,0.7,-4.8,-0.1,25.0,65.0,0.385,4.0,14.0,0.28600000000000003,21.0,51.0,0.41200000000000003,0.415,10.0,14.0,0.7140000000000001,4.0,25.0,29.0,15.0,10.0,2.0,19.0,17.0,64.0
TOT,16684,2004.0,Dion Glover,SG,25.0,69.0,30.0,1643.0,12.2,0.47100000000000003,0.20199999999999999,0.265,4.0,14.2,9.2,14.0,1.6,0.9,13.4,21.2,,0.1,1.0,1.1,0.032,,-1.9,-1.2,-3.1,-0.5,230.0,589.0,0.39,40.0,119.0,0.336,190.0,470.0,0.40399999999999997,0.424,120.0,156.0,0.769,58.0,208.0,266.0,130.0,50.0,19.0,102.0,123.0,620.0
