Tm,Unnamed: 0,Year,Player,Pos,Age,G,GS,MP,PER,TS%,3PAr,FTr,ORB%,DRB%,TRB%,AST%,STL%,BLK%,TOV%,USG%,blanl,OWS,DWS,WS,WS/48,blank2,OBPM,DBPM,BPM,VORP,FG,FGA,FG%,3P,3PA,3P%,2P,2PA,2P%,eFG%,FT,FTA,FT%,ORB,DRB,TRB,AST,STL,BLK,TOV,PF,PTS
ATL,10332,1991.0,Doc Rivers,PG,29.0,82.0,82.0,2590.0,20.4,0.561,0.257,0.61,4.2,12.7,8.1,43.0,3.8,1.4,20.3,21.6,,6.4,3.9,10.3,0.191,,3.6,1.8,4.9,4.4,444.0,1020.0,0.47600000000000003,88.0,262.0,0.41700000000000004,394.0,857.0,0.491,0.48700000000000004,365.0,441.0,0.861,89.0,283.0,366.0,823.0,181.0,53.0,217.0,287.0,1197.0
LAC,10792,1992.0,Doc Rivers,PG,30.0,59.0,25.0,1657.0,13.8,0.518,0.17300000000000001,0.368,1.5,8.4,4.9,19.9,3.3,0.7,12.9,18.3,,1.5,2.4,3.9,0.113,,-0.2,1.2,1.0,1.3,226.0,533.0,0.424,26.0,92.0,0.28300000000000003,200.0,441.0,0.45399999999999996,0.44799999999999995,163.0,196.0,0.8320000000000001,23.0,124.0,147.0,233.0,111.0,19.0,92.0,166.0,641.0
NYK,12178,1995.0,Doc Rivers,PG,33.0,77.0,45.0,1886.0,16.2,0.534,0.409,0.846,5.2,16.9,11.2,31.1,4.5,0.7,18.3,21.3,,2.4,4.1,6.5,0.17,,0.3,2.4,2.7,2.1,216.0,494.0,0.43700000000000006,39.0,123.0,0.6,177.0,371.0,0.48,0.508,133.0,162.0,0.821,26.0,166.0,192.0,405.0,123.0,9.0,114.0,215.0,604.0
SAS,12692,1996.0,Doc Rivers,PG,34.0,78.0,0.0,1235.0,12.0,0.489,0.47200000000000003,0.24600000000000002,2.8,10.0,6.2,23.2,3.3,1.5,15.2,17.6,,0.3,2.0,2.2,0.094,,-0.8,2.0,0.7,0.9,108.0,290.0,0.37200000000000005,47.0,137.0,0.344,62.0,167.0,0.39899999999999997,0.45299999999999996,52.0,71.0,0.75,30.0,108.0,138.0,154.0,73.0,21.0,57.0,175.0,311.0
TOT,12177,1995.0,Doc Rivers,PG,33.0,63.0,0.0,989.0,12.2,0.475,0.42100000000000004,0.272,1.8,10.3,6.3,23.3,3.3,1.5,15.1,17.7,,0.3,1.7,2.0,0.09699999999999999,,-0.7,1.4,0.7,0.7,108.0,302.0,0.358,45.0,127.0,0.354,63.0,175.0,0.36,0.43200000000000005,60.0,82.0,0.732,15.0,94.0,109.0,162.0,65.0,21.0,60.0,150.0,321.0
