Tm,Unnamed: 0,Year,Player,Pos,Age,G,GS,MP,PER,TS%,3PAr,FTr,ORB%,DRB%,TRB%,AST%,STL%,BLK%,TOV%,USG%,blanl,OWS,DWS,WS,WS/48,blank2,OBPM,DBPM,BPM,VORP,FG,FGA,FG%,3P,3PA,3P%,2P,2PA,2P%,eFG%,FT,FTA,FT%,ORB,DRB,TRB,AST,STL,BLK,TOV,PF,PTS
ATL,11809,1994.0,Dominique Wilkins*,SF,34.0,82.0,82.0,3078.0,24.6,0.57,0.19899999999999998,0.415,9.7,17.3,13.0,16.1,2.2,1.8,11.6,35.2,,9.3,3.9,12.2,0.19699999999999998,,5.9,0.0,4.9,5.2,909.0,1957.0,0.493,120.0,316.0,0.38,875.0,1828.0,0.504,0.506,607.0,742.0,0.8540000000000001,261.0,471.0,732.0,265.0,138.0,87.0,251.0,210.0,2397.0
BOS,12267,1995.0,Dominique Wilkins*,SF,35.0,77.0,64.0,2423.0,16.3,0.519,0.247,0.29100000000000004,7.4,11.8,9.5,11.5,1.3,0.4,11.6,26.6,,2.6,1.3,3.9,0.076,,1.4,-1.9,-0.5,0.9,496.0,1169.0,0.424,112.0,289.0,0.38799999999999996,384.0,880.0,0.436,0.47200000000000003,266.0,340.0,0.782,157.0,244.0,401.0,166.0,61.0,14.0,173.0,130.0,1370.0
LAC,11810,1994.0,Dominique Wilkins*,SF,34.0,25.0,25.0,948.0,21.8,0.535,0.16399999999999998,0.33799999999999997,7.1,12.5,9.9,10.3,1.5,0.5,7.1,31.9,,2.1,0.5,2.6,0.13,,3.3,-3.3,0.0,0.5,268.0,592.0,0.45299999999999996,24.0,97.0,0.247,244.0,495.0,0.493,0.473,167.0,200.0,0.835,63.0,113.0,176.0,55.0,29.0,8.0,52.0,39.0,727.0
ORL,14442,1999.0,Dominique Wilkins*,SF,39.0,27.0,2.0,252.0,15.4,0.445,0.14400000000000002,0.318,13.6,19.2,16.4,12.7,0.9,0.3,13.3,31.2,,-0.1,0.3,0.3,0.053,,-2.0,-2.6,-4.6,-0.2,50.0,132.0,0.379,5.0,19.0,0.263,45.0,113.0,0.39799999999999996,0.39799999999999996,29.0,42.0,0.69,30.0,41.0,71.0,16.0,4.0,1.0,23.0,19.0,134.0
SAS,13383,1997.0,Dominique Wilkins*,SF,37.0,63.0,26.0,1945.0,19.6,0.517,0.251,0.36700000000000005,10.1,14.9,12.4,11.9,1.1,1.3,10.9,29.7,,3.1,0.3,3.4,0.083,,2.2,-2.8,-0.6,0.7,397.0,953.0,0.41700000000000004,70.0,239.0,0.293,327.0,714.0,0.45799999999999996,0.45299999999999996,281.0,350.0,0.8029999999999999,169.0,233.0,402.0,119.0,39.0,31.0,135.0,100.0,1145.0
TOT,11808,1994.0,Dominique Wilkins*,SF,34.0,74.0,74.0,2635.0,21.4,0.529,0.18600000000000003,0.32899999999999996,7.5,12.3,9.9,11.3,1.7,0.7,8.6,32.0,,5.6,2.8,8.4,0.153,,3.0,-2.2,0.9,1.9,698.0,1588.0,0.44,85.0,295.0,0.28800000000000003,613.0,1293.0,0.474,0.466,442.0,522.0,0.847,182.0,299.0,481.0,169.0,92.0,30.0,172.0,126.0,1923.0
