Tm,Unnamed: 0,Year,Player,Pos,Age,G,GS,MP,PER,TS%,3PAr,FTr,ORB%,DRB%,TRB%,AST%,STL%,BLK%,TOV%,USG%,blanl,OWS,DWS,WS,WS/48,blank2,OBPM,DBPM,BPM,VORP,FG,FGA,FG%,3P,3PA,3P%,2P,2PA,2P%,eFG%,FT,FTA,FT%,ORB,DRB,TRB,AST,STL,BLK,TOV,PF,PTS
CLE,6552,1982.0,Don Ford,SF,29.0,64.0,1.0,996.0,11.4,0.494,0.042,0.25,7.8,17.4,11.0,10.6,1.9,0.8,36.0,16.1,,0.3,0.4,0.6,0.071,,-2.0,0.7,-2.0,0.0,100.0,224.0,0.451,1.0,3.0,0.5,100.0,221.0,0.452,0.455,22.0,25.0,0.917,74.0,90.0,164.0,84.0,15.0,12.0,49.0,100.0,222.0
LAL,5837,1980.0,Don Ford,SF,27.0,82.0,,1945.0,11.7,0.545,0.008,0.215,6.4,13.9,10.1,9.6,1.6,1.3,17.4,15.1,,1.7,1.8,3.5,0.087,,-0.7,0.8,0.1,1.0,311.0,710.0,0.508,0.0,1.0,0.0,311.0,710.0,0.512,0.508,104.0,139.0,0.821,118.0,248.0,353.0,142.0,68.0,46.0,93.0,210.0,726.0
TOT,5836,1980.0,Don Ford,SF,27.0,73.0,,999.0,9.6,0.518,0.011000000000000001,0.193,4.9,14.8,9.9,7.8,1.0,1.1,14.6,13.7,,0.6,0.9,1.5,0.07200000000000001,,-2.5,-0.2,-2.7,-0.2,131.0,274.0,0.478,1.0,3.0,0.33299999999999996,130.0,271.0,0.48,0.48,45.0,53.0,0.8490000000000001,44.0,141.0,185.0,65.0,22.0,21.0,51.0,131.0,308.0
