Tm,Unnamed: 0,Year,Player,Pos,Age,G,GS,MP,PER,TS%,3PAr,FTr,ORB%,DRB%,TRB%,AST%,STL%,BLK%,TOV%,USG%,blanl,OWS,DWS,WS,WS/48,blank2,OBPM,DBPM,BPM,VORP,FG,FGA,FG%,3P,3PA,3P%,2P,2PA,2P%,eFG%,FT,FTA,FT%,ORB,DRB,TRB,AST,STL,BLK,TOV,PF,PTS
BLB,626,1953.0,Don Boven,F-G,27.0,23.0,,329.0,10.6,0.431,,0.608,,,,,,,,,,0.2,0.1,0.3,0.039,,,,,,30.0,97.0,0.309,,,,30.0,97.0,0.309,0.309,46.0,59.0,0.78,,,61.0,23.0,,,,68.0,106.0
FTW,627,1953.0,Don Boven,SF,27.0,17.0,,377.0,8.7,0.4,,0.387,,,,,,,,,,-0.1,0.3,0.2,0.028999999999999998,,,,,,36.0,111.0,0.324,,,,36.0,111.0,0.324,0.324,32.0,43.0,0.7440000000000001,,,58.0,21.0,,,,57.0,104.0
MLH,625,1953.0,Don Boven,SG,27.0,66.0,,1982.0,13.2,0.45299999999999996,,0.524,,,,,,,,,,0.8,1.7,1.7,0.11900000000000001,,,,,,200.0,668.0,0.397,,,,200.0,668.0,0.397,0.397,256.0,350.0,0.731,,,336.0,177.0,,,,271.0,656.0
TOT,624,1953.0,Don Boven,SF,27.0,67.0,,1373.0,11.3,0.435,,0.489,,,,,,,,,,0.9,1.3,2.2,0.075,,,,,,153.0,427.0,0.358,,,,153.0,427.0,0.358,0.358,145.0,209.0,0.6940000000000001,,,217.0,79.0,,,,227.0,451.0
WAT,14,1950.0,Don Boven,F-G,24.0,62.0,,,,0.461,,0.625,,,,,,,,,,4.4,-0.7,3.8,,,,,,,208.0,558.0,0.373,,,,208.0,558.0,0.373,0.373,240.0,349.0,0.688,,,,137.0,,,,255.0,656.0
