Tm,Unnamed: 0,Year,Player,Pos,Age,G,GS,MP,PER,TS%,3PAr,FTr,ORB%,DRB%,TRB%,AST%,STL%,BLK%,TOV%,USG%,blanl,OWS,DWS,WS,WS/48,blank2,OBPM,DBPM,BPM,VORP,FG,FGA,FG%,3P,3PA,3P%,2P,2PA,2P%,eFG%,FT,FTA,FT%,ORB,DRB,TRB,AST,STL,BLK,TOV,PF,PTS
ATL,6139,1981.0,Don Collins,SF,22.0,47.0,,1184.0,15.0,0.496,0.006,0.306,9.2,8.9,9.1,15.4,2.8,0.6,15.1,24.8,,0.7,1.0,1.8,0.07200000000000001,,0.5,-0.2,0.3,0.7,230.0,530.0,0.434,0.0,3.0,0.0,230.0,527.0,0.436,0.434,137.0,162.0,0.846,96.0,91.0,187.0,115.0,69.0,11.0,107.0,166.0,597.0
GSW,7257,1984.0,Don Collins,SG,25.0,61.0,6.0,957.0,12.4,0.516,0.013000000000000001,0.23,6.6,8.2,7.3,10.1,2.1,0.8,15.8,20.6,,0.2,0.7,0.9,0.047,,-1.9,-1.2,-3.1,-0.3,187.0,387.0,0.483,1.0,5.0,0.2,186.0,382.0,0.48700000000000004,0.484,65.0,89.0,0.73,62.0,67.0,129.0,67.0,43.0,14.0,80.0,119.0,440.0
MIL,8354,1987.0,Don Collins,SF,28.0,6.0,0.0,57.0,9.1,0.402,0.0,0.25,21.2,7.9,14.6,5.0,1.7,1.1,13.9,25.9,,-0.1,0.1,0.0,-0.016,,-3.6,-2.6,-6.2,-0.1,10.0,28.0,0.35700000000000004,0.0,0.0,,10.0,28.0,0.35700000000000004,0.35700000000000004,5.0,7.0,0.7140000000000001,11.0,4.0,15.0,2.0,2.0,1.0,5.0,11.0,25.0
TOT,6138,1981.0,Don Collins,SF,22.0,81.0,,1845.0,14.5,0.5,0.006999999999999999,0.335,7.8,8.5,8.1,15.7,2.7,0.8,15.8,24.6,,0.6,2.0,2.6,0.068,,-0.1,0.3,0.2,1.0,360.0,811.0,0.444,0.0,6.0,0.0,360.0,805.0,0.447,0.444,211.0,272.0,0.7759999999999999,129.0,139.0,268.0,190.0,104.0,25.0,174.0,259.0,931.0
WSB,7606,1985.0,Don Collins,SG,26.0,79.0,21.0,1609.0,15.5,0.55,0.018000000000000002,0.391,11.8,11.2,11.5,16.2,3.7,2.5,17.4,24.1,,1.0,2.6,3.5,0.10800000000000001,,0.4,2.6,2.0,1.6,334.0,653.0,0.523,1.0,12.0,0.083,333.0,641.0,0.528,0.523,121.0,169.0,0.889,116.0,95.0,210.0,148.0,89.0,30.0,146.0,195.0,790.0
