Tm,Unnamed: 0,Year,Player,Pos,Age,G,GS,MP,PER,TS%,3PAr,FTr,ORB%,DRB%,TRB%,AST%,STL%,BLK%,TOV%,USG%,blanl,OWS,DWS,WS,WS/48,blank2,OBPM,DBPM,BPM,VORP,FG,FGA,FG%,3P,3PA,3P%,2P,2PA,2P%,eFG%,FT,FTA,FT%,ORB,DRB,TRB,AST,STL,BLK,TOV,PF,PTS
HOU,23904,2016.0,Donatas Motiejunas,PF,25.0,71.0,62.0,2037.0,14.4,0.5529999999999999,0.39,0.324,7.7,18.2,13.1,12.2,1.5,1.6,16.2,22.1,,2.4,2.3,4.7,0.11,,-0.6,0.5,-0.1,1.0,353.0,700.0,0.504,49.0,133.0,0.368,304.0,567.0,0.562,0.539,100.0,166.0,0.642,137.0,284.0,421.0,130.0,56.0,34.0,123.0,203.0,855.0
NOP,24476,2017.0,Donatas Motiejunas,PF,26.0,34.0,0.0,479.0,9.2,0.47,0.341,0.355,5.7,16.6,11.1,10.3,1.8,1.9,16.3,17.6,,-0.4,0.6,0.2,0.018000000000000002,,-4.1,1.2,-2.9,-0.1,57.0,138.0,0.413,11.0,47.0,0.23399999999999999,46.0,91.0,0.505,0.45299999999999996,25.0,49.0,0.51,26.0,75.0,101.0,34.0,18.0,11.0,31.0,55.0,150.0
