Tm,Unnamed: 0,Year,Player,Pos,Age,G,GS,MP,PER,TS%,3PAr,FTr,ORB%,DRB%,TRB%,AST%,STL%,BLK%,TOV%,USG%,blanl,OWS,DWS,WS,WS/48,blank2,OBPM,DBPM,BPM,VORP,FG,FGA,FG%,3P,3PA,3P%,2P,2PA,2P%,eFG%,FT,FTA,FT%,ORB,DRB,TRB,AST,STL,BLK,TOV,PF,PTS
DAL,15700,2002.0,Donnell Harvey,PF,21.0,18.0,0.0,162.0,10.1,0.5329999999999999,0.0,1.143,10.6,23.4,17.2,4.7,2.4,2.2,25.0,19.6,,0.1,0.2,0.3,0.075,,-3.4,0.4,-3.0,0.0,14.0,26.0,0.5710000000000001,0.0,0.0,,14.0,26.0,0.5710000000000001,0.5710000000000001,10.0,22.0,0.455,12.0,34.0,46.0,5.0,4.0,5.0,8.0,27.0,38.0
DEN,16188,2003.0,Donnell Harvey,SF,22.0,77.0,27.0,1613.0,15.0,0.525,0.013000000000000001,0.35600000000000004,10.9,21.5,15.2,11.7,1.6,2.1,16.4,20.7,,1.0,2.3,2.0,0.11199999999999999,,-0.9,0.8,-0.6,0.2,246.0,551.0,0.49200000000000005,1.0,7.0,0.14300000000000002,245.0,544.0,0.49200000000000005,0.49200000000000005,118.0,176.0,0.67,125.0,284.0,409.0,100.0,48.0,27.0,123.0,203.0,611.0
ORL,16714,2004.0,Donnell Harvey,PF,23.0,24.0,1.0,345.0,9.5,0.462,0.034,0.43799999999999994,9.3,14.4,11.8,3.7,1.5,2.3,17.2,16.8,,-0.1,0.1,0.0,-0.005,,-4.3,-1.7,-6.0,-0.4,36.0,89.0,0.40399999999999997,0.0,3.0,0.0,36.0,86.0,0.419,0.40399999999999997,26.0,39.0,0.667,29.0,43.0,72.0,8.0,10.0,11.0,22.0,44.0,98.0
PHO,16715,2004.0,Donnell Harvey,PF,23.0,36.0,7.0,438.0,11.1,0.537,0.0,0.39299999999999996,4.9,19.1,12.0,4.7,1.7,2.7,14.9,15.9,,0.3,0.4,0.7,0.081,,-3.8,0.0,-3.8,-0.2,53.0,112.0,0.473,0.0,0.0,,53.0,112.0,0.473,0.473,35.0,44.0,0.795,19.0,73.0,92.0,13.0,14.0,16.0,23.0,85.0,141.0
TOT,16713,2004.0,Donnell Harvey,PF,23.0,60.0,8.0,841.0,14.1,0.526,0.015,0.415,10.4,20.5,15.3,7.2,1.6,2.5,15.9,16.3,,1.1,0.7,1.8,0.105,,-1.4,0.4,-1.0,0.2,108.0,217.0,0.498,0.0,3.0,0.0,108.0,217.0,0.498,0.498,61.0,90.0,0.735,80.0,147.0,227.0,37.0,24.0,27.0,45.0,129.0,270.0
NJN,17301,2005.0,Donnell Harvey,PF,24.0,3.0,0.0,16.0,35.2,1.064,0.0,2.0,14.8,38.1,26.3,11.0,3.4,5.1,21.0,14.0,,0.1,0.0,0.2,0.484,,5.4,4.8,10.2,0.0,2.0,2.0,1.0,0.0,0.0,,2.0,2.0,1.0,1.0,4.0,4.0,1.0,2.0,5.0,7.0,1.0,1.0,1.0,1.0,2.0,8.0
