Tm,Unnamed: 0,Year,Player,Pos,Age,G,GS,MP,PER,TS%,3PAr,FTr,ORB%,DRB%,TRB%,AST%,STL%,BLK%,TOV%,USG%,blanl,OWS,DWS,WS,WS/48,blank2,OBPM,DBPM,BPM,VORP,FG,FGA,FG%,3P,3PA,3P%,2P,2PA,2P%,eFG%,FT,FTA,FT%,ORB,DRB,TRB,AST,STL,BLK,TOV,PF,PTS
MIL,21980,2013.0,Doron Lamb,SG,21.0,23.0,0.0,280.0,3.0,0.384,0.168,0.158,1.1,5.6,3.3,10.6,1.3,0.0,13.6,18.3,,-0.6,0.1,-0.4,-0.076,,-6.7,-2.6,-9.3,-0.5,33.0,95.0,0.34700000000000003,4.0,16.0,0.25,29.0,79.0,0.36700000000000005,0.368,8.0,15.0,0.5329999999999999,3.0,14.0,17.0,20.0,7.0,0.0,16.0,27.0,78.0
ORL,22585,2014.0,Doron Lamb,SG,22.0,53.0,0.0,695.0,7.5,0.5429999999999999,0.563,0.27899999999999997,1.9,9.1,5.5,9.3,1.1,0.1,13.3,13.3,,0.3,0.2,0.5,0.036000000000000004,,-2.2,-2.0,-4.6,-0.3,63.0,160.0,0.397,36.0,90.0,0.47600000000000003,27.0,70.0,0.386,0.506,29.0,36.0,0.8059999999999999,8.0,41.0,49.0,43.0,11.0,1.0,27.0,54.0,191.0
TOT,21979,2013.0,Doron Lamb,SG,21.0,47.0,0.0,577.0,4.8,0.433,0.22699999999999998,0.209,1.5,7.4,4.4,8.2,1.2,0.0,12.7,15.7,,-0.6,0.2,-0.4,-0.032,,-5.2,-2.3,-7.5,-0.8,60.0,163.0,0.368,14.0,37.0,0.37799999999999995,46.0,126.0,0.365,0.41100000000000003,20.0,34.0,0.588,8.0,38.0,46.0,32.0,13.0,0.0,26.0,52.0,154.0
