Tm,Unnamed: 0,Year,Player,Pos,Age,G,GS,MP,PER,TS%,3PAr,FTr,ORB%,DRB%,TRB%,AST%,STL%,BLK%,TOV%,USG%,blanl,OWS,DWS,WS,WS/48,blank2,OBPM,DBPM,BPM,VORP,FG,FGA,FG%,3P,3PA,3P%,2P,2PA,2P%,eFG%,FT,FTA,FT%,ORB,DRB,TRB,AST,STL,BLK,TOV,PF,PTS
BOS,12738,1996.0,Doug Smith,PF,26.0,17.0,2.0,92.0,4.2,0.38799999999999996,0.0,0.205,14.3,12.5,13.4,6.8,1.6,0.0,20.6,25.0,,-0.3,0.1,-0.2,-0.12300000000000001,,-7.6,-2.7,-10.3,-0.2,14.0,39.0,0.359,0.0,0.0,,14.0,39.0,0.359,0.359,5.0,8.0,0.625,12.0,10.0,22.0,4.0,3.0,0.0,11.0,21.0,33.0
DAL,12212,1995.0,Doug Smith,PF,25.0,79.0,42.0,1707.0,13.5,0.47600000000000003,0.038,0.239,7.8,18.0,12.2,12.2,2.5,2.2,14.1,21.7,,0.7,1.6,2.3,0.066,,-1.9,0.4,-1.7,0.1,295.0,702.0,0.435,2.0,12.0,0.222,293.0,691.0,0.43799999999999994,0.43700000000000006,106.0,127.0,0.835,129.0,262.0,391.0,129.0,82.0,52.0,115.0,287.0,698.0
