Tm,Unnamed: 0,Year,Player,Pos,Age,G,GS,MP,PER,TS%,3PAr,FTr,ORB%,DRB%,TRB%,AST%,STL%,BLK%,TOV%,USG%,blanl,OWS,DWS,WS,WS/48,blank2,OBPM,DBPM,BPM,VORP,FG,FGA,FG%,3P,3PA,3P%,2P,2PA,2P%,eFG%,FT,FTA,FT%,ORB,DRB,TRB,AST,STL,BLK,TOV,PF,PTS
POR,10308,1991.0,Drazen Petrovic*,SG,26.0,77.0,0.0,967.0,15.5,0.586,0.17300000000000001,0.375,8.4,7.0,7.5,22.9,2.2,0.1,16.2,28.3,,1.8,1.0,2.8,0.139,,1.5,-1.7,-0.5,0.4,207.0,427.0,0.485,34.0,74.0,0.45899999999999996,173.0,353.0,0.49,0.525,135.0,160.0,0.8440000000000001,50.0,61.0,111.0,116.0,23.0,2.0,96.0,134.0,583.0
TOT,10307,1991.0,Drazen Petrovic*,SG,26.0,61.0,0.0,1015.0,16.6,0.563,0.132,0.278,5.2,6.3,5.7,13.9,2.0,0.1,12.8,25.2,,1.7,0.8,2.5,0.11900000000000001,,1.4,-2.3,-0.9,0.3,243.0,493.0,0.493,23.0,65.0,0.354,220.0,428.0,0.514,0.516,114.0,137.0,0.8320000000000001,51.0,59.0,110.0,86.0,43.0,1.0,81.0,132.0,623.0
NJN,11213,1993.0,Drazen Petrovic*,SG,28.0,82.0,82.0,3027.0,17.3,0.605,0.21100000000000002,0.319,4.7,6.3,5.5,15.3,2.0,0.3,13.6,24.7,,6.2,2.6,8.4,0.152,,3.0,-1.0,2.0,2.7,668.0,1315.0,0.518,123.0,277.0,0.449,545.0,1038.0,0.529,0.555,315.0,362.0,0.87,97.0,161.0,258.0,252.0,105.0,13.0,215.0,248.0,1691.0
