Tm,Unnamed: 0,Year,Player,Pos,Age,G,GS,MP,PER,TS%,3PAr,FTr,ORB%,DRB%,TRB%,AST%,STL%,BLK%,TOV%,USG%,blanl,OWS,DWS,WS,WS/48,blank2,OBPM,DBPM,BPM,VORP,FG,FGA,FG%,3P,3PA,3P%,2P,2PA,2P%,eFG%,FT,FTA,FT%,ORB,DRB,TRB,AST,STL,BLK,TOV,PF,PTS
SAC,12923,1997.0,Duane Causwell,C,28.0,80.0,77.0,2291.0,14.2,0.575,0.032,0.667,11.3,19.6,15.1,6.1,1.4,7.3,23.6,15.2,,1.5,2.6,3.9,0.115,,-1.6,3.5,-0.2,0.8,250.0,455.0,0.5489999999999999,2.0,3.0,0.667,250.0,454.0,0.551,0.5489999999999999,136.0,222.0,0.7290000000000001,196.0,384.0,580.0,69.0,49.0,215.0,124.0,281.0,636.0
MIA,15044,2001.0,Duane Causwell,C,32.0,37.0,14.0,384.0,14.1,0.614,0.0,1.0270000000000001,13.3,21.9,16.0,2.8,1.1,6.3,30.9,21.0,,0.3,0.7,0.7,0.171,,-3.9,1.6,-3.2,-0.1,37.0,89.0,0.5710000000000001,0.0,0.0,,37.0,89.0,0.5710000000000001,0.5710000000000001,26.0,38.0,0.684,29.0,70.0,99.0,5.0,8.0,27.0,23.0,73.0,89.0
