Tm,Unnamed: 0,Year,Player,Pos,Age,G,GS,MP,PER,TS%,3PAr,FTr,ORB%,DRB%,TRB%,AST%,STL%,BLK%,TOV%,USG%,blanl,OWS,DWS,WS,WS/48,blank2,OBPM,DBPM,BPM,VORP,FG,FGA,FG%,3P,3PA,3P%,2P,2PA,2P%,eFG%,FT,FTA,FT%,ORB,DRB,TRB,AST,STL,BLK,TOV,PF,PTS
DNN,130,1950.0,Duane Klueh,G,24.0,33.0,,,,0.44799999999999995,,0.507,,,,,,,,,,1.9,-0.3,1.6,,,,,,,110.0,302.0,0.364,,,,110.0,302.0,0.364,0.364,111.0,153.0,0.725,,,,63.0,,,,73.0,331.0
FTW,399,1951.0,Duane Klueh,G,25.0,61.0,,,,0.506,,0.616,,,,,,,,,,1.4,1.4,2.3,,,,,,,157.0,458.0,0.43799999999999994,,,,157.0,458.0,0.43799999999999994,0.43799999999999994,135.0,184.0,0.7340000000000001,,,183.0,82.0,,,,143.0,449.0
TOT,129,1950.0,Duane Klueh,G,24.0,52.0,,,,0.46399999999999997,,0.536,,,,,,,,,,3.4,0.3,3.7,,,,,,,159.0,414.0,0.384,,,,159.0,414.0,0.384,0.384,157.0,222.0,0.7070000000000001,,,,91.0,,,,111.0,475.0
