Tm,Unnamed: 0,Year,Player,Pos,Age,G,GS,MP,PER,TS%,3PAr,FTr,ORB%,DRB%,TRB%,AST%,STL%,BLK%,TOV%,USG%,blanl,OWS,DWS,WS,WS/48,blank2,OBPM,DBPM,BPM,VORP,FG,FGA,FG%,3P,3PA,3P%,2P,2PA,2P%,eFG%,FT,FTA,FT%,ORB,DRB,TRB,AST,STL,BLK,TOV,PF,PTS
BOS,14367,1999.0,Dwayne Schintzius,C,30.0,16.0,0.0,67.0,0.7,0.31,0.0,0.25,11.4,20.7,15.9,17.4,0.0,3.3,36.0,18.5,,-0.3,0.1,-0.2,-0.138,,-9.5,0.6,-9.0,-0.1,4.0,16.0,0.25,0.0,0.0,,4.0,16.0,0.25,0.25,3.0,4.0,0.75,7.0,12.0,19.0,8.0,0.0,3.0,10.0,17.0,11.0
IND,12720,1996.0,Dwayne Schintzius,C,27.0,33.0,8.0,297.0,11.9,0.465,0.0,0.191,10.0,22.4,16.4,8.0,1.6,3.2,13.7,21.4,,-0.1,0.5,0.3,0.054000000000000006,,-4.1,0.9,-3.2,-0.1,49.0,110.0,0.445,0.0,0.0,,49.0,110.0,0.445,0.445,13.0,21.0,0.619,23.0,55.0,78.0,14.0,9.0,12.0,19.0,53.0,111.0
LAC,13301,1997.0,Dwayne Schintzius,C,28.0,15.0,0.0,116.0,8.1,0.43,0.055999999999999994,0.222,8.7,13.6,11.1,5.4,0.5,6.1,15.0,17.9,,-0.1,0.1,0.0,0.002,,-5.8,0.5,-5.3,-0.1,13.0,36.0,0.361,1.0,2.0,0.5,12.0,34.0,0.353,0.375,7.0,8.0,0.875,9.0,13.0,22.0,4.0,1.0,9.0,7.0,22.0,34.0
NJN,12198,1995.0,Dwayne Schintzius,C,26.0,43.0,11.0,319.0,12.5,0.42100000000000004,0.0,0.429,9.9,21.2,14.7,7.7,2.9,3.7,13.1,17.9,,0.0,0.5,0.2,0.149,,-3.3,3.8,0.5,0.0,41.0,108.0,0.38,0.0,0.0,,41.0,108.0,0.38,0.38,10.0,17.0,1.0,29.0,63.0,89.0,15.0,7.0,17.0,17.0,49.0,88.0
SAC,10816,1992.0,Dwayne Schintzius,C,23.0,33.0,0.0,400.0,10.6,0.45,0.034,0.10300000000000001,11.5,20.3,15.9,7.0,0.7,4.1,13.4,14.7,,-0.1,0.4,0.4,0.045,,-4.4,0.5,-3.8,-0.2,50.0,117.0,0.42700000000000005,0.0,4.0,0.0,50.0,113.0,0.442,0.42700000000000005,10.0,12.0,0.833,43.0,75.0,118.0,20.0,6.0,28.0,19.0,67.0,110.0
SAS,10350,1991.0,Dwayne Schintzius,C,22.0,42.0,7.0,398.0,10.1,0.45799999999999996,0.013000000000000001,0.258,8.2,24.5,16.8,6.2,0.2,4.4,16.5,21.6,,-0.5,0.8,0.2,0.027000000000000003,,-6.5,0.3,-6.2,-0.4,68.0,155.0,0.439,0.0,2.0,0.0,68.0,153.0,0.444,0.439,22.0,40.0,0.55,28.0,93.0,121.0,17.0,2.0,29.0,34.0,64.0,158.0
