Tm,Unnamed: 0,Year,Player,Pos,Age,G,GS,MP,PER,TS%,3PAr,FTr,ORB%,DRB%,TRB%,AST%,STL%,BLK%,TOV%,USG%,blanl,OWS,DWS,WS,WS/48,blank2,OBPM,DBPM,BPM,VORP,FG,FGA,FG%,3P,3PA,3P%,2P,2PA,2P%,eFG%,FT,FTA,FT%,ORB,DRB,TRB,AST,STL,BLK,TOV,PF,PTS
BRK,22975,2015.0,Earl Clark,PF,27.0,10.0,0.0,93.0,6.7,0.425,0.467,0.133,1.2,26.5,13.9,5.0,1.7,3.5,15.9,18.5,,-0.2,0.1,-0.1,-0.037000000000000005,,-6.6,0.5,-6.1,-0.1,11.0,30.0,0.36700000000000005,4.0,14.0,0.28600000000000003,7.0,16.0,0.43799999999999994,0.433,1.0,4.0,0.25,1.0,22.0,23.0,3.0,3.0,4.0,6.0,12.0,27.0
CLE,22377,2014.0,Earl Clark,PF,26.0,45.0,17.0,698.0,8.6,0.467,0.483,0.1,3.1,17.6,10.2,3.6,1.2,2.3,10.7,17.9,,-0.5,0.7,0.2,0.013999999999999999,,-3.8,-1.0,-4.9,-0.5,90.0,240.0,0.375,40.0,116.0,0.345,50.0,124.0,0.40299999999999997,0.45799999999999996,14.0,24.0,0.583,20.0,107.0,127.0,16.0,16.0,19.0,30.0,61.0,234.0
LAL,21775,2013.0,Earl Clark,PF,25.0,59.0,36.0,1363.0,12.4,0.51,0.26899999999999996,0.19699999999999998,6.8,19.1,13.1,7.4,1.3,2.3,12.9,15.7,,0.7,1.5,2.3,0.08,,-2.0,1.0,-0.9,0.4,170.0,386.0,0.44,35.0,104.0,0.337,135.0,282.0,0.479,0.486,53.0,76.0,0.6970000000000001,82.0,243.0,325.0,65.0,36.0,44.0,62.0,102.0,428.0
NYK,22378,2014.0,Earl Clark,PF,26.0,9.0,0.0,70.0,13.5,0.45299999999999996,0.28600000000000003,0.47600000000000003,3.3,24.2,13.4,4.3,0.8,7.6,3.8,17.5,,0.0,0.1,0.1,0.08,,-4.8,0.9,-3.9,0.0,7.0,21.0,0.33299999999999996,1.0,6.0,0.16699999999999998,6.0,15.0,0.4,0.35700000000000004,8.0,10.0,0.8,2.0,14.0,16.0,2.0,1.0,6.0,1.0,6.0,23.0
ORL,21221,2012.0,Earl Clark,SF,24.0,45.0,1.0,559.0,9.9,0.46799999999999997,0.039,0.29100000000000004,10.1,18.6,12.8,5.2,1.2,4.5,15.4,20.0,,-0.3,0.8,0.3,0.038,,-5.9,2.4,-3.8,-0.3,56.0,139.0,0.441,0.0,5.0,0.0,56.0,139.0,0.45899999999999996,0.441,22.0,37.0,0.7240000000000001,35.0,89.0,124.0,18.0,12.0,32.0,26.0,72.0,134.0
PHO,20633,2011.0,Earl Clark,SF,23.0,51.0,0.0,383.0,11.3,0.42,0.033,0.32299999999999995,6.4,20.9,13.6,8.7,0.9,3.1,12.1,23.4,,-0.1,0.2,0.0,-0.01,,-5.8,-0.9,-6.9,-0.1,56.0,151.0,0.387,2.0,5.0,0.4,54.0,146.0,0.387,0.387,26.0,36.0,0.722,18.0,44.0,62.0,21.0,7.0,13.0,23.0,25.0,140.0
TOT,22376,2014.0,Earl Clark,SF,26.0,54.0,17.0,768.0,10.1,0.466,0.467,0.297,9.5,18.2,12.7,3.7,1.1,3.0,13.5,20.5,,-0.4,0.8,0.3,0.03,,-3.9,-0.1,-4.8,-0.5,97.0,261.0,0.43,41.0,122.0,0.336,68.0,153.0,0.444,0.45,27.0,47.0,0.647,37.0,121.0,143.0,18.0,17.0,25.0,31.0,67.0,257.0
