Tm,Unnamed: 0,Year,Player,Pos,Age,G,GS,MP,PER,TS%,3PAr,FTr,ORB%,DRB%,TRB%,AST%,STL%,BLK%,TOV%,USG%,blanl,OWS,DWS,WS,WS/48,blank2,OBPM,DBPM,BPM,VORP,FG,FGA,FG%,3P,3PA,3P%,2P,2PA,2P%,eFG%,FT,FTA,FT%,ORB,DRB,TRB,AST,STL,BLK,TOV,PF,PTS
GSW,21160,2012.0,Earl Barron,C,30.0,2.0,0.0,9.0,4.7,0.5,0.0,0.0,12.6,0.0,6.3,0.0,0.0,0.0,0.0,20.5,,0.0,0.0,0.0,0.054000000000000006,,-2.0,-8.3,-10.3,0.0,2.0,4.0,0.5,0.0,0.0,,2.0,4.0,0.5,0.5,0.0,0.0,,1.0,0.0,1.0,0.0,0.0,0.0,0.0,5.0,4.0
MIA,18782,2008.0,Earl Barron,C,26.0,46.0,15.0,889.0,9.4,0.446,0.04,0.266,11.3,20.1,13.3,5.8,1.6,1.6,22.0,23.8,,-0.2,0.6,-0.2,-0.019,,-5.5,-2.2,-7.7,-0.2,132.0,327.0,0.40399999999999997,1.0,13.0,0.077,131.0,314.0,0.41700000000000004,0.405,61.0,87.0,0.9440000000000001,67.0,131.0,198.0,29.0,19.0,8.0,48.0,114.0,326.0
MIL,20549,2011.0,Earl Barron,C,29.0,7.0,0.0,85.0,17.3,0.475,0.0,0.054000000000000006,16.0,14.1,15.1,9.2,1.3,1.9,5.0,22.0,,0.1,0.1,0.2,0.13,,-0.7,-0.1,-0.9,0.0,17.0,37.0,0.45899999999999996,0.0,0.0,,17.0,37.0,0.45899999999999996,0.45899999999999996,2.0,2.0,1.0,12.0,10.0,22.0,4.0,2.0,2.0,2.0,10.0,36.0
NYK,21719,2013.0,Earl Barron,C,31.0,7.0,6.0,232.0,15.4,0.508,0.0,0.426,18.4,39.3,28.5,8.7,0.9,2.3,12.0,20.1,,0.3,0.2,0.4,0.091,,-2.5,-0.9,-3.8,0.0,30.0,68.0,0.441,0.0,0.0,,30.0,68.0,0.441,0.441,22.0,29.0,0.759,31.0,46.0,77.0,8.0,4.0,4.0,11.0,24.0,82.0
PHO,22904,2015.0,Earl Barron,C,33.0,16.0,6.0,183.0,5.0,0.361,0.10300000000000001,0.392,10.6,15.2,12.6,4.9,1.7,1.6,15.5,17.5,,-0.1,0.1,0.0,-0.011000000000000001,,-5.0,-0.2,-5.9,-0.1,12.0,51.0,0.308,2.0,4.0,0.5,12.0,51.0,0.28600000000000003,0.33299999999999996,12.0,20.0,0.6,16.0,24.0,40.0,5.0,6.0,4.0,11.0,32.0,36.0
POR,20550,2011.0,Earl Barron,C,29.0,2.0,1.0,37.0,3.8,0.295,0.0,0.182,12.7,34.6,23.1,12.2,0.0,0.0,20.2,18.8,,-0.1,0.0,-0.1,-0.09300000000000001,,-9.2,-0.9,-10.1,-0.1,3.0,11.0,0.273,0.0,0.0,,3.0,11.0,0.273,0.273,1.0,2.0,0.5,4.0,10.0,14.0,3.0,0.0,0.0,3.0,4.0,7.0
TOT,21717,2013.0,Earl Barron,C,31.0,21.0,7.0,305.0,8.9,0.361,0.0,0.242,15.4,28.1,21.6,5.8,1.6,3.0,16.9,18.9,,-0.3,0.3,0.0,-0.003,,-6.3,1.0,-6.6,-0.2,32.0,99.0,0.353,0.0,0.0,,32.0,99.0,0.353,0.353,15.0,24.0,0.625,32.0,44.0,76.0,11.0,8.0,6.0,16.0,46.0,79.0
WAS,21718,2013.0,Earl Barron,C,31.0,11.0,1.0,122.0,6.9,0.35700000000000004,0.0,0.135,14.4,24.7,19.5,3.9,2.1,3.2,20.3,18.4,,-0.3,0.3,-0.1,-0.025,,-8.4,1.6,-6.8,-0.1,13.0,37.0,0.35100000000000003,0.0,0.0,,13.0,37.0,0.35100000000000003,0.35100000000000003,2.0,5.0,0.4,16.0,27.0,43.0,3.0,5.0,5.0,10.0,23.0,28.0
