Tm,Unnamed: 0,Year,Player,Pos,Age,G,GS,MP,PER,TS%,3PAr,FTr,ORB%,DRB%,TRB%,AST%,STL%,BLK%,TOV%,USG%,blanl,OWS,DWS,WS,WS/48,blank2,OBPM,DBPM,BPM,VORP,FG,FGA,FG%,3P,3PA,3P%,2P,2PA,2P%,eFG%,FT,FTA,FT%,ORB,DRB,TRB,AST,STL,BLK,TOV,PF,PTS
BOS,852,1954.0,Ed Mikan,C,28.0,9.0,,71.0,8.2,0.376,,0.375,,,,,,,,,,-0.1,0.0,0.0,-0.023,,,,,,8.0,24.0,0.33299999999999996,,,,8.0,24.0,0.33299999999999996,0.33299999999999996,5.0,9.0,0.556,,,20.0,3.0,,,,15.0,21.0
CHS,170,1950.0,Ed Mikan,C,24.0,21.0,,,,0.35100000000000003,,0.457,,,,,,,,,,-0.4,0.6,0.2,,,,,,,31.0,127.0,0.244,,,,31.0,127.0,0.244,0.244,45.0,58.0,0.7759999999999999,,,,14.0,,,,48.0,107.0
INO,715,1953.0,Ed Mikan,C,27.0,43.0,,569.0,7.0,0.349,,0.405,,,,,,,,,,-1.0,0.6,-0.3,-0.028999999999999998,,,,,,39.0,158.0,0.247,,,,39.0,158.0,0.247,0.247,52.0,64.0,0.813,,,118.0,17.0,,,,84.0,130.0
PHW,714,1953.0,Ed Mikan,C,27.0,66.0,,1781.0,12.6,0.409,,0.259,,,,,,,,,,0.0,0.8,0.8,0.021,,,,,,202.0,571.0,0.354,,,,202.0,571.0,0.354,0.354,116.0,148.0,0.794,,,492.0,87.0,,,,252.0,520.0
ROC,171,1950.0,Ed Mikan,C,24.0,44.0,,,,0.368,,0.32,,,,,,,,,,-0.2,0.8,0.6,,,,,,,58.0,194.0,0.299,,,,58.0,194.0,0.299,0.299,47.0,62.0,0.758,,,,28.0,,,,95.0,163.0
TOT,713,1953.0,Ed Mikan,C-F,27.0,65.0,,927.0,9.2,0.409,,0.374,,,,,,,,,,-0.6,1.4,0.8,-0.038,,,,,,193.0,556.0,0.34700000000000003,,,,193.0,556.0,0.34700000000000003,0.34700000000000003,137.0,189.0,0.8059999999999999,,,344.0,63.0,,,,194.0,523.0
