Tm,Unnamed: 0,Year,Player,Pos,Age,G,GS,MP,PER,TS%,3PAr,FTr,ORB%,DRB%,TRB%,AST%,STL%,BLK%,TOV%,USG%,blanl,OWS,DWS,WS,WS/48,blank2,OBPM,DBPM,BPM,VORP,FG,FGA,FG%,3P,3PA,3P%,2P,2PA,2P%,eFG%,FT,FTA,FT%,ORB,DRB,TRB,AST,STL,BLK,TOV,PF,PTS
BOS,11711,1994.0,Ed Pinckney,PF,30.0,81.0,50.0,1917.0,17.7,0.629,0.004,0.733,16.0,23.7,17.7,8.7,2.6,2.9,21.2,16.6,,4.8,2.7,7.5,0.195,,2.1,1.7,3.8,2.6,203.0,378.0,0.542,0.0,1.0,0.0,203.0,377.0,0.544,0.542,207.0,255.0,0.9229999999999999,252.0,318.0,564.0,68.0,70.0,56.0,73.0,158.0,613.0
MIA,13245,1997.0,Ed Pinckney,PF,33.0,27.0,0.0,273.0,11.4,0.611,0.0,0.581,11.1,17.1,14.1,3.5,1.6,2.6,26.0,12.6,,0.2,0.5,0.7,0.121,,-3.6,2.1,-1.5,0.0,23.0,43.0,0.535,0.0,0.0,,23.0,43.0,0.535,0.535,20.0,25.0,0.8,25.0,40.0,65.0,6.0,8.0,9.0,19.0,30.0,66.0
MIL,12158,1995.0,Ed Pinckney,PF,31.0,62.0,17.0,835.0,10.9,0.563,0.0,0.639,9.1,21.7,15.2,3.6,2.1,1.5,17.3,8.0,,0.7,0.9,1.6,0.092,,-3.1,1.1,-2.0,0.0,48.0,97.0,0.495,0.0,0.0,,48.0,97.0,0.495,0.495,44.0,62.0,0.71,65.0,146.0,211.0,21.0,34.0,17.0,26.0,64.0,140.0
PHI,12664,1996.0,Ed Pinckney,PF,32.0,27.0,23.0,679.0,13.9,0.594,0.0,0.539,12.3,17.8,15.0,5.2,2.5,1.2,15.4,9.8,,1.0,0.5,1.6,0.11,,-0.8,1.1,0.3,0.4,54.0,102.0,0.529,0.0,0.0,,54.0,102.0,0.529,0.529,42.0,55.0,0.764,74.0,102.0,176.0,22.0,33.0,11.0,23.0,55.0,150.0
PHO,8552,1987.0,Ed Pinckney,SF,23.0,80.0,65.0,2250.0,15.2,0.644,0.004,0.7,9.1,19.7,14.5,7.7,2.0,1.4,20.6,17.8,,3.8,2.4,6.2,0.132,,0.4,1.3,1.6,2.1,290.0,497.0,0.584,0.0,2.0,0.0,290.0,495.0,0.586,0.584,257.0,348.0,0.7390000000000001,179.0,401.0,580.0,116.0,86.0,54.0,148.0,196.0,837.0
SAC,9394,1989.0,Ed Pinckney,PF,25.0,79.0,24.0,1334.0,17.0,0.583,0.013000000000000001,0.519,8.6,16.0,12.1,8.1,1.9,1.9,15.5,19.2,,2.2,1.4,3.6,0.13,,-0.1,0.7,0.7,0.9,224.0,446.0,0.522,0.0,6.0,0.0,224.0,440.0,0.525,0.522,177.0,221.0,0.8009999999999999,106.0,195.0,301.0,74.0,54.0,43.0,81.0,125.0,625.0
TOR,12663,1996.0,Ed Pinckney,PF,32.0,47.0,24.0,1031.0,14.6,0.57,0.013000000000000001,0.532,13.2,19.4,16.3,7.3,1.5,1.3,15.8,14.6,,1.6,0.6,2.2,0.10099999999999999,,-0.8,-0.8,-1.6,0.1,117.0,233.0,0.502,0.0,3.0,0.0,117.0,230.0,0.509,0.502,94.0,124.0,0.758,115.0,167.0,282.0,50.0,31.0,17.0,54.0,101.0,328.0
TOT,12662,1996.0,Ed Pinckney,PF,32.0,80.0,47.0,2012.0,17.2,0.591,0.01,0.563,12.8,18.8,15.8,8.3,2.0,1.9,15.7,18.3,,4.0,2.1,6.1,0.145,,0.6,0.8,1.5,1.8,319.0,622.0,0.513,0.0,6.0,0.0,319.0,616.0,0.518,0.513,280.0,350.0,0.8,189.0,283.0,458.0,118.0,83.0,66.0,119.0,202.0,918.0
