Tm,Unnamed: 0,Year,Player,Pos,Age,G,GS,MP,PER,TS%,3PAr,FTr,ORB%,DRB%,TRB%,AST%,STL%,BLK%,TOV%,USG%,blanl,OWS,DWS,WS,WS/48,blank2,OBPM,DBPM,BPM,VORP,FG,FGA,FG%,3P,3PA,3P%,2P,2PA,2P%,eFG%,FT,FTA,FT%,ORB,DRB,TRB,AST,STL,BLK,TOV,PF,PTS
CLE,8092,1986.0,Edgar Jones,PF,29.0,53.0,6.0,1011.0,15.8,0.5720000000000001,0.062,0.48100000000000004,8.2,18.2,13.2,6.4,1.4,2.1,13.6,21.9,,1.6,1.0,2.6,0.122,,0.1,-0.1,0.1,0.5,187.0,370.0,0.505,7.0,23.0,0.304,180.0,347.0,0.519,0.515,132.0,178.0,0.742,71.0,136.0,207.0,45.0,30.0,38.0,64.0,142.0,513.0
DET,7003,1983.0,Edgar Jones,PF,26.0,49.0,25.0,1036.0,17.5,0.594,0.02,0.585,9.3,19.6,14.1,8.6,1.6,6.3,21.8,18.6,,1.1,1.3,2.4,0.14300000000000002,,-0.9,2.7,1.8,0.8,145.0,294.0,0.5479999999999999,2.0,6.0,0.5,143.0,288.0,0.5489999999999999,0.55,117.0,172.0,0.698,80.0,191.0,271.0,69.0,28.0,92.0,103.0,160.0,409.0
NJN,6256,1981.0,Edgar Jones,PF,24.0,60.0,,950.0,17.6,0.578,0.011000000000000001,0.611,10.7,20.8,15.6,6.7,1.7,4.8,18.2,23.0,,0.9,1.4,2.3,0.11599999999999999,,-1.3,0.9,-0.4,0.4,189.0,357.0,0.529,0.0,4.0,0.0,189.0,353.0,0.535,0.529,146.0,218.0,0.67,92.0,171.0,263.0,43.0,36.0,81.0,101.0,185.0,524.0
SAS,7712,1985.0,Edgar Jones,PF,28.0,81.0,33.0,1770.0,14.9,0.57,0.03,0.616,10.2,20.5,15.5,7.0,1.6,3.1,19.8,19.2,,1.7,1.7,3.4,0.129,,-0.5,0.7,0.2,1.0,322.0,644.0,0.5,6.0,19.0,0.316,316.0,625.0,0.506,0.505,176.0,242.0,0.804,143.0,306.0,449.0,85.0,64.0,107.0,125.0,298.0,826.0
TOT,7711,1985.0,Edgar Jones,PF,28.0,77.0,28.0,1658.0,13.9,0.56,0.019,0.597,8.7,19.9,14.3,6.9,1.2,3.5,19.4,20.1,,1.4,2.0,3.4,0.098,,-1.8,0.8,-1.0,0.4,237.0,479.0,0.495,2.0,9.0,0.222,235.0,470.0,0.5,0.49700000000000005,201.0,286.0,0.7390000000000001,136.0,312.0,448.0,89.0,42.0,108.0,146.0,267.0,677.0
