Tm,Unnamed: 0,Year,Player,Pos,Age,G,GS,MP,PER,TS%,3PAr,FTr,ORB%,DRB%,TRB%,AST%,STL%,BLK%,TOV%,USG%,blanl,OWS,DWS,WS,WS/48,blank2,OBPM,DBPM,BPM,VORP,FG,FGA,FG%,3P,3PA,3P%,2P,2PA,2P%,eFG%,FT,FTA,FT%,ORB,DRB,TRB,AST,STL,BLK,TOV,PF,PTS
CHH,15589,2002.0,Elden Campbell,PF,33.0,78.0,78.0,2538.0,19.5,0.5579999999999999,0.006999999999999999,0.569,9.6,21.9,15.7,10.1,1.8,4.6,12.5,23.3,,4.0,4.5,7.6,0.168,,0.5,2.0,2.5,1.8,384.0,834.0,0.489,0.0,6.0,0.0,384.0,828.0,0.49,0.489,306.0,406.0,0.797,168.0,451.0,608.0,129.0,60.0,150.0,144.0,280.0,1074.0
DET,17172,2005.0,Elden Campbell,C,36.0,65.0,27.0,892.0,13.8,0.49,0.017,0.44,8.7,20.1,14.1,9.3,1.3,4.3,16.8,23.0,,0.1,2.0,2.1,0.115,,-3.9,1.9,-1.9,0.0,138.0,314.0,0.439,0.0,2.0,0.0,138.0,314.0,0.439,0.439,85.0,124.0,0.784,52.0,157.0,209.0,45.0,21.0,50.0,63.0,137.0,361.0
LAL,14031,1999.0,Elden Campbell,PF,30.0,82.0,82.0,2699.0,18.0,0.5489999999999999,0.006,0.614,13.9,20.4,17.2,10.3,1.9,5.9,14.6,22.0,,3.8,4.4,8.2,0.147,,-0.6,3.4,2.9,3.3,447.0,942.0,0.503,1.0,5.0,0.5,447.0,938.0,0.506,0.503,263.0,370.0,0.713,207.0,461.0,623.0,181.0,88.0,212.0,137.0,300.0,1148.0
NJN,17171,2005.0,Elden Campbell,C,36.0,10.0,0.0,50.0,-1.4,0.114,0.0,0.5710000000000001,7.1,19.5,13.2,8.7,0.0,1.6,10.2,9.2,,-0.1,0.1,-0.1,-0.064,,-10.0,0.7,-9.3,-0.1,0.0,7.0,0.0,0.0,0.0,,0.0,7.0,0.0,0.0,2.0,4.0,0.5,3.0,8.0,11.0,3.0,0.0,1.0,1.0,10.0,2.0
NOH,16082,2003.0,Elden Campbell,C,34.0,41.0,1.0,685.0,15.0,0.496,0.004,0.466,5.7,18.5,12.0,10.5,1.9,3.3,12.4,22.6,,0.6,1.1,1.7,0.122,,-2.9,1.0,-1.9,0.0,101.0,247.0,0.409,0.0,1.0,0.0,101.0,246.0,0.41100000000000003,0.409,93.0,115.0,0.809,34.0,108.0,142.0,42.0,24.0,31.0,42.0,102.0,295.0
SEA,16083,2003.0,Elden Campbell,C,34.0,15.0,0.0,184.0,10.8,0.419,0.0,0.43799999999999994,8.2,16.9,12.5,7.6,2.7,3.4,12.3,16.6,,0.0,0.3,0.2,0.063,,-4.6,2.2,-2.4,0.0,16.0,48.0,0.33299999999999996,0.0,0.0,,16.0,48.0,0.33299999999999996,0.33299999999999996,16.0,21.0,0.762,13.0,26.0,39.0,9.0,9.0,8.0,8.0,27.0,48.0
TOT,17170,2005.0,Elden Campbell,C,36.0,56.0,33.0,1459.0,18.1,0.528,0.016,0.578,10.5,21.1,16.0,9.9,2.0,3.6,16.5,21.3,,2.3,1.9,4.3,0.14,,-0.2,1.3,0.9,1.1,222.0,465.0,0.47700000000000004,0.0,2.0,0.0,222.0,464.0,0.478,0.47700000000000004,172.0,269.0,0.8009999999999999,126.0,271.0,397.0,69.0,39.0,73.0,80.0,159.0,616.0
