Tm,Unnamed: 0,Year,Player,Pos,Age,G,GS,MP,PER,TS%,3PAr,FTr,ORB%,DRB%,TRB%,AST%,STL%,BLK%,TOV%,USG%,blanl,OWS,DWS,WS,WS/48,blank2,OBPM,DBPM,BPM,VORP,FG,FGA,FG%,3P,3PA,3P%,2P,2PA,2P%,eFG%,FT,FTA,FT%,ORB,DRB,TRB,AST,STL,BLK,TOV,PF,PTS
PHO,24466,2017.0,Elijah Millsap,SG,29.0,2.0,0.0,23.0,-3.4,0.19,0.28600000000000003,0.28600000000000003,13.8,14.6,14.2,5.6,0.0,0.0,20.2,18.0,,-0.1,0.0,-0.1,-0.233,,-9.9,-3.3,-13.2,-0.1,1.0,7.0,0.14300000000000002,0.0,2.0,0.0,1.0,5.0,0.2,0.14300000000000002,1.0,2.0,0.5,3.0,3.0,6.0,1.0,0.0,0.0,2.0,2.0,3.0
UTA,23891,2016.0,Elijah Millsap,SG,28.0,47.0,5.0,924.0,7.9,0.45,0.37799999999999995,0.462,4.1,19.5,11.8,16.2,3.2,1.5,19.5,17.0,,-0.2,1.4,0.4,0.033,,-3.5,1.9,-1.6,0.1,81.0,238.0,0.34,28.0,90.0,0.311,53.0,148.0,0.37,0.39899999999999997,58.0,86.0,0.722,28.0,122.0,150.0,58.0,56.0,16.0,67.0,124.0,248.0
