Tm,Unnamed: 0,Year,Player,Pos,Age,G,GS,MP,PER,TS%,3PAr,FTr,ORB%,DRB%,TRB%,AST%,STL%,BLK%,TOV%,USG%,blanl,OWS,DWS,WS,WS/48,blank2,OBPM,DBPM,BPM,VORP,FG,FGA,FG%,3P,3PA,3P%,2P,2PA,2P%,eFG%,FT,FTA,FT%,ORB,DRB,TRB,AST,STL,BLK,TOV,PF,PTS
MEM,24078,2016.0,Elliot Williams,PG,26.0,5.0,0.0,45.0,3.3,0.34,0.4,0.4,2.4,7.9,5.1,12.4,0.0,0.0,7.8,12.7,,0.0,0.0,0.0,-0.046,,-5.2,-3.5,-8.7,-0.1,2.0,10.0,0.2,1.0,4.0,0.25,1.0,6.0,0.16699999999999998,0.25,3.0,4.0,0.75,1.0,3.0,4.0,4.0,0.0,0.0,1.0,2.0,8.0
NOP,23489,2015.0,Elliot Williams,SG,25.0,8.0,0.0,77.0,5.6,0.382,0.45799999999999996,0.083,0.0,7.4,3.7,15.2,1.4,0.0,0.0,14.7,,0.0,0.0,0.0,0.012,,-2.6,-3.2,-5.8,-0.1,8.0,24.0,0.33299999999999996,3.0,11.0,0.273,5.0,13.0,0.385,0.396,0.0,2.0,0.0,0.0,5.0,5.0,8.0,2.0,0.0,0.0,11.0,19.0
PHI,22847,2014.0,Elliot Williams,SG,24.0,67.0,2.0,1157.0,8.7,0.519,0.371,0.353,2.7,9.7,6.1,9.4,1.5,0.2,14.9,16.7,,0.0,0.3,0.3,0.013999999999999999,,-3.2,-2.6,-5.7,-1.1,140.0,337.0,0.415,37.0,125.0,0.29600000000000004,103.0,212.0,0.486,0.47,87.0,119.0,0.731,30.0,100.0,130.0,72.0,35.0,3.0,68.0,126.0,404.0
POR,21653,2012.0,Elliot Williams,SG,22.0,24.0,0.0,149.0,18.8,0.537,0.365,0.243,5.4,9.6,7.4,8.0,2.1,1.6,5.8,26.7,,0.2,0.1,0.3,0.105,,1.9,-3.3,-1.4,0.0,37.0,74.0,0.5,8.0,27.0,0.29600000000000004,29.0,47.0,0.617,0.5539999999999999,6.0,18.0,0.33299999999999996,7.0,12.0,19.0,6.0,6.0,3.0,5.0,18.0,88.0
TOT,23487,2015.0,Elliot Williams,SG,25.0,13.0,0.0,119.0,8.7,0.47700000000000004,0.486,0.10800000000000001,0.0,7.7,3.8,15.5,1.8,0.0,9.4,16.4,,0.0,0.1,0.1,0.039,,-1.7,-2.9,-4.6,-0.1,14.0,37.0,0.37799999999999995,8.0,18.0,0.444,6.0,19.0,0.316,0.486,1.0,4.0,0.25,0.0,8.0,8.0,12.0,4.0,0.0,4.0,12.0,37.0
UTA,23488,2015.0,Elliot Williams,SG,25.0,5.0,0.0,42.0,14.4,0.648,0.5379999999999999,0.154,0.0,8.2,4.1,16.1,2.5,0.0,22.4,19.5,,0.0,0.0,0.1,0.09,,-0.1,-2.3,-2.4,0.0,6.0,13.0,0.462,5.0,7.0,0.7140000000000001,1.0,6.0,0.16699999999999998,0.654,1.0,2.0,0.5,0.0,3.0,3.0,4.0,2.0,0.0,4.0,1.0,18.0
