Tm,Unnamed: 0,Year,Player,Pos,Age,G,GS,MP,PER,TS%,3PAr,FTr,ORB%,DRB%,TRB%,AST%,STL%,BLK%,TOV%,USG%,blanl,OWS,DWS,WS,WS/48,blank2,OBPM,DBPM,BPM,VORP,FG,FGA,FG%,3P,3PA,3P%,2P,2PA,2P%,eFG%,FT,FTA,FT%,ORB,DRB,TRB,AST,STL,BLK,TOV,PF,PTS
BUF,3790,1973.0,Elmore Smith,C,23.0,78.0,,3186.0,16.5,0.498,,0.285,,,18.0,9.9,,,,,,3.0,1.1,3.9,0.067,,,,,,600.0,1275.0,0.48200000000000004,,,,600.0,1275.0,0.48200000000000004,0.48200000000000004,194.0,363.0,0.5579999999999999,,,1184.0,192.0,,,,306.0,1388.0
CLE,5667,1979.0,Elmore Smith,C,29.0,81.0,,1996.0,19.9,0.551,,0.425,14.0,26.3,17.5,5.6,1.2,6.0,22.9,22.0,,3.0,3.8,6.8,0.16399999999999998,,-0.8,1.3,0.5,1.2,402.0,809.0,0.531,,,,402.0,809.0,0.531,0.531,205.0,309.0,0.6920000000000001,178.0,500.0,678.0,57.0,50.0,176.0,141.0,241.0,1009.0
LAL,4312,1975.0,Elmore Smith,C,25.0,81.0,,2922.0,15.9,0.5,,0.32899999999999996,8.6,24.3,16.5,8.7,1.6,6.4,,,,1.0,5.4,5.9,0.09699999999999999,,-2.0,3.7,1.1,1.8,434.0,949.0,0.493,,,,434.0,949.0,0.493,0.493,147.0,249.0,0.59,210.0,702.0,906.0,150.0,84.0,393.0,,309.0,1015.0
MIL,4933,1977.0,Elmore Smith,C,27.0,78.0,,2809.0,17.7,0.545,,0.415,7.7,24.9,16.6,5.0,1.3,4.4,,,,4.1,4.7,8.7,0.149,,-0.6,2.0,1.4,2.4,498.0,962.0,0.518,,,,498.0,962.0,0.518,0.518,222.0,351.0,0.632,201.0,692.0,893.0,97.0,78.0,238.0,,268.0,1218.0
TOT,4932,1977.0,Elmore Smith,C,27.0,70.0,,1464.0,14.9,0.499,,0.42,7.8,23.2,15.4,3.9,1.1,5.2,,,,0.7,2.2,2.9,0.094,,-2.9,0.9,-2.1,0.0,241.0,507.0,0.475,,,,241.0,507.0,0.475,0.475,117.0,213.0,0.5489999999999999,114.0,325.0,439.0,43.0,35.0,144.0,,207.0,599.0
