Tm,Unnamed: 0,Year,Player,Pos,Age,G,GS,MP,PER,TS%,3PAr,FTr,ORB%,DRB%,TRB%,AST%,STL%,BLK%,TOV%,USG%,blanl,OWS,DWS,WS,WS/48,blank2,OBPM,DBPM,BPM,VORP,FG,FGA,FG%,3P,3PA,3P%,2P,2PA,2P%,eFG%,FT,FTA,FT%,ORB,DRB,TRB,AST,STL,BLK,TOV,PF,PTS
CHI,9045,1988.0,Elston Turner,SF,28.0,70.0,4.0,936.0,9.4,0.467,0.032,0.12300000000000001,9.4,10.0,7.0,14.9,4.1,0.3,24.5,17.9,,0.4,0.8,1.2,0.063,,-2.8,1.0,-3.4,-0.1,112.0,252.0,0.444,1.0,8.0,0.125,111.0,244.0,0.455,0.446,23.0,31.0,0.742,34.0,81.0,115.0,102.0,30.0,4.0,31.0,97.0,248.0
DAL,7513,1984.0,Elston Turner,SF,24.0,80.0,62.0,1996.0,10.7,0.47200000000000003,0.06,0.22699999999999998,9.1,11.0,10.1,13.7,2.5,0.1,19.0,16.8,,0.3,1.0,1.4,0.033,,-1.1,0.1,-1.4,0.3,282.0,639.0,0.441,2.0,9.0,0.667,282.0,635.0,0.444,0.441,97.0,138.0,0.8240000000000001,143.0,158.0,301.0,189.0,75.0,2.0,116.0,182.0,661.0
DEN,9491,1989.0,Elston Turner,SG,29.0,81.0,12.0,1746.0,10.9,0.49700000000000005,0.024,0.168,6.1,11.3,8.5,15.3,2.9,0.3,16.6,14.0,,0.8,1.9,2.3,0.075,,-1.2,1.6,-0.4,0.6,181.0,388.0,0.466,2.0,9.0,0.28600000000000003,180.0,382.0,0.47100000000000003,0.46799999999999997,51.0,65.0,0.785,109.0,178.0,287.0,165.0,96.0,8.0,80.0,209.0,414.0
