Tm,Unnamed: 0,Year,Player,Pos,Age,G,GS,MP,PER,TS%,3PAr,FTr,ORB%,DRB%,TRB%,AST%,STL%,BLK%,TOV%,USG%,blanl,OWS,DWS,WS,WS/48,blank2,OBPM,DBPM,BPM,VORP,FG,FGA,FG%,3P,3PA,3P%,2P,2PA,2P%,eFG%,FT,FTA,FT%,ORB,DRB,TRB,AST,STL,BLK,TOV,PF,PTS
BAL,3680,1973.0,Elvin Hayes*,PF,27.0,81.0,,3347.0,17.5,0.47700000000000004,,0.27,,,16.5,5.3,,,,,,1.7,5.8,7.6,0.109,,,,,,713.0,1607.0,0.444,,,,713.0,1607.0,0.444,0.444,291.0,434.0,0.6709999999999999,,,1177.0,127.0,,,,232.0,1717.0
CAP,3942,1974.0,Elvin Hayes*,PF,28.0,81.0,,3602.0,18.2,0.47,,0.304,9.2,29.7,19.3,6.6,1.1,3.4,,,,2.6,8.1,10.6,0.142,,-1.1,2.4,1.2,3.0,689.0,1627.0,0.423,,,,689.0,1627.0,0.423,0.423,357.0,495.0,0.721,354.0,1109.0,1463.0,163.0,86.0,240.0,,252.0,1735.0
HOU,7327,1984.0,Elvin Hayes*,PF,38.0,82.0,82.0,3461.0,19.4,0.515,0.005,0.384,9.5,20.7,15.6,11.7,1.0,2.0,16.4,21.1,,2.3,6.5,7.3,0.10099999999999999,,-0.6,0.4,-0.2,1.4,832.0,1918.0,0.47600000000000003,2.0,5.0,0.5,832.0,1918.0,0.47600000000000003,0.478,399.0,615.0,0.6829999999999999,267.0,480.0,1197.0,270.0,62.0,104.0,208.0,287.0,2063.0
SDR,3168,1971.0,Elvin Hayes*,C,25.0,82.0,,3695.0,19.4,0.49200000000000005,,0.358,,,16.4,8.0,,,,,,3.6,7.1,9.6,0.124,,,,,,948.0,2215.0,0.452,,,,948.0,2215.0,0.452,0.452,467.0,746.0,0.688,,,1406.0,186.0,,,,270.0,2350.0
WSB,6215,1981.0,Elvin Hayes*,PF,35.0,82.0,,3465.0,19.8,0.544,0.008,0.405,10.3,22.7,16.4,8.7,2.1,3.5,12.3,26.1,,6.6,8.2,12.5,0.17300000000000001,,1.9,3.0,3.4,4.6,761.0,1677.0,0.501,3.0,13.0,0.231,760.0,1668.0,0.501,0.501,422.0,614.0,0.7659999999999999,335.0,783.0,1075.0,206.0,158.0,220.0,235.0,313.0,1942.0
