Tm,Unnamed: 0,Year,Player,Pos,Age,G,GS,MP,PER,TS%,3PAr,FTr,ORB%,DRB%,TRB%,AST%,STL%,BLK%,TOV%,USG%,blanl,OWS,DWS,WS,WS/48,blank2,OBPM,DBPM,BPM,VORP,FG,FGA,FG%,3P,3PA,3P%,2P,2PA,2P%,eFG%,FT,FTA,FT%,ORB,DRB,TRB,AST,STL,BLK,TOV,PF,PTS
MIL,12608,1996.0,Eric Mobley,C,25.0,46.0,26.0,587.0,14.3,0.593,0.015,0.5710000000000001,10.9,20.7,15.7,5.7,0.8,3.4,13.7,13.3,,0.8,0.5,1.3,0.107,,-1.9,0.2,-1.7,0.0,78.0,132.0,0.591,2.0,2.0,1.0,76.0,130.0,0.585,0.598,22.0,45.0,0.5,55.0,98.0,153.0,21.0,8.0,27.0,24.0,63.0,180.0
TOT,12607,1996.0,Eric Mobley,C,25.0,39.0,4.0,676.0,9.4,0.5329999999999999,0.013999999999999999,0.63,9.1,15.5,12.2,5.6,1.1,2.7,22.1,15.3,,-0.4,0.6,0.2,0.015,,-5.0,0.5,-4.5,-0.4,74.0,138.0,0.536,1.0,2.0,0.5,73.0,136.0,0.537,0.54,39.0,87.0,0.44799999999999995,54.0,86.0,140.0,22.0,14.0,24.0,50.0,87.0,188.0
VAN,13188,1997.0,Eric Mobley,C,26.0,34.0,8.0,611.0,10.0,0.5429999999999999,0.015,0.634,11.2,15.3,12.3,7.3,1.1,2.8,27.6,16.2,,-0.4,0.6,0.2,0.017,,-4.7,0.8,-4.0,-0.3,72.0,131.0,0.55,1.0,2.0,0.5,71.0,129.0,0.55,0.5529999999999999,37.0,83.0,0.5329999999999999,51.0,77.0,128.0,22.0,13.0,23.0,49.0,82.0,182.0
