Tm,Unnamed: 0,Year,Player,Pos,Age,G,GS,MP,PER,TS%,3PAr,FTr,ORB%,DRB%,TRB%,AST%,STL%,BLK%,TOV%,USG%,blanl,OWS,DWS,WS,WS/48,blank2,OBPM,DBPM,BPM,VORP,FG,FGA,FG%,3P,3PA,3P%,2P,2PA,2P%,eFG%,FT,FTA,FT%,ORB,DRB,TRB,AST,STL,BLK,TOV,PF,PTS
LAC,20744,2011.0,Eric Gordon,SG,22.0,78.0,65.0,2677.0,18.5,0.593,0.409,0.38799999999999996,2.5,7.1,4.5,20.7,1.7,1.0,13.6,26.5,,4.2,1.1,5.3,0.12,,3.3,-1.7,1.3,1.7,427.0,949.0,0.456,131.0,337.0,0.389,321.0,658.0,0.503,0.529,299.0,350.0,0.8540000000000001,45.0,156.0,201.0,244.0,78.0,35.0,164.0,172.0,1252.0
NOH,21868,2013.0,Eric Gordon,SG,24.0,42.0,40.0,1264.0,19.2,0.5489999999999999,0.29600000000000004,0.46399999999999997,0.9,8.7,4.8,19.3,2.3,1.1,14.6,29.4,,0.8,0.3,1.1,0.115,,2.2,-1.9,0.3,0.2,235.0,584.0,0.45,56.0,173.0,0.324,179.0,411.0,0.53,0.486,187.0,222.0,0.8420000000000001,10.0,67.0,77.0,137.0,45.0,8.0,117.0,75.0,713.0
NOP,23699,2016.0,Eric Gordon,SG,27.0,64.0,64.0,2057.0,14.9,0.565,0.5329999999999999,0.273,1.7,7.7,4.7,17.6,1.9,0.8,14.0,23.2,,2.2,0.7,2.9,0.069,,1.6,-2.0,-0.6,0.7,356.0,817.0,0.436,141.0,315.0,0.44799999999999995,255.0,559.0,0.457,0.521,175.0,223.0,0.888,30.0,135.0,165.0,229.0,74.0,14.0,134.0,145.0,988.0
HOU,24290,2017.0,Eric Gordon,SG,28.0,75.0,15.0,2323.0,13.1,0.557,0.6509999999999999,0.172,1.4,8.1,4.7,12.3,1.0,1.4,10.0,22.1,,2.5,1.4,3.8,0.079,,1.0,-2.4,-1.4,0.4,412.0,1016.0,0.406,246.0,661.0,0.37200000000000005,166.0,355.0,0.46799999999999997,0.527,147.0,175.0,0.84,29.0,172.0,201.0,188.0,48.0,40.0,121.0,150.0,1217.0
