Tm,Unnamed: 0,Year,Player,Pos,Age,G,GS,MP,PER,TS%,3PAr,FTr,ORB%,DRB%,TRB%,AST%,STL%,BLK%,TOV%,USG%,blanl,OWS,DWS,WS,WS/48,blank2,OBPM,DBPM,BPM,VORP,FG,FGA,FG%,3P,3PA,3P%,2P,2PA,2P%,eFG%,FT,FTA,FT%,ORB,DRB,TRB,AST,STL,BLK,TOV,PF,PTS
NYK,11367,1994.0,Eric Anderson,PF,23.0,16.0,0.0,44.0,15.2,0.45299999999999996,0.11800000000000001,0.8240000000000001,17.8,31.3,24.7,9.9,3.5,1.8,17.4,28.3,,0.0,0.1,0.1,0.126,,-2.5,2.2,-2.3,0.0,7.0,18.0,0.41200000000000003,2.0,2.0,1.0,5.0,18.0,0.33299999999999996,0.47100000000000003,11.0,14.0,0.846,6.0,11.0,17.0,3.0,3.0,1.0,5.0,14.0,21.0
