Tm,Unnamed: 0,Year,Player,Pos,Age,G,GS,MP,PER,TS%,3PAr,FTr,ORB%,DRB%,TRB%,AST%,STL%,BLK%,TOV%,USG%,blanl,OWS,DWS,WS,WS/48,blank2,OBPM,DBPM,BPM,VORP,FG,FGA,FG%,3P,3PA,3P%,2P,2PA,2P%,eFG%,FT,FTA,FT%,ORB,DRB,TRB,AST,STL,BLK,TOV,PF,PTS
OKC,22021,2013.0,Eric Maynor,PG,25.0,82.0,0.0,1200.0,11.7,0.49200000000000005,0.436,0.183,2.7,9.9,5.9,30.9,1.9,0.7,21.3,18.1,,0.7,1.0,1.5,0.079,,-1.2,-1.2,-3.2,-0.1,134.0,333.0,0.434,37.0,96.0,0.385,97.0,237.0,0.452,0.47,43.0,59.0,1.0,25.0,96.0,121.0,238.0,35.0,8.0,77.0,96.0,348.0
PHI,22623,2014.0,Eric Maynor,PG,26.0,8.0,0.0,112.0,6.6,0.461,0.414,0.276,1.9,13.0,7.2,15.7,1.7,1.4,27.0,16.8,,-0.2,0.1,-0.2,-0.07,,-6.5,-1.4,-7.8,-0.2,11.0,29.0,0.379,4.0,12.0,0.33299999999999996,7.0,17.0,0.41200000000000003,0.44799999999999995,4.0,8.0,0.5,2.0,13.0,15.0,12.0,4.0,2.0,12.0,4.0,30.0
POR,22022,2013.0,Eric Maynor,SG,25.0,27.0,0.0,572.0,10.6,0.508,0.301,0.247,0.8,4.9,2.8,30.0,1.1,0.1,20.7,18.6,,0.2,0.0,0.2,0.016,,-2.4,-4.3,-6.7,-0.7,70.0,166.0,0.42200000000000004,19.0,50.0,0.38,51.0,116.0,0.44,0.479,28.0,41.0,0.6829999999999999,4.0,24.0,28.0,109.0,12.0,1.0,48.0,36.0,187.0
TOT,22621,2014.0,Eric Maynor,PG-SG,26.0,81.0,2.0,1269.0,11.8,0.478,0.366,0.221,3.1,10.6,6.7,31.5,1.6,0.7,21.5,18.4,,0.5,1.4,1.9,0.071,,-2.0,-1.4,-3.3,-0.4,154.0,368.0,0.418,34.0,96.0,0.354,132.0,297.0,0.444,0.44799999999999995,52.0,72.0,0.726,21.0,108.0,129.0,266.0,40.0,10.0,85.0,115.0,382.0
UTA,20281,2010.0,Eric Maynor,PG,22.0,26.0,2.0,363.0,12.3,0.45399999999999996,0.18,0.248,3.4,8.9,6.2,33.1,1.8,0.4,16.0,21.7,,0.0,0.4,0.4,0.051,,-1.9,-1.8,-3.7,-0.2,52.0,133.0,0.391,5.0,24.0,0.20800000000000002,47.0,109.0,0.431,0.41,25.0,33.0,0.758,10.0,28.0,38.0,81.0,13.0,2.0,28.0,33.0,134.0
WAS,22622,2014.0,Eric Maynor,PG,26.0,23.0,0.0,215.0,6.0,0.355,0.34700000000000003,0.042,3.7,9.3,6.5,26.8,1.2,0.4,18.8,19.0,,-0.4,0.2,-0.2,-0.052000000000000005,,-5.4,-2.1,-7.5,-0.3,21.0,72.0,0.292,8.0,25.0,0.32,13.0,47.0,0.27699999999999997,0.34700000000000003,2.0,3.0,0.667,7.0,17.0,24.0,40.0,5.0,1.0,17.0,13.0,52.0
