Tm,Unnamed: 0,Year,Player,Pos,Age,G,GS,MP,PER,TS%,3PAr,FTr,ORB%,DRB%,TRB%,AST%,STL%,BLK%,TOV%,USG%,blanl,OWS,DWS,WS,WS/48,blank2,OBPM,DBPM,BPM,VORP,FG,FGA,FG%,3P,3PA,3P%,2P,2PA,2P%,eFG%,FT,FTA,FT%,ORB,DRB,TRB,AST,STL,BLK,TOV,PF,PTS
KCK,6568,1982.0,Ernie Grunfeld,SG,26.0,81.0,11.0,1892.0,17.2,0.561,0.017,0.312,6.4,12.2,8.9,21.3,1.9,1.2,14.5,23.1,,2.8,1.9,4.3,0.11,,1.2,1.0,0.4,1.1,420.0,822.0,0.535,2.0,14.0,0.5,418.0,808.0,0.535,0.535,188.0,229.0,0.821,87.0,175.0,232.0,276.0,72.0,39.0,148.0,191.0,1030.0
MIL,5509,1979.0,Ernie Grunfeld,SG,23.0,82.0,,1778.0,15.2,0.546,,0.38,7.7,14.7,11.2,15.2,1.9,0.8,15.8,19.9,,2.8,1.6,4.3,0.11699999999999999,,0.7,-0.3,0.5,1.1,326.0,661.0,0.493,,,,326.0,661.0,0.493,0.493,191.0,251.0,0.7609999999999999,124.0,236.0,360.0,216.0,58.0,19.0,141.0,220.0,843.0
NYK,8044,1986.0,Ernie Grunfeld,SG,30.0,77.0,6.0,1422.0,14.7,0.529,0.172,0.304,4.4,13.9,8.3,14.4,2.3,0.6,16.7,18.3,,1.5,1.9,2.7,0.111,,-0.2,0.9,-0.3,0.5,188.0,384.0,0.49,26.0,61.0,0.426,186.0,376.0,0.495,0.49200000000000005,90.0,108.0,0.833,42.0,164.0,206.0,136.0,50.0,13.0,84.0,192.0,455.0
