Tm,Unnamed: 0,Year,Player,Pos,Age,G,GS,MP,PER,TS%,3PAr,FTr,ORB%,DRB%,TRB%,AST%,STL%,BLK%,TOV%,USG%,blanl,OWS,DWS,WS,WS/48,blank2,OBPM,DBPM,BPM,VORP,FG,FGA,FG%,3P,3PA,3P%,2P,2PA,2P%,eFG%,FT,FTA,FT%,ORB,DRB,TRB,AST,STL,BLK,TOV,PF,PTS
MIL,23146,2015.0,Ersan Ilyasova,PF,27.0,81.0,54.0,2012.0,20.5,0.5770000000000001,0.408,0.307,12.7,22.8,17.6,9.6,1.8,2.0,11.3,22.1,,4.4,3.3,6.7,0.185,,2.2,1.2,2.0,1.9,371.0,803.0,0.49200000000000005,95.0,241.0,0.455,276.0,589.0,0.515,0.539,143.0,183.0,0.894,196.0,366.0,529.0,117.0,68.0,44.0,76.0,251.0,962.0
DET,23774,2016.0,Ersan Ilyasova,PF,28.0,52.0,52.0,1434.0,14.1,0.53,0.423,0.215,7.3,14.5,10.7,6.1,1.3,1.4,9.6,18.7,,1.8,1.5,3.3,0.111,,0.6,0.1,0.7,1.0,216.0,508.0,0.425,78.0,215.0,0.363,138.0,293.0,0.47100000000000003,0.502,79.0,109.0,0.725,99.0,183.0,282.0,55.0,38.0,27.0,59.0,120.0,589.0
ORL,23775,2016.0,Ersan Ilyasova,PF,28.0,22.0,4.0,447.0,14.7,0.515,0.28800000000000003,0.294,11.0,19.1,15.0,4.0,1.6,1.1,6.5,18.3,,0.6,0.5,1.1,0.11699999999999999,,-0.5,-1.6,-2.1,0.0,64.0,153.0,0.418,18.0,44.0,0.409,46.0,109.0,0.42200000000000004,0.47700000000000004,32.0,45.0,0.711,45.0,76.0,121.0,12.0,14.0,6.0,12.0,51.0,178.0
ATL,24357,2017.0,Ersan Ilyasova,PF,29.0,26.0,12.0,633.0,13.5,0.53,0.40700000000000003,0.28800000000000003,7.4,18.7,13.1,10.6,1.7,1.1,11.8,19.9,,0.5,0.9,1.4,0.106,,-0.6,0.5,-0.2,0.3,93.0,226.0,0.41200000000000003,32.0,92.0,0.348,61.0,134.0,0.455,0.48200000000000004,52.0,65.0,0.8,42.0,109.0,151.0,43.0,22.0,8.0,34.0,73.0,270.0
OKC,24355,2017.0,Ersan Ilyasova,PF,29.0,3.0,0.0,62.0,6.9,0.469,0.75,0.0,3.6,25.0,14.3,2.2,2.4,1.3,20.0,13.7,,-0.1,0.1,0.0,0.012,,-5.8,-0.4,-6.3,-0.1,6.0,16.0,0.375,3.0,12.0,0.25,3.0,4.0,0.75,0.469,0.0,0.0,,2.0,14.0,16.0,1.0,3.0,1.0,4.0,5.0,15.0
PHI,24356,2017.0,Ersan Ilyasova,PF,29.0,53.0,40.0,1447.0,15.4,0.5529999999999999,0.46,0.21899999999999997,5.4,18.5,12.0,11.5,1.1,0.8,9.9,23.6,,1.4,1.3,2.6,0.087,,0.9,-1.3,-0.4,0.6,285.0,648.0,0.44,107.0,298.0,0.359,178.0,350.0,0.509,0.522,109.0,142.0,0.768,71.0,243.0,314.0,97.0,33.0,14.0,78.0,133.0,786.0
TOT,24354,2017.0,Ersan Ilyasova,PF,29.0,82.0,56.0,2142.0,14.6,0.546,0.452,0.233,8.1,18.8,12.4,11.0,1.4,1.4,10.6,22.2,,2.4,2.3,4.4,0.113,,0.4,-0.3,0.1,1.0,384.0,890.0,0.431,142.0,402.0,0.371,242.0,488.0,0.496,0.511,161.0,207.0,0.778,144.0,366.0,481.0,141.0,58.0,33.0,116.0,211.0,1071.0
