Tm,Unnamed: 0,Year,Player,Pos,Age,G,GS,MP,PER,TS%,3PAr,FTr,ORB%,DRB%,TRB%,AST%,STL%,BLK%,TOV%,USG%,blanl,OWS,DWS,WS,WS/48,blank2,OBPM,DBPM,BPM,VORP,FG,FGA,FG%,3P,3PA,3P%,2P,2PA,2P%,eFG%,FT,FTA,FT%,ORB,DRB,TRB,AST,STL,BLK,TOV,PF,PTS
CHI,2792,1969.0,Erwin Mueller,PF,24.0,80.0,,2136.0,13.3,0.474,,0.402,,,,18.6,,,,,,1.0,2.4,3.5,0.078,,,,,,422.0,957.0,0.441,,,,422.0,957.0,0.441,0.441,171.0,260.0,0.6579999999999999,,,497.0,131.0,,,,223.0,1015.0
DET,3745,1973.0,Erwin Mueller,PF,28.0,74.0,,2284.0,12.2,0.523,,0.414,,,11.5,12.3,,,,,,2.1,1.1,3.2,0.068,,,,,,287.0,614.0,0.467,,,,287.0,614.0,0.467,0.467,185.0,254.0,0.728,,,469.0,199.0,,,,186.0,759.0
LAL,2596,1968.0,Erwin Mueller,C,23.0,39.0,,973.0,12.2,0.5429999999999999,,0.406,,,,9.7,,,,,,1.4,0.8,2.1,0.106,,,,,,132.0,254.0,0.52,,,,132.0,254.0,0.52,0.52,61.0,103.0,0.5920000000000001,,,222.0,78.0,,,,86.0,325.0
SEA,2992,1970.0,Erwin Mueller,PF,25.0,26.0,,483.0,13.0,0.47200000000000003,,0.45,,,,17.1,,,,,,0.2,0.3,0.6,0.055,,,,,,69.0,160.0,0.431,,,,69.0,160.0,0.431,0.431,43.0,72.0,0.597,,,104.0,62.0,,,,45.0,181.0
TOT,2991,1970.0,Erwin Mueller,PF,25.0,78.0,,2353.0,12.2,0.518,,0.42200000000000004,,,,18.1,,,,,,2.0,1.7,3.2,0.066,,,,,,300.0,646.0,0.46399999999999997,,,,300.0,646.0,0.46399999999999997,0.46399999999999997,189.0,263.0,0.7190000000000001,,,483.0,205.0,,,,192.0,789.0
