Tm,Unnamed: 0,Year,Player,Pos,Age,G,GS,MP,PER,TS%,3PAr,FTr,ORB%,DRB%,TRB%,AST%,STL%,BLK%,TOV%,USG%,blanl,OWS,DWS,WS,WS/48,blank2,OBPM,DBPM,BPM,VORP,FG,FGA,FG%,3P,3PA,3P%,2P,2PA,2P%,eFG%,FT,FTA,FT%,ORB,DRB,TRB,AST,STL,BLK,TOV,PF,PTS
CLE,15007,2001.0,Etdrick Bohannon,PF,27.0,6.0,0.0,19.0,22.4,0.6940000000000001,0.0,1.0,18.3,24.3,21.3,0.0,0.0,7.7,14.8,16.1,,0.1,0.0,0.1,0.276,,-1.2,-3.5,-4.7,0.0,2.0,4.0,0.5,0.0,0.0,,2.0,4.0,0.5,0.5,4.0,4.0,1.0,3.0,4.0,7.0,0.0,0.0,2.0,1.0,4.0,8.0
IND,13464,1998.0,Etdrick Bohannon,PF,24.0,5.0,0.0,11.0,-10.3,0.0,0.0,0.0,23.1,41.7,32.8,12.3,0.0,12.9,42.9,30.3,,-0.2,0.0,-0.1,-0.52,,-23.7,7.8,-15.9,0.0,0.0,4.0,0.0,0.0,0.0,,0.0,4.0,0.0,0.0,0.0,0.0,,2.0,4.0,6.0,1.0,0.0,2.0,3.0,3.0,0.0
LAC,14513,2000.0,Etdrick Bohannon,PF,26.0,11.0,0.0,113.0,10.6,0.596,0.0,1.538,11.5,18.4,14.8,6.6,0.9,3.6,26.8,11.7,,0.1,0.1,0.2,0.064,,-3.3,0.2,-3.1,0.0,7.0,13.0,0.5379999999999999,0.0,0.0,,7.0,13.0,0.5379999999999999,0.5379999999999999,12.0,20.0,0.6,12.0,18.0,30.0,5.0,2.0,6.0,8.0,24.0,26.0
NYK,14512,2000.0,Etdrick Bohannon,PF,26.0,2.0,0.0,5.0,7.8,0.852,,,24.5,0.0,11.9,0.0,0.0,0.0,53.2,35.6,,0.0,0.0,0.0,-0.049,,-7.9,-6.6,-14.5,0.0,0.0,0.0,,0.0,0.0,,0.0,0.0,,,3.0,4.0,0.75,1.0,0.0,1.0,0.0,0.0,0.0,2.0,1.0,3.0
TOT,14511,2000.0,Etdrick Bohannon,PF,26.0,13.0,0.0,118.0,10.5,0.615,0.0,1.8459999999999999,12.0,17.6,14.7,6.3,0.9,3.5,29.8,12.7,,0.1,0.1,0.1,0.059000000000000004,,-3.5,0.0,-3.6,0.0,7.0,13.0,0.5379999999999999,0.0,0.0,,7.0,13.0,0.5379999999999999,0.5379999999999999,15.0,24.0,0.625,13.0,18.0,31.0,5.0,2.0,6.0,10.0,25.0,29.0
WAS,14005,1999.0,Etdrick Bohannon,SF,25.0,2.0,0.0,4.0,0.0,,,,0.0,0.0,0.0,0.0,0.0,0.0,,0.0,,0.0,0.0,0.0,-0.017,,-6.1,0.0,-6.1,0.0,0.0,0.0,,0.0,0.0,,0.0,0.0,,,0.0,0.0,,0.0,0.0,0.0,0.0,0.0,0.0,0.0,0.0,0.0
