Tm,Unnamed: 0,Year,Player,Pos,Age,G,GS,MP,PER,TS%,3PAr,FTr,ORB%,DRB%,TRB%,AST%,STL%,BLK%,TOV%,USG%,blanl,OWS,DWS,WS,WS/48,blank2,OBPM,DBPM,BPM,VORP,FG,FGA,FG%,3P,3PA,3P%,2P,2PA,2P%,eFG%,FT,FTA,FT%,ORB,DRB,TRB,AST,STL,BLK,TOV,PF,PTS
DEN,22456,2014.0,Evan Fournier,SG,21.0,76.0,4.0,1503.0,13.8,0.597,0.436,0.257,2.4,12.1,7.3,15.5,2.2,0.3,15.9,20.4,,0.7,0.8,1.4,0.115,,1.0,-1.6,-0.9,0.1,228.0,544.0,0.493,89.0,237.0,0.40700000000000003,139.0,307.0,0.541,0.5660000000000001,93.0,123.0,0.769,34.0,168.0,202.0,112.0,34.0,7.0,100.0,179.0,638.0
ORL,24264,2017.0,Evan Fournier,SG,24.0,79.0,71.0,2566.0,14.6,0.5870000000000001,0.42,0.298,2.1,8.7,5.2,14.8,1.9,0.1,11.8,23.5,,4.0,1.7,5.7,0.106,,2.1,-1.5,0.7,1.7,429.0,930.0,0.462,156.0,390.0,0.4,280.0,570.0,0.506,0.546,223.0,277.0,0.836,44.0,192.0,225.0,213.0,96.0,4.0,141.0,214.0,1213.0
