Tm,Unnamed: 0,Year,Player,Pos,Age,G,GS,MP,PER,TS%,3PAr,FTr,ORB%,DRB%,TRB%,AST%,STL%,BLK%,TOV%,USG%,blanl,OWS,DWS,WS,WS/48,blank2,OBPM,DBPM,BPM,VORP,FG,FGA,FG%,3P,3PA,3P%,2P,2PA,2P%,eFG%,FT,FTA,FT%,ORB,DRB,TRB,AST,STL,BLK,TOV,PF,PTS
BAL,3775,1973.0,Flynn Robinson,SG,31.0,38.0,,583.0,13.8,0.48200000000000004,,0.11900000000000001,,,4.4,18.3,,,,,,0.4,0.7,1.1,0.091,,,,,,119.0,260.0,0.45799999999999996,,,,119.0,260.0,0.45799999999999996,0.45799999999999996,26.0,31.0,0.8390000000000001,,,55.0,77.0,,,,60.0,264.0
CHI,2815,1969.0,Flynn Robinson,PG,27.0,73.0,,2030.0,18.6,0.507,,0.389,,,,16.6,,,,,,3.2,1.8,5.0,0.142,,,,,,441.0,1000.0,0.441,,,,441.0,1000.0,0.441,0.441,285.0,344.0,0.833,,,268.0,214.0,,,,180.0,1167.0
CIN,3251,1971.0,Flynn Robinson,SG,29.0,76.0,,1368.0,17.3,0.514,,0.7,,,4.7,42.2,,,,,,2.6,0.7,3.3,0.115,,,,,,374.0,817.0,0.45799999999999996,,,,374.0,817.0,0.45799999999999996,0.45799999999999996,195.0,228.0,0.855,,,143.0,138.0,,,,197.0,943.0
LAL,3774,1973.0,Flynn Robinson,SG,31.0,64.0,,1007.0,20.8,0.539,,0.28600000000000003,,,6.8,26.2,,,,,,2.3,1.3,3.6,0.21899999999999997,,,,,,262.0,535.0,0.5,,,,262.0,535.0,0.5,0.5,111.0,129.0,0.86,,,115.0,138.0,,,,139.0,635.0
MIL,3014,1970.0,Flynn Robinson,PG,28.0,81.0,,2762.0,19.3,0.5489999999999999,,0.35200000000000004,,,,23.6,,,,,,6.9,2.4,9.3,0.162,,,,,,663.0,1391.0,0.47700000000000004,,,,663.0,1391.0,0.47700000000000004,0.47700000000000004,439.0,489.0,0.898,,,263.0,449.0,,,,254.0,1765.0
TOT,3773,1973.0,Flynn Robinson,SG,31.0,83.0,,2616.0,18.6,0.505,,0.348,,,4.6,22.1,,,,,,4.7,2.0,6.7,0.12300000000000001,,,,,,625.0,1442.0,0.462,,,,625.0,1442.0,0.462,0.462,412.0,491.0,0.8390000000000001,,,306.0,377.0,,,,261.0,1662.0
