Tm,Unnamed: 0,Year,Player,Pos,Age,G,GS,MP,PER,TS%,3PAr,FTr,ORB%,DRB%,TRB%,AST%,STL%,BLK%,TOV%,USG%,blanl,OWS,DWS,WS,WS/48,blank2,OBPM,DBPM,BPM,VORP,FG,FGA,FG%,3P,3PA,3P%,2P,2PA,2P%,eFG%,FT,FTA,FT%,ORB,DRB,TRB,AST,STL,BLK,TOV,PF,PTS
BOS,12890,1997.0,Frank Brickowski,PF,37.0,17.0,2.0,255.0,6.9,0.512,0.27399999999999997,0.192,2.5,13.7,7.7,9.1,1.0,1.2,19.4,16.5,,-0.2,0.1,-0.1,-0.02,,-4.5,-2.2,-6.7,-0.3,32.0,73.0,0.43799999999999994,7.0,20.0,0.35,25.0,53.0,0.47200000000000003,0.486,10.0,14.0,0.7140000000000001,6.0,28.0,34.0,15.0,5.0,4.0,19.0,42.0,81.0
CHH,11411,1994.0,Frank Brickowski,C,34.0,28.0,6.0,653.0,13.4,0.541,0.009000000000000001,0.27,5.6,15.3,10.6,13.0,2.1,1.0,17.7,20.7,,0.2,0.6,0.7,0.055,,-1.5,0.2,-1.3,0.1,117.0,233.0,0.502,1.0,2.0,0.5,116.0,231.0,0.502,0.504,47.0,63.0,0.746,32.0,93.0,125.0,57.0,28.0,11.0,56.0,77.0,282.0
LAL,8335,1987.0,Frank Brickowski,PF,27.0,37.0,0.0,404.0,10.2,0.609,0.0,0.628,11.8,14.7,13.4,3.6,1.6,0.6,17.2,14.6,,0.6,0.5,1.1,0.127,,-0.8,-0.9,-1.7,0.0,53.0,94.0,0.564,0.0,0.0,,53.0,94.0,0.564,0.564,40.0,59.0,0.6779999999999999,40.0,57.0,97.0,12.0,14.0,4.0,25.0,105.0,146.0
MIL,11410,1994.0,Frank Brickowski,SF,34.0,75.0,73.0,2075.0,17.0,0.584,0.035,0.36700000000000005,7.9,19.1,13.3,19.1,2.2,1.4,17.5,23.9,,2.2,2.6,4.7,0.11900000000000001,,0.5,0.9,0.7,1.4,456.0,836.0,0.545,8.0,26.0,0.5,448.0,810.0,0.5529999999999999,0.55,198.0,268.0,0.7979999999999999,129.0,297.0,426.0,196.0,86.0,44.0,202.0,255.0,1115.0
SAS,9585,1990.0,Frank Brickowski,C,30.0,78.0,68.0,2227.0,16.0,0.584,0.133,0.434,10.2,18.1,12.8,16.0,3.4,1.6,17.8,20.7,,3.0,2.5,4.1,0.126,,1.2,1.9,0.9,1.7,425.0,805.0,0.545,1.0,5.0,0.2,424.0,800.0,0.5479999999999999,0.545,268.0,349.0,0.909,167.0,316.0,483.0,266.0,102.0,37.0,207.0,275.0,1119.0
SEA,12343,1996.0,Frank Brickowski,C,36.0,78.0,9.0,1115.0,10.5,0.585,0.313,0.466,7.9,19.1,13.5,12.9,1.7,1.4,24.8,17.3,,0.1,1.4,1.6,0.076,,-2.7,1.4,-2.4,0.0,150.0,305.0,0.517,32.0,79.0,0.405,150.0,301.0,0.526,0.552,85.0,127.0,0.7090000000000001,76.0,184.0,260.0,100.0,34.0,15.0,100.0,185.0,385.0
TOT,11409,1994.0,Frank Brickowski,PF-C,34.0,71.0,46.0,2094.0,14.3,0.568,0.032,0.565,11.6,17.9,13.2,17.2,1.9,0.8,17.3,21.5,,1.0,1.7,2.7,0.10800000000000001,,-1.2,0.0,-1.2,0.4,368.0,754.0,0.508,4.0,20.0,0.2,364.0,734.0,0.525,0.508,195.0,254.0,0.768,85.0,319.0,404.0,222.0,80.0,27.0,181.0,242.0,935.0
