Tm,Unnamed: 0,Year,Player,Pos,Age,G,GS,MP,PER,TS%,3PAr,FTr,ORB%,DRB%,TRB%,AST%,STL%,BLK%,TOV%,USG%,blanl,OWS,DWS,WS,WS/48,blank2,OBPM,DBPM,BPM,VORP,FG,FGA,FG%,3P,3PA,3P%,2P,2PA,2P%,eFG%,FT,FTA,FT%,ORB,DRB,TRB,AST,STL,BLK,TOV,PF,PTS
CHS,135,1950.0,Frank Kudelka,G-F,24.0,65.0,,,,0.36700000000000005,,0.265,,,,,,,,,,-0.4,2.8,2.4,,,,,,,172.0,528.0,0.326,,,,172.0,528.0,0.326,0.326,89.0,140.0,0.636,,,,132.0,,,,198.0,433.0
BLB,688,1953.0,Frank Kudelka,SF,27.0,65.0,,1583.0,14.2,0.41600000000000004,,0.429,,,,,,,,,,0.8,0.9,1.7,0.052000000000000005,,,,,,204.0,614.0,0.33299999999999996,,,,204.0,614.0,0.33299999999999996,0.33299999999999996,198.0,258.0,0.767,,,275.0,183.0,,,,220.0,606.0
PHW,689,1953.0,Frank Kudelka,SG,27.0,20.0,,340.0,6.9,0.337,,0.294,,,,,,,,,,-0.6,0.2,-0.4,-0.059000000000000004,,,,,,31.0,109.0,0.284,,,,31.0,109.0,0.284,0.284,21.0,32.0,0.6559999999999999,,,45.0,41.0,,,,60.0,83.0
TOT,687,1953.0,Frank Kudelka,SG,27.0,62.0,,567.0,8.9,0.387,,0.35200000000000004,,,,,,,,,,-0.7,0.3,-0.4,-0.036000000000000004,,,,,,179.0,518.0,0.34600000000000003,,,,179.0,518.0,0.34600000000000003,0.34600000000000003,83.0,119.0,0.6970000000000001,,,158.0,105.0,,,,211.0,441.0
