Tm,Unnamed: 0,Year,Player,Pos,Age,G,GS,MP,PER,TS%,3PAr,FTr,ORB%,DRB%,TRB%,AST%,STL%,BLK%,TOV%,USG%,blanl,OWS,DWS,WS,WS/48,blank2,OBPM,DBPM,BPM,VORP,FG,FGA,FG%,3P,3PA,3P%,2P,2PA,2P%,eFG%,FT,FTA,FT%,ORB,DRB,TRB,AST,STL,BLK,TOV,PF,PTS
BOS,5649,1979.0,Frankie Sanders,SF,22.0,24.0,,216.0,16.4,0.504,,0.22699999999999998,11.2,15.0,13.1,12.3,1.5,0.7,14.9,27.8,,0.1,0.2,0.3,0.059000000000000004,,-0.9,-2.5,-3.4,-0.1,55.0,119.0,0.462,,,,55.0,119.0,0.462,0.462,22.0,27.0,0.815,22.0,29.0,51.0,17.0,7.0,3.0,23.0,25.0,132.0
KCK,6381,1981.0,Frankie Sanders,SF,24.0,23.0,,186.0,13.0,0.508,0.0,0.28600000000000003,3.6,8.9,6.3,12.7,4.1,0.3,19.5,24.0,,-0.1,0.3,0.1,0.035,,-3.4,0.3,-3.1,-0.1,34.0,77.0,0.442,0.0,0.0,,34.0,77.0,0.442,0.442,20.0,22.0,0.909,6.0,15.0,21.0,17.0,16.0,1.0,21.0,20.0,88.0
SAS,5648,1979.0,Frankie Sanders,SF,22.0,22.0,,263.0,11.8,0.455,,0.32299999999999995,5.4,17.7,11.8,16.6,2.3,0.6,18.1,25.5,,-0.2,0.4,0.1,0.024,,-3.5,-0.3,-3.8,-0.1,50.0,127.0,0.39399999999999996,,,,50.0,127.0,0.39399999999999996,0.39399999999999996,32.0,41.0,0.78,13.0,46.0,59.0,35.0,14.0,3.0,32.0,44.0,132.0
TOT,5647,1979.0,Frankie Sanders,SF,22.0,46.0,,479.0,13.9,0.478,,0.276,8.0,16.5,12.4,14.7,1.9,0.6,16.6,26.5,,-0.1,0.5,0.4,0.039,,-2.3,-1.3,-3.6,-0.2,105.0,246.0,0.42700000000000005,,,,105.0,246.0,0.42700000000000005,0.42700000000000005,54.0,68.0,0.794,35.0,75.0,110.0,52.0,21.0,6.0,55.0,69.0,264.0
