Tm,Unnamed: 0,Year,Player,Pos,Age,G,GS,MP,PER,TS%,3PAr,FTr,ORB%,DRB%,TRB%,AST%,STL%,BLK%,TOV%,USG%,blanl,OWS,DWS,WS,WS/48,blank2,OBPM,DBPM,BPM,VORP,FG,FGA,FG%,3P,3PA,3P%,2P,2PA,2P%,eFG%,FT,FTA,FT%,ORB,DRB,TRB,AST,STL,BLK,TOV,PF,PTS
BUF,5055,1978.0,Gary Brokaw,SG,24.0,13.0,,130.0,13.3,0.504,,0.5579999999999999,2.5,7.4,5.0,21.3,1.1,2.0,18.3,20.1,,0.1,0.1,0.1,0.053,,-2.3,-2.2,-4.6,-0.1,18.0,43.0,0.419,,,,18.0,43.0,0.419,0.419,18.0,24.0,0.75,3.0,9.0,12.0,20.0,3.0,5.0,12.0,11.0,54.0
CLE,4687,1977.0,Gary Brokaw,SG,23.0,39.0,,596.0,16.3,0.511,,0.342,2.0,8.3,5.0,28.7,1.1,1.2,,,,0.8,0.5,1.3,0.10099999999999999,,1.9,-1.9,0.1,0.3,112.0,240.0,0.467,,,,112.0,240.0,0.467,0.467,58.0,82.0,0.7070000000000001,12.0,47.0,59.0,117.0,14.0,13.0,,79.0,282.0
MIL,4686,1977.0,Gary Brokaw,SG,23.0,75.0,,1639.0,14.9,0.511,,0.43700000000000006,2.4,6.8,4.7,23.6,1.2,1.3,,,,1.3,0.8,1.9,0.064,,0.2,-1.8,-2.1,0.0,237.0,519.0,0.457,,,,237.0,519.0,0.457,0.457,159.0,227.0,0.7659999999999999,36.0,111.0,147.0,246.0,37.0,23.0,,176.0,633.0
TOT,4685,1977.0,Gary Brokaw,SG,23.0,80.0,,1487.0,13.5,0.49,,0.38799999999999996,1.5,7.1,4.2,21.0,1.1,1.3,,,,1.0,0.6,1.6,0.052000000000000005,,-0.6,-2.1,-2.6,-0.2,242.0,564.0,0.429,,,,242.0,564.0,0.429,0.429,163.0,219.0,0.7440000000000001,22.0,101.0,123.0,228.0,36.0,36.0,,164.0,647.0
