Tm,Unnamed: 0,Year,Player,Pos,Age,G,GS,MP,PER,TS%,3PAr,FTr,ORB%,DRB%,TRB%,AST%,STL%,BLK%,TOV%,USG%,blanl,OWS,DWS,WS,WS/48,blank2,OBPM,DBPM,BPM,VORP,FG,FGA,FG%,3P,3PA,3P%,2P,2PA,2P%,eFG%,FT,FTA,FT%,ORB,DRB,TRB,AST,STL,BLK,TOV,PF,PTS
DEN,20713,2011.0,Gary Forbes,SF,25.0,63.0,11.0,791.0,11.7,0.524,0.212,0.319,4.2,12.5,8.5,9.7,1.5,0.6,12.9,20.1,,0.3,0.7,0.9,0.055,,-1.9,-1.1,-3.0,-0.2,124.0,273.0,0.45399999999999996,19.0,58.0,0.32799999999999996,105.0,215.0,0.488,0.489,59.0,87.0,0.6779999999999999,28.0,88.0,116.0,49.0,23.0,6.0,46.0,77.0,326.0
TOR,21295,2012.0,Gary Forbes,SG,26.0,48.0,2.0,713.0,13.3,0.513,0.306,0.336,4.5,12.2,8.4,13.7,1.8,0.5,14.8,24.1,,0.1,0.7,0.8,0.053,,-0.8,-1.3,-2.2,0.0,112.0,271.0,0.413,29.0,83.0,0.349,83.0,188.0,0.441,0.467,66.0,91.0,0.725,27.0,75.0,102.0,54.0,24.0,4.0,54.0,56.0,319.0
