Tm,Unnamed: 0,Year,Player,Pos,Age,G,GS,MP,PER,TS%,3PAr,FTr,ORB%,DRB%,TRB%,AST%,STL%,BLK%,TOV%,USG%,blanl,OWS,DWS,WS,WS/48,blank2,OBPM,DBPM,BPM,VORP,FG,FGA,FG%,3P,3PA,3P%,2P,2PA,2P%,eFG%,FT,FTA,FT%,ORB,DRB,TRB,AST,STL,BLK,TOV,PF,PTS
PHW,1005,1955.0,Gene Shue,PG,23.0,6.0,,65.0,8.9,0.312,,0.4,,,,,,,,,,-0.1,0.1,0.0,-0.025,,,,,,3.0,15.0,0.2,,,,3.0,15.0,0.2,0.2,5.0,6.0,0.833,,,10.0,11.0,,,,4.0,11.0
TOT,1004,1955.0,Gene Shue,PG,23.0,62.0,,947.0,10.2,0.401,,0.27,,,,,,,,,,-0.4,0.8,0.4,0.022000000000000002,,,,,,100.0,289.0,0.34600000000000003,,,,100.0,289.0,0.34600000000000003,0.34600000000000003,59.0,78.0,0.7559999999999999,,,154.0,89.0,,,,64.0,259.0
FTW,1222,1957.0,Gene Shue,PG,25.0,72.0,,2470.0,13.8,0.46299999999999997,,0.445,,,,,,,,,,3.0,1.7,4.6,0.09,,,,,,273.0,710.0,0.385,,,,273.0,710.0,0.385,0.385,241.0,316.0,0.763,,,421.0,238.0,,,,137.0,787.0
DET,1791,1962.0,Gene Shue,SG,30.0,80.0,,3361.0,15.9,0.495,,0.36,,,,,,,,,,6.3,2.8,8.5,0.122,,,,,,650.0,1545.0,0.42100000000000004,,,,650.0,1545.0,0.42100000000000004,0.42100000000000004,472.0,543.0,0.872,,,409.0,530.0,,,,207.0,1765.0
NYK,1925,1963.0,Gene Shue,PG,31.0,78.0,,2288.0,13.0,0.45299999999999996,,0.379,,,,,,,,,,1.5,1.0,2.4,0.065,,,,,,354.0,894.0,0.396,,,,354.0,894.0,0.396,0.396,208.0,302.0,0.764,,,212.0,259.0,,,,171.0,916.0
BAL,2056,1964.0,Gene Shue,PG,32.0,47.0,,963.0,6.0,0.327,,0.221,,,,,,,,,,-1.8,0.7,-1.1,-0.057,,,,,,81.0,276.0,0.293,,,,81.0,276.0,0.293,0.293,36.0,61.0,0.59,,,94.0,150.0,,,,98.0,198.0
