Tm,Unnamed: 0,Year,Player,Pos,Age,G,GS,MP,PER,TS%,3PAr,FTr,ORB%,DRB%,TRB%,AST%,STL%,BLK%,TOV%,USG%,blanl,OWS,DWS,WS,WS/48,blank2,OBPM,DBPM,BPM,VORP,FG,FGA,FG%,3P,3PA,3P%,2P,2PA,2P%,eFG%,FT,FTA,FT%,ORB,DRB,TRB,AST,STL,BLK,TOV,PF,PTS
TRI,479,1951.0,Gene Vance,G-F,27.0,35.0,,,,0.484,,0.588,,,,,,,,,,1.0,1.2,2.2,,,,,,,110.0,325.0,0.40399999999999997,,,,110.0,325.0,0.40399999999999997,0.40399999999999997,86.0,120.0,0.7170000000000001,,,94.0,121.0,,,,145.0,306.0
MLH,611,1952.0,Gene Vance,G-F,28.0,7.0,,118.0,5.9,0.358,,0.5379999999999999,,,,,,,,,,-0.1,0.1,0.0,-0.008,,,,,,7.0,26.0,0.26899999999999996,,,,7.0,26.0,0.26899999999999996,0.26899999999999996,9.0,14.0,0.643,,,15.0,9.0,,,,18.0,23.0
