Tm,Unnamed: 0,Year,Player,Pos,Age,G,GS,MP,PER,TS%,3PAr,FTr,ORB%,DRB%,TRB%,AST%,STL%,BLK%,TOV%,USG%,blanl,OWS,DWS,WS,WS/48,blank2,OBPM,DBPM,BPM,VORP,FG,FGA,FG%,3P,3PA,3P%,2P,2PA,2P%,eFG%,FT,FTA,FT%,ORB,DRB,TRB,AST,STL,BLK,TOV,PF,PTS
PHI,5230,1978.0,George McGinnis,PF,27.0,79.0,,2946.0,21.3,0.521,,0.452,12.4,23.1,16.5,18.7,3.0,0.7,17.0,27.4,,4.1,5.5,8.6,0.15,,3.4,2.0,5.4,5.5,659.0,1552.0,0.46299999999999997,,,,659.0,1552.0,0.46299999999999997,0.46299999999999997,475.0,642.0,0.74,324.0,707.0,967.0,359.0,198.0,41.0,312.0,334.0,1769.0
DEN,5957,1980.0,George McGinnis,PF,29.0,76.0,,2552.0,20.6,0.5329999999999999,0.012,0.601,10.6,24.6,17.7,22.7,2.3,1.1,20.7,29.5,,2.8,4.4,7.1,0.134,,1.5,1.5,2.9,3.2,603.0,1273.0,0.474,1.0,7.0,0.14300000000000002,603.0,1273.0,0.474,0.474,509.0,765.0,0.665,256.0,608.0,864.0,283.0,129.0,52.0,346.0,321.0,1715.0
TOT,5956,1980.0,George McGinnis,PF,29.0,73.0,,2208.0,15.2,0.48700000000000004,0.017,0.551,10.2,23.0,16.4,21.4,2.1,0.6,20.3,24.4,,-0.8,2.6,1.9,0.040999999999999995,,-0.6,1.0,0.4,1.4,400.0,886.0,0.451,2.0,15.0,0.133,398.0,871.0,0.457,0.45299999999999996,270.0,488.0,0.5529999999999999,222.0,477.0,699.0,333.0,101.0,23.0,281.0,303.0,1072.0
IND,6681,1982.0,George McGinnis,PF,31.0,76.0,4.0,1845.0,14.9,0.483,0.026000000000000002,0.599,11.3,25.2,16.1,20.7,3.5,1.2,22.6,25.1,,0.0,2.9,1.7,0.053,,-0.7,4.3,-0.1,0.9,348.0,768.0,0.45299999999999996,1.0,8.0,0.125,348.0,761.0,0.457,0.45299999999999996,207.0,385.0,0.575,164.0,364.0,528.0,210.0,99.0,28.0,221.0,242.0,903.0
