Tm,Unnamed: 0,Year,Player,Pos,Age,G,GS,MP,PER,TS%,3PAr,FTr,ORB%,DRB%,TRB%,AST%,STL%,BLK%,TOV%,USG%,blanl,OWS,DWS,WS,WS/48,blank2,OBPM,DBPM,BPM,VORP,FG,FGA,FG%,3P,3PA,3P%,2P,2PA,2P%,eFG%,FT,FTA,FT%,ORB,DRB,TRB,AST,STL,BLK,TOV,PF,PTS
CHI,8027,1986.0,George Gervin*,SG,33.0,82.0,75.0,2065.0,16.0,0.534,0.017,0.293,4.1,7.8,5.9,11.2,1.1,0.6,11.5,27.6,,2.8,0.2,3.0,0.069,,0.4,-3.7,-3.3,-0.7,519.0,1100.0,0.47200000000000003,4.0,19.0,0.21100000000000002,515.0,1081.0,0.47600000000000003,0.474,283.0,322.0,0.879,78.0,137.0,215.0,144.0,49.0,23.0,161.0,210.0,1325.0
SAS,7659,1985.0,George Gervin*,SG,32.0,82.0,79.0,2934.0,24.7,0.604,0.053,0.39899999999999997,5.7,12.0,8.6,16.1,2.1,1.9,14.0,35.0,,9.3,3.2,12.0,0.201,,4.9,-0.6,4.1,4.4,1024.0,1987.0,0.544,32.0,102.0,0.41700000000000004,992.0,1951.0,0.544,0.544,555.0,642.0,0.8640000000000001,154.0,320.0,454.0,302.0,137.0,110.0,306.0,286.0,2585.0
