Tm,Unnamed: 0,Year,Player,Pos,Age,G,GS,MP,PER,TS%,3PAr,FTr,ORB%,DRB%,TRB%,AST%,STL%,BLK%,TOV%,USG%,blanl,OWS,DWS,WS,WS/48,blank2,OBPM,DBPM,BPM,VORP,FG,FGA,FG%,3P,3PA,3P%,2P,2PA,2P%,eFG%,FT,FTA,FT%,ORB,DRB,TRB,AST,STL,BLK,TOV,PF,PTS
DAL,13165,1997.0,George McCloud,SF,29.0,79.0,63.0,2846.0,17.0,0.5429999999999999,0.529,0.293,10.5,11.1,9.9,14.1,2.3,0.9,10.7,22.6,,4.2,1.6,5.8,0.13699999999999998,,2.6,-0.9,1.3,2.3,530.0,1281.0,0.439,257.0,678.0,0.382,273.0,603.0,0.46,0.514,180.0,224.0,0.8370000000000001,116.0,263.0,379.0,212.0,113.0,38.0,166.0,212.0,1497.0
DEN,15797,2002.0,George McCloud,SF,34.0,78.0,26.0,2118.0,13.2,0.5479999999999999,0.444,0.284,4.0,12.1,7.8,22.1,1.7,0.9,18.2,19.4,,2.7,1.0,3.8,0.086,,1.2,-0.7,0.0,1.1,266.0,655.0,0.41700000000000004,107.0,283.0,0.37799999999999995,173.0,421.0,0.44799999999999995,0.501,152.0,181.0,0.84,72.0,213.0,285.0,279.0,58.0,27.0,144.0,180.0,787.0
IND,11160,1993.0,George McCloud,SF,25.0,78.0,21.0,1500.0,11.2,0.496,0.353,0.204,5.9,10.5,8.2,18.7,2.3,0.7,19.6,19.8,,0.4,1.0,1.4,0.046,,-0.4,-1.1,-1.5,0.2,216.0,525.0,0.41100000000000003,58.0,181.0,0.34700000000000003,158.0,344.0,0.45899999999999996,0.467,75.0,102.0,0.789,60.0,145.0,205.0,192.0,53.0,11.0,107.0,165.0,565.0
LAL,13166,1997.0,George McCloud,SF,29.0,23.0,2.0,286.0,9.9,0.475,0.51,0.094,2.8,11.5,7.2,9.3,1.7,0.0,8.3,17.1,,0.1,0.3,0.4,0.069,,-1.6,-1.7,-3.4,-0.1,34.0,96.0,0.354,21.0,49.0,0.429,13.0,47.0,0.27699999999999997,0.46399999999999997,6.0,9.0,0.667,7.0,29.0,36.0,17.0,9.0,0.0,9.0,20.0,95.0
PHO,14251,1999.0,George McCloud,SF,31.0,63.0,16.0,1245.0,13.6,0.591,0.512,0.26899999999999996,4.4,16.2,10.5,10.8,2.3,0.9,12.3,19.2,,2.3,1.9,3.3,0.127,,1.6,0.3,1.2,1.0,173.0,427.0,0.43799999999999994,71.0,208.0,0.41600000000000004,102.0,219.0,0.466,0.545,75.0,87.0,0.862,45.0,173.0,218.0,84.0,54.0,14.0,63.0,132.0,456.0
TOT,13164,1997.0,George McCloud,SF,29.0,64.0,28.0,1493.0,14.8,0.529,0.439,0.175,2.8,11.2,6.9,13.2,2.2,0.4,8.9,21.0,,1.9,1.3,3.2,0.102,,1.3,-1.1,0.2,0.8,238.0,578.0,0.41200000000000003,99.0,254.0,0.39,139.0,324.0,0.429,0.49700000000000005,83.0,101.0,0.8220000000000001,36.0,143.0,179.0,109.0,61.0,8.0,61.0,126.0,658.0
