Tm,Unnamed: 0,Year,Player,Pos,Age,G,GS,MP,PER,TS%,3PAr,FTr,ORB%,DRB%,TRB%,AST%,STL%,BLK%,TOV%,USG%,blanl,OWS,DWS,WS,WS/48,blank2,OBPM,DBPM,BPM,VORP,FG,FGA,FG%,3P,3PA,3P%,2P,2PA,2P%,eFG%,FT,FTA,FT%,ORB,DRB,TRB,AST,STL,BLK,TOV,PF,PTS
CHH,13790,1998.0,Glen Rice,SF,30.0,82.0,82.0,3362.0,19.7,0.605,0.311,0.364,3.3,11.5,7.3,12.6,1.5,0.6,10.2,26.9,,9.6,2.0,10.8,0.154,,4.1,-1.6,1.8,3.0,722.0,1513.0,0.47700000000000004,207.0,440.0,0.47,515.0,1086.0,0.49200000000000005,0.546,464.0,535.0,0.867,89.0,292.0,378.0,232.0,91.0,26.0,182.0,217.0,2115.0
HOU,16370,2003.0,Glen Rice,SF,35.0,62.0,26.0,1532.0,11.9,0.563,0.556,0.182,2.2,9.3,5.8,8.5,1.1,0.3,11.8,16.5,,2.5,0.8,3.3,0.10300000000000001,,1.2,-1.9,-1.0,0.4,196.0,457.0,0.429,101.0,254.0,0.39799999999999996,95.0,203.0,0.46799999999999997,0.539,63.0,83.0,0.8,28.0,126.0,154.0,65.0,23.0,5.0,55.0,99.0,556.0
LAC,16931,2004.0,Glen Rice,SF,36.0,18.0,0.0,262.0,7.3,0.395,0.368,0.22399999999999998,3.9,14.0,8.9,14.6,1.2,0.0,13.5,16.3,,-0.1,0.0,-0.1,-0.017,,-2.9,-2.5,-5.5,-0.2,22.0,76.0,0.289,5.0,28.0,0.179,17.0,48.0,0.354,0.322,17.0,17.0,1.0,9.0,32.0,41.0,24.0,6.0,0.0,13.0,22.0,66.0
LAL,14853,2000.0,Glen Rice,SF,32.0,80.0,80.0,2530.0,16.2,0.551,0.341,0.40399999999999997,2.4,11.3,6.9,12.2,1.0,0.4,9.4,22.0,,5.7,3.2,9.0,0.17,,2.1,-1.0,0.4,1.5,421.0,980.0,0.43200000000000005,84.0,229.0,0.39299999999999996,337.0,751.0,0.452,0.499,346.0,396.0,0.8740000000000001,56.0,271.0,327.0,176.0,47.0,12.0,114.0,179.0,1272.0
MIA,12172,1995.0,Glen Rice,SF,27.0,82.0,82.0,3082.0,19.7,0.586,0.321,0.26,4.6,13.6,8.4,11.5,1.9,0.7,11.4,25.2,,7.9,2.9,10.2,0.163,,4.3,-0.3,2.7,3.6,672.0,1432.0,0.475,185.0,451.0,0.41,531.0,1075.0,0.506,0.541,312.0,365.0,0.88,100.0,358.0,434.0,192.0,112.0,35.0,166.0,216.0,1831.0
NYK,15384,2001.0,Glen Rice,SF,33.0,75.0,25.0,2212.0,13.7,0.54,0.281,0.242,3.4,13.0,8.4,7.4,1.0,0.5,10.3,20.5,,2.7,2.9,5.7,0.12300000000000001,,0.3,-0.3,0.0,1.1,331.0,752.0,0.44,82.0,211.0,0.389,249.0,541.0,0.46,0.495,155.0,182.0,0.852,61.0,246.0,307.0,89.0,41.0,13.0,96.0,179.0,899.0
WAS,23353,2015.0,Glen Rice,SG,24.0,11.0,1.0,109.0,6.6,0.39899999999999997,0.467,0.4,5.4,17.3,10.6,9.3,2.8,0.8,18.3,20.7,,-0.1,0.2,-0.1,-0.043,,-5.9,0.0,-5.8,-0.1,11.0,37.0,0.297,5.0,17.0,0.294,6.0,20.0,0.3,0.365,5.0,7.0,0.7140000000000001,4.0,16.0,20.0,7.0,6.0,1.0,9.0,11.0,32.0
