Tm,Unnamed: 0,Year,Player,Pos,Age,G,GS,MP,PER,TS%,3PAr,FTr,ORB%,DRB%,TRB%,AST%,STL%,BLK%,TOV%,USG%,blanl,OWS,DWS,WS,WS/48,blank2,OBPM,DBPM,BPM,VORP,FG,FGA,FG%,3P,3PA,3P%,2P,2PA,2P%,eFG%,FT,FTA,FT%,ORB,DRB,TRB,AST,STL,BLK,TOV,PF,PTS
DEN,6941,1983.0,Glen Gondrezick,SF,27.0,80.0,2.0,1699.0,16.7,0.575,0.021,0.43799999999999994,12.6,17.4,14.5,10.9,3.7,1.1,15.1,15.8,,2.6,1.3,3.6,0.145,,1.5,1.5,3.0,1.5,250.0,495.0,0.517,2.0,6.0,0.33299999999999996,250.0,492.0,0.521,0.521,160.0,217.0,0.818,140.0,283.0,423.0,152.0,92.0,36.0,100.0,229.0,660.0
NYK,5500,1979.0,Glen Gondrezick,SF,23.0,75.0,,1602.0,11.0,0.511,,0.35700000000000004,9.8,18.7,14.3,9.9,2.8,0.9,20.5,17.7,,0.6,2.1,2.7,0.08199999999999999,,-1.4,2.3,0.9,1.2,161.0,339.0,0.494,,,,161.0,339.0,0.494,0.494,83.0,121.0,0.6859999999999999,147.0,277.0,424.0,106.0,98.0,18.0,95.0,226.0,377.0
