Tm,Unnamed: 0,Year,Player,Pos,Age,G,GS,MP,PER,TS%,3PAr,FTr,ORB%,DRB%,TRB%,AST%,STL%,BLK%,TOV%,USG%,blanl,OWS,DWS,WS,WS/48,blank2,OBPM,DBPM,BPM,VORP,FG,FGA,FG%,3P,3PA,3P%,2P,2PA,2P%,eFG%,FT,FTA,FT%,ORB,DRB,TRB,AST,STL,BLK,TOV,PF,PTS
HOU,21259,2012.0,Goran Dragic,PG,25.0,66.0,28.0,1752.0,18.0,0.604,0.43200000000000005,0.317,3.6,13.2,8.4,32.5,2.5,0.7,18.7,21.8,,3.6,1.5,5.1,0.157,,3.0,-0.9,2.1,1.8,277.0,600.0,0.47200000000000003,68.0,202.0,0.519,209.0,398.0,0.525,0.584,153.0,190.0,0.805,53.0,115.0,168.0,351.0,85.0,10.0,157.0,166.0,775.0
PHO,23030,2015.0,Goran Dragic,SG,28.0,80.0,77.0,2668.0,21.4,0.604,0.38299999999999995,0.381,5.5,10.8,8.3,35.7,2.5,0.8,22.4,24.5,,8.4,2.0,10.3,0.18600000000000003,,4.9,-1.1,3.9,4.0,552.0,1093.0,0.505,122.0,299.0,0.408,430.0,794.0,0.556,0.561,316.0,416.0,0.769,69.0,178.0,245.0,569.0,124.0,26.0,213.0,214.0,1542.0
TOT,23029,2015.0,Goran Dragic,SG-PG,28.0,78.0,78.0,2640.0,17.4,0.5770000000000001,0.35100000000000003,0.302,3.5,9.9,6.6,25.6,2.1,0.6,19.0,22.4,,5.4,1.4,6.8,0.12300000000000001,,2.5,-1.2,1.1,2.1,502.0,1002.0,0.501,90.0,259.0,0.361,412.0,743.0,0.555,0.546,181.0,234.0,0.774,81.0,193.0,274.0,350.0,78.0,15.0,173.0,195.0,1275.0
MIA,24232,2017.0,Goran Dragic,PG,30.0,73.0,73.0,2459.0,19.7,0.586,0.257,0.335,4.1,10.4,6.6,29.0,1.8,0.6,16.3,27.1,,5.0,2.6,7.5,0.147,,3.4,-0.6,2.7,2.9,534.0,1124.0,0.502,117.0,289.0,0.405,417.0,835.0,0.552,0.539,298.0,377.0,0.8079999999999999,61.0,223.0,278.0,423.0,89.0,17.0,212.0,199.0,1483.0
