Tm,Unnamed: 0,Year,Player,Pos,Age,G,GS,MP,PER,TS%,3PAr,FTr,ORB%,DRB%,TRB%,AST%,STL%,BLK%,TOV%,USG%,blanl,OWS,DWS,WS,WS/48,blank2,OBPM,DBPM,BPM,VORP,FG,FGA,FG%,3P,3PA,3P%,2P,2PA,2P%,eFG%,FT,FTA,FT%,ORB,DRB,TRB,AST,STL,BLK,TOV,PF,PTS
ATL,14224,1999.0,Grant Long,PF,32.0,82.0,82.0,3008.0,16.2,0.5479999999999999,0.10300000000000001,0.655,9.4,22.1,15.5,9.7,2.3,1.0,15.2,18.3,,4.7,4.2,8.4,0.17,,0.2,2.0,2.1,2.7,395.0,838.0,0.479,31.0,86.0,0.36,364.0,752.0,0.484,0.49,257.0,337.0,0.7829999999999999,248.0,540.0,788.0,183.0,108.0,34.0,157.0,233.0,1078.0
BOS,16259,2003.0,Grant Long,PF,36.0,41.0,1.0,488.0,5.3,0.449,0.043,0.32899999999999996,5.4,14.1,9.6,8.2,1.0,0.2,19.2,9.4,,0.0,0.5,0.4,0.040999999999999995,,-5.7,0.2,-5.6,-0.4,27.0,70.0,0.386,0.0,3.0,0.0,27.0,67.0,0.40299999999999997,0.386,18.0,23.0,0.7829999999999999,24.0,59.0,83.0,25.0,9.0,1.0,19.0,62.0,72.0
DET,13681,1998.0,Grant Long,PF,31.0,65.0,24.0,1166.0,12.2,0.523,0.171,0.48700000000000004,9.6,15.1,12.1,5.5,2.1,1.2,13.4,15.3,,1.1,1.5,2.6,0.107,,-1.2,1.6,-0.3,0.3,123.0,275.0,0.447,17.0,47.0,0.36200000000000004,106.0,228.0,0.465,0.478,63.0,84.0,0.75,88.0,134.0,222.0,39.0,43.0,12.0,48.0,106.0,326.0
MEM,15772,2002.0,Grant Long,PF,35.0,66.0,56.0,1868.0,7.7,0.475,0.044000000000000004,0.319,1.9,11.9,6.9,11.5,1.8,0.4,19.0,13.2,,-1.0,1.2,0.2,0.004,,-4.3,0.6,-3.7,-0.8,164.0,385.0,0.426,3.0,17.0,0.17600000000000002,161.0,368.0,0.43799999999999994,0.43,86.0,123.0,0.6990000000000001,31.0,200.0,231.0,136.0,63.0,12.0,103.0,123.0,417.0
MIA,12078,1995.0,Grant Long,PF,28.0,82.0,82.0,3063.0,15.8,0.568,0.031,0.833,10.7,19.3,12.8,11.5,2.4,1.2,19.6,18.0,,4.9,3.0,7.7,0.12,,1.3,2.5,2.7,3.6,440.0,890.0,0.494,6.0,26.0,0.273,434.0,868.0,0.5,0.498,326.0,406.0,0.807,259.0,432.0,691.0,225.0,139.0,48.0,201.0,337.0,1212.0
TOT,12077,1995.0,Grant Long,PF,28.0,81.0,79.0,2641.0,14.4,0.547,0.043,0.45399999999999996,8.2,18.8,13.4,8.0,2.2,1.0,15.3,17.4,,2.3,4.2,6.6,0.11900000000000001,,-1.6,1.8,0.2,1.5,342.0,716.0,0.478,11.0,31.0,0.355,331.0,685.0,0.483,0.485,244.0,325.0,0.7509999999999999,191.0,415.0,606.0,131.0,109.0,34.0,155.0,243.0,939.0
VAN,15239,2001.0,Grant Long,PF,34.0,66.0,27.0,1507.0,11.7,0.512,0.047,0.49200000000000005,11.1,19.4,15.2,8.7,2.6,0.8,19.8,13.6,,1.0,1.4,2.4,0.078,,-1.6,1.4,-0.6,0.5,140.0,319.0,0.44299999999999995,4.0,15.0,0.267,136.0,304.0,0.45399999999999996,0.445,112.0,157.0,0.775,86.0,198.0,274.0,83.0,72.0,15.0,62.0,160.0,396.0
