Tm,Unnamed: 0,Year,Player,Pos,Age,G,GS,MP,PER,TS%,3PAr,FTr,ORB%,DRB%,TRB%,AST%,STL%,BLK%,TOV%,USG%,blanl,OWS,DWS,WS,WS/48,blank2,OBPM,DBPM,BPM,VORP,FG,FGA,FG%,3P,3PA,3P%,2P,2PA,2P%,eFG%,FT,FTA,FT%,ORB,DRB,TRB,AST,STL,BLK,TOV,PF,PTS
CLE,11942,1995.0,Greg Dreiling,C,32.0,58.0,3.0,483.0,7.8,0.45799999999999996,0.0,0.402,8.0,22.4,15.0,7.5,0.7,3.6,17.2,14.4,,-0.2,0.8,0.6,0.059000000000000004,,-5.9,1.9,-4.0,-0.2,42.0,102.0,0.41200000000000003,0.0,0.0,,42.0,102.0,0.41200000000000003,0.41200000000000003,26.0,41.0,0.634,32.0,84.0,116.0,22.0,6.0,22.0,25.0,108.0,110.0
DAL,12972,1997.0,Greg Dreiling,C,34.0,54.0,19.0,685.0,7.3,0.547,0.013999999999999999,0.365,7.2,21.8,13.9,6.5,1.2,2.4,26.3,11.2,,0.0,0.6,0.6,0.045,,-4.9,0.9,-4.0,-0.3,52.0,104.0,0.5,1.0,1.0,1.0,51.0,103.0,0.495,0.505,27.0,38.0,0.711,47.0,123.0,170.0,31.0,16.0,24.0,43.0,159.0,132.0
IND,11015,1993.0,Greg Dreiling,C,30.0,73.0,42.0,1031.0,10.5,0.613,0.069,1.5290000000000001,12.1,27.0,18.4,8.8,1.3,3.2,27.9,22.5,,0.3,0.8,1.1,0.09300000000000001,,-2.6,0.7,-3.0,-0.1,98.0,194.0,0.5579999999999999,1.0,4.0,1.0,98.0,192.0,0.5579999999999999,0.5579999999999999,63.0,105.0,0.833,66.0,189.0,255.0,51.0,24.0,29.0,57.0,178.0,259.0
