Tm,Unnamed: 0,Year,Player,Pos,Age,G,GS,MP,PER,TS%,3PAr,FTr,ORB%,DRB%,TRB%,AST%,STL%,BLK%,TOV%,USG%,blanl,OWS,DWS,WS,WS/48,blank2,OBPM,DBPM,BPM,VORP,FG,FGA,FG%,3P,3PA,3P%,2P,2PA,2P%,eFG%,FT,FTA,FT%,ORB,DRB,TRB,AST,STL,BLK,TOV,PF,PTS
NYK,4216,1975.0,Greg Jackson,SG,22.0,5.0,,27.0,6.7,0.4,,0.0,7.6,0.0,3.9,15.8,0.0,0.0,,,,0.0,0.0,0.0,-0.04,,-3.6,-4.3,-7.9,0.0,4.0,10.0,0.4,,,,4.0,10.0,0.4,0.4,0.0,0.0,,2.0,0.0,2.0,3.0,0.0,0.0,,5.0,8.0
PHO,4217,1975.0,Greg Jackson,SG,22.0,44.0,,775.0,7.6,0.45,,0.373,2.2,6.7,4.4,15.7,1.4,0.6,,,,-0.5,0.4,-0.1,-0.003,,-4.1,-1.0,-5.1,-0.6,69.0,166.0,0.41600000000000004,,,,69.0,166.0,0.41600000000000004,0.41600000000000004,36.0,62.0,0.581,17.0,50.0,67.0,93.0,23.0,9.0,,125.0,174.0
TOT,4215,1975.0,Greg Jackson,SG,22.0,49.0,,802.0,7.6,0.44799999999999995,,0.35200000000000004,2.4,6.5,4.4,15.7,1.3,0.6,,,,-0.5,0.4,-0.1,-0.005,,-4.1,-1.1,-5.2,-0.6,73.0,176.0,0.415,,,,73.0,176.0,0.415,0.415,36.0,62.0,0.581,19.0,50.0,69.0,96.0,23.0,9.0,,130.0,182.0
