Tm,Unnamed: 0,Year,Player,Pos,Age,G,GS,MP,PER,TS%,3PAr,FTr,ORB%,DRB%,TRB%,AST%,STL%,BLK%,TOV%,USG%,blanl,OWS,DWS,WS,WS/48,blank2,OBPM,DBPM,BPM,VORP,FG,FGA,FG%,3P,3PA,3P%,2P,2PA,2P%,eFG%,FT,FTA,FT%,ORB,DRB,TRB,AST,STL,BLK,TOV,PF,PTS
CHI,15521,2002.0,Greg Anthony,PG,34.0,36.0,35.0,961.0,14.2,0.475,0.314,0.244,1.9,9.0,5.3,35.7,2.7,0.3,15.4,18.0,,0.6,0.6,1.2,0.059000000000000004,,0.2,-2.0,-1.8,0.0,113.0,287.0,0.39399999999999996,29.0,90.0,0.322,84.0,197.0,0.426,0.444,47.0,70.0,0.6709999999999999,16.0,72.0,88.0,203.0,49.0,4.0,58.0,72.0,302.0
MIL,15522,2002.0,Greg Anthony,PG,34.0,24.0,3.0,553.0,10.0,0.436,0.38799999999999996,0.11199999999999999,1.3,7.6,4.6,22.4,2.7,0.1,15.4,19.7,,-0.4,0.3,0.0,-0.004,,-2.1,-2.1,-4.3,-0.3,70.0,188.0,0.37200000000000005,19.0,73.0,0.26,51.0,115.0,0.44299999999999995,0.423,13.0,21.0,0.619,6.0,38.0,44.0,79.0,28.0,1.0,36.0,42.0,172.0
NYK,11853,1995.0,Greg Anthony,PG,27.0,82.0,36.0,1994.0,15.0,0.57,0.529,0.379,2.8,8.1,5.6,33.3,3.4,0.6,17.5,18.6,,1.6,3.9,5.5,0.147,,1.1,2.3,1.1,1.5,225.0,571.0,0.43700000000000006,56.0,160.0,0.361,177.0,411.0,0.522,0.532,130.0,168.0,0.789,43.0,146.0,189.0,398.0,114.0,13.0,127.0,170.0,628.0
POR,14981,2001.0,Greg Anthony,PG,33.0,82.0,3.0,1548.0,16.6,0.551,0.628,0.355,3.0,8.4,5.1,21.1,4.4,0.4,15.9,19.6,,2.3,1.8,4.1,0.165,,2.4,0.7,3.0,1.0,169.0,416.0,0.414,88.0,233.0,0.409,81.0,183.0,0.44299999999999995,0.512,88.0,114.0,0.772,21.0,116.0,133.0,208.0,66.0,9.0,85.0,143.0,514.0
SEA,13429,1998.0,Greg Anthony,PG,30.0,80.0,0.0,1021.0,16.8,0.545,0.456,0.22899999999999998,2.1,10.7,6.5,32.1,3.4,0.2,19.1,21.6,,1.4,1.3,2.7,0.127,,1.4,-1.2,0.2,0.6,150.0,349.0,0.43,66.0,159.0,0.415,84.0,190.0,0.442,0.524,53.0,80.0,0.6629999999999999,18.0,93.0,111.0,205.0,64.0,3.0,91.0,97.0,419.0
TOT,15520,2002.0,Greg Anthony,PG,34.0,60.0,38.0,1514.0,12.6,0.46,0.34299999999999997,0.192,1.7,8.5,5.1,30.8,2.7,0.2,15.4,18.6,,0.2,0.9,1.1,0.036000000000000004,,-0.7,-2.0,-2.7,-0.3,183.0,475.0,0.385,48.0,163.0,0.294,135.0,312.0,0.433,0.436,60.0,91.0,0.659,22.0,110.0,132.0,282.0,77.0,5.0,94.0,114.0,474.0
VAN,12854,1997.0,Greg Anthony,PG,29.0,69.0,68.0,2096.0,18.6,0.53,0.469,0.38,1.6,10.0,5.7,41.9,3.8,0.4,18.1,23.3,,2.9,1.9,4.8,0.111,,2.9,-1.5,1.3,1.7,324.0,781.0,0.415,90.0,271.0,0.37,234.0,510.0,0.45899999999999996,0.479,229.0,297.0,0.7709999999999999,29.0,159.0,184.0,476.0,129.0,11.0,160.0,137.0,967.0
