Tm,Unnamed: 0,Year,Player,Pos,Age,G,GS,MP,PER,TS%,3PAr,FTr,ORB%,DRB%,TRB%,AST%,STL%,BLK%,TOV%,USG%,blanl,OWS,DWS,WS,WS/48,blank2,OBPM,DBPM,BPM,VORP,FG,FGA,FG%,3P,3PA,3P%,2P,2PA,2P%,eFG%,FT,FTA,FT%,ORB,DRB,TRB,AST,STL,BLK,TOV,PF,PTS
DET,23267,2015.0,Greg Monroe,PF,24.0,82.0,82.0,2690.0,22.0,0.575,0.004,0.424,13.3,25.1,18.3,18.6,2.3,1.7,16.0,24.8,,4.7,3.2,7.0,0.161,,2.4,1.8,3.8,3.1,514.0,1058.0,0.551,0.0,4.0,0.0,514.0,1054.0,0.552,0.551,270.0,392.0,0.75,256.0,541.0,777.0,281.0,105.0,55.0,234.0,205.0,1298.0
MIL,24469,2017.0,Greg Monroe,C,26.0,81.0,67.0,2314.0,21.8,0.5720000000000001,0.006,0.32899999999999996,10.9,23.4,17.2,17.3,2.6,2.5,14.4,24.3,,5.0,2.6,7.5,0.155,,1.3,1.5,2.0,2.1,491.0,941.0,0.5329999999999999,0.0,4.0,0.0,491.0,940.0,0.536,0.5329999999999999,228.0,308.0,0.741,218.0,478.0,696.0,187.0,92.0,67.0,140.0,168.0,1210.0
