Tm,Unnamed: 0,Year,Player,Pos,Age,G,GS,MP,PER,TS%,3PAr,FTr,ORB%,DRB%,TRB%,AST%,STL%,BLK%,TOV%,USG%,blanl,OWS,DWS,WS,WS/48,blank2,OBPM,DBPM,BPM,VORP,FG,FGA,FG%,3P,3PA,3P%,2P,2PA,2P%,eFG%,FT,FTA,FT%,ORB,DRB,TRB,AST,STL,BLK,TOV,PF,PTS
CHH,10612,1992.0,Greg Grant,PG,25.0,13.0,0.0,57.0,8.1,0.055999999999999994,0.0,0.25,1.9,5.8,3.8,34.6,6.6,0.0,36.0,9.8,,-0.2,0.1,-0.1,-0.062,,-8.3,1.1,-7.2,-0.1,0.0,8.0,0.0,0.0,0.0,,0.0,8.0,0.0,0.0,1.0,2.0,0.5,1.0,3.0,4.0,18.0,8.0,0.0,5.0,3.0,1.0
DEN,12474,1996.0,Greg Grant,PG,29.0,14.0,0.0,151.0,9.1,0.405,0.261,0.364,3.2,5.4,3.7,40.2,2.1,1.0,26.8,15.6,,-0.1,0.1,0.0,0.011000000000000001,,-4.6,-2.4,-8.3,-0.2,10.0,33.0,0.303,2.0,7.0,0.33299999999999996,8.0,26.0,0.308,0.33299999999999996,9.0,12.0,0.75,3.0,7.0,9.0,43.0,6.0,2.0,14.0,20.0,31.0
NYK,10161,1991.0,Greg Grant,PG,24.0,22.0,0.0,107.0,9.2,0.439,0.111,0.222,1.1,9.4,5.4,25.4,4.3,0.0,25.2,16.2,,-0.1,0.2,0.0,0.012,,-4.8,0.6,-4.2,-0.1,10.0,27.0,0.37,1.0,3.0,0.33299999999999996,9.0,24.0,0.375,0.389,5.0,6.0,0.833,1.0,9.0,10.0,20.0,9.0,0.0,10.0,12.0,26.0
PHI,12472,1996.0,Greg Grant,PG,29.0,72.0,2.0,996.0,13.3,0.494,0.375,0.141,2.6,7.6,4.5,34.7,2.3,0.5,22.9,14.1,,1.0,0.5,1.5,0.086,,-1.2,-2.7,-3.9,-0.3,99.0,220.0,0.456,20.0,68.0,0.389,92.0,199.0,0.467,0.47200000000000003,20.0,31.0,0.8640000000000001,24.0,52.0,67.0,206.0,43.0,2.0,54.0,73.0,224.0
PHO,9681,1990.0,Greg Grant,PG,23.0,67.0,3.0,678.0,9.7,0.43,0.07400000000000001,0.273,2.8,6.5,4.8,32.2,2.5,0.1,24.1,19.4,,-0.8,0.7,-0.1,-0.006999999999999999,,-4.0,-1.3,-5.3,-0.6,83.0,216.0,0.384,3.0,16.0,0.188,80.0,200.0,0.4,0.391,39.0,59.0,0.6609999999999999,16.0,43.0,59.0,168.0,36.0,1.0,77.0,58.0,208.0
TOT,12471,1996.0,Greg Grant,PG,29.0,68.0,2.0,891.0,13.0,0.478,0.34299999999999997,0.107,1.8,7.0,4.4,34.7,2.6,0.3,22.8,13.8,,0.8,0.6,1.4,0.077,,-1.7,-2.4,-4.1,-0.5,99.0,225.0,0.44,8.0,34.0,0.389,92.0,207.0,0.444,0.456,20.0,24.0,0.833,14.0,55.0,69.0,217.0,45.0,2.0,46.0,76.0,225.0
WSB,12473,1996.0,Greg Grant,PG,29.0,10.0,0.0,138.0,7.5,0.429,0.35700000000000004,0.0,0.9,4.2,2.6,22.9,3.0,0.0,26.3,12.3,,-0.1,0.1,0.0,0.002,,-4.1,-1.5,-5.7,-0.1,11.0,28.0,0.39299999999999996,2.0,10.0,0.2,9.0,18.0,0.5,0.429,0.0,0.0,,1.0,5.0,6.0,23.0,8.0,0.0,10.0,8.0,24.0
