Tm,Unnamed: 0,Year,Player,Pos,Age,G,GS,MP,PER,TS%,3PAr,FTr,ORB%,DRB%,TRB%,AST%,STL%,BLK%,TOV%,USG%,blanl,OWS,DWS,WS,WS/48,blank2,OBPM,DBPM,BPM,VORP,FG,FGA,FG%,3P,3PA,3P%,2P,2PA,2P%,eFG%,FT,FTA,FT%,ORB,DRB,TRB,AST,STL,BLK,TOV,PF,PTS
DET,6633,1982.0,Greg Kelser,SF,24.0,50.0,0.0,1233.0,16.1,0.52,0.035,0.47700000000000004,10.5,16.1,11.8,12.6,2.5,2.6,19.0,26.9,,0.6,0.9,1.4,0.055999999999999994,,0.1,0.8,-0.7,0.4,280.0,593.0,0.47200000000000003,3.0,15.0,0.2,277.0,578.0,0.479,0.475,146.0,203.0,0.7190000000000001,124.0,152.0,276.0,108.0,60.0,34.0,140.0,176.0,709.0
IND,7719,1985.0,Greg Kelser,SF,27.0,10.0,0.0,114.0,13.0,0.475,0.019,0.528,5.5,12.1,8.8,16.3,2.8,0.0,15.5,26.7,,-0.1,0.1,0.1,0.025,,-2.8,-1.2,-4.0,-0.1,21.0,53.0,0.396,0.0,1.0,0.0,21.0,52.0,0.40399999999999997,0.396,20.0,28.0,0.7140000000000001,6.0,13.0,19.0,13.0,7.0,0.0,12.0,16.0,62.0
SDC,7368,1984.0,Greg Kelser,SF,26.0,80.0,21.0,1783.0,14.6,0.578,0.01,0.59,12.0,12.9,12.4,6.8,1.8,1.0,20.4,21.3,,1.6,1.0,2.5,0.068,,0.5,-0.7,-0.2,0.8,313.0,603.0,0.519,2.0,6.0,0.33299999999999996,311.0,597.0,0.521,0.521,250.0,356.0,0.7020000000000001,188.0,203.0,391.0,91.0,68.0,31.0,195.0,249.0,878.0
SEA,7013,1983.0,Greg Kelser,SF,25.0,80.0,10.0,1507.0,14.7,0.5920000000000001,0.006999999999999999,0.643,13.5,16.6,15.0,10.9,1.6,1.4,20.9,22.2,,1.7,2.1,3.9,0.12300000000000001,,0.0,0.8,0.8,1.1,247.0,450.0,0.5489999999999999,0.0,3.0,0.0,247.0,447.0,0.5529999999999999,0.5489999999999999,173.0,257.0,0.6729999999999999,158.0,245.0,403.0,97.0,52.0,35.0,149.0,243.0,667.0
TOT,6632,1982.0,Greg Kelser,SF,24.0,60.0,10.0,741.0,11.8,0.494,0.011000000000000001,0.59,12.0,16.3,14.2,10.5,1.2,1.6,19.7,23.4,,-0.3,1.1,0.8,0.05,,-3.1,-0.2,-3.3,-0.2,116.0,271.0,0.428,0.0,3.0,0.0,116.0,268.0,0.433,0.428,105.0,160.0,0.6559999999999999,80.0,113.0,193.0,57.0,18.0,21.0,84.0,131.0,337.0
