Tm,Unnamed: 0,Year,Player,Pos,Age,G,GS,MP,PER,TS%,3PAr,FTr,ORB%,DRB%,TRB%,AST%,STL%,BLK%,TOV%,USG%,blanl,OWS,DWS,WS,WS/48,blank2,OBPM,DBPM,BPM,VORP,FG,FGA,FG%,3P,3PA,3P%,2P,2PA,2P%,eFG%,FT,FTA,FT%,ORB,DRB,TRB,AST,STL,BLK,TOV,PF,PTS
MIL,3523,1972.0,Greg Smith,SF,25.0,82.0,,2428.0,14.1,0.542,,0.293,,,11.5,11.2,,,,,,3.8,2.9,6.8,0.134,,,,,,409.0,799.0,0.512,,,,409.0,799.0,0.512,0.512,141.0,213.0,0.718,,,804.0,227.0,,,,304.0,959.0
TOT,3791,1973.0,Greg Smith,SF-PG,26.0,82.0,,2256.0,11.6,0.502,,0.264,,,11.5,12.5,,,,,,1.3,3.4,4.5,0.096,,,,,,309.0,671.0,0.48200000000000004,,,,309.0,671.0,0.48200000000000004,0.48200000000000004,111.0,168.0,0.6609999999999999,,,483.0,222.0,,,,259.0,729.0
POR,4600,1976.0,Greg Smith,SF,29.0,72.0,,1569.0,11.6,0.521,,0.34600000000000003,7.4,14.7,11.6,11.2,2.1,0.6,,,,1.5,0.5,2.0,0.061,,-2.8,-0.6,-3.4,0.0,229.0,469.0,0.488,,,,229.0,469.0,0.488,0.488,75.0,128.0,0.667,65.0,124.0,375.0,117.0,41.0,6.0,,210.0,533.0
HOU,22759,2014.0,Greg Smith,SF,26.0,70.0,10.0,1519.0,16.1,0.636,0.004,0.474,13.0,25.5,16.8,14.6,1.5,5.4,14.2,15.4,,2.8,2.3,4.0,0.172,,-0.4,2.6,0.1,0.4,212.0,473.0,0.643,0.0,1.0,0.0,212.0,473.0,0.643,0.643,81.0,130.0,0.636,111.0,210.0,322.0,159.0,18.0,40.0,41.0,175.0,494.0
DAL,23403,2015.0,Greg Smith,PF,24.0,42.0,2.0,363.0,10.2,0.605,0.0,0.7959999999999999,7.8,16.1,11.9,3.4,1.0,2.5,14.3,9.5,,0.5,0.3,0.8,0.10800000000000001,,-2.0,1.0,-1.0,0.1,30.0,49.0,0.612,0.0,0.0,,30.0,49.0,0.612,0.612,20.0,39.0,0.513,26.0,53.0,79.0,9.0,7.0,11.0,11.0,53.0,80.0
MIN,23996,2016.0,Greg Smith,PF,25.0,18.0,0.0,192.0,7.9,0.545,0.0,0.531,7.4,17.9,12.7,4.6,1.1,0.4,15.1,10.8,,0.1,0.1,0.2,0.045,,-3.0,-1.2,-4.3,-0.1,18.0,32.0,0.563,0.0,0.0,,18.0,32.0,0.563,0.563,7.0,17.0,0.41200000000000003,12.0,30.0,42.0,6.0,4.0,1.0,7.0,28.0,43.0
