Tm,Unnamed: 0,Year,Player,Pos,Age,G,GS,MP,PER,TS%,3PAr,FTr,ORB%,DRB%,TRB%,AST%,STL%,BLK%,TOV%,USG%,blanl,OWS,DWS,WS,WS/48,blank2,OBPM,DBPM,BPM,VORP,FG,FGA,FG%,3P,3PA,3P%,2P,2PA,2P%,eFG%,FT,FTA,FT%,ORB,DRB,TRB,AST,STL,BLK,TOV,PF,PTS
NYK,9595,1990.0,Greg Butler,C,23.0,33.0,0.0,140.0,4.7,0.493,0.063,0.41700000000000004,10.4,19.6,15.1,3.9,0.3,0.8,23.0,20.4,,-0.2,0.1,-0.1,-0.034,,-7.4,-3.6,-11.1,-0.1,20.0,48.0,0.41700000000000004,0.0,3.0,0.0,20.0,45.0,0.444,0.41700000000000004,16.0,20.0,0.8,9.0,19.0,28.0,2.0,1.0,2.0,17.0,28.0,56.0
LAC,10062,1991.0,Greg Butler,C,24.0,9.0,0.0,37.0,3.2,0.32299999999999995,0.0,0.316,22.9,23.7,23.3,3.7,0.0,0.0,15.6,28.1,,-0.1,0.0,-0.1,-0.131,,-9.2,-5.6,-14.9,-0.1,5.0,19.0,0.263,0.0,0.0,,5.0,19.0,0.263,0.263,4.0,6.0,0.667,8.0,8.0,16.0,1.0,0.0,0.0,4.0,9.0,14.0
