Tm,Unnamed: 0,Year,Player,Pos,Age,G,GS,MP,PER,TS%,3PAr,FTr,ORB%,DRB%,TRB%,AST%,STL%,BLK%,TOV%,USG%,blanl,OWS,DWS,WS,WS/48,blank2,OBPM,DBPM,BPM,VORP,FG,FGA,FG%,3P,3PA,3P%,2P,2PA,2P%,eFG%,FT,FTA,FT%,ORB,DRB,TRB,AST,STL,BLK,TOV,PF,PTS
BRK,24638,2017.0,Greivis Vasquez,PG,30.0,3.0,0.0,39.0,4.1,0.376,0.375,0.375,0.0,5.4,2.7,17.5,1.2,1.9,9.7,11.3,,0.0,0.0,0.0,-0.006,,-5.7,-1.8,-7.5,-0.1,2.0,8.0,0.25,1.0,3.0,0.33299999999999996,1.0,5.0,0.2,0.313,2.0,3.0,0.667,0.0,2.0,2.0,5.0,1.0,1.0,1.0,6.0,7.0
MEM,21065,2011.0,Greivis Vasquez,SG,24.0,70.0,1.0,860.0,9.4,0.493,0.369,0.18899999999999997,1.7,8.6,5.1,25.3,1.3,0.4,21.7,16.9,,-0.1,0.7,0.5,0.03,,-2.3,-2.2,-4.6,-0.6,95.0,233.0,0.408,25.0,86.0,0.29100000000000004,70.0,147.0,0.47600000000000003,0.461,34.0,44.0,0.773,12.0,61.0,73.0,151.0,22.0,4.0,70.0,83.0,249.0
MIL,24051,2016.0,Greivis Vasquez,PG,29.0,23.0,0.0,460.0,7.4,0.435,0.529,0.188,1.3,10.3,5.8,28.5,1.1,0.0,21.1,18.5,,-0.4,0.1,-0.3,-0.033,,-3.0,-3.9,-6.9,-0.6,45.0,138.0,0.326,18.0,73.0,0.247,27.0,65.0,0.415,0.391,22.0,26.0,0.846,5.0,42.0,47.0,91.0,10.0,0.0,40.0,42.0,130.0
NOH,22209,2013.0,Greivis Vasquez,SG,26.0,78.0,78.0,2685.0,16.3,0.513,0.258,0.22399999999999998,1.9,13.3,7.5,44.9,1.9,0.4,20.5,23.0,,3.0,1.3,3.8,0.067,,2.0,-1.5,0.1,1.4,438.0,1012.0,0.433,83.0,243.0,0.342,355.0,769.0,0.469,0.474,124.0,154.0,0.821,43.0,294.0,337.0,704.0,66.0,8.0,247.0,190.0,1083.0
SAC,22821,2014.0,Greivis Vasquez,PG,27.0,18.0,18.0,465.0,14.1,0.536,0.33299999999999996,0.213,1.2,7.1,4.1,32.8,0.7,0.2,14.1,18.1,,0.9,0.1,0.9,0.09699999999999999,,0.9,-3.8,-3.0,-0.1,65.0,150.0,0.433,16.0,50.0,0.32,49.0,100.0,0.49,0.48700000000000004,30.0,32.0,0.938,5.0,29.0,34.0,95.0,6.0,1.0,27.0,38.0,176.0
TOR,23462,2015.0,Greivis Vasquez,SG,28.0,82.0,29.0,1991.0,14.2,0.537,0.484,0.15,1.3,11.2,6.3,29.5,1.2,0.4,15.7,22.2,,1.9,1.1,2.8,0.096,,1.3,-2.1,-0.8,0.4,296.0,725.0,0.41700000000000004,133.0,351.0,0.389,163.0,374.0,0.442,0.509,65.0,76.0,0.855,22.0,194.0,216.0,302.0,46.0,10.0,119.0,177.0,775.0
TOT,22820,2014.0,Greivis Vasquez,SG-PG,27.0,79.0,23.0,1779.0,14.1,0.537,0.439,0.16399999999999998,1.3,10.0,5.6,30.4,0.9,0.2,15.4,21.1,,2.4,1.2,3.6,0.09699999999999999,,1.2,-2.6,-1.4,0.3,277.0,658.0,0.42100000000000004,109.0,289.0,0.377,168.0,369.0,0.455,0.504,95.0,108.0,0.88,20.0,153.0,173.0,323.0,31.0,5.0,128.0,143.0,758.0
