Tm,Unnamed: 0,Year,Player,Pos,Age,G,GS,MP,PER,TS%,3PAr,FTr,ORB%,DRB%,TRB%,AST%,STL%,BLK%,TOV%,USG%,blanl,OWS,DWS,WS,WS/48,blank2,OBPM,DBPM,BPM,VORP,FG,FGA,FG%,3P,3PA,3P%,2P,2PA,2P%,eFG%,FT,FTA,FT%,ORB,DRB,TRB,AST,STL,BLK,TOV,PF,PTS
BUF,5133,1978.0,Gus Gerard,SF,24.0,41.0,,592.0,13.5,0.461,,0.375,8.6,11.3,10.0,15.7,1.7,2.7,13.1,25.2,,0.0,0.5,0.2,0.046,,-1.6,-0.2,-2.9,0.0,100.0,244.0,0.41,,,,100.0,244.0,0.41,0.41,40.0,61.0,0.733,51.0,66.0,117.0,43.0,23.0,32.0,7.0,91.0,240.0
DEN,4761,1977.0,Gus Gerard,SF,23.0,24.0,,456.0,16.9,0.511,,0.267,8.7,13.6,11.2,15.7,2.0,3.4,,,,0.3,0.8,1.1,0.115,,0.4,1.6,1.9,0.5,101.0,210.0,0.48100000000000004,,,,101.0,210.0,0.48100000000000004,0.48100000000000004,38.0,56.0,0.679,38.0,62.0,100.0,49.0,21.0,30.0,,73.0,240.0
DET,5493,1979.0,Gus Gerard,SF,25.0,47.0,,805.0,26.3,0.47,,0.667,16.8,12.4,9.5,7.8,14.9,1.4,12.0,24.6,,0.4,0.8,1.2,0.193,,2.1,4.5,6.6,0.0,154.0,355.0,0.434,,,,154.0,355.0,0.434,0.434,64.0,93.0,0.688,49.0,97.0,146.0,44.0,34.0,22.0,54.0,96.0,372.0
KCK,6192,1981.0,Gus Gerard,SF,27.0,73.0,,869.0,14.1,0.491,0.059000000000000004,0.569,11.8,14.4,13.1,6.9,2.2,2.8,13.5,23.8,,0.5,1.4,1.9,0.10400000000000001,,-1.6,0.6,-1.0,0.2,159.0,348.0,0.457,1.0,3.0,0.33299999999999996,158.0,345.0,0.45799999999999996,0.45799999999999996,66.0,100.0,0.66,77.0,100.0,177.0,43.0,41.0,26.0,49.0,96.0,385.0
SAS,6193,1981.0,Gus Gerard,SF,27.0,11.0,,129.0,12.8,0.401,0.017,0.183,15.0,17.0,16.0,9.5,2.5,1.2,11.0,22.4,,0.0,0.2,0.1,0.055,,-2.1,-0.6,-2.7,0.0,22.0,60.0,0.36700000000000005,0.0,1.0,0.0,22.0,59.0,0.373,0.36700000000000005,8.0,11.0,0.727,17.0,21.0,38.0,9.0,7.0,3.0,8.0,17.0,52.0
TOT,6191,1981.0,Gus Gerard,SF,27.0,65.0,,1048.0,14.4,0.475,0.036000000000000004,0.469,13.4,15.7,14.6,12.8,1.9,3.0,13.3,23.1,,0.5,1.3,1.3,0.068,,-1.4,0.6,-0.8,0.3,201.0,454.0,0.44299999999999995,0.0,4.0,0.0,201.0,454.0,0.44299999999999995,0.44299999999999995,78.0,117.0,0.6940000000000001,89.0,128.0,217.0,92.0,44.0,62.0,61.0,164.0,480.0
