Tm,Unnamed: 0,Year,Player,Pos,Age,G,GS,MP,PER,TS%,3PAr,FTr,ORB%,DRB%,TRB%,AST%,STL%,BLK%,TOV%,USG%,blanl,OWS,DWS,WS,WS/48,blank2,OBPM,DBPM,BPM,VORP,FG,FGA,FG%,3P,3PA,3P%,2P,2PA,2P%,eFG%,FT,FTA,FT%,ORB,DRB,TRB,AST,STL,BLK,TOV,PF,PTS
NOH,21149,2012.0,Gustavo Ayon,PF,26.0,54.0,24.0,1088.0,16.7,0.552,0.004,0.24100000000000002,9.6,19.3,14.5,11.5,2.6,3.5,13.7,14.5,,1.5,1.7,3.2,0.142,,-0.1,3.5,3.4,1.5,140.0,261.0,0.536,0.0,1.0,0.0,140.0,260.0,0.5379999999999999,0.536,39.0,63.0,0.619,86.0,179.0,265.0,74.0,53.0,46.0,46.0,118.0,319.0
MIL,21709,2013.0,Gustavo Ayon,C,27.0,12.0,0.0,163.0,16.6,0.539,0.0,0.28600000000000003,12.7,26.7,19.4,11.6,2.8,1.8,16.0,15.0,,0.1,0.3,0.4,0.132,,-1.3,2.6,1.3,0.1,25.0,42.0,0.595,0.0,0.0,,25.0,42.0,0.595,0.595,1.0,12.0,0.083,20.0,39.0,59.0,12.0,9.0,4.0,9.0,24.0,51.0
ORL,21708,2013.0,Gustavo Ayon,C,27.0,43.0,3.0,571.0,11.7,0.54,0.0,0.304,7.9,19.8,13.8,15.5,1.2,1.8,21.1,14.3,,0.3,0.5,0.7,0.061,,-2.9,1.0,-1.9,0.0,67.0,125.0,0.536,0.0,0.0,,67.0,125.0,0.536,0.536,19.0,38.0,0.5,40.0,100.0,140.0,59.0,13.0,13.0,38.0,83.0,153.0
TOT,21707,2013.0,Gustavo Ayon,C,27.0,55.0,3.0,734.0,12.8,0.54,0.0,0.299,9.0,21.3,15.1,14.7,1.5,1.8,19.9,14.5,,0.4,0.8,1.2,0.077,,-2.6,1.3,-1.2,0.1,92.0,167.0,0.551,0.0,0.0,,92.0,167.0,0.551,0.551,20.0,50.0,0.4,60.0,139.0,199.0,71.0,22.0,17.0,47.0,107.0,204.0
ATL,22290,2014.0,Gustavo Ayon,C,28.0,26.0,14.0,429.0,12.9,0.505,0.0,0.196,11.4,22.3,16.9,10.0,3.0,1.8,20.7,14.8,,0.0,0.7,0.7,0.078,,-3.2,3.0,-0.2,0.2,52.0,102.0,0.51,0.0,0.0,,52.0,102.0,0.51,0.51,8.0,20.0,0.4,42.0,83.0,125.0,28.0,25.0,10.0,29.0,47.0,112.0
