Tm,Unnamed: 0,Year,Player,Pos,Age,G,GS,MP,PER,TS%,3PAr,FTr,ORB%,DRB%,TRB%,AST%,STL%,BLK%,TOV%,USG%,blanl,OWS,DWS,WS,WS/48,blank2,OBPM,DBPM,BPM,VORP,FG,FGA,FG%,3P,3PA,3P%,2P,2PA,2P%,eFG%,FT,FTA,FT%,ORB,DRB,TRB,AST,STL,BLK,TOV,PF,PTS
GSW,7051,1983.0,Hank McDowell,PF,23.0,30.0,1.0,335.0,10.5,0.542,0.0,0.621,13.1,19.5,16.3,7.3,0.8,1.7,17.8,14.8,,0.1,0.3,0.4,0.075,,-1.9,0.0,-2.5,0.0,34.0,84.0,0.44799999999999995,0.0,0.0,,34.0,84.0,0.44799999999999995,0.44799999999999995,27.0,41.0,0.778,41.0,59.0,100.0,20.0,6.0,8.0,21.0,52.0,95.0
POR,7052,1983.0,Hank McDowell,PF,23.0,42.0,0.0,375.0,10.1,0.531,0.021,0.44299999999999995,11.6,15.0,13.3,7.1,0.8,1.1,21.6,16.0,,0.2,0.3,0.5,0.064,,-2.3,-0.7,-3.1,-0.1,45.0,97.0,0.46399999999999997,0.0,2.0,0.0,45.0,95.0,0.474,0.46399999999999997,33.0,43.0,0.767,39.0,50.0,89.0,20.0,6.0,7.0,32.0,58.0,123.0
TOT,7050,1983.0,Hank McDowell,PF,23.0,56.0,0.0,505.0,10.0,0.5329999999999999,0.016,0.484,11.7,14.5,13.1,6.2,0.7,1.2,20.7,15.4,,0.3,0.4,0.7,0.067,,-2.2,-1.0,-3.2,-0.2,58.0,126.0,0.46,0.0,2.0,0.0,58.0,124.0,0.46799999999999997,0.46,47.0,61.0,0.77,54.0,65.0,119.0,24.0,8.0,11.0,40.0,84.0,163.0
SDC,7412,1984.0,Hank McDowell,PF,24.0,57.0,0.0,611.0,9.6,0.469,0.015,0.284,11.7,17.0,14.4,7.7,1.1,0.2,18.1,17.6,,-0.1,0.3,0.1,0.009000000000000001,,-2.5,-1.4,-3.9,-0.3,85.0,197.0,0.431,0.0,3.0,0.0,85.0,194.0,0.43799999999999994,0.431,38.0,56.0,0.679,63.0,92.0,155.0,37.0,14.0,2.0,49.0,77.0,208.0
HOU,8137,1986.0,Hank McDowell,PF,26.0,34.0,0.0,204.0,10.3,0.613,0.024,0.595,6.3,19.8,12.9,8.6,1.1,2.1,15.9,16.3,,0.2,0.2,0.4,0.094,,-3.0,-0.3,-3.6,-0.1,24.0,42.0,0.5710000000000001,0.0,1.0,0.0,24.0,41.0,0.585,0.5710000000000001,17.0,25.0,0.7,12.0,37.0,49.0,9.0,3.0,5.0,10.0,25.0,65.0
MIL,8509,1987.0,Hank McDowell,PF,27.0,7.0,0.0,70.0,10.7,0.5479999999999999,0.0,0.41200000000000003,14.1,16.1,15.1,3.8,1.4,0.0,13.0,13.5,,0.1,0.1,0.2,0.13,,-1.4,-1.1,-2.4,0.0,8.0,17.0,0.47100000000000003,0.0,0.0,,8.0,17.0,0.47100000000000003,0.47100000000000003,6.0,7.0,0.857,9.0,10.0,19.0,2.0,2.0,0.0,3.0,14.0,22.0
