Tm,Unnamed: 0,Year,Player,Pos,Age,G,GS,MP,PER,TS%,3PAr,FTr,ORB%,DRB%,TRB%,AST%,STL%,BLK%,TOV%,USG%,blanl,OWS,DWS,WS,WS/48,blank2,OBPM,DBPM,BPM,VORP,FG,FGA,FG%,3P,3PA,3P%,2P,2PA,2P%,eFG%,FT,FTA,FT%,ORB,DRB,TRB,AST,STL,BLK,TOV,PF,PTS
SAC,9862,1990.0,Harold Pressley,SF,26.0,80.0,49.0,2257.0,15.7,0.529,0.33799999999999997,0.249,10.1,15.1,11.5,17.7,2.1,1.9,15.7,19.3,,2.7,2.1,4.8,0.102,,1.9,0.8,2.7,2.7,383.0,873.0,0.45299999999999996,119.0,295.0,0.40299999999999997,282.0,592.0,0.47600000000000003,0.507,110.0,141.0,0.792,216.0,269.0,485.0,185.0,93.0,76.0,135.0,215.0,981.0
