Tm,Unnamed: 0,Year,Player,Pos,Age,G,GS,MP,PER,TS%,3PAr,FTr,ORB%,DRB%,TRB%,AST%,STL%,BLK%,TOV%,USG%,blanl,OWS,DWS,WS,WS/48,blank2,OBPM,DBPM,BPM,VORP,FG,FGA,FG%,3P,3PA,3P%,2P,2PA,2P%,eFG%,FT,FTA,FT%,ORB,DRB,TRB,AST,STL,BLK,TOV,PF,PTS
GSW,23554,2016.0,Harrison Barnes,SF,23.0,82.0,82.0,2318.0,13.4,0.573,0.33799999999999997,0.303,5.6,15.1,10.5,7.8,1.5,0.7,12.4,17.7,,3.7,3.0,6.7,0.139,,0.5,0.9,1.1,1.8,316.0,679.0,0.48200000000000004,87.0,215.0,0.405,229.0,489.0,0.519,0.5479999999999999,144.0,190.0,0.7609999999999999,117.0,336.0,453.0,117.0,65.0,20.0,101.0,158.0,827.0
DAL,24127,2017.0,Harrison Barnes,PF,24.0,79.0,79.0,2803.0,16.3,0.541,0.17300000000000001,0.22,3.7,13.2,8.2,7.8,1.2,0.5,6.8,25.3,,2.5,2.1,4.6,0.079,,-0.7,-1.2,-1.9,0.1,599.0,1280.0,0.46799999999999997,78.0,222.0,0.35100000000000003,521.0,1058.0,0.49200000000000005,0.498,242.0,281.0,0.861,94.0,303.0,397.0,117.0,66.0,15.0,102.0,128.0,1518.0
