Tm,Unnamed: 0,Year,Player,Pos,Age,G,GS,MP,PER,TS%,3PAr,FTr,ORB%,DRB%,TRB%,AST%,STL%,BLK%,TOV%,USG%,blanl,OWS,DWS,WS,WS/48,blank2,OBPM,DBPM,BPM,VORP,FG,FGA,FG%,3P,3PA,3P%,2P,2PA,2P%,eFG%,FT,FTA,FT%,ORB,DRB,TRB,AST,STL,BLK,TOV,PF,PTS
LAC,7601,1985.0,Harvey Catchings,C,33.0,70.0,14.0,1049.0,7.8,0.539,0.006999999999999999,0.597,9.7,17.7,13.8,1.6,0.7,2.9,22.6,9.5,,0.1,1.0,1.1,0.05,,-3.7,0.5,-3.2,-0.3,72.0,149.0,0.483,0.0,1.0,0.0,72.0,148.0,0.486,0.483,59.0,89.0,0.6629999999999999,89.0,173.0,262.0,14.0,15.0,57.0,55.0,162.0,203.0
MIL,7253,1984.0,Harvey Catchings,PF,32.0,80.0,33.0,1635.0,10.9,0.51,0.006999999999999999,0.467,13.4,21.0,16.3,7.2,1.3,6.5,27.0,10.7,,0.3,3.2,3.1,0.096,,-2.7,4.5,1.8,1.4,134.0,300.0,0.457,0.0,1.0,0.0,134.0,300.0,0.457,0.457,62.0,92.0,0.674,164.0,319.0,473.0,99.0,42.0,184.0,105.0,284.0,327.0
NJN,5441,1979.0,Harvey Catchings,C,27.0,32.0,,659.0,11.6,0.483,,0.349,10.9,22.1,16.3,6.0,1.0,4.6,20.2,14.4,,0.0,1.1,1.0,0.07400000000000001,,-3.7,2.3,-1.4,0.1,74.0,175.0,0.423,,,,74.0,175.0,0.423,0.423,47.0,61.0,0.77,71.0,133.0,204.0,30.0,15.0,56.0,51.0,90.0,195.0
PHI,5440,1979.0,Harvey Catchings,C,27.0,75.0,,1731.0,12.1,0.5760000000000001,,0.397,14.8,23.5,17.6,7.7,1.2,6.3,32.9,15.2,,0.3,2.3,2.3,0.107,,-2.1,4.1,0.1,0.3,103.0,242.0,0.5539999999999999,,,,103.0,242.0,0.5539999999999999,0.5539999999999999,58.0,96.0,0.765,191.0,329.0,520.0,63.0,23.0,164.0,44.0,262.0,264.0
TOT,5439,1979.0,Harvey Catchings,C,27.0,57.0,,948.0,11.1,0.47600000000000003,,0.321,11.0,22.5,16.7,6.5,1.1,5.1,24.1,14.6,,-0.6,1.7,1.1,0.057999999999999996,,-4.5,2.9,-1.6,0.1,102.0,243.0,0.42,,,,102.0,243.0,0.42,0.42,60.0,78.0,0.769,101.0,201.0,302.0,48.0,23.0,91.0,88.0,132.0,264.0
