Tm,Unnamed: 0,Year,Player,Pos,Age,G,GS,MP,PER,TS%,3PAr,FTr,ORB%,DRB%,TRB%,AST%,STL%,BLK%,TOV%,USG%,blanl,OWS,DWS,WS,WS/48,blank2,OBPM,DBPM,BPM,VORP,FG,FGA,FG%,3P,3PA,3P%,2P,2PA,2P%,eFG%,FT,FTA,FT%,ORB,DRB,TRB,AST,STL,BLK,TOV,PF,PTS
PHI,14133,1999.0,Harvey Grant,PF,33.0,47.0,10.0,798.0,6.6,0.40399999999999997,0.036000000000000004,0.17300000000000001,5.1,11.0,8.0,4.8,1.4,1.6,10.4,11.5,,-0.2,0.9,0.8,0.047,,-4.2,0.6,-3.6,-0.3,62.0,168.0,0.369,1.0,6.0,0.16699999999999998,61.0,162.0,0.377,0.37200000000000005,21.0,29.0,0.7240000000000001,36.0,74.0,110.0,23.0,20.0,16.0,21.0,73.0,146.0
POR,12475,1996.0,Harvey Grant,SF,30.0,77.0,75.0,2394.0,13.2,0.498,0.099,0.235,6.3,13.0,9.1,7.4,1.6,2.2,10.1,17.8,,1.7,3.1,4.0,0.10800000000000001,,-1.6,1.7,-0.3,1.0,356.0,774.0,0.462,21.0,67.0,0.313,354.0,767.0,0.479,0.478,103.0,146.0,0.705,117.0,244.0,361.0,111.0,70.0,53.0,82.0,179.0,798.0
WAS,13594,1998.0,Harvey Grant,SF,32.0,65.0,8.0,895.0,7.5,0.406,0.031,0.153,7.4,14.2,10.7,6.3,1.3,1.2,11.1,11.7,,-0.2,0.9,0.7,0.037000000000000005,,-4.3,0.4,-3.9,-0.4,75.0,196.0,0.38299999999999995,1.0,6.0,0.16699999999999998,74.0,190.0,0.389,0.385,19.0,30.0,0.633,60.0,108.0,168.0,39.0,23.0,15.0,26.0,94.0,170.0
WSB,13027,1997.0,Harvey Grant,SF,31.0,81.0,76.0,2842.0,16.5,0.527,0.28300000000000003,0.261,8.0,14.6,10.7,12.3,1.6,2.2,11.4,21.9,,3.7,3.0,6.7,0.11199999999999999,,0.7,1.5,1.1,2.2,609.0,1224.0,0.498,28.0,89.0,0.315,607.0,1209.0,0.502,0.498,218.0,300.0,0.8,179.0,378.0,557.0,205.0,91.0,61.0,125.0,232.0,1405.0
