Tm,Unnamed: 0,Year,Player,Pos,Age,G,GS,MP,PER,TS%,3PAr,FTr,ORB%,DRB%,TRB%,AST%,STL%,BLK%,TOV%,USG%,blanl,OWS,DWS,WS,WS/48,blank2,OBPM,DBPM,BPM,VORP,FG,FGA,FG%,3P,3PA,3P%,2P,2PA,2P%,eFG%,FT,FTA,FT%,ORB,DRB,TRB,AST,STL,BLK,TOV,PF,PTS
ATL,10002,1990.0,Haywoode Workman,PG,24.0,6.0,0.0,16.0,26.1,0.773,0.0,0.667,0.0,22.2,10.8,16.9,9.4,0.0,0.0,10.2,,0.1,0.0,0.1,0.35700000000000004,,5.3,6.2,11.5,0.1,2.0,3.0,0.667,0.0,0.0,,2.0,3.0,0.667,0.667,2.0,2.0,1.0,0.0,3.0,3.0,2.0,3.0,0.0,0.0,3.0,6.0
WSB,10440,1991.0,Haywoode Workman,PG,25.0,73.0,56.0,2034.0,11.5,0.507,0.09699999999999999,0.258,2.7,10.3,6.5,23.5,2.1,0.2,19.1,14.5,,0.6,1.9,2.5,0.057999999999999996,,-1.9,0.1,-1.8,0.1,234.0,515.0,0.45399999999999996,12.0,50.0,0.24,222.0,465.0,0.47700000000000004,0.466,101.0,133.0,0.759,51.0,191.0,242.0,353.0,87.0,7.0,135.0,162.0,581.0
IND,13407,1997.0,Haywoode Workman,PG,31.0,77.0,52.0,1714.0,12.9,0.5379999999999999,0.364,0.282,6.0,11.2,6.9,34.3,3.1,0.4,24.2,16.9,,0.7,2.2,2.8,0.08800000000000001,,-0.4,0.6,-0.4,0.5,195.0,460.0,0.55,35.0,98.0,0.35700000000000004,177.0,404.0,0.647,0.55,93.0,116.0,0.802,32.0,172.0,204.0,404.0,85.0,5.0,151.0,152.0,501.0
MIL,14961,2000.0,Haywoode Workman,PG,34.0,29.0,29.0,815.0,14.1,0.524,0.46799999999999997,0.276,2.1,12.8,7.6,33.1,2.3,0.1,24.8,14.9,,0.9,0.7,1.6,0.091,,0.3,-0.5,-0.2,0.4,73.0,170.0,0.429,17.0,47.0,0.379,56.0,123.0,0.455,0.479,37.0,47.0,0.787,14.0,88.0,102.0,172.0,32.0,1.0,63.0,53.0,200.0
TOR,14962,2000.0,Haywoode Workman,PG,34.0,13.0,1.0,102.0,8.5,0.34600000000000003,0.5,0.071,0.0,10.2,4.9,24.7,4.6,0.0,12.2,14.3,,-0.1,0.1,0.0,0.023,,-3.2,-0.4,-3.7,0.0,8.0,28.0,0.28600000000000003,3.0,14.0,0.214,5.0,14.0,0.35700000000000004,0.33899999999999997,1.0,2.0,0.5,0.0,9.0,9.0,17.0,9.0,0.0,4.0,14.0,20.0
TOT,14960,2000.0,Haywoode Workman,PG,34.0,36.0,2.0,350.0,10.2,0.445,0.478,0.16699999999999998,0.3,8.3,4.3,25.0,3.0,0.0,15.7,14.5,,0.1,0.2,0.3,0.044000000000000004,,-1.6,-2.4,-4.0,-0.2,31.0,90.0,0.344,14.0,43.0,0.326,17.0,47.0,0.36200000000000004,0.42200000000000004,10.0,15.0,0.667,1.0,25.0,26.0,61.0,20.0,0.0,18.0,37.0,86.0
