Tm,Unnamed: 0,Year,Player,Pos,Age,G,GS,MP,PER,TS%,3PAr,FTr,ORB%,DRB%,TRB%,AST%,STL%,BLK%,TOV%,USG%,blanl,OWS,DWS,WS,WS/48,blank2,OBPM,DBPM,BPM,VORP,FG,FGA,FG%,3P,3PA,3P%,2P,2PA,2P%,eFG%,FT,FTA,FT%,ORB,DRB,TRB,AST,STL,BLK,TOV,PF,PTS
SAC,16439,2003.0,Hedo Turkoglu,SF,23.0,80.0,11.0,1970.0,14.2,0.514,0.257,0.335,4.4,16.0,9.8,12.2,2.1,1.3,12.5,19.2,,2.5,2.7,5.2,0.127,,-0.2,0.9,0.1,1.1,290.0,687.0,0.42200000000000004,63.0,171.0,0.37200000000000005,227.0,516.0,0.442,0.46799999999999997,167.0,230.0,0.8,63.0,300.0,363.0,163.0,57.0,31.0,81.0,184.0,810.0
SAS,17007,2004.0,Hedo Turkoglu,SF,24.0,80.0,44.0,2073.0,14.1,0.516,0.374,0.25,2.8,16.3,9.7,12.5,2.1,1.1,11.6,18.1,,2.2,4.5,6.7,0.155,,0.0,2.2,2.2,2.2,262.0,645.0,0.406,101.0,241.0,0.419,161.0,404.0,0.39899999999999997,0.484,114.0,161.0,0.708,52.0,306.0,358.0,154.0,80.0,32.0,94.0,165.0,739.0
TOR,20451,2010.0,Hedo Turkoglu,SF,30.0,74.0,69.0,2272.0,13.3,0.54,0.429,0.335,2.2,15.2,8.9,19.5,1.2,1.1,13.9,18.1,,2.6,0.8,3.4,0.071,,1.5,-0.5,1.0,1.7,276.0,674.0,0.409,108.0,289.0,0.374,168.0,385.0,0.436,0.49,175.0,226.0,0.774,42.0,301.0,343.0,304.0,55.0,32.0,125.0,220.0,835.0
PHO,21057,2011.0,Hedo Turkoglu,PF,31.0,25.0,16.0,630.0,13.1,0.5670000000000001,0.503,0.187,3.7,14.7,9.2,13.7,1.5,1.6,12.9,17.2,,0.8,0.4,1.2,0.092,,1.3,0.5,1.8,0.6,85.0,193.0,0.44,41.0,97.0,0.423,44.0,96.0,0.45799999999999996,0.547,26.0,36.0,0.722,20.0,80.0,100.0,58.0,18.0,14.0,31.0,77.0,237.0
TOT,21056,2011.0,Hedo Turkoglu,SF-PF,31.0,81.0,72.0,2540.0,13.4,0.555,0.429,0.21600000000000003,2.1,14.0,8.2,21.5,1.5,1.0,14.3,16.7,,3.4,3.4,6.8,0.129,,1.1,1.5,2.7,3.0,322.0,722.0,0.446,127.0,310.0,0.41,195.0,412.0,0.473,0.534,106.0,156.0,0.679,45.0,311.0,356.0,343.0,72.0,34.0,132.0,247.0,877.0
ORL,22195,2013.0,Hedo Turkoglu,SF,33.0,82.0,82.0,3026.0,17.8,0.578,0.512,0.38,4.0,14.2,9.0,24.1,1.9,0.8,20.6,24.8,,5.8,4.4,9.0,0.14300000000000002,,3.0,1.9,3.3,4.1,556.0,1219.0,0.456,166.0,415.0,0.40399999999999997,390.0,804.0,0.485,0.529,324.0,391.0,0.861,83.0,388.0,471.0,409.0,74.0,25.0,246.0,244.0,1602.0
LAC,23456,2015.0,Hedo Turkoglu,SF,35.0,62.0,2.0,705.0,11.3,0.602,0.7390000000000001,0.165,3.2,21.4,12.6,11.9,2.4,2.0,13.1,15.0,,0.6,0.7,1.2,0.095,,-0.1,2.1,0.2,0.2,83.0,188.0,0.441,60.0,139.0,0.44,23.0,59.0,0.469,0.601,9.0,18.0,0.545,11.0,94.0,99.0,37.0,19.0,10.0,29.0,66.0,232.0
