Tm,Unnamed: 0,Year,Player,Pos,Age,G,GS,MP,PER,TS%,3PAr,FTr,ORB%,DRB%,TRB%,AST%,STL%,BLK%,TOV%,USG%,blanl,OWS,DWS,WS,WS/48,blank2,OBPM,DBPM,BPM,VORP,FG,FGA,FG%,3P,3PA,3P%,2P,2PA,2P%,eFG%,FT,FTA,FT%,ORB,DRB,TRB,AST,STL,BLK,TOV,PF,PTS
ATL,4195,1975.0,Herm Gilliam,SG,28.0,82.0,,2741.0,16.2,0.496,,0.22399999999999998,5.0,10.5,7.1,24.6,2.9,0.5,,,,2.5,2.4,4.9,0.087,,1.0,0.4,1.1,1.6,471.0,1007.0,0.46799999999999997,,,,471.0,1007.0,0.46799999999999997,0.46799999999999997,145.0,173.0,0.838,76.0,206.0,399.0,482.0,134.0,18.0,,257.0,1065.0
BUF,3149,1971.0,Herm Gilliam,SG,24.0,80.0,,2082.0,13.1,0.45899999999999996,,0.21100000000000002,,,7.3,20.5,,,,,,0.0,1.4,1.4,0.033,,,,,,378.0,896.0,0.42200000000000004,,,,378.0,896.0,0.42200000000000004,0.42200000000000004,142.0,189.0,0.7509999999999999,,,334.0,291.0,,,,246.0,898.0
CIN,2920,1970.0,Herm Gilliam,SG,23.0,57.0,,1161.0,11.0,0.44299999999999995,,0.20600000000000002,,,,19.3,,,,,,-0.6,1.1,0.4,0.019,,,,,,179.0,441.0,0.406,,,,179.0,441.0,0.406,0.406,68.0,91.0,0.747,,,215.0,178.0,,,,163.0,426.0
POR,4767,1977.0,Herm Gilliam,SG,30.0,80.0,,1665.0,12.7,0.467,,0.161,4.0,8.3,6.2,14.1,2.0,0.2,,,,0.9,1.5,2.5,0.071,,-1.7,-1.2,-2.9,-0.4,326.0,744.0,0.43799999999999994,,,,326.0,744.0,0.43799999999999994,0.43799999999999994,92.0,120.0,0.767,64.0,137.0,201.0,170.0,76.0,6.0,,168.0,744.0
SEA,4463,1976.0,Herm Gilliam,SG,29.0,81.0,,1644.0,13.8,0.473,,0.172,3.4,10.6,6.9,17.2,2.2,0.4,,,,1.2,1.4,2.7,0.078,,-1.1,-0.5,-1.6,0.2,299.0,676.0,0.442,,,,299.0,676.0,0.442,0.442,90.0,116.0,0.7759999999999999,56.0,164.0,220.0,202.0,82.0,12.0,,139.0,688.0
