Tm,Unnamed: 0,Year,Player,Pos,Age,G,GS,MP,PER,TS%,3PAr,FTr,ORB%,DRB%,TRB%,AST%,STL%,BLK%,TOV%,USG%,blanl,OWS,DWS,WS,WS/48,blank2,OBPM,DBPM,BPM,VORP,FG,FGA,FG%,3P,3PA,3P%,2P,2PA,2P%,eFG%,FT,FTA,FT%,ORB,DRB,TRB,AST,STL,BLK,TOV,PF,PTS
NOP,24616,2017.0,Hollis Thompson,SG,25.0,9.0,8.0,191.0,4.7,0.37799999999999995,0.585,0.22,2.2,13.3,7.7,6.3,1.5,0.0,4.3,10.9,,-0.2,0.2,0.0,0.006999999999999999,,-4.3,0.2,-4.1,-0.1,11.0,41.0,0.268,6.0,24.0,0.25,5.0,17.0,0.294,0.341,6.0,9.0,0.667,4.0,24.0,28.0,9.0,6.0,0.0,2.0,14.0,34.0
PHI,24615,2017.0,Hollis Thompson,SG,25.0,77.0,41.0,2154.0,10.9,0.57,0.5760000000000001,0.196,4.4,13.4,8.1,8.4,1.6,1.2,12.9,16.2,,1.4,1.3,2.6,0.07,,-1.1,-0.8,-2.1,0.0,270.0,680.0,0.46,149.0,392.0,0.401,121.0,288.0,0.507,0.55,69.0,96.0,0.7190000000000001,73.0,218.0,272.0,99.0,57.0,26.0,76.0,187.0,758.0
TOT,24614,2017.0,Hollis Thompson,SG,25.0,40.0,9.0,752.0,7.9,0.48200000000000004,0.475,0.145,2.8,13.4,8.0,6.8,1.3,0.6,4.9,13.0,,0.1,0.6,0.7,0.047,,-2.8,-0.5,-3.3,-0.2,77.0,200.0,0.385,32.0,95.0,0.337,45.0,105.0,0.429,0.465,19.0,29.0,0.655,19.0,92.0,111.0,35.0,20.0,6.0,11.0,69.0,205.0
