Tm,Unnamed: 0,Year,Player,Pos,Age,G,GS,MP,PER,TS%,3PAr,FTr,ORB%,DRB%,TRB%,AST%,STL%,BLK%,TOV%,USG%,blanl,OWS,DWS,WS,WS/48,blank2,OBPM,DBPM,BPM,VORP,FG,FGA,FG%,3P,3PA,3P%,2P,2PA,2P%,eFG%,FT,FTA,FT%,ORB,DRB,TRB,AST,STL,BLK,TOV,PF,PTS
CHI,11526,1994.0,Horace Grant,PF,28.0,81.0,81.0,2859.0,20.6,0.618,0.008,0.401,14.3,21.1,17.5,14.3,1.8,2.9,12.8,18.7,,9.1,5.0,14.1,0.237,,4.3,3.0,7.3,6.7,460.0,878.0,0.578,1.0,6.0,0.2,460.0,872.0,0.58,0.578,235.0,317.0,0.741,344.0,463.0,807.0,236.0,100.0,131.0,128.0,251.0,1149.0
LAL,16692,2004.0,Horace Grant,PF,38.0,77.0,77.0,2390.0,14.3,0.511,0.005,0.297,10.5,16.0,12.9,9.4,1.1,1.8,10.5,12.9,,4.8,1.7,6.5,0.13,,0.5,1.3,1.0,1.8,263.0,569.0,0.462,0.0,3.0,0.0,263.0,566.0,0.465,0.462,131.0,169.0,0.775,220.0,325.0,545.0,121.0,51.0,61.0,48.0,181.0,657.0
ORL,16168,2003.0,Horace Grant,PF,37.0,76.0,76.0,2803.0,17.9,0.593,0.011000000000000001,0.306,9.8,20.3,15.2,13.9,2.2,2.7,11.3,16.9,,6.0,3.6,9.5,0.16899999999999998,,1.6,2.9,3.5,3.7,401.0,857.0,0.5670000000000001,1.0,8.0,0.16699999999999998,401.0,850.0,0.574,0.5670000000000001,152.0,211.0,0.7340000000000001,228.0,492.0,715.0,173.0,101.0,88.0,99.0,203.0,948.0
SEA,14646,2000.0,Horace Grant,PF,34.0,76.0,76.0,2688.0,11.7,0.47200000000000003,0.006999999999999999,0.185,6.7,17.5,12.0,10.2,1.1,1.6,8.6,11.6,,2.7,2.5,5.2,0.09300000000000001,,-1.8,1.9,0.1,1.4,266.0,599.0,0.444,0.0,4.0,0.0,266.0,595.0,0.447,0.444,80.0,111.0,0.721,167.0,424.0,591.0,188.0,55.0,60.0,61.0,192.0,612.0
