Tm,Unnamed: 0,Year,Player,Pos,Age,G,GS,MP,PER,TS%,3PAr,FTr,ORB%,DRB%,TRB%,AST%,STL%,BLK%,TOV%,USG%,blanl,OWS,DWS,WS,WS/48,blank2,OBPM,DBPM,BPM,VORP,FG,FGA,FG%,3P,3PA,3P%,2P,2PA,2P%,eFG%,FT,FTA,FT%,ORB,DRB,TRB,AST,STL,BLK,TOV,PF,PTS
AND,255,1950.0,Howie Schultz,PF,27.0,35.0,,,,0.366,,0.506,,,,,,,,,,-0.2,2.6,2.5,,,,,,,83.0,316.0,0.263,,,,83.0,316.0,0.263,0.263,117.0,160.0,0.731,,,,88.0,,,,125.0,283.0
FTW,256,1950.0,Howie Schultz,PF,27.0,32.0,,,,0.332,,0.344,,,,,,,,,,-1.4,2.0,0.5,,,,,,,96.0,355.0,0.27,,,,96.0,355.0,0.27,0.27,79.0,122.0,0.648,,,,81.0,,,,119.0,271.0
MNL,758,1953.0,Howie Schultz,PF,30.0,66.0,,1301.0,8.1,0.38799999999999996,,0.6890000000000001,,,,,,,,,,-0.1,2.9,2.0,0.07400000000000001,,,,,,89.0,315.0,0.28300000000000003,,,,89.0,315.0,0.28300000000000003,0.28300000000000003,90.0,119.0,0.7559999999999999,,,246.0,102.0,,,,197.0,268.0
TOT,254,1950.0,Howie Schultz,PF,27.0,67.0,,,,0.348,,0.42,,,,,,,,,,-1.6,4.6,3.0,,,,,,,179.0,671.0,0.267,,,,179.0,671.0,0.267,0.267,196.0,282.0,0.695,,,,169.0,,,,244.0,554.0
