Tm,Unnamed: 0,Year,Player,Pos,Age,G,GS,MP,PER,TS%,3PAr,FTr,ORB%,DRB%,TRB%,AST%,STL%,BLK%,TOV%,USG%,blanl,OWS,DWS,WS,WS/48,blank2,OBPM,DBPM,BPM,VORP,FG,FGA,FG%,3P,3PA,3P%,2P,2PA,2P%,eFG%,FT,FTA,FT%,ORB,DRB,TRB,AST,STL,BLK,TOV,PF,PTS
CHI,24181,2017.0,Isaiah Canaan,SG,25.0,39.0,0.0,592.0,8.1,0.483,0.5429999999999999,0.191,1.1,7.9,4.5,9.0,1.9,0.1,9.6,15.3,,0.0,0.5,0.5,0.044000000000000004,,-2.2,-1.2,-3.4,-0.2,63.0,173.0,0.364,25.0,94.0,0.266,38.0,79.0,0.48100000000000004,0.436,30.0,33.0,0.909,6.0,43.0,49.0,37.0,22.0,1.0,20.0,35.0,181.0
HOU,22961,2015.0,Isaiah Canaan,PG,23.0,25.0,9.0,369.0,11.8,0.5489999999999999,0.6409999999999999,0.33299999999999996,3.3,7.1,5.3,13.2,1.9,1.2,17.4,21.0,,0.3,0.3,0.6,0.084,,0.0,-2.0,-2.3,0.0,53.0,131.0,0.405,32.0,84.0,0.381,21.0,47.0,0.447,0.527,21.0,29.0,0.762,11.0,22.0,33.0,29.0,14.0,4.0,23.0,28.0,154.0
PHI,23599,2016.0,Isaiah Canaan,SG,24.0,77.0,39.0,1966.0,12.8,0.528,0.672,0.249,1.3,9.4,5.1,22.7,1.4,0.5,12.9,23.2,,0.9,0.5,1.4,0.065,,1.1,-2.9,-2.2,0.0,260.0,722.0,0.377,176.0,485.0,0.364,84.0,237.0,0.4,0.496,150.0,180.0,0.846,20.0,154.0,174.0,137.0,56.0,12.0,91.0,133.0,846.0
TOT,22960,2015.0,Isaiah Canaan,PG,23.0,47.0,21.0,938.0,12.4,0.534,0.6509999999999999,0.159,2.1,8.3,5.1,18.7,1.5,0.3,13.3,21.6,,0.8,0.7,1.4,0.07200000000000001,,0.7,-2.9,-2.2,-0.1,146.0,378.0,0.386,91.0,246.0,0.37,55.0,132.0,0.41700000000000004,0.507,49.0,60.0,0.8170000000000001,18.0,69.0,87.0,98.0,29.0,3.0,62.0,83.0,432.0
