Tm,Unnamed: 0,Year,Player,Pos,Age,G,GS,MP,PER,TS%,3PAr,FTr,ORB%,DRB%,TRB%,AST%,STL%,BLK%,TOV%,USG%,blanl,OWS,DWS,WS,WS/48,blank2,OBPM,DBPM,BPM,VORP,FG,FGA,FG%,3P,3PA,3P%,2P,2PA,2P%,eFG%,FT,FTA,FT%,ORB,DRB,TRB,AST,STL,BLK,TOV,PF,PTS
ATL,14855,2000.0,Isaiah Rider,SG,28.0,60.0,47.0,2084.0,15.7,0.488,0.168,0.243,3.3,10.2,6.8,19.4,1.0,0.2,12.4,28.8,,1.2,0.4,1.6,0.037000000000000005,,1.0,-2.6,-1.6,0.2,449.0,1072.0,0.419,56.0,180.0,0.311,393.0,892.0,0.441,0.445,204.0,260.0,0.785,63.0,195.0,258.0,219.0,41.0,6.0,168.0,132.0,1158.0
DEN,15897,2002.0,Isaiah Rider,SG,30.0,10.0,1.0,173.0,16.3,0.526,0.185,0.21,6.3,15.9,10.9,13.3,0.9,0.9,13.7,26.5,,0.1,0.1,0.2,0.05,,-0.6,-2.8,-3.4,-0.1,37.0,81.0,0.457,6.0,15.0,0.4,31.0,66.0,0.47,0.494,13.0,17.0,0.765,10.0,23.0,33.0,12.0,3.0,2.0,14.0,11.0,93.0
LAL,15387,2001.0,Isaiah Rider,SG,29.0,67.0,6.0,1206.0,11.8,0.499,0.195,0.17600000000000002,4.2,10.4,7.3,15.0,1.2,0.4,16.2,22.5,,0.3,0.5,0.8,0.033,,-1.7,-2.7,-4.3,-0.7,201.0,472.0,0.426,34.0,92.0,0.37,167.0,380.0,0.439,0.462,71.0,83.0,0.855,44.0,112.0,156.0,111.0,27.0,7.0,98.0,105.0,507.0
MIN,12690,1996.0,Isaiah Rider,SG,24.0,79.0,68.0,2645.0,15.6,0.55,0.317,0.271,5.9,9.7,7.6,18.7,1.4,0.7,15.0,28.2,,2.6,0.8,3.4,0.063,,2.0,-2.2,-0.8,0.8,560.0,1249.0,0.46799999999999997,139.0,396.0,0.371,468.0,965.0,0.49200000000000005,0.507,277.0,339.0,0.838,118.0,210.0,315.0,245.0,69.0,28.0,232.0,204.0,1532.0
POR,14348,1999.0,Isaiah Rider,SG,27.0,76.0,68.0,2786.0,15.2,0.557,0.32299999999999995,0.266,5.1,11.0,8.2,15.7,1.1,0.6,16.2,26.1,,3.2,2.5,5.8,0.099,,1.7,-1.0,0.3,1.6,551.0,1302.0,0.46399999999999997,135.0,420.0,0.385,416.0,882.0,0.49200000000000005,0.514,221.0,267.0,0.828,99.0,247.0,346.0,231.0,55.0,19.0,212.0,199.0,1458.0
