Tm,Unnamed: 0,Year,Player,Pos,Age,G,GS,MP,PER,TS%,3PAr,FTr,ORB%,DRB%,TRB%,AST%,STL%,BLK%,TOV%,USG%,blanl,OWS,DWS,WS,WS/48,blank2,OBPM,DBPM,BPM,VORP,FG,FGA,FG%,3P,3PA,3P%,2P,2PA,2P%,eFG%,FT,FTA,FT%,ORB,DRB,TRB,AST,STL,BLK,TOV,PF,PTS
ATL,13209,1997.0,Ivano Newbill,PF,26.0,72.0,2.0,850.0,6.7,0.439,0.0,0.5710000000000001,10.9,17.6,14.3,4.3,1.8,1.4,26.9,8.7,,-0.4,1.4,1.1,0.06,,-4.6,2.1,-2.6,-0.1,40.0,91.0,0.44,0.0,0.0,,40.0,91.0,0.44,0.44,20.0,52.0,0.385,76.0,128.0,204.0,24.0,28.0,15.0,42.0,115.0,100.0
DET,12132,1995.0,Ivano Newbill,SF,24.0,34.0,0.0,331.0,7.3,0.366,0.0,0.489,14.1,14.6,14.3,7.1,1.9,2.5,18.0,9.0,,-0.1,0.2,0.1,0.022000000000000002,,-3.8,1.3,-2.5,0.0,16.0,45.0,0.35600000000000004,0.0,0.0,,16.0,45.0,0.35600000000000004,0.35600000000000004,8.0,22.0,0.364,40.0,41.0,81.0,17.0,12.0,11.0,12.0,60.0,40.0
VAN,13738,1998.0,Ivano Newbill,PF,27.0,28.0,2.0,249.0,7.6,0.413,0.018000000000000002,0.526,11.1,20.7,15.9,5.3,2.1,0.8,19.5,15.6,,-0.3,0.1,-0.1,-0.022000000000000002,,-5.3,-1.3,-6.5,-0.3,20.0,57.0,0.35100000000000003,1.0,1.0,1.0,19.0,56.0,0.33899999999999997,0.36,17.0,30.0,0.5670000000000001,24.0,45.0,69.0,9.0,10.0,3.0,17.0,38.0,58.0
