Tm,Unnamed: 0,Year,Player,Pos,Age,G,GS,MP,PER,TS%,3PAr,FTr,ORB%,DRB%,TRB%,AST%,STL%,BLK%,TOV%,USG%,blanl,OWS,DWS,WS,WS/48,blank2,OBPM,DBPM,BPM,VORP,FG,FGA,FG%,3P,3PA,3P%,2P,2PA,2P%,eFG%,FT,FTA,FT%,ORB,DRB,TRB,AST,STL,BLK,TOV,PF,PTS
PHI,6829,1983.0,J.J. Anderson,SF,22.0,13.0,0.0,48.0,3.9,0.364,0.045,0.136,9.2,16.9,13.2,2.8,1.0,0.0,17.7,23.4,,-0.1,0.1,-0.1,-0.08199999999999999,,-8.2,-3.3,-11.5,-0.1,8.0,22.0,0.364,0.0,1.0,0.0,8.0,21.0,0.381,0.364,1.0,3.0,0.33299999999999996,4.0,8.0,12.0,1.0,1.0,0.0,5.0,6.0,17.0
TOT,6828,1983.0,J.J. Anderson,SF,22.0,65.0,2.0,1202.0,13.7,0.526,0.011000000000000001,0.462,10.4,14.4,12.5,7.6,2.3,0.9,14.8,17.4,,0.9,1.4,2.3,0.094,,-0.7,0.3,-0.3,0.5,190.0,379.0,0.501,0.0,4.0,0.0,190.0,375.0,0.507,0.501,100.0,175.0,0.5710000000000001,119.0,175.0,294.0,67.0,63.0,21.0,79.0,153.0,480.0
UTA,7564,1985.0,J.J. Anderson,SF,24.0,52.0,2.0,1154.0,14.2,0.535,0.023,0.48200000000000004,13.6,14.3,12.5,9.6,2.9,1.5,15.9,20.8,,1.0,1.4,2.4,0.10099999999999999,,-0.4,1.5,0.1,0.6,182.0,357.0,0.51,0.0,3.0,0.0,182.0,354.0,0.514,0.51,99.0,172.0,0.6,115.0,167.0,282.0,66.0,62.0,21.0,74.0,147.0,463.0
