Tm,Unnamed: 0,Year,Player,Pos,Age,G,GS,MP,PER,TS%,3PAr,FTr,ORB%,DRB%,TRB%,AST%,STL%,BLK%,TOV%,USG%,blanl,OWS,DWS,WS,WS/48,blank2,OBPM,DBPM,BPM,VORP,FG,FGA,FG%,3P,3PA,3P%,2P,2PA,2P%,eFG%,FT,FTA,FT%,ORB,DRB,TRB,AST,STL,BLK,TOV,PF,PTS
LAC,24551,2017.0,J.J. Redick,SG,32.0,78.0,78.0,2409.0,17.5,0.632,0.526,0.266,1.0,7.9,4.3,12.6,1.4,0.5,9.1,22.6,,5.8,1.5,6.7,0.154,,3.5,-2.0,0.8,1.6,447.0,938.0,0.48,201.0,468.0,0.475,247.0,480.0,0.515,0.593,183.0,205.0,0.915,22.0,160.0,171.0,137.0,55.0,13.0,98.0,135.0,1277.0
MIL,22114,2013.0,J.J. Redick,SG,28.0,28.0,2.0,804.0,11.9,0.529,0.507,0.205,1.0,6.1,3.5,14.8,0.6,0.4,9.2,19.4,,1.0,0.3,1.3,0.078,,0.7,-3.2,-2.5,-0.1,120.0,298.0,0.40299999999999997,48.0,151.0,0.318,72.0,147.0,0.49,0.483,56.0,61.0,0.9179999999999999,8.0,44.0,52.0,76.0,9.0,4.0,33.0,47.0,344.0
ORL,22113,2013.0,J.J. Redick,SG,28.0,82.0,22.0,1808.0,16.1,0.606,0.599,0.401,2.0,10.0,5.5,22.7,1.0,0.3,14.1,22.9,,4.7,1.8,6.5,0.17300000000000001,,2.9,-0.3,1.4,1.5,262.0,584.0,0.45,117.0,300.0,0.418,145.0,316.0,0.514,0.551,191.0,222.0,0.9109999999999999,18.0,138.0,155.0,220.0,29.0,6.0,105.0,118.0,788.0
TOT,22112,2013.0,J.J. Redick,SG,28.0,78.0,13.0,2379.0,14.7,0.5710000000000001,0.513,0.21600000000000003,0.8,7.3,4.0,20.0,0.8,0.3,12.5,20.8,,4.0,0.5,4.5,0.091,,2.1,-3.2,-1.1,0.6,382.0,880.0,0.434,165.0,451.0,0.366,217.0,429.0,0.506,0.528,171.0,190.0,0.9,17.0,154.0,171.0,296.0,38.0,9.0,138.0,117.0,1100.0
