Tm,Unnamed: 0,Year,Player,Pos,Age,G,GS,MP,PER,TS%,3PAr,FTr,ORB%,DRB%,TRB%,AST%,STL%,BLK%,TOV%,USG%,blanl,OWS,DWS,WS,WS/48,blank2,OBPM,DBPM,BPM,VORP,FG,FGA,FG%,3P,3PA,3P%,2P,2PA,2P%,eFG%,FT,FTA,FT%,ORB,DRB,TRB,AST,STL,BLK,TOV,PF,PTS
CLE,20783,2011.0,J.J. Hickson,PF,22.0,81.0,73.0,2256.0,15.6,0.58,0.005,0.392,10.8,25.0,17.7,7.5,1.1,3.4,16.8,25.5,,1.8,2.5,4.3,0.12300000000000001,,-2.3,0.2,-2.6,-0.2,429.0,936.0,0.5539999999999999,0.0,5.0,0.0,429.0,931.0,0.555,0.5539999999999999,247.0,367.0,0.6809999999999999,217.0,478.0,695.0,91.0,48.0,54.0,173.0,215.0,1105.0
DEN,23742,2016.0,J.J. Hickson,PF,27.0,73.0,52.0,1859.0,16.2,0.521,0.012,0.541,11.9,24.8,18.3,8.7,1.6,3.2,14.9,21.6,,1.3,2.1,3.3,0.086,,-1.7,0.8,-0.8,0.6,332.0,654.0,0.508,0.0,8.0,0.0,332.0,646.0,0.514,0.508,150.0,290.0,0.5770000000000001,206.0,426.0,632.0,96.0,47.0,51.0,128.0,177.0,814.0
POR,21907,2013.0,J.J. Hickson,PF,24.0,80.0,80.0,2323.0,20.2,0.591,0.005,0.36,13.2,28.5,20.7,6.9,1.1,2.3,14.4,21.6,,4.6,2.3,6.9,0.147,,1.0,0.0,0.6,1.0,418.0,744.0,0.562,0.0,2.0,0.0,418.0,742.0,0.563,0.562,182.0,268.0,0.679,266.0,562.0,828.0,88.0,48.0,51.0,145.0,160.0,1018.0
SAC,21356,2012.0,J.J. Hickson,PF,23.0,35.0,9.0,644.0,9.9,0.41600000000000004,0.006,0.335,10.9,19.7,15.1,5.0,1.4,1.9,16.4,16.0,,-0.5,0.3,-0.1,-0.009000000000000001,,-4.8,-0.5,-5.3,-0.5,64.0,173.0,0.37,0.0,1.0,0.0,64.0,172.0,0.37200000000000005,0.37,37.0,58.0,0.638,67.0,110.0,177.0,22.0,18.0,17.0,39.0,44.0,165.0
TOT,23741,2016.0,J.J. Hickson,PF,27.0,54.0,19.0,1244.0,16.8,0.514,0.006,0.665,11.7,24.1,16.8,8.7,1.7,2.6,13.4,22.6,,0.9,0.8,1.7,0.08800000000000001,,-2.0,-0.1,-2.4,-0.1,183.0,392.0,0.516,0.0,2.0,0.0,183.0,390.0,0.519,0.516,86.0,134.0,0.642,133.0,202.0,335.0,45.0,30.0,35.0,70.0,85.0,452.0
WAS,23743,2016.0,J.J. Hickson,C,27.0,15.0,0.0,131.0,18.9,0.528,0.022000000000000002,0.9570000000000001,14.2,24.4,19.2,8.5,1.9,1.2,12.1,24.8,,0.1,0.2,0.3,0.114,,-2.1,-0.9,-3.0,0.0,25.0,46.0,0.5429999999999999,0.0,1.0,0.0,25.0,45.0,0.556,0.5429999999999999,19.0,44.0,0.43200000000000005,17.0,28.0,45.0,7.0,5.0,2.0,9.0,12.0,69.0
