Tm,Unnamed: 0,Year,Player,Pos,Age,G,GS,MP,PER,TS%,3PAr,FTr,ORB%,DRB%,TRB%,AST%,STL%,BLK%,TOV%,USG%,blanl,OWS,DWS,WS,WS/48,blank2,OBPM,DBPM,BPM,VORP,FG,FGA,FG%,3P,3PA,3P%,2P,2PA,2P%,eFG%,FT,FTA,FT%,ORB,DRB,TRB,AST,STL,BLK,TOV,PF,PTS
BOS,20106,2010.0,J.R. Giddens,SF,24.0,21.0,1.0,99.0,26.0,0.667,0.095,0.5710000000000001,31.9,19.3,22.8,8.9,6.6,0.8,25.0,23.3,,0.0,0.2,0.0,0.201,,1.4,1.1,-0.7,0.0,9.0,21.0,0.667,0.0,2.0,0.0,9.0,19.0,0.667,0.667,6.0,12.0,0.5,4.0,16.0,20.0,6.0,4.0,1.0,7.0,10.0,24.0
NYK,20107,2010.0,J.R. Giddens,SF,24.0,11.0,0.0,140.0,10.5,0.513,0.205,0.282,9.6,15.7,12.6,7.7,1.8,0.5,18.6,17.4,,0.0,0.1,0.1,0.026000000000000002,,-3.3,-1.2,-4.5,-0.1,19.0,39.0,0.48700000000000004,0.0,8.0,0.0,19.0,31.0,0.613,0.48700000000000004,7.0,11.0,0.636,12.0,19.0,31.0,7.0,5.0,1.0,10.0,19.0,45.0
TOT,20105,2010.0,J.R. Giddens,SF,24.0,32.0,1.0,239.0,9.2,0.49200000000000005,0.16699999999999998,0.38299999999999995,7.7,17.2,12.5,8.2,1.9,0.6,19.5,16.7,,-0.1,0.3,0.1,0.021,,-4.4,-0.2,-4.7,-0.2,28.0,60.0,0.467,0.0,10.0,0.0,28.0,50.0,0.56,0.467,13.0,23.0,0.565,16.0,35.0,51.0,13.0,9.0,2.0,17.0,29.0,69.0
