Tm,Unnamed: 0,Year,Player,Pos,Age,G,GS,MP,PER,TS%,3PAr,FTr,ORB%,DRB%,TRB%,AST%,STL%,BLK%,TOV%,USG%,blanl,OWS,DWS,WS,WS/48,blank2,OBPM,DBPM,BPM,VORP,FG,FGA,FG%,3P,3PA,3P%,2P,2PA,2P%,eFG%,FT,FTA,FT%,ORB,DRB,TRB,AST,STL,BLK,TOV,PF,PTS
NYK,12681,1996.0,J.R. Reid,PF,27.0,33.0,16.0,670.0,12.6,0.594,0.0,0.344,6.9,16.2,11.7,6.7,1.4,0.8,14.0,14.9,,0.9,1.0,1.8,0.133,,-1.8,0.7,-1.1,0.2,88.0,160.0,0.55,0.0,0.0,,88.0,160.0,0.55,0.55,43.0,55.0,0.782,38.0,94.0,132.0,28.0,18.0,7.0,30.0,89.0,219.0
SAS,12680,1996.0,J.R. Reid,PF,27.0,81.0,37.0,1592.0,14.7,0.565,0.008,0.588,9.1,19.7,14.2,8.9,2.0,1.4,19.5,22.7,,1.5,2.5,3.5,0.107,,-0.6,1.3,-1.0,0.4,260.0,530.0,0.508,1.0,4.0,0.5,260.0,527.0,0.508,0.509,171.0,233.0,0.77,120.0,286.0,393.0,73.0,60.0,32.0,113.0,230.0,653.0
CHH,14339,1999.0,J.R. Reid,PF,30.0,82.0,82.0,2757.0,17.6,0.59,0.025,0.5920000000000001,8.1,21.5,14.2,10.9,2.1,1.3,16.3,20.6,,1.2,2.8,2.1,0.161,,0.2,1.4,0.8,0.4,360.0,814.0,0.521,3.0,8.0,0.375,360.0,809.0,0.521,0.521,192.0,289.0,0.7979999999999999,199.0,492.0,691.0,101.0,92.0,54.0,172.0,292.0,908.0
LAL,14340,1999.0,J.R. Reid,PF,30.0,25.0,10.0,473.0,9.0,0.48,0.009000000000000001,0.491,6.0,18.1,12.2,7.2,1.7,0.0,14.9,14.7,,0.2,0.4,0.6,0.06,,-2.7,-0.4,-3.0,-0.1,44.0,108.0,0.40700000000000003,0.0,1.0,0.0,44.0,107.0,0.41100000000000003,0.40700000000000003,38.0,53.0,0.7170000000000001,24.0,75.0,99.0,23.0,15.0,0.0,23.0,72.0,126.0
TOT,14338,1999.0,J.R. Reid,PF,30.0,83.0,26.0,1887.0,13.7,0.552,0.008,0.495,7.6,19.3,13.7,7.9,1.9,1.0,17.0,19.5,,1.4,2.3,3.4,0.115,,-1.1,0.8,-1.0,0.3,283.0,595.0,0.494,0.0,5.0,0.0,283.0,590.0,0.495,0.494,214.0,280.0,0.7659999999999999,120.0,336.0,456.0,80.0,47.0,31.0,125.0,266.0,780.0
MIL,14851,2000.0,J.R. Reid,PF,31.0,34.0,7.0,602.0,9.0,0.495,0.055,0.441,5.7,17.0,11.4,4.2,1.6,0.6,11.7,12.7,,0.4,0.3,0.7,0.059000000000000004,,-2.6,-0.9,-3.5,-0.2,53.0,127.0,0.41700000000000004,1.0,7.0,0.14300000000000002,52.0,120.0,0.433,0.42100000000000004,43.0,56.0,0.768,29.0,88.0,117.0,18.0,19.0,5.0,20.0,81.0,150.0
CLE,15383,2001.0,J.R. Reid,PF,32.0,6.0,0.0,39.0,15.7,0.5870000000000001,0.0,1.6,14.9,8.9,11.9,3.8,2.7,1.9,10.5,11.0,,0.1,0.0,0.1,0.174,,0.9,0.3,1.3,0.0,2.0,5.0,0.4,0.0,0.0,,2.0,5.0,0.4,0.4,6.0,8.0,0.75,5.0,3.0,8.0,1.0,2.0,1.0,1.0,4.0,10.0
