Tm,Unnamed: 0,Year,Player,Pos,Age,G,GS,MP,PER,TS%,3PAr,FTr,ORB%,DRB%,TRB%,AST%,STL%,BLK%,TOV%,USG%,blanl,OWS,DWS,WS,WS/48,blank2,OBPM,DBPM,BPM,VORP,FG,FGA,FG%,3P,3PA,3P%,2P,2PA,2P%,eFG%,FT,FTA,FT%,ORB,DRB,TRB,AST,STL,BLK,TOV,PF,PTS
NJN,17545,2005.0,Jabari Smith,PF,27.0,45.0,2.0,648.0,8.4,0.48200000000000004,0.013999999999999999,0.37200000000000005,5.3,15.4,10.3,9.8,2.1,1.8,18.5,15.3,,-0.3,1.0,0.7,0.05,,-5.2,1.6,-3.6,-0.3,62.0,148.0,0.419,1.0,2.0,0.5,61.0,146.0,0.418,0.42200000000000004,41.0,55.0,0.745,29.0,82.0,111.0,38.0,25.0,14.0,39.0,103.0,166.0
PHI,15930,2002.0,Jabari Smith,C,24.0,11.0,0.0,110.0,17.1,0.541,0.048,0.47600000000000003,6.3,8.2,7.2,8.6,2.0,1.4,5.6,22.4,,0.3,0.1,0.4,0.18899999999999997,,0.2,-1.5,-1.3,0.0,20.0,42.0,0.47600000000000003,0.0,2.0,0.0,20.0,40.0,0.5,0.47600000000000003,15.0,20.0,0.75,6.0,8.0,14.0,5.0,4.0,2.0,3.0,19.0,55.0
SAC,16958,2004.0,Jabari Smith,C,26.0,31.0,0.0,168.0,14.7,0.528,0.048,0.5710000000000001,7.6,17.7,10.5,14.8,3.1,3.7,10.9,23.1,,0.1,0.1,0.2,0.126,,-1.9,1.5,-2.1,0.0,26.0,70.0,0.5,0.0,3.0,0.0,26.0,67.0,0.5,0.5,12.0,20.0,0.667,11.0,20.0,31.0,11.0,4.0,6.0,7.0,25.0,64.0
TOT,15928,2002.0,Jabari Smith,C,24.0,23.0,0.0,181.0,13.1,0.474,0.048,0.508,5.0,11.9,8.5,9.7,1.7,2.3,6.1,20.4,,0.2,0.3,0.5,0.121,,-2.5,-0.3,-2.8,0.0,26.0,63.0,0.413,0.0,3.0,0.0,26.0,60.0,0.433,0.413,21.0,32.0,0.6559999999999999,8.0,20.0,28.0,11.0,6.0,6.0,5.0,31.0,73.0
