Tm,Unnamed: 0,Year,Player,Pos,Age,G,GS,MP,PER,TS%,3PAr,FTr,ORB%,DRB%,TRB%,AST%,STL%,BLK%,TOV%,USG%,blanl,OWS,DWS,WS,WS/48,blank2,OBPM,DBPM,BPM,VORP,FG,FGA,FG%,3P,3PA,3P%,2P,2PA,2P%,eFG%,FT,FTA,FT%,ORB,DRB,TRB,AST,STL,BLK,TOV,PF,PTS
TRI,122,1950.0,Jack Kerris,PF,25.0,4.0,,,,0.41600000000000004,,0.462,,,,,,,,,,0.1,0.1,0.2,,,,,,,8.0,26.0,0.308,,,,8.0,26.0,0.308,0.308,10.0,12.0,0.833,,,,8.0,,,,13.0,26.0
BLB,684,1953.0,Jack Kerris,PF,28.0,17.0,,442.0,13.8,0.5,,0.532,,,,,,,,,,0.7,0.1,0.8,0.087,,,,,,34.0,77.0,0.442,,,,34.0,77.0,0.442,0.442,27.0,41.0,0.659,,,88.0,48.0,,,,48.0,95.0
FTW,683,1953.0,Jack Kerris,PF,28.0,68.0,,2148.0,16.1,0.473,,0.677,,,,,,,,,,3.7,3.1,5.9,0.132,,,,,,255.0,689.0,0.38799999999999996,,,,255.0,689.0,0.38799999999999996,0.38799999999999996,217.0,325.0,0.6809999999999999,,,514.0,212.0,,,,265.0,711.0
TOT,682,1953.0,Jack Kerris,PF,28.0,69.0,,1424.0,12.4,0.431,,0.547,,,,,,,,,,1.4,2.7,4.1,0.07200000000000001,,,,,,157.0,481.0,0.363,,,,157.0,481.0,0.363,0.363,169.0,260.0,0.65,,,295.0,156.0,,,,175.0,483.0
