Tm,Unnamed: 0,Year,Player,Pos,Age,G,GS,MP,PER,TS%,3PAr,FTr,ORB%,DRB%,TRB%,AST%,STL%,BLK%,TOV%,USG%,blanl,OWS,DWS,WS,WS/48,blank2,OBPM,DBPM,BPM,VORP,FG,FGA,FG%,3P,3PA,3P%,2P,2PA,2P%,eFG%,FT,FTA,FT%,ORB,DRB,TRB,AST,STL,BLK,TOV,PF,PTS
ROC,1033,1956.0,Jack Coleman,PF,31.0,72.0,,2625.0,18.2,0.488,,0.278,,,,,,,,,,4.3,4.4,6.7,0.122,,,,,,400.0,866.0,0.462,,,,400.0,866.0,0.462,0.462,135.0,208.0,0.779,,,774.0,232.0,,,,245.0,924.0
STL,1246,1958.0,Jack Coleman,PF,33.0,72.0,,2145.0,15.1,0.45299999999999996,,0.262,,,,,,,,,,1.7,2.4,4.1,0.105,,,,,,316.0,775.0,0.413,,,,316.0,775.0,0.413,0.413,123.0,161.0,0.764,,,645.0,159.0,,,,235.0,755.0
TOT,1032,1956.0,Jack Coleman,PF,31.0,75.0,,2738.0,15.1,0.45299999999999996,,0.263,,,,,,,,,,2.2,4.1,6.4,0.11199999999999999,,,,,,390.0,946.0,0.41200000000000003,,,,390.0,946.0,0.41200000000000003,0.41200000000000003,177.0,249.0,0.711,,,688.0,294.0,,,,242.0,957.0
