Tm,Unnamed: 0,Year,Player,Pos,Age,G,GS,MP,PER,TS%,3PAr,FTr,ORB%,DRB%,TRB%,AST%,STL%,BLK%,TOV%,USG%,blanl,OWS,DWS,WS,WS/48,blank2,OBPM,DBPM,BPM,VORP,FG,FGA,FG%,3P,3PA,3P%,2P,2PA,2P%,eFG%,FT,FTA,FT%,ORB,DRB,TRB,AST,STL,BLK,TOV,PF,PTS
ROC,1082,1956.0,Jack McMahon,PG,27.0,72.0,,1891.0,14.9,0.431,,0.442,,,,,,,,,,1.8,2.9,4.7,0.11800000000000001,,,,,,251.0,721.0,0.36200000000000004,,,,251.0,721.0,0.36200000000000004,0.36200000000000004,211.0,303.0,0.696,,,211.0,246.0,,,,253.0,711.0
STL,1529,1960.0,Jack McMahon,SG,31.0,72.0,,2344.0,9.3,0.389,,0.312,,,,,,,,,,-0.2,2.1,0.8,0.016,,,,,,248.0,725.0,0.358,,,,248.0,725.0,0.358,0.358,142.0,225.0,0.631,,,222.0,367.0,,,,221.0,620.0
TOT,1081,1956.0,Jack McMahon,PG,27.0,70.0,,1713.0,8.3,0.369,,0.301,,,,,,,,,,-2.1,1.9,-0.2,-0.005,,,,,,202.0,615.0,0.32799999999999996,,,,202.0,615.0,0.32799999999999996,0.32799999999999996,110.0,185.0,0.595,,,180.0,222.0,,,,170.0,514.0
