Tm,Unnamed: 0,Year,Player,Pos,Age,G,GS,MP,PER,TS%,3PAr,FTr,ORB%,DRB%,TRB%,AST%,STL%,BLK%,TOV%,USG%,blanl,OWS,DWS,WS,WS/48,blank2,OBPM,DBPM,BPM,VORP,FG,FGA,FG%,3P,3PA,3P%,2P,2PA,2P%,eFG%,FT,FTA,FT%,ORB,DRB,TRB,AST,STL,BLK,TOV,PF,PTS
NOH,17606,2005.0,Jackson Vroman,C,23.0,36.0,17.0,648.0,9.7,0.46,0.016,0.37200000000000005,10.4,19.6,14.8,9.0,1.9,2.1,21.1,19.4,,-0.8,0.8,-0.1,-0.005,,-5.1,1.2,-4.0,-0.3,76.0,183.0,0.415,0.0,3.0,0.0,76.0,180.0,0.42200000000000004,0.415,44.0,68.0,0.647,59.0,103.0,162.0,33.0,22.0,17.0,57.0,94.0,196.0
NOK,18174,2006.0,Jackson Vroman,PF,24.0,41.0,2.0,406.0,5.9,0.428,0.0,0.667,9.4,16.0,12.6,4.2,1.6,2.2,19.7,12.2,,-0.3,0.4,0.1,0.013999999999999999,,-5.1,1.1,-3.9,-0.2,26.0,66.0,0.39399999999999996,0.0,0.0,,26.0,66.0,0.39399999999999996,0.39399999999999996,21.0,44.0,0.47700000000000004,33.0,53.0,86.0,11.0,12.0,11.0,21.0,78.0,73.0
PHO,17605,2005.0,Jackson Vroman,PF,23.0,10.0,1.0,57.0,8.2,0.419,0.0,0.43799999999999994,9.9,14.3,12.2,16.6,2.6,2.3,26.8,20.0,,-0.1,0.1,0.0,-0.021,,-5.3,2.1,-3.2,0.0,6.0,16.0,0.375,0.0,0.0,,6.0,16.0,0.375,0.375,4.0,7.0,0.5710000000000001,5.0,8.0,13.0,7.0,3.0,2.0,7.0,11.0,16.0
TOT,17604,2005.0,Jackson Vroman,C-PF,23.0,46.0,18.0,705.0,9.6,0.457,0.015,0.377,10.3,19.2,14.6,9.6,1.9,2.1,21.6,19.4,,-0.9,0.8,-0.1,-0.006,,-5.1,1.2,-3.9,-0.3,82.0,199.0,0.41200000000000003,0.0,3.0,0.0,82.0,196.0,0.418,0.41200000000000003,48.0,75.0,0.64,64.0,111.0,175.0,40.0,25.0,19.0,64.0,105.0,212.0
