Tm,Unnamed: 0,Year,Player,Pos,Age,G,GS,MP,PER,TS%,3PAr,FTr,ORB%,DRB%,TRB%,AST%,STL%,BLK%,TOV%,USG%,blanl,OWS,DWS,WS,WS/48,blank2,OBPM,DBPM,BPM,VORP,FG,FGA,FG%,3P,3PA,3P%,2P,2PA,2P%,eFG%,FT,FTA,FT%,ORB,DRB,TRB,AST,STL,BLK,TOV,PF,PTS
PHO,17044,2004.0,Jahidi White,C,27.0,61.0,17.0,861.0,11.9,0.534,0.0,0.667,12.8,21.8,17.3,1.3,1.5,4.3,21.0,16.2,,0.2,1.0,1.2,0.067,,-4.3,-0.5,-4.8,-0.6,99.0,189.0,0.524,0.0,0.0,,99.0,189.0,0.524,0.524,63.0,126.0,0.5,97.0,164.0,261.0,7.0,25.0,50.0,65.0,176.0,261.0
TOT,17042,2004.0,Jahidi White,C,27.0,62.0,17.0,865.0,11.8,0.532,0.0,0.6629999999999999,12.7,21.7,17.2,1.3,1.5,4.4,21.2,16.3,,0.1,1.0,1.2,0.064,,-4.4,-0.5,-4.9,-0.6,99.0,190.0,0.521,0.0,0.0,,99.0,190.0,0.521,0.521,63.0,126.0,0.5,97.0,164.0,261.0,7.0,25.0,51.0,66.0,176.0,261.0
WAS,17043,2004.0,Jahidi White,PF,27.0,80.0,69.0,1609.0,15.7,0.552,0.002,1.094,19.0,26.6,20.7,2.1,1.0,18.0,50.0,22.1,,1.5,1.9,3.3,0.134,,-1.9,6.7,-2.0,0.0,228.0,450.0,0.5379999999999999,0.0,1.0,0.0,228.0,450.0,0.5379999999999999,0.5379999999999999,177.0,312.0,0.68,202.0,351.0,553.0,20.0,32.0,111.0,136.0,234.0,583.0
CHA,17633,2005.0,Jahidi White,C,28.0,17.0,0.0,135.0,6.8,0.43200000000000005,0.0,1.29,8.8,20.6,14.4,1.2,0.8,6.7,18.5,19.6,,-0.3,0.2,-0.1,-0.046,,-8.5,0.0,-8.5,-0.2,14.0,31.0,0.452,0.0,0.0,,14.0,31.0,0.452,0.452,14.0,40.0,0.35,11.0,23.0,34.0,1.0,2.0,12.0,11.0,31.0,42.0
