Tm,Unnamed: 0,Year,Player,Pos,Age,G,GS,MP,PER,TS%,3PAr,FTr,ORB%,DRB%,TRB%,AST%,STL%,BLK%,TOV%,USG%,blanl,OWS,DWS,WS,WS/48,blank2,OBPM,DBPM,BPM,VORP,FG,FGA,FG%,3P,3PA,3P%,2P,2PA,2P%,eFG%,FT,FTA,FT%,ORB,DRB,TRB,AST,STL,BLK,TOV,PF,PTS
CIN,3423,1972.0,Jake Jones,SG,22.0,11.0,,161.0,8.2,0.451,,0.389,,,6.2,8.5,,,,,,-0.1,0.0,0.0,-0.003,,,,,,22.0,54.0,0.40700000000000003,,,,22.0,54.0,0.40700000000000003,0.40700000000000003,13.0,21.0,0.619,,,20.0,10.0,,,,19.0,57.0
PHI,3422,1972.0,Jake Jones,SG,22.0,6.0,,41.0,9.9,0.424,,0.556,,,6.6,6.4,,,,,,-0.1,0.0,0.0,-0.028999999999999998,,,,,,6.0,18.0,0.33299999999999996,,,,6.0,18.0,0.33299999999999996,0.33299999999999996,7.0,10.0,0.7,,,6.0,2.0,,,,3.0,19.0
TOT,3421,1972.0,Jake Jones,SG,22.0,17.0,,202.0,8.6,0.444,,0.431,,,6.3,8.1,,,,,,-0.1,0.1,0.0,-0.009000000000000001,,,,,,28.0,72.0,0.389,,,,28.0,72.0,0.389,0.389,20.0,31.0,0.645,,,26.0,12.0,,,,22.0,76.0
