Tm,Unnamed: 0,Year,Player,Pos,Age,G,GS,MP,PER,TS%,3PAr,FTr,ORB%,DRB%,TRB%,AST%,STL%,BLK%,TOV%,USG%,blanl,OWS,DWS,WS,WS/48,blank2,OBPM,DBPM,BPM,VORP,FG,FGA,FG%,3P,3PA,3P%,2P,2PA,2P%,eFG%,FT,FTA,FT%,ORB,DRB,TRB,AST,STL,BLK,TOV,PF,PTS
CHA,18696,2007.0,Jake Voskuhl,C,29.0,73.0,9.0,1043.0,11.0,0.523,0.011000000000000001,0.44299999999999995,9.3,20.1,14.5,7.9,1.6,2.2,15.5,17.4,,0.5,1.1,1.7,0.077,,-3.1,0.7,-2.6,-0.1,121.0,261.0,0.475,1.0,3.0,0.33299999999999996,121.0,258.0,0.475,0.475,77.0,113.0,0.6829999999999999,84.0,172.0,256.0,44.0,30.0,24.0,56.0,199.0,319.0
CHI,15468,2001.0,Jake Voskuhl,C,23.0,16.0,2.0,143.0,5.8,0.48100000000000004,0.0,0.56,9.6,19.0,14.1,5.7,1.9,3.1,27.8,14.0,,-0.2,0.1,0.0,-0.006999999999999999,,-6.3,0.4,-5.9,-0.1,11.0,25.0,0.44,0.0,0.0,,11.0,25.0,0.44,0.44,8.0,14.0,0.5710000000000001,12.0,22.0,34.0,5.0,5.0,6.0,12.0,38.0,30.0
MIL,19273,2008.0,Jake Voskuhl,C,30.0,44.0,0.0,386.0,8.7,0.528,0.0,0.363,8.8,21.3,14.8,5.1,1.2,4.3,23.8,14.2,,-0.1,0.3,0.2,0.025,,-5.3,0.6,-4.7,-0.3,37.0,80.0,0.46299999999999997,0.0,0.0,,37.0,80.0,0.46299999999999997,0.46299999999999997,24.0,29.0,0.828,30.0,67.0,97.0,13.0,9.0,21.0,29.0,83.0,98.0
PHO,17603,2005.0,Jake Voskuhl,C,27.0,66.0,43.0,1606.0,13.9,0.614,0.0,0.644,12.7,18.7,15.7,6.1,1.4,2.3,20.9,14.4,,2.3,1.0,3.3,0.14300000000000002,,-1.1,0.9,-0.2,0.4,152.0,300.0,0.564,0.0,0.0,,152.0,300.0,0.564,0.564,134.0,181.0,0.752,123.0,220.0,343.0,57.0,42.0,29.0,77.0,258.0,438.0
TOR,19875,2009.0,Jake Voskuhl,C,31.0,38.0,1.0,240.0,0.4,0.342,0.0,0.311,10.4,18.4,14.4,4.6,0.7,1.3,24.9,13.1,,-0.5,0.2,-0.3,-0.064,,-7.7,-0.2,-7.9,-0.4,12.0,45.0,0.267,0.0,0.0,,12.0,45.0,0.267,0.267,11.0,14.0,0.7859999999999999,21.0,38.0,59.0,8.0,3.0,4.0,17.0,60.0,35.0
