Tm,Unnamed: 0,Year,Player,Pos,Age,G,GS,MP,PER,TS%,3PAr,FTr,ORB%,DRB%,TRB%,AST%,STL%,BLK%,TOV%,USG%,blanl,OWS,DWS,WS,WS/48,blank2,OBPM,DBPM,BPM,VORP,FG,FGA,FG%,3P,3PA,3P%,2P,2PA,2P%,eFG%,FT,FTA,FT%,ORB,DRB,TRB,AST,STL,BLK,TOV,PF,PTS
GSW,4987,1977.0,Jamaal Wilkes*,SF,23.0,82.0,,2716.0,16.8,0.523,,0.27,7.8,18.3,13.0,11.2,2.2,0.6,,,,4.3,4.3,8.3,0.147,,1.1,0.1,1.2,2.1,617.0,1334.0,0.478,,,,617.0,1334.0,0.478,0.478,247.0,310.0,0.797,203.0,527.0,720.0,211.0,127.0,31.0,,222.0,1461.0
LAC,8272,1986.0,Jamaal Wilkes*,SF,32.0,13.0,1.0,195.0,10.2,0.488,0.046,0.415,7.3,9.2,8.2,10.6,1.7,0.6,17.2,19.1,,0.0,0.0,0.0,0.005,,-2.7,-1.7,-4.5,-0.1,26.0,65.0,0.4,1.0,3.0,0.33299999999999996,25.0,62.0,0.40299999999999997,0.408,22.0,27.0,0.815,13.0,16.0,29.0,15.0,7.0,2.0,16.0,19.0,75.0
LAL,7893,1985.0,Jamaal Wilkes*,SF,31.0,82.0,82.0,3111.0,18.0,0.563,0.013000000000000001,0.29100000000000004,8.0,17.7,13.0,16.1,2.3,0.9,13.8,24.5,,6.7,3.4,10.0,0.154,,2.3,1.2,2.0,3.1,786.0,1495.0,0.535,3.0,17.0,0.25,785.0,1482.0,0.539,0.536,272.0,362.0,0.8079999999999999,176.0,445.0,609.0,250.0,134.0,41.0,224.0,275.0,1827.0
