Tm,Unnamed: 0,Year,Player,Pos,Age,G,GS,MP,PER,TS%,3PAr,FTr,ORB%,DRB%,TRB%,AST%,STL%,BLK%,TOV%,USG%,blanl,OWS,DWS,WS,WS/48,blank2,OBPM,DBPM,BPM,VORP,FG,FGA,FG%,3P,3PA,3P%,2P,2PA,2P%,eFG%,FT,FTA,FT%,ORB,DRB,TRB,AST,STL,BLK,TOV,PF,PTS
SEA,6457,1982.0,James Bailey,PF,24.0,82.0,0.0,2539.0,14.5,0.546,0.002,0.406,10.6,18.3,14.5,10.2,1.4,4.1,21.4,21.4,,1.4,3.6,4.9,0.094,,-1.3,1.2,-0.1,1.2,444.0,889.0,0.499,1.0,2.0,0.5,443.0,887.0,0.499,0.5,256.0,361.0,0.7090000000000001,192.0,415.0,607.0,98.0,74.0,143.0,219.0,332.0,1145.0
TOT,6834,1983.0,James Bailey,PF,25.0,77.0,39.0,1765.0,15.6,0.546,0.001,0.444,9.8,20.3,15.0,6.3,1.3,3.3,18.7,25.2,,0.6,2.7,2.9,0.094,,-1.7,1.4,-1.5,0.2,385.0,774.0,0.517,0.0,1.0,0.0,385.0,773.0,0.517,0.517,226.0,322.0,0.7020000000000001,171.0,303.0,474.0,67.0,43.0,83.0,196.0,271.0,996.0
HOU,7224,1984.0,James Bailey,PF,26.0,73.0,39.0,1715.0,16.0,0.544,0.002,0.423,9.9,20.0,14.6,9.3,1.3,1.9,17.5,25.3,,1.0,1.4,2.3,0.09300000000000001,,-1.0,-0.5,-1.5,0.1,376.0,756.0,0.49700000000000005,0.0,1.0,0.0,376.0,755.0,0.498,0.49700000000000005,224.0,320.0,0.7190000000000001,168.0,300.0,468.0,79.0,42.0,59.0,190.0,256.0,976.0
NYK,7931,1986.0,James Bailey,PF,28.0,74.0,36.0,1297.0,12.6,0.516,0.009000000000000001,0.377,10.6,22.1,15.4,6.1,1.3,2.4,20.1,20.7,,0.0,2.0,1.9,0.075,,-3.0,1.0,-2.0,0.0,202.0,443.0,0.456,0.0,4.0,0.0,202.0,439.0,0.46,0.456,129.0,167.0,0.772,122.0,232.0,344.0,50.0,33.0,50.0,100.0,286.0,533.0
NJN,8312,1987.0,James Bailey,PF,29.0,67.0,2.0,1288.0,14.0,0.556,0.0,0.484,10.0,20.7,15.0,5.7,1.4,3.5,24.1,24.4,,0.4,2.4,2.8,0.10400000000000001,,-2.7,1.5,-1.2,0.3,230.0,440.0,0.523,0.0,0.0,,230.0,440.0,0.523,0.523,133.0,213.0,1.0,110.0,233.0,343.0,52.0,39.0,76.0,120.0,228.0,593.0
PHO,8697,1988.0,James Bailey,PF,30.0,65.0,0.0,869.0,8.3,0.514,0.017,0.369,9.4,17.9,13.6,6.2,0.9,1.9,20.0,16.4,,-0.2,0.6,0.4,0.023,,-3.9,-0.5,-4.4,-0.5,109.0,241.0,0.452,0.0,4.0,0.0,109.0,237.0,0.46,0.452,70.0,89.0,0.787,73.0,137.0,210.0,42.0,17.0,28.0,70.0,180.0,288.0
