Tm,Unnamed: 0,Year,Player,Pos,Age,G,GS,MP,PER,TS%,3PAr,FTr,ORB%,DRB%,TRB%,AST%,STL%,BLK%,TOV%,USG%,blanl,OWS,DWS,WS,WS/48,blank2,OBPM,DBPM,BPM,VORP,FG,FGA,FG%,3P,3PA,3P%,2P,2PA,2P%,eFG%,FT,FTA,FT%,ORB,DRB,TRB,AST,STL,BLK,TOV,PF,PTS
CHA,22766,2014.0,James Southerland,SF,23.0,1.0,0.0,3.0,-40.6,0.0,0.33299999999999996,0.0,0.0,0.0,0.0,0.0,0.0,0.0,0.0,46.2,,-0.1,0.0,-0.1,-1.119,,-33.1,-13.3,-46.4,0.0,0.0,3.0,0.0,0.0,1.0,0.0,0.0,2.0,0.0,0.0,0.0,0.0,,0.0,0.0,0.0,0.0,0.0,0.0,0.0,0.0,0.0
NOP,22767,2014.0,James Southerland,SF,23.0,3.0,0.0,27.0,17.7,0.5429999999999999,0.41700000000000004,0.16699999999999998,0.0,34.9,17.2,0.0,1.9,6.2,7.2,23.4,,0.0,0.0,0.1,0.098,,-5.3,-4.3,-9.6,-0.1,5.0,12.0,0.41700000000000004,3.0,5.0,0.6,2.0,7.0,0.28600000000000003,0.542,1.0,2.0,0.5,0.0,8.0,8.0,0.0,1.0,2.0,1.0,3.0,14.0
TOT,22765,2014.0,James Southerland,SF,23.0,4.0,0.0,30.0,11.8,0.441,0.4,0.133,0.0,31.5,15.5,0.0,1.7,5.6,5.9,25.6,,-0.1,0.0,0.0,-0.023,,-8.1,-5.2,-13.3,-0.1,5.0,15.0,0.33299999999999996,3.0,6.0,0.5,2.0,9.0,0.222,0.433,1.0,2.0,0.5,0.0,8.0,8.0,0.0,1.0,2.0,1.0,3.0,14.0
