Tm,Unnamed: 0,Year,Player,Pos,Age,G,GS,MP,PER,TS%,3PAr,FTr,ORB%,DRB%,TRB%,AST%,STL%,BLK%,TOV%,USG%,blanl,OWS,DWS,WS,WS/48,blank2,OBPM,DBPM,BPM,VORP,FG,FGA,FG%,3P,3PA,3P%,2P,2PA,2P%,eFG%,FT,FTA,FT%,ORB,DRB,TRB,AST,STL,BLK,TOV,PF,PTS
CHI,20831,2011.0,James Johnson,SF,23.0,65.0,11.0,757.0,10.4,0.532,0.22,0.33299999999999996,5.9,16.7,11.4,18.1,3.5,5.6,27.8,24.2,,-0.3,1.1,0.8,0.054000000000000006,,-3.8,5.1,-1.2,0.0,95.0,210.0,0.452,15.0,46.0,0.326,80.0,164.0,0.488,0.488,51.0,70.0,0.7290000000000001,34.0,94.0,128.0,48.0,21.0,43.0,62.0,126.0,256.0
MEM,22561,2014.0,James Johnson,SF,26.0,52.0,4.0,956.0,18.5,0.552,0.282,0.292,7.4,13.2,10.3,18.2,2.3,5.0,16.0,20.0,,1.4,1.6,3.0,0.15,,1.3,3.2,4.5,1.6,143.0,308.0,0.46399999999999997,22.0,87.0,0.253,121.0,221.0,0.5479999999999999,0.5,76.0,90.0,0.8440000000000001,60.0,106.0,166.0,111.0,42.0,57.0,66.0,102.0,384.0
MIA,24375,2017.0,James Johnson,PF,29.0,76.0,5.0,2085.0,17.0,0.564,0.33299999999999996,0.28,3.5,16.6,9.9,20.9,1.8,3.2,16.5,22.0,,1.9,3.2,5.1,0.11699999999999999,,0.5,2.2,2.7,2.5,368.0,769.0,0.479,87.0,256.0,0.34,281.0,513.0,0.5479999999999999,0.535,152.0,215.0,0.7070000000000001,66.0,309.0,375.0,276.0,76.0,86.0,171.0,197.0,975.0
SAC,21949,2013.0,James Johnson,SF,25.0,54.0,11.0,878.0,10.2,0.442,0.07400000000000001,0.237,6.2,12.9,9.5,10.2,2.4,4.5,17.9,19.3,,-1.1,0.6,-0.5,-0.027999999999999997,,-4.5,1.5,-3.0,-0.2,117.0,283.0,0.413,2.0,21.0,0.095,115.0,262.0,0.439,0.41700000000000004,40.0,67.0,0.597,49.0,96.0,145.0,58.0,41.0,50.0,68.0,99.0,276.0
TOR,23794,2016.0,James Johnson,SF,28.0,70.0,40.0,1561.0,17.9,0.617,0.275,0.29600000000000004,5.6,16.5,11.0,16.1,2.4,4.4,17.2,20.2,,2.5,2.5,4.1,0.14300000000000002,,0.6,3.4,2.7,1.6,238.0,518.0,0.589,20.0,66.0,0.317,227.0,458.0,0.643,0.603,81.0,115.0,0.7070000000000001,74.0,218.0,292.0,122.0,71.0,84.0,101.0,177.0,566.0
TOT,20830,2011.0,James Johnson,SF,23.0,38.0,25.0,822.0,12.6,0.505,0.14300000000000002,0.3,5.2,15.4,10.2,16.4,2.1,3.4,19.3,18.2,,-0.1,0.8,0.6,0.036000000000000004,,-1.9,1.9,0.0,0.4,108.0,237.0,0.456,8.0,34.0,0.235,100.0,203.0,0.493,0.473,47.0,71.0,0.662,37.0,105.0,142.0,89.0,33.0,37.0,64.0,95.0,271.0
