Tm,Unnamed: 0,Year,Player,Pos,Age,G,GS,MP,PER,TS%,3PAr,FTr,ORB%,DRB%,TRB%,AST%,STL%,BLK%,TOV%,USG%,blanl,OWS,DWS,WS,WS/48,blank2,OBPM,DBPM,BPM,VORP,FG,FGA,FG%,3P,3PA,3P%,2P,2PA,2P%,eFG%,FT,FTA,FT%,ORB,DRB,TRB,AST,STL,BLK,TOV,PF,PTS
HOU,21699,2013.0,James Anderson,SG,23.0,29.0,2.0,307.0,14.2,0.526,0.485,0.188,5.6,15.7,10.7,16.4,2.0,0.7,14.1,18.1,,0.4,0.3,0.7,0.105,,0.2,-0.1,0.0,0.2,41.0,101.0,0.406,16.0,49.0,0.327,25.0,52.0,0.48100000000000004,0.485,17.0,19.0,0.895,15.0,43.0,58.0,33.0,12.0,3.0,18.0,18.0,115.0
SAS,21698,2013.0,James Anderson,SG,23.0,51.0,2.0,603.0,13.0,0.5870000000000001,0.568,0.36,3.9,12.8,8.6,13.9,1.6,1.5,19.5,17.6,,0.1,0.4,0.5,0.109,,-1.0,0.3,-0.7,0.0,66.0,174.0,0.44,19.0,68.0,0.455,47.0,106.0,0.44299999999999995,0.54,39.0,52.0,0.778,16.0,63.0,79.0,41.0,8.0,6.0,30.0,35.0,190.0
TOT,21697,2013.0,James Anderson,SG-SF,23.0,39.0,2.0,401.0,13.9,0.539,0.47600000000000003,0.222,5.2,15.0,10.2,15.8,1.9,0.9,15.3,18.0,,0.4,0.4,0.9,0.106,,-0.1,0.0,-0.1,0.2,52.0,126.0,0.413,21.0,60.0,0.35,31.0,66.0,0.47,0.496,24.0,28.0,0.857,18.0,54.0,72.0,42.0,15.0,5.0,25.0,25.0,149.0
PHI,22275,2014.0,James Anderson,SG,24.0,80.0,62.0,2309.0,10.9,0.53,0.49,0.14800000000000002,2.7,11.7,7.0,9.9,1.6,1.0,12.2,15.9,,0.9,0.9,1.9,0.039,,-1.2,-1.3,-2.5,-0.3,309.0,717.0,0.431,115.0,351.0,0.32799999999999996,194.0,366.0,0.53,0.511,77.0,106.0,0.726,59.0,241.0,300.0,149.0,74.0,28.0,106.0,154.0,810.0
SAC,23533,2016.0,James Anderson,SG,26.0,51.0,15.0,721.0,6.0,0.469,0.483,0.163,2.0,10.9,6.5,7.7,1.4,1.6,18.0,13.7,,-0.6,0.4,-0.3,-0.017,,-3.9,-0.3,-4.2,-0.4,67.0,178.0,0.376,23.0,86.0,0.267,44.0,92.0,0.478,0.441,22.0,29.0,0.759,13.0,73.0,86.0,41.0,21.0,14.0,42.0,54.0,179.0
