Tm,Unnamed: 0,Year,Player,Pos,Age,G,GS,MP,PER,TS%,3PAr,FTr,ORB%,DRB%,TRB%,AST%,STL%,BLK%,TOV%,USG%,blanl,OWS,DWS,WS,WS/48,blank2,OBPM,DBPM,BPM,VORP,FG,FGA,FG%,3P,3PA,3P%,2P,2PA,2P%,eFG%,FT,FTA,FT%,ORB,DRB,TRB,AST,STL,BLK,TOV,PF,PTS
POR,12699,1996.0,James Robinson,PG,25.0,76.0,25.0,1627.0,10.6,0.512,0.495,0.235,5.3,7.9,6.3,18.0,2.2,1.4,15.9,22.2,,0.6,1.7,2.3,0.068,,-0.6,-0.9,-1.6,0.2,255.0,624.0,0.409,102.0,284.0,0.359,179.0,401.0,0.446,0.488,89.0,135.0,0.672,44.0,113.0,157.0,180.0,48.0,16.0,127.0,146.0,651.0
LAC,14355,1999.0,James Robinson,PG,28.0,70.0,13.0,1231.0,12.7,0.494,0.449,0.276,4.0,7.6,5.7,18.8,2.7,0.8,15.0,23.3,,0.3,0.0,0.2,0.027000000000000003,,0.0,-2.1,-2.2,0.0,195.0,501.0,0.39799999999999996,74.0,225.0,0.32899999999999996,121.0,276.0,0.456,0.46299999999999997,77.0,107.0,0.741,37.0,74.0,111.0,135.0,37.0,10.0,97.0,101.0,541.0
MIN,14356,1999.0,James Robinson,PG,28.0,69.0,5.0,1309.0,12.7,0.537,0.5539999999999999,0.237,3.7,14.5,8.7,26.3,1.9,1.7,23.1,23.6,,1.3,0.6,1.9,0.071,,1.1,-0.6,-2.3,-0.1,196.0,482.0,0.40700000000000003,102.0,267.0,0.382,94.0,215.0,0.43700000000000006,0.512,78.0,114.0,0.684,24.0,88.0,112.0,126.0,30.0,8.0,69.0,125.0,572.0
TOT,14354,1999.0,James Robinson,PG,28.0,31.0,0.0,506.0,10.7,0.451,0.4,0.222,3.8,10.7,7.0,18.0,2.3,1.2,17.8,21.8,,-0.3,0.3,-0.1,-0.006,,-1.4,-1.4,-2.9,-0.1,67.0,185.0,0.36200000000000004,21.0,74.0,0.284,46.0,111.0,0.414,0.419,28.0,41.0,0.6829999999999999,18.0,44.0,62.0,56.0,22.0,8.0,44.0,60.0,183.0
ORL,15394,2001.0,James Robinson,PG,30.0,6.0,0.0,50.0,5.1,0.455,0.455,0.0,0.0,18.2,8.9,0.0,4.1,1.5,26.7,13.3,,-0.1,0.1,0.0,-0.017,,-7.8,0.0,-7.9,-0.1,4.0,11.0,0.364,2.0,5.0,0.4,2.0,6.0,0.33299999999999996,0.455,0.0,0.0,,0.0,8.0,8.0,0.0,4.0,1.0,4.0,5.0,10.0
