Tm,Unnamed: 0,Year,Player,Pos,Age,G,GS,MP,PER,TS%,3PAr,FTr,ORB%,DRB%,TRB%,AST%,STL%,BLK%,TOV%,USG%,blanl,OWS,DWS,WS,WS/48,blank2,OBPM,DBPM,BPM,VORP,FG,FGA,FG%,3P,3PA,3P%,2P,2PA,2P%,eFG%,FT,FTA,FT%,ORB,DRB,TRB,AST,STL,BLK,TOV,PF,PTS
SAS,23097,2015.0,JaMychal Green,PF,24.0,4.0,0.0,25.0,9.9,0.5710000000000001,0.28600000000000003,0.0,13.9,13.4,13.6,0.0,0.0,6.0,22.2,16.4,,0.0,0.0,0.0,0.071,,-4.3,-1.9,-6.2,0.0,4.0,7.0,0.5710000000000001,0.0,2.0,0.0,4.0,5.0,0.8,0.5710000000000001,0.0,0.0,,3.0,3.0,6.0,0.0,0.0,2.0,2.0,6.0,8.0
TOT,23096,2015.0,JaMychal Green,PF,24.0,24.0,1.0,164.0,14.9,0.603,0.128,0.213,13.3,18.0,15.7,4.0,1.6,2.4,21.4,18.3,,0.1,0.3,0.4,0.11900000000000001,,-2.0,-0.1,-2.1,0.0,27.0,47.0,0.574,0.0,6.0,0.0,27.0,41.0,0.659,0.574,8.0,10.0,0.8,19.0,26.0,45.0,4.0,5.0,5.0,14.0,25.0,62.0
MEM,24300,2017.0,JaMychal Green,PF,26.0,78.0,75.0,2101.0,15.8,0.608,0.29,0.33399999999999996,13.2,21.1,16.0,7.7,1.9,2.1,21.3,19.8,,3.1,2.6,5.8,0.131,,-0.4,1.0,0.6,1.4,250.0,500.0,0.575,55.0,145.0,0.379,215.0,450.0,0.639,0.575,134.0,167.0,0.802,167.0,377.0,544.0,84.0,46.0,34.0,94.0,248.0,689.0
