Tm,Unnamed: 0,Year,Player,Pos,Age,G,GS,MP,PER,TS%,3PAr,FTr,ORB%,DRB%,TRB%,AST%,STL%,BLK%,TOV%,USG%,blanl,OWS,DWS,WS,WS/48,blank2,OBPM,DBPM,BPM,VORP,FG,FGA,FG%,3P,3PA,3P%,2P,2PA,2P%,eFG%,FT,FTA,FT%,ORB,DRB,TRB,AST,STL,BLK,TOV,PF,PTS
HOU,20820,2011.0,Jared Jeffries,SF,29.0,18.0,0.0,332.0,10.1,0.45899999999999996,0.16699999999999998,0.321,16.4,12.3,14.4,11.1,2.6,2.9,12.7,14.6,,0.1,0.3,0.4,0.057999999999999996,,-1.9,1.4,-0.6,0.1,36.0,84.0,0.429,1.0,9.0,0.16699999999999998,35.0,75.0,0.467,0.435,15.0,27.0,0.556,31.0,34.0,65.0,18.0,9.0,13.0,14.0,46.0,88.0
NYK,21402,2012.0,Jared Jeffries,SF,30.0,73.0,43.0,1462.0,10.9,0.524,0.27,0.5,10.8,13.3,12.0,8.7,2.6,3.0,22.6,12.7,,0.8,1.1,1.7,0.109,,-1.6,2.6,0.6,1.0,120.0,273.0,0.461,20.0,62.0,0.33299999999999996,119.0,261.0,0.5,0.48700000000000004,60.0,93.0,0.6809999999999999,128.0,127.0,243.0,83.0,53.0,58.0,65.0,157.0,296.0
POR,21938,2013.0,Jared Jeffries,PF,31.0,38.0,0.0,350.0,2.4,0.34299999999999997,0.037000000000000005,0.426,8.5,11.4,10.0,5.6,0.9,1.3,21.0,10.6,,-0.4,0.1,-0.3,-0.042,,-6.1,0.0,-6.0,-0.4,16.0,54.0,0.29600000000000004,0.0,2.0,0.0,16.0,52.0,0.308,0.29600000000000004,12.0,23.0,0.522,26.0,34.0,60.0,14.0,6.0,6.0,17.0,58.0,44.0
TOT,20819,2011.0,Jared Jeffries,PF-SF,29.0,70.0,37.0,1794.0,9.8,0.507,0.226,0.382,11.7,10.3,11.0,8.1,2.6,2.9,17.5,11.1,,0.9,1.3,2.2,0.057999999999999996,,-1.8,2.3,0.3,1.0,138.0,314.0,0.439,21.0,71.0,0.29600000000000004,117.0,243.0,0.48100000000000004,0.473,75.0,120.0,0.625,130.0,158.0,288.0,101.0,62.0,71.0,76.0,203.0,372.0
WAS,17925,2006.0,Jared Jeffries,SF,24.0,82.0,77.0,2007.0,11.6,0.521,0.12,0.46,10.5,14.7,12.4,11.6,1.7,2.0,21.7,15.6,,1.4,1.7,3.1,0.076,,-0.7,1.5,0.8,1.4,203.0,469.0,0.47600000000000003,16.0,51.0,0.5,187.0,439.0,0.488,0.5,105.0,173.0,0.614,180.0,244.0,424.0,151.0,66.0,50.0,114.0,223.0,523.0
