Tm,Unnamed: 0,Year,Player,Pos,Age,G,GS,MP,PER,TS%,3PAr,FTr,ORB%,DRB%,TRB%,AST%,STL%,BLK%,TOV%,USG%,blanl,OWS,DWS,WS,WS/48,blank2,OBPM,DBPM,BPM,VORP,FG,FGA,FG%,3P,3PA,3P%,2P,2PA,2P%,eFG%,FT,FTA,FT%,ORB,DRB,TRB,AST,STL,BLK,TOV,PF,PTS
CHI,17509,2005.0,Jared Reiner,C,22.0,19.0,2.0,132.0,2.3,0.331,0.0,0.133,11.1,21.0,16.1,1.2,1.2,4.0,22.1,13.8,,-0.3,0.3,0.0,-0.013000000000000001,,-9.3,2.0,-7.3,-0.2,10.0,30.0,0.33299999999999996,0.0,0.0,,10.0,30.0,0.33299999999999996,0.33299999999999996,1.0,4.0,0.25,13.0,25.0,38.0,1.0,3.0,7.0,9.0,35.0,21.0
MIL,18620,2007.0,Jared Reiner,C,24.0,27.0,2.0,244.0,4.8,0.348,0.0,0.233,10.0,24.4,17.1,7.4,1.1,1.9,22.8,11.4,,-0.3,0.2,-0.1,-0.027000000000000003,,-6.4,0.5,-5.9,-0.2,15.0,43.0,0.349,0.0,0.0,,15.0,43.0,0.349,0.349,3.0,10.0,0.3,21.0,50.0,71.0,13.0,5.0,6.0,14.0,45.0,33.0
