Tm,Unnamed: 0,Year,Player,Pos,Age,G,GS,MP,PER,TS%,3PAr,FTr,ORB%,DRB%,TRB%,AST%,STL%,BLK%,TOV%,USG%,blanl,OWS,DWS,WS,WS/48,blank2,OBPM,DBPM,BPM,VORP,FG,FGA,FG%,3P,3PA,3P%,2P,2PA,2P%,eFG%,FT,FTA,FT%,ORB,DRB,TRB,AST,STL,BLK,TOV,PF,PTS
DET,18979,2008.0,Jarvis Hayes,SF,26.0,82.0,1.0,1287.0,13.0,0.52,0.385,0.11900000000000001,3.2,13.3,8.3,8.1,2.0,0.4,8.1,21.1,,1.0,1.9,2.9,0.10800000000000001,,-0.1,-0.7,-0.8,0.4,217.0,504.0,0.431,73.0,194.0,0.376,144.0,310.0,0.465,0.503,45.0,60.0,0.75,35.0,143.0,178.0,62.0,47.0,6.0,47.0,137.0,552.0
NJN,20146,2010.0,Jarvis Hayes,SF,28.0,74.0,19.0,1832.0,10.8,0.537,0.546,0.09,1.7,15.8,8.7,6.7,1.5,0.6,7.7,16.6,,1.0,1.2,2.1,0.055,,-1.1,-1.6,-2.8,-0.2,257.0,577.0,0.445,94.0,244.0,0.385,163.0,333.0,0.523,0.527,36.0,52.0,0.778,27.0,240.0,267.0,54.0,52.0,9.0,49.0,162.0,644.0
WAS,18418,2007.0,Jarvis Hayes,SG,25.0,81.0,42.0,2044.0,12.2,0.502,0.335,0.223,4.2,13.9,8.6,9.3,1.8,0.6,13.0,18.8,,1.0,1.1,1.7,0.065,,-1.1,-1.1,-2.5,-0.1,278.0,695.0,0.42100000000000004,66.0,183.0,0.36200000000000004,238.0,564.0,0.441,0.47100000000000003,99.0,118.0,0.845,71.0,193.0,264.0,106.0,71.0,13.0,110.0,160.0,673.0
