Tm,Unnamed: 0,Year,Player,Pos,Age,G,GS,MP,PER,TS%,3PAr,FTr,ORB%,DRB%,TRB%,AST%,STL%,BLK%,TOV%,USG%,blanl,OWS,DWS,WS,WS/48,blank2,OBPM,DBPM,BPM,VORP,FG,FGA,FG%,3P,3PA,3P%,2P,2PA,2P%,eFG%,FT,FTA,FT%,ORB,DRB,TRB,AST,STL,BLK,TOV,PF,PTS
ATL,17194,2005.0,Jason Collier,C,27.0,70.0,44.0,942.0,14.6,0.5579999999999999,0.037000000000000005,0.515,9.9,15.4,11.5,5.5,1.1,1.5,13.4,22.4,,0.9,0.3,1.2,0.105,,-1.2,-1.8,-3.0,-0.1,174.0,376.0,0.479,6.0,14.0,0.429,168.0,362.0,0.484,0.48200000000000004,67.0,85.0,0.7879999999999999,84.0,100.0,184.0,18.0,15.0,13.0,63.0,147.0,402.0
HOU,16100,2003.0,Jason Collier,C,25.0,25.0,3.0,365.0,15.0,0.488,0.013999999999999999,0.33799999999999997,13.6,18.4,16.1,4.4,1.0,0.9,11.9,19.2,,0.3,0.1,0.4,0.126,,-2.3,-2.1,-5.3,-0.1,41.0,95.0,0.47200000000000003,0.0,1.0,0.0,41.0,94.0,0.47200000000000003,0.47200000000000003,24.0,32.0,1.0,31.0,51.0,82.0,9.0,6.0,4.0,13.0,40.0,106.0
