Tm,Unnamed: 0,Year,Player,Pos,Age,G,GS,MP,PER,TS%,3PAr,FTr,ORB%,DRB%,TRB%,AST%,STL%,BLK%,TOV%,USG%,blanl,OWS,DWS,WS,WS/48,blank2,OBPM,DBPM,BPM,VORP,FG,FGA,FG%,3P,3PA,3P%,2P,2PA,2P%,eFG%,FT,FTA,FT%,ORB,DRB,TRB,AST,STL,BLK,TOV,PF,PTS
CHI,13487,1998.0,Jason Caffey,PF,24.0,75.0,19.0,1405.0,14.4,0.574,0.006,0.5479999999999999,12.2,15.7,14.0,9.3,1.2,1.7,20.0,19.4,,2.2,1.7,3.9,0.138,,-0.4,0.2,-0.9,0.4,205.0,385.0,0.532,0.0,1.0,0.0,205.0,384.0,0.534,0.532,139.0,211.0,0.66,135.0,166.0,301.0,89.0,25.0,17.0,97.0,149.0,549.0
TOT,13486,1998.0,Jason Caffey,PF,24.0,80.0,14.0,1423.0,13.9,0.526,0.004,0.429,12.2,14.6,13.4,8.0,0.9,1.0,15.9,20.4,,1.2,1.6,2.7,0.09300000000000001,,-1.4,-0.7,-2.1,0.0,226.0,466.0,0.485,0.0,2.0,0.0,226.0,464.0,0.48700000000000004,0.485,131.0,200.0,0.655,160.0,184.0,344.0,67.0,25.0,20.0,105.0,181.0,583.0
GSW,14544,2000.0,Jason Caffey,PF,26.0,71.0,56.0,2159.0,13.4,0.515,0.004,0.511,12.2,15.7,12.8,9.1,1.5,0.8,19.0,22.4,,0.7,1.0,1.6,0.047,,-1.6,-0.2,-2.6,-0.2,323.0,675.0,0.479,0.0,2.0,0.0,323.0,673.0,0.48,0.479,206.0,345.0,0.649,189.0,293.0,482.0,119.0,62.0,20.0,170.0,269.0,852.0
MIL,16079,2003.0,Jason Caffey,PF,29.0,70.0,33.0,1460.0,13.7,0.544,0.013999999999999999,0.597,10.6,16.8,13.7,6.7,1.4,1.3,17.3,18.3,,2.3,1.2,3.5,0.114,,-1.1,-0.7,-1.8,0.1,179.0,367.0,0.5,0.0,1.0,0.0,179.0,367.0,0.507,0.5,142.0,211.0,0.6729999999999999,135.0,218.0,353.0,53.0,38.0,25.0,77.0,184.0,500.0
