Tm,Unnamed: 0,Year,Player,Pos,Age,G,GS,MP,PER,TS%,3PAr,FTr,ORB%,DRB%,TRB%,AST%,STL%,BLK%,TOV%,USG%,blanl,OWS,DWS,WS,WS/48,blank2,OBPM,DBPM,BPM,VORP,FG,FGA,FG%,3P,3PA,3P%,2P,2PA,2P%,eFG%,FT,FTA,FT%,ORB,DRB,TRB,AST,STL,BLK,TOV,PF,PTS
CHA,19782,2009.0,Jason Richardson,SG,28.0,82.0,82.0,3149.0,18.4,0.5539999999999999,0.408,0.25,3.3,13.3,8.0,15.2,1.9,1.4,9.3,25.9,,4.8,2.6,7.4,0.113,,3.5,-0.7,2.8,3.8,648.0,1468.0,0.441,243.0,599.0,0.45799999999999996,405.0,869.0,0.466,0.524,249.0,331.0,0.752,80.0,361.0,441.0,258.0,116.0,57.0,166.0,241.0,1788.0
GSW,18621,2007.0,Jason Richardson,SG,26.0,82.0,82.0,2936.0,19.2,0.5379999999999999,0.41,0.294,4.9,15.4,10.1,19.2,2.0,1.4,12.3,27.6,,4.5,2.8,7.3,0.122,,3.2,-0.1,2.8,3.5,641.0,1438.0,0.446,183.0,477.0,0.384,486.0,1011.0,0.486,0.509,276.0,410.0,0.764,125.0,400.0,524.0,281.0,106.0,41.0,196.0,206.0,1741.0
ORL,21539,2012.0,Jason Richardson,SG,31.0,55.0,55.0,1919.0,13.3,0.5429999999999999,0.496,0.13,2.6,11.6,7.0,12.0,1.8,1.1,8.7,20.2,,2.1,2.9,5.0,0.125,,1.4,1.1,2.5,2.2,289.0,667.0,0.433,127.0,331.0,0.384,162.0,336.0,0.48200000000000004,0.528,61.0,87.0,0.701,36.0,186.0,220.0,111.0,66.0,22.0,65.0,116.0,766.0
PHI,23354,2015.0,Jason Richardson,SG,34.0,33.0,33.0,936.0,12.6,0.495,0.539,0.124,3.2,14.5,8.6,16.6,2.3,1.2,7.9,21.3,,0.3,1.1,1.4,0.07,,-0.5,-0.1,-0.6,0.3,135.0,336.0,0.402,57.0,167.0,0.341,78.0,169.0,0.462,0.48700000000000004,20.0,33.0,0.773,19.0,108.0,127.0,51.0,40.0,15.0,26.0,57.0,347.0
PHO,20983,2011.0,Jason Richardson,SG,30.0,79.0,76.0,2485.0,19.1,0.581,0.401,0.191,4.8,13.9,9.2,8.8,1.7,1.0,8.0,25.5,,5.0,1.7,6.6,0.128,,3.5,-0.7,2.2,2.7,473.0,998.0,0.488,157.0,400.0,0.419,316.0,598.0,0.545,0.556,136.0,184.0,0.778,81.0,323.0,404.0,143.0,66.0,33.0,92.0,169.0,1239.0
TOT,20982,2011.0,Jason Richardson,SG,30.0,80.0,80.0,2715.0,16.7,0.5710000000000001,0.45399999999999996,0.204,3.9,11.5,7.8,9.8,1.8,0.9,8.2,21.5,,4.3,3.3,6.9,0.12300000000000001,,2.4,0.1,2.2,2.8,472.0,1056.0,0.47700000000000004,189.0,479.0,0.397,336.0,649.0,0.518,0.544,153.0,199.0,0.769,77.0,264.0,331.0,147.0,93.0,28.0,95.0,162.0,1249.0
