Tm,Unnamed: 0,Year,Player,Pos,Age,G,GS,MP,PER,TS%,3PAr,FTr,ORB%,DRB%,TRB%,AST%,STL%,BLK%,TOV%,USG%,blanl,OWS,DWS,WS,WS/48,blank2,OBPM,DBPM,BPM,VORP,FG,FGA,FG%,3P,3PA,3P%,2P,2PA,2P%,eFG%,FT,FTA,FT%,ORB,DRB,TRB,AST,STL,BLK,TOV,PF,PTS
GSW,24031,2016.0,Jason Thompson,C,29.0,28.0,1.0,179.0,13.3,0.535,0.0,0.762,6.4,25.0,16.2,13.9,1.1,3.3,11.1,15.2,,0.3,0.3,0.6,0.16899999999999998,,-2.6,1.9,-0.7,0.1,20.0,42.0,0.47600000000000003,0.0,0.0,,20.0,42.0,0.47600000000000003,0.47600000000000003,20.0,32.0,0.625,10.0,44.0,54.0,19.0,4.0,8.0,7.0,40.0,60.0
SAC,23445,2015.0,Jason Thompson,PF,28.0,82.0,81.0,2357.0,16.4,0.5579999999999999,0.013000000000000001,0.409,11.8,21.5,15.5,8.3,1.3,2.3,14.8,19.6,,3.1,2.0,4.0,0.114,,0.1,0.9,0.1,0.9,374.0,784.0,0.535,1.0,10.0,0.1,374.0,774.0,0.537,0.535,198.0,286.0,0.715,234.0,413.0,637.0,124.0,48.0,73.0,146.0,314.0,939.0
TOR,24032,2016.0,Jason Thompson,C,29.0,19.0,6.0,292.0,14.7,0.575,0.22699999999999998,0.33299999999999996,8.8,22.4,15.7,5.3,1.4,3.4,9.6,13.0,,0.6,0.4,1.0,0.163,,-0.5,1.4,0.9,0.2,32.0,66.0,0.485,5.0,15.0,0.33299999999999996,27.0,51.0,0.529,0.523,18.0,22.0,0.818,22.0,58.0,80.0,10.0,8.0,12.0,8.0,40.0,87.0
TOT,24030,2016.0,Jason Thompson,C,29.0,47.0,7.0,471.0,14.2,0.5579999999999999,0.139,0.5,7.9,23.4,15.9,8.5,1.3,3.3,10.2,13.9,,0.9,0.7,1.6,0.165,,-1.3,1.6,0.3,0.3,52.0,108.0,0.48100000000000004,5.0,15.0,0.33299999999999996,47.0,93.0,0.505,0.505,38.0,54.0,0.7040000000000001,32.0,102.0,134.0,29.0,12.0,20.0,15.0,80.0,147.0
