Tm,Unnamed: 0,Year,Player,Pos,Age,G,GS,MP,PER,TS%,3PAr,FTr,ORB%,DRB%,TRB%,AST%,STL%,BLK%,TOV%,USG%,blanl,OWS,DWS,WS,WS/48,blank2,OBPM,DBPM,BPM,VORP,FG,FGA,FG%,3P,3PA,3P%,2P,2PA,2P%,eFG%,FT,FTA,FT%,ORB,DRB,TRB,AST,STL,BLK,TOV,PF,PTS
PHO,8849,1988.0,Jay Humphries,SG,25.0,82.0,82.0,2733.0,15.8,0.581,0.039,0.35,3.2,8.5,5.7,32.2,2.4,0.2,19.2,17.1,,2.9,2.4,4.8,0.107,,1.6,-0.1,0.0,0.9,359.0,753.0,0.545,5.0,29.0,0.2,354.0,726.0,0.5579999999999999,0.5489999999999999,200.0,260.0,0.8290000000000001,62.0,204.0,260.0,632.0,132.0,9.0,195.0,239.0,923.0
MIL,10649,1992.0,Jay Humphries,PG,29.0,81.0,81.0,2818.0,17.4,0.57,0.179,0.31,3.6,8.1,5.5,30.8,3.9,0.4,24.0,19.6,,6.3,2.6,8.6,0.152,,3.0,1.4,2.0,2.7,496.0,1005.0,0.502,60.0,161.0,0.373,475.0,935.0,0.528,0.5329999999999999,224.0,285.0,0.816,80.0,189.0,269.0,538.0,156.0,13.0,160.0,253.0,1237.0
BOS,12033,1995.0,Jay Humphries,PG,32.0,6.0,0.0,52.0,5.8,0.465,0.111,0.444,4.4,2.3,3.3,26.5,2.0,0.0,31.7,13.1,,0.0,0.0,0.0,-0.019,,-4.2,-2.8,-7.1,-0.1,4.0,9.0,0.444,0.0,1.0,0.0,4.0,8.0,0.5,0.444,2.0,4.0,0.5,2.0,1.0,3.0,10.0,2.0,0.0,5.0,10.0,10.0
TOT,12031,1995.0,Jay Humphries,SG-PG,32.0,68.0,33.0,1809.0,14.8,0.564,0.11800000000000001,0.284,3.0,7.8,5.4,29.7,2.3,0.2,32.2,16.6,,2.5,1.0,3.5,0.09300000000000001,,0.7,0.4,-0.5,0.7,284.0,538.0,0.528,3.0,18.0,0.5,281.0,520.0,0.54,0.531,112.0,153.0,0.732,49.0,125.0,174.0,395.0,81.0,5.0,127.0,177.0,683.0
UTA,12032,1995.0,Jay Humphries,SG,32.0,78.0,20.0,2034.0,10.9,0.493,0.179,0.19699999999999998,2.5,6.5,4.5,22.2,2.5,0.5,32.4,18.1,,0.5,1.8,2.0,0.061,,-1.0,1.5,-1.4,0.2,287.0,659.0,0.436,38.0,96.0,0.667,272.0,584.0,0.466,0.47100000000000003,101.0,130.0,0.777,40.0,103.0,143.0,317.0,101.0,11.0,132.0,236.0,690.0
