Tm,Unnamed: 0,Year,Player,Pos,Age,G,GS,MP,PER,TS%,3PAr,FTr,ORB%,DRB%,TRB%,AST%,STL%,BLK%,TOV%,USG%,blanl,OWS,DWS,WS,WS/48,blank2,OBPM,DBPM,BPM,VORP,FG,FGA,FG%,3P,3PA,3P%,2P,2PA,2P%,eFG%,FT,FTA,FT%,ORB,DRB,TRB,AST,STL,BLK,TOV,PF,PTS
DAL,8251,1986.0,Jay Vincent,SF,26.0,81.0,73.0,2726.0,18.7,0.545,0.004,0.371,8.4,23.8,15.8,13.0,1.7,0.9,14.4,28.6,,4.8,2.6,6.5,0.12300000000000001,,1.7,-0.8,0.5,1.8,719.0,1448.0,0.49700000000000005,1.0,4.0,0.25,718.0,1444.0,0.49700000000000005,0.49700000000000005,351.0,420.0,0.836,217.0,519.0,704.0,212.0,89.0,45.0,194.0,308.0,1732.0
DEN,9501,1989.0,Jay Vincent,SF,29.0,73.0,8.0,1755.0,15.6,0.518,0.053,0.3,4.6,18.4,9.8,11.7,1.2,0.8,11.2,27.1,,0.9,1.9,2.8,0.076,,-1.4,-1.6,-3.0,-0.2,446.0,958.0,0.466,1.0,4.0,0.5,445.0,954.0,0.466,0.466,231.0,287.0,0.805,80.0,229.0,309.0,143.0,46.0,26.0,137.0,198.0,1124.0
LAL,9961,1990.0,Jay Vincent,SF,30.0,24.0,1.0,200.0,10.2,0.54,0.013000000000000001,0.154,4.2,10.5,7.4,7.6,2.0,0.9,18.6,21.8,,-0.1,0.2,0.1,0.02,,-3.8,-1.2,-5.0,-0.1,41.0,78.0,0.526,0.0,1.0,0.0,41.0,77.0,0.532,0.526,8.0,12.0,0.667,7.0,19.0,26.0,10.0,8.0,3.0,19.0,29.0,90.0
PHI,9960,1990.0,Jay Vincent,SF,30.0,17.0,5.0,259.0,13.2,0.511,0.01,0.35200000000000004,5.7,10.0,7.9,4.5,1.9,0.5,10.3,22.1,,0.2,0.2,0.4,0.076,,-2.3,-2.3,-4.7,-0.2,45.0,105.0,0.429,1.0,1.0,1.0,44.0,104.0,0.423,0.433,33.0,37.0,0.892,13.0,23.0,36.0,8.0,10.0,2.0,14.0,23.0,124.0
SAS,9502,1989.0,Jay Vincent,SF,29.0,24.0,3.0,551.0,7.4,0.449,0.005,0.233,6.9,11.7,9.2,5.6,0.4,0.3,13.3,19.6,,-0.4,0.2,-0.2,-0.018000000000000002,,-4.9,-2.8,-7.7,-0.8,91.0,219.0,0.41600000000000004,0.0,1.0,0.0,91.0,218.0,0.41700000000000004,0.41600000000000004,35.0,51.0,0.6859999999999999,36.0,56.0,92.0,22.0,5.0,3.0,37.0,52.0,217.0
TOT,9959,1990.0,Jay Vincent,SF,30.0,41.0,6.0,646.0,11.8,0.523,0.012,0.268,6.2,12.7,9.3,5.8,2.0,0.6,13.9,22.0,,0.1,0.4,0.5,0.052000000000000005,,-3.0,-1.8,-4.8,-0.3,104.0,257.0,0.47,1.0,3.0,0.5,103.0,254.0,0.47,0.473,41.0,60.0,0.8370000000000001,38.0,72.0,110.0,27.0,18.0,5.0,42.0,63.0,249.0
WSB,8634,1987.0,Jay Vincent,SF,27.0,51.0,17.0,1386.0,13.2,0.493,0.005,0.276,5.2,11.0,8.0,9.4,1.4,0.7,10.1,22.2,,0.7,1.2,1.9,0.067,,-1.2,-0.9,-2.0,0.0,274.0,613.0,0.447,0.0,3.0,0.0,274.0,610.0,0.449,0.447,130.0,169.0,0.769,69.0,141.0,210.0,85.0,40.0,17.0,77.0,127.0,678.0
