Tm,Unnamed: 0,Year,Player,Pos,Age,G,GS,MP,PER,TS%,3PAr,FTr,ORB%,DRB%,TRB%,AST%,STL%,BLK%,TOV%,USG%,blanl,OWS,DWS,WS,WS/48,blank2,OBPM,DBPM,BPM,VORP,FG,FGA,FG%,3P,3PA,3P%,2P,2PA,2P%,eFG%,FT,FTA,FT%,ORB,DRB,TRB,AST,STL,BLK,TOV,PF,PTS
SAS,8277,1986.0,Jeff Wilkins,C,30.0,27.0,4.0,522.0,6.7,0.42100000000000004,0.0,0.34299999999999997,7.6,19.8,13.9,4.3,0.7,1.1,11.5,13.4,,-0.2,0.4,0.2,0.02,,-4.7,-0.5,-5.2,-0.4,51.0,134.0,0.381,0.0,0.0,,51.0,134.0,0.381,0.381,28.0,46.0,0.609,34.0,93.0,127.0,18.0,8.0,10.0,20.0,71.0,130.0
TOT,8275,1986.0,Jeff Wilkins,C,30.0,75.0,4.0,1126.0,7.2,0.424,0.0,0.249,7.5,19.2,13.4,5.5,0.5,1.0,11.1,16.7,,-0.8,1.1,0.3,0.012,,-5.2,-1.1,-6.3,-1.2,147.0,374.0,0.39299999999999996,0.0,0.0,,147.0,374.0,0.39299999999999996,0.39299999999999996,58.0,93.0,0.624,74.0,198.0,272.0,46.0,11.0,21.0,52.0,157.0,352.0
UTA,8276,1986.0,Jeff Wilkins,C,30.0,82.0,62.0,2307.0,11.6,0.527,0.006,0.35,7.3,23.6,14.9,7.9,1.5,2.5,17.5,19.6,,0.5,2.4,2.4,0.07400000000000001,,-2.6,0.7,-2.9,-0.3,389.0,816.0,0.49,0.0,3.0,0.0,389.0,813.0,0.491,0.49,156.0,200.0,0.78,154.0,491.0,611.0,132.0,41.0,77.0,186.0,251.0,934.0
