Tm,Unnamed: 0,Year,Player,Pos,Age,G,GS,MP,PER,TS%,3PAr,FTr,ORB%,DRB%,TRB%,AST%,STL%,BLK%,TOV%,USG%,blanl,OWS,DWS,WS,WS/48,blank2,OBPM,DBPM,BPM,VORP,FG,FGA,FG%,3P,3PA,3P%,2P,2PA,2P%,eFG%,FT,FTA,FT%,ORB,DRB,TRB,AST,STL,BLK,TOV,PF,PTS
POR,7381,1984.0,Jeff Lamp,SF,24.0,64.0,1.0,690.0,12.7,0.561,0.05,0.311,4.4,8.3,6.2,11.7,1.6,0.4,16.8,20.9,,0.6,0.5,1.0,0.07400000000000001,,-1.4,-1.7,-3.8,-0.3,128.0,261.0,0.51,2.0,13.0,0.16699999999999998,126.0,248.0,0.513,0.51,60.0,67.0,0.8959999999999999,25.0,51.0,76.0,58.0,22.0,4.0,52.0,83.0,318.0
MIL,8107,1986.0,Jeff Lamp,SF,26.0,44.0,1.0,701.0,12.2,0.509,0.053,0.263,5.5,13.7,9.6,12.1,1.3,0.3,10.0,17.2,,0.8,1.0,1.8,0.124,,-0.7,-0.1,-0.8,0.2,109.0,243.0,0.449,3.0,13.0,0.231,106.0,230.0,0.461,0.455,55.0,64.0,0.8590000000000001,34.0,87.0,121.0,64.0,20.0,3.0,30.0,88.0,276.0
SAS,8108,1986.0,Jeff Lamp,SF,26.0,30.0,1.0,620.0,14.4,0.551,0.063,0.255,3.6,10.7,7.3,12.4,1.4,0.1,11.2,22.0,,0.8,0.4,1.2,0.09,,-0.3,-2.0,-2.3,0.0,136.0,271.0,0.502,4.0,17.0,0.235,132.0,254.0,0.52,0.509,56.0,69.0,0.812,19.0,60.0,79.0,53.0,19.0,1.0,38.0,67.0,332.0
TOT,8106,1986.0,Jeff Lamp,SF,26.0,74.0,2.0,1321.0,13.2,0.531,0.057999999999999996,0.259,4.6,12.3,8.5,12.3,1.4,0.2,10.6,19.5,,1.6,1.3,3.0,0.10800000000000001,,-0.5,-1.0,-1.5,0.2,245.0,514.0,0.47700000000000004,7.0,30.0,0.233,238.0,484.0,0.49200000000000005,0.483,111.0,133.0,0.835,53.0,147.0,200.0,117.0,39.0,4.0,68.0,155.0,608.0
LAL,9314,1989.0,Jeff Lamp,SF,29.0,37.0,0.0,176.0,9.2,1.136,0.057999999999999996,0.07200000000000001,4.1,16.6,10.8,11.3,2.2,0.6,18.3,20.5,,0.0,0.2,0.0,0.22699999999999998,,1.2,-0.4,-2.0,0.0,27.0,69.0,0.391,2.0,4.0,0.5,25.0,65.0,0.385,0.406,4.0,5.0,1.0,6.0,28.0,34.0,15.0,8.0,2.0,16.0,27.0,60.0
