Tm,Unnamed: 0,Year,Player,Pos,Age,G,GS,MP,PER,TS%,3PAr,FTr,ORB%,DRB%,TRB%,AST%,STL%,BLK%,TOV%,USG%,blanl,OWS,DWS,WS,WS/48,blank2,OBPM,DBPM,BPM,VORP,FG,FGA,FG%,3P,3PA,3P%,2P,2PA,2P%,eFG%,FT,FTA,FT%,ORB,DRB,TRB,AST,STL,BLK,TOV,PF,PTS
GSW,4551,1976.0,Jeff Mullins,SG,33.0,81.0,,3214.0,18.0,0.524,,0.301,3.9,7.0,6.2,21.9,2.2,0.6,,,,5.3,4.6,9.9,0.14800000000000002,,1.0,-1.4,-0.7,0.8,685.0,1466.0,0.493,,,,685.0,1466.0,0.493,0.493,350.0,441.0,0.875,86.0,190.0,444.0,471.0,69.0,22.0,,260.0,1720.0
SFW,3230,1971.0,Jeff Mullins,SG,28.0,79.0,,2916.0,18.9,0.5329999999999999,,0.298,,,5.2,18.9,,,,,,6.4,3.7,10.0,0.165,,,,,,697.0,1517.0,0.48200000000000004,,,,697.0,1517.0,0.48200000000000004,0.48200000000000004,381.0,452.0,0.847,,,460.0,360.0,,,,271.0,1775.0
STL,2294,1966.0,Jeff Mullins,SG,23.0,44.0,,587.0,13.2,0.456,,0.292,,,,16.4,,,,,,0.2,0.6,0.8,0.079,,,,,,113.0,296.0,0.41600000000000004,,,,113.0,296.0,0.41600000000000004,0.41600000000000004,41.0,61.0,0.8059999999999999,,,102.0,66.0,,,,68.0,255.0
