Tm,Unnamed: 0,Year,Player,Pos,Age,G,GS,MP,PER,TS%,3PAr,FTr,ORB%,DRB%,TRB%,AST%,STL%,BLK%,TOV%,USG%,blanl,OWS,DWS,WS,WS/48,blank2,OBPM,DBPM,BPM,VORP,FG,FGA,FG%,3P,3PA,3P%,2P,2PA,2P%,eFG%,FT,FTA,FT%,ORB,DRB,TRB,AST,STL,BLK,TOV,PF,PTS
BOS,5901,1980.0,Jeff Judkins,SF,23.0,81.0,0.0,1521.0,14.5,0.5670000000000001,0.098,0.275,5.4,8.9,7.0,13.6,2.4,0.4,14.3,21.1,,1.9,1.1,3.0,0.131,,0.2,-0.8,-0.7,0.5,295.0,587.0,0.504,11.0,27.0,0.40700000000000003,295.0,587.0,0.514,0.524,119.0,146.0,0.816,70.0,121.0,191.0,145.0,81.0,12.0,109.0,184.0,709.0
DET,6629,1982.0,Jeff Judkins,SF,25.0,30.0,0.0,251.0,7.7,0.42700000000000005,0.12300000000000001,0.321,5.9,9.0,7.4,7.2,1.1,1.1,8.9,15.8,,0.0,0.2,0.2,0.031,,-3.3,-1.5,-4.8,-0.2,31.0,81.0,0.38299999999999995,1.0,10.0,0.1,30.0,71.0,0.423,0.389,16.0,26.0,0.615,14.0,20.0,34.0,14.0,6.0,5.0,9.0,33.0,79.0
POR,7008,1983.0,Jeff Judkins,SF,26.0,34.0,0.0,309.0,10.9,0.519,0.091,0.341,6.5,9.1,7.8,7.3,2.3,0.4,14.4,15.5,,0.3,0.3,0.6,0.08900000000000001,,-1.4,-0.4,-1.8,0.0,39.0,88.0,0.44299999999999995,2.0,8.0,0.25,37.0,80.0,0.46299999999999997,0.455,25.0,30.0,0.833,18.0,25.0,43.0,17.0,15.0,2.0,17.0,39.0,105.0
UTA,6262,1981.0,Jeff Judkins,SF,24.0,62.0,,666.0,11.1,0.499,0.13,0.23600000000000002,5.1,10.9,8.0,12.5,1.2,0.2,11.2,17.4,,0.5,0.2,0.7,0.052000000000000005,,-1.7,-2.5,-4.2,-0.4,92.0,216.0,0.426,9.0,28.0,0.321,83.0,188.0,0.441,0.447,45.0,51.0,0.882,29.0,64.0,93.0,59.0,16.0,2.0,30.0,84.0,238.0
