Tm,Unnamed: 0,Year,Player,Pos,Age,G,GS,MP,PER,TS%,3PAr,FTr,ORB%,DRB%,TRB%,AST%,STL%,BLK%,TOV%,USG%,blanl,OWS,DWS,WS,WS/48,blank2,OBPM,DBPM,BPM,VORP,FG,FGA,FG%,3P,3PA,3P%,2P,2PA,2P%,eFG%,FT,FTA,FT%,ORB,DRB,TRB,AST,STL,BLK,TOV,PF,PTS
BOS,23100,2015.0,Jeff Green,SF,28.0,82.0,82.0,2805.0,15.0,0.561,0.33799999999999997,0.32899999999999996,3.4,13.6,8.6,9.6,1.3,2.4,12.5,23.8,,1.9,2.8,4.7,0.11800000000000001,,-0.1,0.5,-0.8,0.7,482.0,1171.0,0.485,135.0,396.0,0.385,347.0,775.0,0.514,0.51,283.0,356.0,0.84,55.0,326.0,380.0,138.0,57.0,68.0,165.0,180.0,1382.0
LAC,23713,2016.0,Jeff Green,SF,29.0,27.0,10.0,709.0,12.0,0.496,0.28800000000000003,0.243,3.0,10.9,7.0,8.9,1.3,2.3,7.5,20.4,,0.1,0.8,0.9,0.061,,-1.8,0.1,-1.7,0.1,114.0,267.0,0.42700000000000005,25.0,77.0,0.325,89.0,190.0,0.46799999999999997,0.474,40.0,65.0,0.615,19.0,72.0,91.0,40.0,18.0,21.0,24.0,62.0,293.0
MEM,23712,2016.0,Jeff Green,SF,29.0,53.0,37.0,1544.0,14.2,0.53,0.28,0.29100000000000004,3.9,14.4,8.9,10.5,1.3,1.3,9.9,20.5,,1.7,1.5,3.1,0.111,,0.3,-0.3,0.0,0.7,240.0,557.0,0.431,50.0,138.0,0.36200000000000004,198.0,421.0,0.47,0.478,124.0,155.0,0.825,55.0,186.0,241.0,98.0,40.0,21.0,69.0,102.0,646.0
OKC,20754,2011.0,Jeff Green,PF,24.0,82.0,82.0,3043.0,13.9,0.536,0.298,0.293,4.7,16.3,10.4,9.1,1.8,1.8,12.6,21.2,,2.5,4.2,6.6,0.105,,0.2,1.1,1.1,2.4,485.0,1070.0,0.45299999999999996,104.0,312.0,0.389,381.0,821.0,0.503,0.502,242.0,307.0,0.818,120.0,399.0,519.0,155.0,104.0,72.0,173.0,221.0,1290.0
ORL,24301,2017.0,Jeff Green,PF,30.0,69.0,11.0,1534.0,10.5,0.505,0.34600000000000003,0.301,2.7,12.8,7.6,8.1,1.2,0.7,10.6,20.3,,-0.2,0.9,0.7,0.022000000000000002,,-2.8,-1.8,-4.6,-1.0,220.0,558.0,0.39399999999999996,53.0,193.0,0.275,167.0,365.0,0.45799999999999996,0.442,145.0,168.0,0.863,39.0,175.0,214.0,81.0,37.0,13.0,75.0,103.0,638.0
SEA,18953,2008.0,Jeff Green,SF,21.0,80.0,52.0,2253.0,9.8,0.491,0.10099999999999999,0.318,4.9,13.4,9.2,8.2,1.0,1.6,15.6,19.4,,-1.3,1.5,0.2,0.003,,-3.3,0.1,-3.2,-0.7,320.0,749.0,0.42700000000000005,21.0,76.0,0.276,299.0,673.0,0.444,0.441,177.0,238.0,0.7440000000000001,101.0,278.0,379.0,119.0,46.0,49.0,158.0,198.0,838.0
TOT,23711,2016.0,Jeff Green,SF,29.0,80.0,70.0,2454.0,14.4,0.5379999999999999,0.302,0.298,3.7,13.5,8.8,10.0,1.3,1.5,9.6,21.9,,2.7,2.4,5.2,0.10099999999999999,,0.1,-0.4,-0.7,0.8,416.0,967.0,0.449,97.0,292.0,0.332,319.0,675.0,0.499,0.488,239.0,287.0,0.833,74.0,287.0,360.0,138.0,58.0,40.0,108.0,210.0,1168.0
