Tm,Unnamed: 0,Year,Player,Pos,Age,G,GS,MP,PER,TS%,3PAr,FTr,ORB%,DRB%,TRB%,AST%,STL%,BLK%,TOV%,USG%,blanl,OWS,DWS,WS,WS/48,blank2,OBPM,DBPM,BPM,VORP,FG,FGA,FG%,3P,3PA,3P%,2P,2PA,2P%,eFG%,FT,FTA,FT%,ORB,DRB,TRB,AST,STL,BLK,TOV,PF,PTS
PHO,10647,1992.0,Jeff Hornacek,SG,28.0,82.0,81.0,3078.0,19.6,0.596,0.152,0.34600000000000003,4.4,10.3,7.5,31.5,2.5,0.6,27.5,20.9,,7.8,3.8,11.6,0.182,,4.2,1.0,5.2,5.5,635.0,1240.0,0.536,83.0,189.0,0.439,552.0,1051.0,0.552,0.5579999999999999,279.0,315.0,0.897,106.0,301.0,407.0,540.0,158.0,31.0,170.0,218.0,1632.0
PHI,11558,1994.0,Jeff Hornacek,SG,30.0,79.0,78.0,2860.0,18.2,0.5529999999999999,0.23199999999999998,0.285,3.2,9.7,6.5,31.6,2.4,0.4,14.6,23.5,,4.5,1.8,6.3,0.106,,3.3,-1.0,2.3,3.1,582.0,1239.0,0.47,97.0,249.0,0.39,485.0,990.0,0.49700000000000005,0.509,250.0,289.0,0.873,84.0,258.0,342.0,548.0,131.0,21.0,222.0,203.0,1511.0
TOT,11557,1994.0,Jeff Hornacek,SG,30.0,80.0,62.0,2820.0,16.7,0.562,0.207,0.295,2.4,8.6,5.5,23.9,2.3,0.3,13.1,20.2,,5.1,1.8,6.9,0.11699999999999999,,2.3,-0.8,1.5,2.5,472.0,1004.0,0.47,70.0,208.0,0.337,402.0,796.0,0.505,0.505,260.0,296.0,0.878,60.0,219.0,279.0,419.0,127.0,13.0,171.0,186.0,1274.0
UTA,14675,2000.0,Jeff Hornacek,SG,36.0,82.0,82.0,2696.0,19.3,0.62,0.253,0.389,3.5,10.1,6.8,24.7,2.6,0.8,13.8,20.8,,7.9,3.0,10.2,0.19,,4.7,0.4,4.5,4.4,482.0,937.0,0.514,104.0,223.0,0.478,393.0,718.0,0.547,0.562,293.0,326.0,0.95,65.0,205.0,270.0,361.0,129.0,26.0,145.0,188.0,1337.0
