Tm,Unnamed: 0,Year,Player,Pos,Age,G,GS,MP,PER,TS%,3PAr,FTr,ORB%,DRB%,TRB%,AST%,STL%,BLK%,TOV%,USG%,blanl,OWS,DWS,WS,WS/48,blank2,OBPM,DBPM,BPM,VORP,FG,FGA,FG%,3P,3PA,3P%,2P,2PA,2P%,eFG%,FT,FTA,FT%,ORB,DRB,TRB,AST,STL,BLK,TOV,PF,PTS
GSW,20501,2011.0,Jeff Adrien,PF,24.0,23.0,0.0,196.0,11.3,0.457,0.0,0.35200000000000004,13.0,20.7,16.8,7.3,1.0,1.9,12.6,16.1,,0.1,0.1,0.2,0.051,,-3.9,-1.2,-5.1,-0.2,23.0,54.0,0.426,0.0,0.0,,23.0,54.0,0.426,0.426,11.0,19.0,0.579,23.0,35.0,58.0,10.0,4.0,5.0,9.0,28.0,57.0
HOU,21127,2012.0,Jeff Adrien,PF,25.0,8.0,0.0,63.0,11.2,0.493,0.0,0.75,9.1,31.6,20.3,2.4,0.0,2.4,8.6,16.8,,0.1,0.1,0.1,0.106,,-5.4,-2.3,-7.7,-0.1,7.0,16.0,0.43799999999999994,0.0,0.0,,7.0,16.0,0.43799999999999994,0.43799999999999994,7.0,12.0,0.583,5.0,17.0,22.0,1.0,0.0,2.0,2.0,13.0,21.0
CHA,22258,2014.0,Jeff Adrien,PF,27.0,52.0,5.0,713.0,14.9,0.5589999999999999,0.012,0.625,14.5,24.4,19.4,8.3,1.4,4.6,13.6,15.6,,0.5,0.5,1.0,0.17,,-2.5,2.9,0.4,0.2,72.0,168.0,0.55,0.0,2.0,0.0,72.0,166.0,0.55,0.55,65.0,100.0,0.65,68.0,128.0,196.0,36.0,18.0,27.0,32.0,80.0,209.0
MIL,22259,2014.0,Jeff Adrien,PF,27.0,28.0,12.0,705.0,18.4,0.552,0.0,0.4,10.9,25.0,17.7,7.7,1.3,2.4,10.1,19.7,,1.2,0.6,1.8,0.121,,-0.9,-0.7,-1.6,0.1,121.0,235.0,0.515,0.0,0.0,,121.0,235.0,0.515,0.515,63.0,94.0,0.67,69.0,149.0,218.0,31.0,17.0,21.0,31.0,73.0,305.0
TOT,22257,2014.0,Jeff Adrien,PF,27.0,53.0,12.0,961.0,17.4,0.5529999999999999,0.0,0.433,11.8,24.8,18.2,6.8,1.3,3.0,10.6,17.3,,1.6,1.1,2.7,0.134,,-1.4,0.3,-1.1,0.2,143.0,275.0,0.52,0.0,0.0,,143.0,275.0,0.52,0.52,76.0,119.0,0.639,102.0,204.0,306.0,38.0,24.0,36.0,39.0,108.0,362.0
MIN,22868,2015.0,Jeff Adrien,PF,28.0,17.0,0.0,215.0,14.2,0.494,0.0,0.8640000000000001,11.9,29.6,20.5,10.5,0.9,3.3,12.9,14.3,,0.2,0.2,0.4,0.087,,-2.7,0.5,-2.2,0.0,19.0,44.0,0.43200000000000005,0.0,0.0,,19.0,44.0,0.43200000000000005,0.43200000000000005,22.0,38.0,0.579,23.0,54.0,77.0,15.0,4.0,9.0,9.0,30.0,60.0
