Tm,Unnamed: 0,Year,Player,Pos,Age,G,GS,MP,PER,TS%,3PAr,FTr,ORB%,DRB%,TRB%,AST%,STL%,BLK%,TOV%,USG%,blanl,OWS,DWS,WS,WS/48,blank2,OBPM,DBPM,BPM,VORP,FG,FGA,FG%,3P,3PA,3P%,2P,2PA,2P%,eFG%,FT,FTA,FT%,ORB,DRB,TRB,AST,STL,BLK,TOV,PF,PTS
ATL,22199,2013.0,Jeremy Tyler,C,21.0,1.0,0.0,5.0,8.5,,,,0.0,67.7,34.3,0.0,0.0,0.0,,0.0,,0.0,0.0,0.0,0.122,,-13.8,-2.6,-16.4,0.0,0.0,0.0,,0.0,0.0,,0.0,0.0,,,0.0,0.0,,0.0,3.0,3.0,0.0,0.0,0.0,0.0,0.0,0.0
GSW,22198,2013.0,Jeremy Tyler,C,21.0,42.0,23.0,568.0,10.4,0.442,0.005,0.25,10.8,18.7,14.9,4.5,1.5,2.7,18.4,23.2,,-0.2,0.4,-0.1,-0.013999999999999999,,-5.3,-1.6,-7.0,-0.2,88.0,209.0,0.42100000000000004,0.0,1.0,0.0,88.0,208.0,0.423,0.42100000000000004,29.0,52.0,0.667,54.0,86.0,140.0,16.0,16.0,20.0,36.0,84.0,205.0
NYK,22810,2014.0,Jeremy Tyler,C,22.0,41.0,0.0,398.0,13.0,0.532,0.0,0.414,10.9,21.6,16.1,3.3,0.8,4.5,15.9,19.1,,0.1,0.4,0.5,0.064,,-4.3,-0.8,-5.1,-0.3,60.0,116.0,0.517,0.0,0.0,,60.0,116.0,0.517,0.517,26.0,48.0,0.542,38.0,71.0,109.0,8.0,6.0,20.0,26.0,70.0,146.0
TOT,22197,2013.0,Jeremy Tyler,C,21.0,21.0,0.0,68.0,6.2,0.413,0.0,0.25,10.0,22.3,16.3,2.3,0.7,2.3,18.4,21.5,,-0.2,0.1,-0.1,-0.049,,-9.5,-2.4,-11.9,-0.2,9.0,24.0,0.375,0.0,0.0,,9.0,24.0,0.375,0.375,4.0,6.0,0.667,6.0,14.0,20.0,1.0,1.0,2.0,6.0,10.0,22.0
