Tm,Unnamed: 0,Year,Player,Pos,Age,G,GS,MP,PER,TS%,3PAr,FTr,ORB%,DRB%,TRB%,AST%,STL%,BLK%,TOV%,USG%,blanl,OWS,DWS,WS,WS/48,blank2,OBPM,DBPM,BPM,VORP,FG,FGA,FG%,3P,3PA,3P%,2P,2PA,2P%,eFG%,FT,FTA,FT%,ORB,DRB,TRB,AST,STL,BLK,TOV,PF,PTS
MEM,21515,2012.0,Jeremy Pargo,PG,25.0,44.0,5.0,424.0,4.4,0.389,0.253,0.18,3.2,7.0,5.1,20.2,1.9,0.0,22.1,22.2,,-1.1,0.4,-0.8,-0.085,,-5.7,-2.0,-7.7,-0.6,50.0,150.0,0.33299999999999996,10.0,38.0,0.263,40.0,112.0,0.35700000000000004,0.36700000000000005,16.0,27.0,0.593,12.0,25.0,37.0,55.0,15.0,0.0,46.0,46.0,126.0
CLE,22081,2013.0,Jeremy Pargo,PG,26.0,25.0,11.0,447.0,11.3,0.478,0.305,0.21899999999999997,1.7,6.8,4.1,24.2,1.4,0.4,15.3,24.1,,-0.1,0.1,-0.1,-0.006,,-1.6,-4.0,-5.6,-0.4,75.0,187.0,0.401,18.0,57.0,0.316,57.0,130.0,0.43799999999999994,0.449,28.0,41.0,0.6829999999999999,7.0,25.0,32.0,64.0,12.0,2.0,37.0,32.0,196.0
PHI,22082,2013.0,Jeremy Pargo,SG,26.0,14.0,0.0,208.0,8.4,0.478,0.27,0.33299999999999996,0.5,8.9,4.6,20.4,0.3,0.0,15.3,18.9,,0.0,0.1,0.0,0.006,,-4.1,-3.7,-7.8,-0.3,24.0,63.0,0.381,7.0,17.0,0.41200000000000003,17.0,46.0,0.37,0.43700000000000006,14.0,21.0,0.667,1.0,16.0,17.0,28.0,1.0,0.0,13.0,14.0,69.0
TOT,22080,2013.0,Jeremy Pargo,PG-SG,26.0,39.0,11.0,655.0,10.4,0.478,0.29600000000000004,0.248,1.3,7.5,4.3,23.0,1.0,0.2,15.3,22.5,,-0.2,0.1,0.0,-0.002,,-2.4,-3.9,-6.3,-0.7,99.0,250.0,0.396,25.0,74.0,0.33799999999999997,74.0,176.0,0.42,0.446,42.0,62.0,0.677,8.0,41.0,49.0,92.0,13.0,2.0,50.0,46.0,265.0
