Tm,Unnamed: 0,Year,Player,Pos,Age,G,GS,MP,PER,TS%,3PAr,FTr,ORB%,DRB%,TRB%,AST%,STL%,BLK%,TOV%,USG%,blanl,OWS,DWS,WS,WS/48,blank2,OBPM,DBPM,BPM,VORP,FG,FGA,FG%,3P,3PA,3P%,2P,2PA,2P%,eFG%,FT,FTA,FT%,ORB,DRB,TRB,AST,STL,BLK,TOV,PF,PTS
POR,18624,2007.0,Jeremy Richardson,SF,22.0,1.0,0.0,1.0,0.0,,,,0.0,0.0,0.0,0.0,0.0,0.0,,0.0,,0.0,0.0,0.0,-0.021,,-5.7,-0.2,-5.8,0.0,0.0,0.0,,0.0,0.0,,0.0,0.0,,,0.0,0.0,,0.0,0.0,0.0,0.0,0.0,0.0,0.0,0.0,0.0
ATL,19197,2008.0,Jeremy Richardson,SG,23.0,19.0,0.0,88.0,14.5,0.667,0.5,0.0,6.3,7.9,6.3,0.0,2.8,0.0,14.3,18.6,,0.0,0.0,0.0,0.105,,0.3,-4.6,-4.2,0.0,13.0,31.0,0.5,5.0,12.0,0.667,8.0,19.0,0.42100000000000004,0.667,0.0,0.0,,1.0,6.0,7.0,0.0,2.0,0.0,5.0,6.0,31.0
MEM,19195,2008.0,Jeremy Richardson,SF,23.0,3.0,0.0,15.0,-18.1,0.0,0.33299999999999996,0.0,0.0,7.5,3.7,8.6,0.0,0.0,14.3,20.7,,-0.2,0.0,-0.2,-0.505,,-18.1,-4.7,-22.7,-0.1,0.0,6.0,0.0,0.0,2.0,0.0,0.0,4.0,0.0,0.0,0.0,0.0,,0.0,1.0,1.0,1.0,0.0,0.0,1.0,2.0,0.0
SAS,19196,2008.0,Jeremy Richardson,SG,23.0,5.0,1.0,29.0,11.0,0.635,0.7140000000000001,0.28600000000000003,0.0,4.0,2.0,5.4,1.9,0.0,0.0,13.0,,0.1,0.0,0.1,0.18899999999999997,,1.3,-1.3,0.0,0.0,3.0,7.0,0.429,2.0,5.0,0.4,1.0,2.0,0.5,0.5710000000000001,2.0,2.0,1.0,0.0,1.0,1.0,1.0,1.0,0.0,0.0,5.0,10.0
TOT,19194,2008.0,Jeremy Richardson,SG-SF,23.0,27.0,1.0,132.0,13.8,0.667,0.5,0.045,5.9,7.0,6.0,2.2,2.7,0.0,14.3,17.6,,0.0,0.1,0.0,0.099,,0.0,-4.3,-4.3,0.0,16.0,44.0,0.5,7.0,19.0,0.667,9.0,25.0,0.36,0.667,2.0,2.0,1.0,1.0,8.0,9.0,2.0,3.0,0.0,6.0,13.0,41.0
ORL,19784,2009.0,Jeremy Richardson,SF,24.0,12.0,0.0,93.0,2.8,0.358,0.34700000000000003,0.122,1.2,15.4,8.5,5.5,0.0,0.0,5.5,27.1,,-0.3,0.1,-0.2,-0.107,,-8.7,-4.1,-12.7,-0.3,14.0,49.0,0.28600000000000003,6.0,17.0,0.353,8.0,32.0,0.25,0.34700000000000003,3.0,6.0,0.5,1.0,13.0,14.0,3.0,0.0,0.0,3.0,6.0,37.0
