Tm,Unnamed: 0,Year,Player,Pos,Age,G,GS,MP,PER,TS%,3PAr,FTr,ORB%,DRB%,TRB%,AST%,STL%,BLK%,TOV%,USG%,blanl,OWS,DWS,WS,WS/48,blank2,OBPM,DBPM,BPM,VORP,FG,FGA,FG%,3P,3PA,3P%,2P,2PA,2P%,eFG%,FT,FTA,FT%,ORB,DRB,TRB,AST,STL,BLK,TOV,PF,PTS
DAL,23664,2016.0,Jeremy Evans,SF,28.0,30.0,2.0,251.0,12.6,0.62,0.33299999999999996,0.43799999999999994,4.8,18.8,11.8,1.2,1.2,3.0,10.9,11.7,,0.3,0.3,0.6,0.11900000000000001,,-2.8,0.2,-2.6,0.0,26.0,48.0,0.542,4.0,16.0,0.25,22.0,32.0,0.688,0.583,15.0,21.0,0.7140000000000001,11.0,43.0,54.0,2.0,6.0,9.0,7.0,19.0,71.0
UTA,23048,2015.0,Jeremy Evans,SF,27.0,66.0,4.0,1209.0,20.5,0.6779999999999999,0.086,0.75,14.0,19.4,15.8,9.1,2.2,8.8,12.6,15.3,,1.9,1.0,2.8,0.24100000000000002,,1.6,4.7,5.7,0.6,175.0,332.0,0.6609999999999999,2.0,5.0,0.4,175.0,330.0,0.667,0.6609999999999999,51.0,75.0,0.828,120.0,190.0,310.0,44.0,42.0,46.0,40.0,139.0,401.0
