Tm,Unnamed: 0,Year,Player,Pos,Age,G,GS,MP,PER,TS%,3PAr,FTr,ORB%,DRB%,TRB%,AST%,STL%,BLK%,TOV%,USG%,blanl,OWS,DWS,WS,WS/48,blank2,OBPM,DBPM,BPM,VORP,FG,FGA,FG%,3P,3PA,3P%,2P,2PA,2P%,eFG%,FT,FTA,FT%,ORB,DRB,TRB,AST,STL,BLK,TOV,PF,PTS
CHA,18864,2008.0,Jermareo Davidson,SF,23.0,38.0,2.0,322.0,9.8,0.43700000000000006,0.0,0.22399999999999998,7.5,14.7,11.1,6.9,1.1,3.5,11.0,21.9,,-0.4,0.3,-0.1,-0.012,,-6.0,-0.9,-7.0,-0.4,51.0,125.0,0.408,0.0,0.0,,51.0,125.0,0.408,0.408,18.0,28.0,0.643,21.0,41.0,62.0,13.0,7.0,15.0,17.0,46.0,120.0
GSW,19475,2009.0,Jermareo Davidson,SF,24.0,14.0,0.0,111.0,12.3,0.494,0.0,0.486,9.8,23.5,16.7,1.4,0.9,1.9,10.5,18.3,,0.0,0.1,0.1,0.036000000000000004,,-5.4,-4.1,-9.4,-0.2,17.0,35.0,0.486,0.0,0.0,,17.0,35.0,0.486,0.486,8.0,17.0,0.47100000000000003,10.0,24.0,34.0,1.0,2.0,3.0,5.0,12.0,42.0
