Tm,Unnamed: 0,Year,Player,Pos,Age,G,GS,MP,PER,TS%,3PAr,FTr,ORB%,DRB%,TRB%,AST%,STL%,BLK%,TOV%,USG%,blanl,OWS,DWS,WS,WS/48,blank2,OBPM,DBPM,BPM,VORP,FG,FGA,FG%,3P,3PA,3P%,2P,2PA,2P%,eFG%,FT,FTA,FT%,ORB,DRB,TRB,AST,STL,BLK,TOV,PF,PTS
HOU,21032,2011.0,Jermaine Taylor,SG,24.0,31.0,4.0,303.0,13.3,0.563,0.185,0.387,7.7,11.8,8.7,8.4,1.7,1.8,14.8,23.3,,0.0,0.2,0.1,0.027000000000000003,,-3.5,-1.9,-5.5,-0.1,45.0,119.0,0.5,5.0,22.0,0.4,40.0,97.0,0.519,0.531,33.0,46.0,0.833,21.0,25.0,46.0,16.0,10.0,3.0,19.0,15.0,128.0
SAC,21033,2011.0,Jermaine Taylor,SG,24.0,26.0,8.0,406.0,12.0,0.53,0.244,0.134,6.8,8.1,7.4,12.4,1.5,0.5,18.7,22.8,,-0.1,0.2,0.1,0.011000000000000001,,-1.5,-2.0,-3.5,-0.2,78.0,164.0,0.47600000000000003,12.0,40.0,0.3,66.0,124.0,0.532,0.512,16.0,22.0,0.727,25.0,28.0,53.0,30.0,12.0,3.0,40.0,35.0,184.0
TOT,21031,2011.0,Jermaine Taylor,SG,24.0,34.0,8.0,483.0,12.2,0.535,0.23,0.14300000000000002,6.0,8.7,7.3,11.1,1.5,0.7,18.1,22.9,,-0.1,0.3,0.1,0.013999999999999999,,-1.9,-2.1,-4.0,-0.2,94.0,196.0,0.48,14.0,45.0,0.311,80.0,151.0,0.53,0.515,21.0,28.0,0.75,26.0,36.0,62.0,32.0,14.0,5.0,46.0,39.0,223.0
