Tm,Unnamed: 0,Year,Player,Pos,Age,G,GS,MP,PER,TS%,3PAr,FTr,ORB%,DRB%,TRB%,AST%,STL%,BLK%,TOV%,USG%,blanl,OWS,DWS,WS,WS/48,blank2,OBPM,DBPM,BPM,VORP,FG,FGA,FG%,3P,3PA,3P%,2P,2PA,2P%,eFG%,FT,FTA,FT%,ORB,DRB,TRB,AST,STL,BLK,TOV,PF,PTS
UTA,6066,1980.0,Jerome Whitehead,C,23.0,32.0,,328.0,6.2,0.43799999999999994,0.0,0.24600000000000002,10.0,24.0,17.3,7.2,1.0,1.9,26.8,13.7,,-0.5,0.3,-0.2,-0.031,,-5.7,-0.2,-5.9,-0.3,31.0,69.0,0.449,0.0,0.0,,31.0,69.0,0.449,0.449,5.0,17.0,0.294,27.0,70.0,97.0,18.0,7.0,11.0,28.0,65.0,67.0
CLE,6430,1981.0,Jerome Whitehead,C,24.0,3.0,,8.0,5.6,0.33299999999999996,0.0,0.0,26.3,14.5,20.7,0.0,5.9,0.0,0.0,15.1,,0.0,0.0,0.0,0.11800000000000001,,-1.6,-2.8,-4.4,0.0,1.0,3.0,0.33299999999999996,0.0,0.0,,1.0,3.0,0.33299999999999996,0.33299999999999996,0.0,0.0,,2.0,1.0,3.0,0.0,1.0,0.0,0.0,6.0,2.0
DAL,6429,1981.0,Jerome Whitehead,C,24.0,7.0,,118.0,6.0,0.43200000000000005,0.0,0.289,7.4,20.0,13.5,2.5,1.6,0.5,20.4,19.1,,-0.3,0.1,-0.2,-0.07200000000000001,,-7.2,-2.2,-9.4,-0.2,16.0,38.0,0.42100000000000004,0.0,0.0,,16.0,38.0,0.42100000000000004,0.42100000000000004,5.0,11.0,0.455,8.0,20.0,28.0,2.0,4.0,1.0,11.0,16.0,37.0
SDC,7536,1984.0,Jerome Whitehead,C,27.0,72.0,63.0,2214.0,16.7,0.599,0.006999999999999999,0.529,13.5,29.3,18.9,6.4,1.3,1.4,22.1,17.9,,4.4,0.9,5.3,0.114,,1.2,0.0,0.2,1.2,406.0,726.0,0.6,0.0,1.0,0.0,406.0,726.0,0.6,0.6,184.0,241.0,0.828,231.0,433.0,664.0,102.0,48.0,44.0,141.0,290.0,996.0
GSW,9519,1989.0,Jerome Whitehead,C,32.0,81.0,78.0,2536.0,12.6,0.5529999999999999,0.003,0.34600000000000003,12.7,24.4,16.5,5.5,1.2,1.0,22.5,18.4,,2.7,0.9,3.6,0.069,,-1.4,-0.8,-3.0,-0.1,421.0,825.0,0.51,0.0,1.0,0.0,421.0,825.0,0.51,0.51,184.0,235.0,0.7829999999999999,219.0,403.0,622.0,53.0,45.0,43.0,141.0,322.0,1026.0
SAS,9520,1989.0,Jerome Whitehead,C,32.0,52.0,4.0,580.0,7.2,0.429,0.0,0.256,8.9,15.9,12.2,3.9,1.7,0.4,10.1,14.6,,-0.1,0.5,0.4,0.034,,-4.8,-1.4,-6.2,-0.6,69.0,176.0,0.392,0.0,0.0,,69.0,176.0,0.392,0.392,30.0,45.0,0.667,49.0,80.0,129.0,17.0,22.0,4.0,22.0,107.0,168.0
TOT,9518,1989.0,Jerome Whitehead,C,32.0,57.0,4.0,688.0,8.4,0.48700000000000004,0.006,0.311,11.4,27.5,18.0,5.7,1.7,1.7,21.8,15.5,,-0.2,0.8,0.4,0.032,,-4.0,-0.4,-4.9,-0.4,83.0,182.0,0.509,0.0,1.0,0.0,83.0,182.0,0.509,0.509,31.0,56.0,0.66,58.0,156.0,214.0,26.0,23.0,17.0,56.0,122.0,194.0
