Tm,Unnamed: 0,Year,Player,Pos,Age,G,GS,MP,PER,TS%,3PAr,FTr,ORB%,DRB%,TRB%,AST%,STL%,BLK%,TOV%,USG%,blanl,OWS,DWS,WS,WS/48,blank2,OBPM,DBPM,BPM,VORP,FG,FGA,FG%,3P,3PA,3P%,2P,2PA,2P%,eFG%,FT,FTA,FT%,ORB,DRB,TRB,AST,STL,BLK,TOV,PF,PTS
GSW,12534,1996.0,Jerome Kersey,SF,33.0,76.0,58.0,1620.0,13.1,0.452,0.034,0.294,10.8,15.0,12.9,10.9,2.9,2.0,11.7,17.2,,0.6,1.8,2.4,0.071,,-1.4,1.8,0.4,1.0,205.0,500.0,0.41,3.0,17.0,0.17600000000000002,202.0,483.0,0.418,0.413,97.0,147.0,0.66,154.0,209.0,363.0,114.0,91.0,45.0,75.0,205.0,510.0
LAL,13104,1997.0,Jerome Kersey,SF,34.0,70.0,44.0,1766.0,12.3,0.475,0.145,0.263,7.3,16.1,11.7,7.8,3.5,2.1,12.9,14.6,,0.4,3.4,3.8,0.102,,-1.9,3.3,1.4,1.5,194.0,449.0,0.43200000000000005,17.0,65.0,0.262,177.0,384.0,0.461,0.451,71.0,118.0,0.602,112.0,251.0,363.0,89.0,119.0,49.0,74.0,219.0,476.0
MIL,15217,2001.0,Jerome Kersey,SF,38.0,22.0,2.0,243.0,12.9,0.473,0.013999999999999999,0.23199999999999998,3.8,17.1,10.5,9.4,3.0,2.4,7.3,15.3,,0.2,0.3,0.5,0.10099999999999999,,-2.6,1.4,-1.2,0.1,32.0,69.0,0.46399999999999997,0.0,1.0,0.0,32.0,68.0,0.47100000000000003,0.46399999999999997,8.0,16.0,0.5,8.0,37.0,45.0,15.0,14.0,8.0,6.0,36.0,72.0
POR,12052,1995.0,Jerome Kersey,SF,32.0,82.0,82.0,2888.0,18.5,0.589,0.055,0.49700000000000005,12.7,18.4,14.1,13.4,3.2,2.4,16.5,22.5,,4.8,4.7,8.8,0.14800000000000002,,1.5,3.0,3.5,3.6,611.0,1225.0,0.5489999999999999,8.0,28.0,0.308,608.0,1210.0,0.556,0.5489999999999999,291.0,396.0,0.7659999999999999,251.0,446.0,690.0,243.0,137.0,84.0,167.0,328.0,1516.0
SAS,14717,2000.0,Jerome Kersey,SF,37.0,72.0,18.0,1310.0,10.0,0.431,0.07,0.11599999999999999,7.2,13.9,10.4,9.4,2.9,2.5,12.7,15.7,,-0.5,2.6,2.1,0.077,,-3.2,3.5,0.2,0.7,146.0,354.0,0.41200000000000003,3.0,14.0,0.214,146.0,345.0,0.423,0.41200000000000003,29.0,41.0,0.7070000000000001,58.0,167.0,225.0,69.0,67.0,47.0,51.0,161.0,321.0
SEA,13662,1998.0,Jerome Kersey,SF,35.0,37.0,2.0,717.0,12.6,0.447,0.043,0.27899999999999997,9.5,12.9,11.3,9.6,3.9,1.5,12.1,19.2,,0.0,1.2,1.2,0.079,,-2.1,1.8,-0.3,0.3,97.0,233.0,0.41600000000000004,1.0,10.0,0.1,96.0,223.0,0.43,0.418,39.0,65.0,0.6,56.0,79.0,135.0,44.0,52.0,14.0,36.0,104.0,234.0
