Tm,Unnamed: 0,Year,Player,Pos,Age,G,GS,MP,PER,TS%,3PAr,FTr,ORB%,DRB%,TRB%,AST%,STL%,BLK%,TOV%,USG%,blanl,OWS,DWS,WS,WS/48,blank2,OBPM,DBPM,BPM,VORP,FG,FGA,FG%,3P,3PA,3P%,2P,2PA,2P%,eFG%,FT,FTA,FT%,ORB,DRB,TRB,AST,STL,BLK,TOV,PF,PTS
SAC,14184,1999.0,Jerome James,C,23.0,16.0,0.0,42.0,11.5,0.41,0.0,0.5,15.1,27.5,21.3,4.2,2.4,9.1,23.5,38.9,,-0.2,0.1,-0.1,-0.13699999999999998,,-12.5,0.3,-12.2,-0.1,9.0,24.0,0.375,0.0,0.0,,9.0,24.0,0.375,0.375,6.0,12.0,0.5,6.0,11.0,17.0,1.0,2.0,6.0,9.0,11.0,24.0
SEA,17343,2005.0,Jerome James,C,29.0,80.0,80.0,1330.0,13.1,0.535,0.006,0.397,11.8,21.5,16.6,6.1,1.4,8.4,21.6,21.3,,0.1,1.3,1.2,0.052000000000000005,,-3.7,3.0,-1.8,0.1,174.0,342.0,0.509,0.0,2.0,0.0,174.0,340.0,0.512,0.509,66.0,100.0,0.723,89.0,160.0,241.0,32.0,25.0,111.0,88.0,279.0,395.0
NYK,19610,2009.0,Jerome James,C,33.0,45.0,11.0,406.0,45.3,1.064,0.0,2.0,11.6,70.6,34.2,5.2,5.0,7.3,26.9,39.2,,0.1,0.3,0.1,0.613,,1.9,-0.4,-6.5,0.0,56.0,121.0,1.0,0.0,0.0,,56.0,121.0,1.0,1.0,25.0,40.0,1.0,39.0,52.0,91.0,12.0,6.0,23.0,51.0,104.0,137.0
