Tm,Unnamed: 0,Year,Player,Pos,Age,G,GS,MP,PER,TS%,3PAr,FTr,ORB%,DRB%,TRB%,AST%,STL%,BLK%,TOV%,USG%,blanl,OWS,DWS,WS,WS/48,blank2,OBPM,DBPM,BPM,VORP,FG,FGA,FG%,3P,3PA,3P%,2P,2PA,2P%,eFG%,FT,FTA,FT%,ORB,DRB,TRB,AST,STL,BLK,TOV,PF,PTS
DEN,12845,1997.0,Jerome Allen,SG,24.0,25.0,0.0,251.0,8.9,0.376,0.45899999999999996,0.33799999999999997,5.5,9.4,7.5,26.3,0.8,1.1,13.3,17.4,,-0.1,0.0,-0.1,-0.019,,-2.5,-2.5,-5.1,-0.2,21.0,74.0,0.284,7.0,34.0,0.20600000000000002,14.0,40.0,0.35,0.331,15.0,25.0,0.6,12.0,21.0,33.0,43.0,4.0,4.0,13.0,17.0,64.0
IND,12844,1997.0,Jerome Allen,SG,24.0,51.0,1.0,692.0,8.7,0.489,0.401,0.32,2.3,8.8,5.6,24.9,2.1,0.0,25.0,14.9,,-0.2,0.7,0.5,0.035,,-2.3,-0.6,-2.9,-0.2,57.0,147.0,0.38799999999999996,23.0,59.0,0.39,34.0,88.0,0.386,0.466,27.0,47.0,0.574,13.0,52.0,65.0,109.0,27.0,0.0,56.0,67.0,164.0
MIN,12297,1996.0,Jerome Allen,SG,23.0,41.0,0.0,362.0,7.8,0.447,0.314,0.34299999999999997,1.7,6.6,4.1,20.8,3.0,1.1,22.0,19.0,,-0.5,0.3,-0.3,-0.033,,-4.4,-1.6,-6.1,-0.4,36.0,105.0,0.34299999999999997,10.0,33.0,0.303,26.0,72.0,0.361,0.39,26.0,36.0,0.722,5.0,20.0,25.0,49.0,21.0,5.0,34.0,42.0,108.0
TOT,12843,1997.0,Jerome Allen,SG,24.0,76.0,1.0,943.0,8.7,0.451,0.42100000000000004,0.326,3.1,9.0,6.1,25.3,1.8,0.3,21.4,15.6,,-0.3,0.8,0.4,0.021,,-2.3,-1.1,-3.5,-0.3,78.0,221.0,0.353,30.0,93.0,0.32299999999999995,48.0,128.0,0.375,0.42100000000000004,42.0,72.0,0.583,25.0,73.0,98.0,152.0,31.0,4.0,69.0,84.0,228.0
