Tm,Unnamed: 0,Year,Player,Pos,Age,G,GS,MP,PER,TS%,3PAr,FTr,ORB%,DRB%,TRB%,AST%,STL%,BLK%,TOV%,USG%,blanl,OWS,DWS,WS,WS/48,blank2,OBPM,DBPM,BPM,VORP,FG,FGA,FG%,3P,3PA,3P%,2P,2PA,2P%,eFG%,FT,FTA,FT%,ORB,DRB,TRB,AST,STL,BLK,TOV,PF,PTS
BOS,15302,2001.0,Jerome Moiso,C,22.0,24.0,0.0,135.0,3.2,0.42200000000000004,0.033,0.867,9.9,27.1,18.1,3.6,1.2,2.3,30.3,20.0,,-0.4,0.2,-0.3,-0.096,,-10.5,-1.4,-11.9,-0.3,12.0,30.0,0.4,0.0,1.0,0.0,12.0,29.0,0.414,0.4,11.0,26.0,0.423,12.0,30.0,42.0,3.0,3.0,4.0,18.0,29.0,35.0
CHH,15820,2002.0,Jerome Moiso,C,23.0,15.0,0.0,76.0,5.9,0.4,0.0,0.0,6.0,31.5,18.8,8.4,2.1,1.9,28.6,16.8,,-0.2,0.2,-0.1,-0.04,,-9.0,1.9,-7.1,-0.1,8.0,20.0,0.4,0.0,0.0,,8.0,20.0,0.4,0.4,0.0,0.0,,4.0,21.0,25.0,4.0,3.0,2.0,8.0,12.0,16.0
CLE,17435,2005.0,Jerome Moiso,PF,26.0,4.0,0.0,27.0,15.3,0.6,0.0,0.0,4.3,26.8,15.3,5.8,2.0,5.5,0.0,8.4,,0.0,0.1,0.1,0.18100000000000002,,-2.7,3.2,0.5,0.0,3.0,5.0,0.6,0.0,0.0,,3.0,5.0,0.6,0.6,0.0,0.0,,1.0,6.0,7.0,1.0,1.0,2.0,0.0,4.0,6.0
NJN,17434,2005.0,Jerome Moiso,C,26.0,8.0,0.0,24.0,17.0,0.6940000000000001,0.0,1.0,14.8,20.3,17.5,0.0,0.0,3.4,14.8,13.2,,0.1,0.0,0.1,0.174,,-3.6,-4.1,-7.7,0.0,3.0,4.0,0.75,0.0,0.0,,3.0,4.0,0.75,0.75,2.0,4.0,0.5,3.0,4.0,7.0,0.0,0.0,1.0,1.0,2.0,8.0
NOH,16303,2003.0,Jerome Moiso,C,24.0,51.0,1.0,644.0,14.5,0.542,0.0,0.24,10.5,21.7,16.1,5.8,1.6,4.9,19.6,16.6,,0.3,1.2,1.5,0.109,,-3.4,2.2,-1.2,0.1,89.0,171.0,0.52,0.0,0.0,,89.0,171.0,0.52,0.52,27.0,41.0,0.659,59.0,119.0,178.0,22.0,19.0,44.0,46.0,87.0,205.0
TOR,17433,2005.0,Jerome Moiso,PF,26.0,35.0,1.0,417.0,12.3,0.54,0.111,1.0,11.3,28.4,18.9,3.4,2.3,3.1,31.6,14.6,,0.0,0.8,0.8,0.09,,-4.8,1.3,-3.5,-0.1,40.0,84.0,0.47600000000000003,0.0,1.0,0.0,40.0,83.0,0.48200000000000004,0.47600000000000003,22.0,38.0,0.889,41.0,72.0,113.0,8.0,17.0,12.0,25.0,42.0,102.0
TOT,17432,2005.0,Jerome Moiso,C-PF,26.0,20.0,1.0,120.0,12.3,0.59,0.055999999999999994,0.722,9.5,26.4,17.8,1.3,1.3,3.7,22.8,11.7,,0.1,0.2,0.2,0.098,,-6.0,-1.3,-7.2,-0.2,9.0,18.0,0.5,0.0,1.0,0.0,9.0,17.0,0.529,0.5,10.0,13.0,0.769,10.0,27.0,37.0,1.0,3.0,6.0,7.0,13.0,28.0
