Tm,Unnamed: 0,Year,Player,Pos,Age,G,GS,MP,PER,TS%,3PAr,FTr,ORB%,DRB%,TRB%,AST%,STL%,BLK%,TOV%,USG%,blanl,OWS,DWS,WS,WS/48,blank2,OBPM,DBPM,BPM,VORP,FG,FGA,FG%,3P,3PA,3P%,2P,2PA,2P%,eFG%,FT,FTA,FT%,ORB,DRB,TRB,AST,STL,BLK,TOV,PF,PTS
DEN,10683,1992.0,Jerome Lane,PF,25.0,67.0,46.0,1383.0,12.8,0.462,0.027000000000000003,0.475,17.4,25.3,19.8,14.3,2.5,1.0,19.0,24.7,,0.1,1.6,1.2,0.062,,-1.4,2.5,0.4,0.6,202.0,461.0,0.469,1.0,7.0,0.25,201.0,457.0,0.47700000000000004,0.469,58.0,141.0,0.42100000000000004,280.0,298.0,578.0,123.0,53.0,17.0,105.0,192.0,463.0
IND,10684,1992.0,Jerome Lane,PF,25.0,3.0,0.0,30.0,10.2,0.39299999999999996,0.0,1.2,35.1,31.5,33.2,17.2,0.0,0.0,28.2,14.9,,0.0,0.0,0.0,0.038,,-0.2,-0.2,-0.4,0.0,3.0,5.0,0.6,0.0,0.0,,3.0,5.0,0.6,0.6,0.0,6.0,0.0,9.0,9.0,18.0,4.0,0.0,0.0,3.0,9.0,6.0
MIL,10685,1992.0,Jerome Lane,PF,25.0,2.0,0.0,6.0,19.1,0.7979999999999999,0.0,2.0,18.3,59.5,38.1,0.0,0.0,0.0,34.7,20.1,,0.0,0.0,0.0,0.096,,-7.7,-9.5,-17.2,0.0,1.0,1.0,1.0,0.0,0.0,,1.0,1.0,1.0,1.0,1.0,2.0,0.5,1.0,3.0,4.0,0.0,0.0,0.0,1.0,1.0,3.0
TOT,10682,1992.0,Jerome Lane,PF,25.0,14.0,5.0,177.0,6.6,0.32,0.0,0.5870000000000001,19.2,21.6,20.3,12.7,0.6,0.3,19.5,16.6,,-0.3,0.2,-0.2,-0.052000000000000005,,-4.8,-0.8,-5.6,-0.2,14.0,46.0,0.304,0.0,0.0,,14.0,46.0,0.304,0.304,9.0,27.0,0.33299999999999996,32.0,34.0,66.0,17.0,2.0,1.0,14.0,28.0,37.0
CLE,11129,1993.0,Jerome Lane,PF,26.0,21.0,2.0,149.0,18.1,0.47,0.0,0.37,19.3,21.4,20.4,16.7,4.1,1.2,10.0,20.8,,0.2,0.3,0.5,0.155,,1.5,2.7,4.2,0.2,27.0,54.0,0.5,0.0,0.0,,27.0,54.0,0.5,0.5,5.0,20.0,0.25,24.0,29.0,53.0,17.0,12.0,3.0,7.0,32.0,59.0
