Tm,Unnamed: 0,Year,Player,Pos,Age,G,GS,MP,PER,TS%,3PAr,FTr,ORB%,DRB%,TRB%,AST%,STL%,BLK%,TOV%,USG%,blanl,OWS,DWS,WS,WS/48,blank2,OBPM,DBPM,BPM,VORP,FG,FGA,FG%,3P,3PA,3P%,2P,2PA,2P%,eFG%,FT,FTA,FT%,ORB,DRB,TRB,AST,STL,BLK,TOV,PF,PTS
BOS,9003,1988.0,Jerry Sichting,PG,31.0,82.0,15.0,1596.0,11.9,0.609,0.098,0.16,2.0,5.0,3.6,20.5,1.9,0.0,14.2,13.2,,2.4,1.8,4.2,0.126,,-0.1,-0.8,-0.9,0.5,235.0,412.0,0.57,7.0,26.0,0.375,229.0,396.0,0.578,0.578,61.0,66.0,0.924,27.0,77.0,104.0,188.0,50.0,1.0,73.0,124.0,537.0
CHH,9907,1990.0,Jerry Sichting,PG,33.0,34.0,8.0,469.0,9.5,0.465,0.10099999999999999,0.151,0.7,4.1,2.3,27.2,1.7,0.3,14.8,13.5,,0.1,0.2,0.2,0.026000000000000002,,-3.8,-2.8,-6.6,-0.5,50.0,119.0,0.42,3.0,12.0,0.25,47.0,107.0,0.439,0.433,15.0,18.0,0.833,3.0,16.0,19.0,92.0,16.0,2.0,22.0,39.0,118.0
IND,7832,1985.0,Jerry Sichting,PG,28.0,80.0,80.0,2497.0,13.9,0.569,0.059000000000000004,0.337,2.6,8.0,5.2,25.7,2.4,0.2,20.4,17.0,,3.2,1.9,5.2,0.099,,-0.1,-0.7,-1.5,0.3,397.0,746.0,0.532,9.0,37.0,0.3,391.0,726.0,0.539,0.536,117.0,135.0,0.875,44.0,127.0,171.0,457.0,104.0,8.0,144.0,185.0,917.0
MIL,9908,1990.0,Jerry Sichting,PG,33.0,1.0,0.0,27.0,-1.7,0.193,0.0,0.667,0.0,0.0,0.0,8.7,0.0,0.0,0.0,12.0,,-0.1,0.0,-0.1,-0.11599999999999999,,-10.3,-5.2,-15.5,-0.1,0.0,6.0,0.0,0.0,0.0,,0.0,6.0,0.0,0.0,3.0,4.0,0.75,0.0,0.0,0.0,2.0,0.0,0.0,0.0,1.0,3.0
POR,9444,1989.0,Jerry Sichting,PG,32.0,28.0,1.0,390.0,11.1,0.606,0.156,0.122,2.4,5.8,4.0,18.6,1.8,0.0,18.9,13.1,,0.6,0.2,0.8,0.11599999999999999,,-0.4,-1.7,-3.1,-0.1,49.0,104.0,0.544,8.0,14.0,0.5710000000000001,43.0,92.0,0.539,0.589,9.0,11.0,0.875,9.0,20.0,29.0,59.0,15.0,0.0,25.0,30.0,115.0
TOT,9906,1990.0,Jerry Sichting,PG,33.0,52.0,8.0,694.0,11.1,0.585,0.128,0.17600000000000002,1.5,4.3,3.0,26.2,1.6,0.2,14.0,13.4,,1.1,0.3,1.5,0.10300000000000001,,-0.5,-2.4,-2.8,-0.1,93.0,172.0,0.541,10.0,22.0,0.455,83.0,150.0,0.5529999999999999,0.57,18.0,23.0,0.818,9.0,27.0,36.0,94.0,21.0,2.0,22.0,60.0,213.0
