Tm,Unnamed: 0,Year,Player,Pos,Age,G,GS,MP,PER,TS%,3PAr,FTr,ORB%,DRB%,TRB%,AST%,STL%,BLK%,TOV%,USG%,blanl,OWS,DWS,WS,WS/48,blank2,OBPM,DBPM,BPM,VORP,FG,FGA,FG%,3P,3PA,3P%,2P,2PA,2P%,eFG%,FT,FTA,FT%,ORB,DRB,TRB,AST,STL,BLK,TOV,PF,PTS
PHI,6038,1980.0,Jim Spanarkel,SG,22.0,40.0,,442.0,10.7,0.545,0.013000000000000001,0.425,6.9,6.1,6.5,15.9,1.3,0.7,23.9,21.6,,0.0,0.5,0.4,0.048,,-2.6,-1.6,-4.2,-0.2,72.0,153.0,0.47100000000000003,0.0,2.0,0.0,72.0,151.0,0.47700000000000004,0.47100000000000003,54.0,65.0,0.831,27.0,27.0,54.0,51.0,12.0,6.0,57.0,58.0,198.0
DAL,7486,1984.0,Jim Spanarkel,SG,26.0,82.0,4.0,2317.0,17.3,0.584,0.125,0.813,10.8,8.7,7.5,16.6,5.4,0.5,18.2,22.1,,4.5,1.1,5.5,0.142,,2.1,0.8,2.6,2.1,404.0,866.0,0.479,8.0,24.0,0.5,403.0,856.0,0.485,0.486,375.0,423.0,0.887,142.0,155.0,297.0,232.0,117.0,20.0,172.0,230.0,1184.0
