Tm,Unnamed: 0,Year,Player,Pos,Age,G,GS,MP,PER,TS%,3PAr,FTr,ORB%,DRB%,TRB%,AST%,STL%,BLK%,TOV%,USG%,blanl,OWS,DWS,WS,WS/48,blank2,OBPM,DBPM,BPM,VORP,FG,FGA,FG%,3P,3PA,3P%,2P,2PA,2P%,eFG%,FT,FTA,FT%,ORB,DRB,TRB,AST,STL,BLK,TOV,PF,PTS
LAL,3735,1973.0,Jim McMillian,SF,24.0,81.0,,3050.0,14.8,0.517,,0.20800000000000002,,,8.5,10.3,,,,,,4.1,3.7,7.8,0.12300000000000001,,,,,,655.0,1431.0,0.48200000000000004,,,,655.0,1431.0,0.48200000000000004,0.48200000000000004,223.0,277.0,0.845,,,522.0,221.0,,,,209.0,1533.0
BUF,4538,1976.0,Jim McMillian,SF,27.0,82.0,,3322.0,15.6,0.578,,0.332,6.6,11.8,9.2,11.3,1.7,0.4,,,,6.9,2.0,8.9,0.146,,1.4,0.2,1.4,2.8,600.0,1214.0,0.536,,,,600.0,1214.0,0.536,0.536,325.0,379.0,0.858,216.0,394.0,610.0,256.0,129.0,26.0,,186.0,1525.0
NYK,5232,1978.0,Jim McMillian,SF,29.0,81.0,,2158.0,12.5,0.507,,0.215,4.3,11.5,7.6,12.8,1.7,0.4,13.2,15.1,,2.1,1.5,3.4,0.083,,-0.5,0.6,-0.8,0.6,298.0,642.0,0.46399999999999997,,,,298.0,642.0,0.46399999999999997,0.46399999999999997,115.0,134.0,0.858,80.0,241.0,307.0,205.0,76.0,17.0,104.0,116.0,691.0
POR,5592,1979.0,Jim McMillian,SF,30.0,23.0,,278.0,11.9,0.499,,0.284,6.3,9.3,7.8,15.3,1.7,0.6,16.1,14.1,,0.3,0.2,0.5,0.086,,-1.3,-0.7,-2.0,0.0,33.0,74.0,0.446,,,,33.0,74.0,0.446,0.446,17.0,21.0,0.81,16.0,23.0,39.0,33.0,10.0,3.0,16.0,18.0,83.0
