Tm,Unnamed: 0,Year,Player,Pos,Age,G,GS,MP,PER,TS%,3PAr,FTr,ORB%,DRB%,TRB%,AST%,STL%,BLK%,TOV%,USG%,blanl,OWS,DWS,WS,WS/48,blank2,OBPM,DBPM,BPM,VORP,FG,FGA,FG%,3P,3PA,3P%,2P,2PA,2P%,eFG%,FT,FTA,FT%,ORB,DRB,TRB,AST,STL,BLK,TOV,PF,PTS
NJN,15273,2001.0,Jim McIlvaine,C,28.0,66.0,53.0,1048.0,10.0,0.447,0.0,0.429,12.1,16.5,12.2,5.0,1.9,8.7,21.3,10.9,,0.3,1.2,1.5,0.068,,-3.5,4.3,0.8,0.7,64.0,154.0,0.431,0.0,0.0,,64.0,154.0,0.431,0.431,29.0,56.0,0.667,106.0,124.0,230.0,36.0,26.0,117.0,38.0,205.0,157.0
SEA,13709,1998.0,Jim McIlvaine,C,25.0,82.0,79.0,1477.0,11.1,0.486,0.025,0.38799999999999996,10.8,16.1,13.5,2.3,1.4,9.5,17.3,12.0,,0.2,2.8,3.0,0.098,,-4.1,4.7,0.6,1.0,130.0,276.0,0.47100000000000003,1.0,7.0,0.14300000000000002,129.0,269.0,0.48,0.473,53.0,107.0,0.556,132.0,198.0,330.0,23.0,39.0,164.0,62.0,247.0,314.0
WSB,12594,1996.0,Jim McIlvaine,C,23.0,80.0,6.0,1195.0,10.0,0.539,0.0,0.7240000000000001,8.3,15.8,11.3,2.5,1.0,9.9,17.6,8.8,,0.3,1.9,1.8,0.07400000000000001,,-4.3,4.9,0.0,0.6,62.0,145.0,0.479,0.0,0.0,,62.0,145.0,0.479,0.479,58.0,105.0,0.6829999999999999,66.0,164.0,230.0,11.0,21.0,166.0,36.0,171.0,182.0
