Tm,Unnamed: 0,Year,Player,Pos,Age,G,GS,MP,PER,TS%,3PAr,FTr,ORB%,DRB%,TRB%,AST%,STL%,BLK%,TOV%,USG%,blanl,OWS,DWS,WS,WS/48,blank2,OBPM,DBPM,BPM,VORP,FG,FGA,FG%,3P,3PA,3P%,2P,2PA,2P%,eFG%,FT,FTA,FT%,ORB,DRB,TRB,AST,STL,BLK,TOV,PF,PTS
DET,9426,1989.0,Jim Rowinski,PF,28.0,6.0,0.0,8.0,17.1,0.532,0.0,2.0,0.0,27.0,14.1,0.0,0.0,0.0,0.0,20.1,,0.0,0.0,0.0,0.24600000000000002,,-5.8,-6.2,-12.0,0.0,0.0,2.0,0.0,0.0,0.0,,0.0,2.0,0.0,0.0,4.0,4.0,1.0,0.0,2.0,2.0,0.0,0.0,0.0,0.0,0.0,4.0
MIA,9887,1990.0,Jim Rowinski,PF,29.0,14.0,0.0,112.0,13.2,0.5760000000000001,0.0,0.813,16.1,12.3,14.3,6.1,0.4,1.1,18.7,19.2,,0.2,0.1,0.2,0.10099999999999999,,-1.4,-2.1,-3.6,0.0,14.0,32.0,0.43799999999999994,0.0,0.0,,14.0,32.0,0.43799999999999994,0.43799999999999994,22.0,26.0,0.846,17.0,12.0,29.0,5.0,1.0,2.0,10.0,19.0,50.0
PHI,9427,1989.0,Jim Rowinski,C,28.0,3.0,0.0,7.0,18.8,0.521,0.0,1.0,15.9,32.2,24.0,0.0,0.0,0.0,0.0,17.1,,0.0,0.0,0.0,0.157,,-3.3,-8.8,-12.1,0.0,1.0,2.0,0.5,0.0,0.0,,1.0,2.0,0.5,0.5,1.0,2.0,0.5,1.0,2.0,3.0,0.0,0.0,0.0,0.0,0.0,3.0
TOT,9425,1989.0,Jim Rowinski,PF-C,28.0,9.0,0.0,15.0,17.9,0.527,0.0,1.5,7.4,29.4,18.7,0.0,0.0,0.0,0.0,18.7,,0.0,0.0,0.1,0.205,,-4.6,-7.4,-12.0,0.0,1.0,4.0,0.25,0.0,0.0,,1.0,4.0,0.25,0.25,5.0,6.0,0.833,1.0,4.0,5.0,0.0,0.0,0.0,0.0,0.0,7.0
