Tm,Unnamed: 0,Year,Player,Pos,Age,G,GS,MP,PER,TS%,3PAr,FTr,ORB%,DRB%,TRB%,AST%,STL%,BLK%,TOV%,USG%,blanl,OWS,DWS,WS,WS/48,blank2,OBPM,DBPM,BPM,VORP,FG,FGA,FG%,3P,3PA,3P%,2P,2PA,2P%,eFG%,FT,FTA,FT%,ORB,DRB,TRB,AST,STL,BLK,TOV,PF,PTS
CLE,5419,1979.0,Jim Brewer,PF,27.0,82.0,,2913.0,14.9,0.485,,0.271,10.9,21.9,15.7,10.6,1.8,2.4,21.8,11.9,,3.4,4.5,7.9,0.13,,0.1,3.1,2.8,3.5,400.0,874.0,0.45799999999999996,,,,400.0,874.0,0.45799999999999996,0.45799999999999996,140.0,214.0,0.654,298.0,593.0,891.0,209.0,94.0,89.0,103.0,214.0,940.0
DET,5420,1979.0,Jim Brewer,PF,27.0,25.0,,310.0,9.2,0.428,,0.25,11.0,24.6,17.6,4.9,1.9,1.7,22.2,10.5,,-0.2,0.4,0.3,0.04,,-4.3,1.8,-2.5,0.0,27.0,60.0,0.45,,,,27.0,60.0,0.45,0.45,3.0,15.0,0.2,34.0,71.0,105.0,13.0,13.0,10.0,19.0,38.0,57.0
LAL,6476,1982.0,Jim Brewer,PF,30.0,78.0,9.0,1107.0,10.6,0.506,0.034,0.203,13.2,17.2,14.9,5.8,1.9,2.8,18.3,9.5,,0.7,1.5,2.2,0.09699999999999999,,-1.4,2.1,0.7,0.8,101.0,197.0,0.513,1.0,6.0,0.16699999999999998,101.0,195.0,0.518,0.513,15.0,40.0,0.375,127.0,158.0,281.0,55.0,43.0,58.0,48.0,158.0,217.0
POR,5761,1980.0,Jim Brewer,PF,28.0,67.0,,1016.0,11.3,0.493,0.027000000000000003,0.158,10.8,17.1,13.9,9.6,2.0,2.5,19.3,9.8,,0.5,1.5,2.0,0.096,,-1.6,2.8,1.2,0.8,90.0,184.0,0.489,0.0,5.0,0.0,90.0,179.0,0.503,0.489,14.0,29.0,0.483,101.0,156.0,257.0,75.0,42.0,43.0,47.0,129.0,194.0
TOT,5418,1979.0,Jim Brewer,PF,27.0,80.0,,1611.0,9.9,0.444,,0.19699999999999998,10.1,22.5,16.0,6.6,1.8,2.2,21.9,10.9,,-0.5,1.8,1.3,0.038,,-3.1,2.2,-0.9,0.5,141.0,319.0,0.442,,,,141.0,319.0,0.442,0.442,26.0,63.0,0.413,159.0,316.0,475.0,87.0,61.0,66.0,97.0,174.0,308.0
