Tm,Unnamed: 0,Year,Player,Pos,Age,G,GS,MP,PER,TS%,3PAr,FTr,ORB%,DRB%,TRB%,AST%,STL%,BLK%,TOV%,USG%,blanl,OWS,DWS,WS,WS/48,blank2,OBPM,DBPM,BPM,VORP,FG,FGA,FG%,3P,3PA,3P%,2P,2PA,2P%,eFG%,FT,FTA,FT%,ORB,DRB,TRB,AST,STL,BLK,TOV,PF,PTS
BLB,809,1954.0,Jim Fritsche,PF,22.0,66.0,,1213.0,8.0,0.34600000000000003,,0.17,,,,,,,,,,-1.9,0.3,-1.6,-0.062,,,,,,116.0,376.0,0.309,,,,116.0,376.0,0.309,0.309,48.0,64.0,0.75,,,217.0,73.0,,,,103.0,280.0
FTW,938,1955.0,Jim Fritsche,PF,23.0,16.0,,151.0,6.7,0.409,,0.33299999999999996,,,,,,,,,,-0.1,0.1,0.1,0.027999999999999997,,,,,,16.0,48.0,0.33299999999999996,,,,16.0,48.0,0.33299999999999996,0.33299999999999996,13.0,16.0,0.813,,,32.0,4.0,,,,28.0,45.0
MNL,808,1954.0,Jim Fritsche,PF,22.0,2.0,,8.0,-18.9,0.105,,1.3330000000000002,,,,,,,,,,-0.1,0.0,-0.1,-0.652,,,,,,0.0,3.0,0.0,,,,0.0,3.0,0.0,0.0,1.0,4.0,0.25,,,0.0,0.0,,,,0.0,1.0
TOT,807,1954.0,Jim Fritsche,PF,22.0,68.0,,1221.0,7.8,0.344,,0.179,,,,,,,,,,-2.0,0.3,-1.7,-0.065,,,,,,116.0,379.0,0.306,,,,116.0,379.0,0.306,0.306,49.0,68.0,0.721,,,217.0,73.0,,,,103.0,281.0
