Tm,Unnamed: 0,Year,Player,Pos,Age,G,GS,MP,PER,TS%,3PAr,FTr,ORB%,DRB%,TRB%,AST%,STL%,BLK%,TOV%,USG%,blanl,OWS,DWS,WS,WS/48,blank2,OBPM,DBPM,BPM,VORP,FG,FGA,FG%,3P,3PA,3P%,2P,2PA,2P%,eFG%,FT,FTA,FT%,ORB,DRB,TRB,AST,STL,BLK,TOV,PF,PTS
BOS,17626,2005.0,Jiri Welsch,SG,25.0,81.0,68.0,2179.0,12.6,0.5429999999999999,0.309,0.441,3.2,12.2,7.8,14.0,2.4,0.3,15.5,17.6,,1.7,1.9,3.6,0.083,,-0.6,-0.1,-0.7,0.7,262.0,612.0,0.428,69.0,181.0,0.381,193.0,431.0,0.475,0.484,153.0,206.0,0.773,60.0,236.0,296.0,183.0,101.0,7.0,129.0,176.0,746.0
CLE,17627,2005.0,Jiri Welsch,SF,25.0,16.0,0.0,192.0,4.3,0.363,0.21600000000000003,0.5489999999999999,3.6,13.8,8.6,14.3,1.4,0.0,19.2,18.4,,-0.4,0.2,-0.3,-0.064,,-6.5,-1.5,-8.0,-0.3,12.0,51.0,0.235,2.0,11.0,0.182,10.0,40.0,0.25,0.255,20.0,28.0,0.7140000000000001,6.0,22.0,28.0,19.0,5.0,0.0,15.0,16.0,46.0
GSW,16455,2003.0,Jiri Welsch,SF,23.0,37.0,0.0,234.0,4.5,0.348,0.053,0.387,5.5,7.2,6.4,16.6,1.7,0.6,17.8,19.4,,-0.4,0.0,-0.4,-0.086,,-5.5,-2.7,-8.2,-0.4,19.0,75.0,0.253,1.0,4.0,0.25,18.0,71.0,0.254,0.26,22.0,29.0,0.759,12.0,16.0,28.0,27.0,8.0,2.0,19.0,32.0,61.0
MIL,18192,2006.0,Jiri Welsch,SF,26.0,58.0,2.0,866.0,9.8,0.48200000000000004,0.221,0.392,3.0,12.4,7.6,11.0,2.1,0.1,13.6,15.9,,0.1,0.7,0.8,0.043,,-2.9,-0.3,-3.2,-0.3,86.0,222.0,0.387,14.0,49.0,0.28600000000000003,72.0,173.0,0.41600000000000004,0.419,65.0,87.0,0.747,22.0,89.0,111.0,62.0,34.0,1.0,41.0,65.0,251.0
TOT,17625,2005.0,Jiri Welsch,SG-SF,25.0,71.0,32.0,1317.0,10.9,0.518,0.29600000000000004,0.456,2.3,12.3,7.4,12.0,1.7,0.3,14.1,17.7,,0.6,1.0,1.7,0.061,,-1.5,-1.2,-2.7,-0.2,149.0,371.0,0.402,34.0,110.0,0.309,115.0,261.0,0.441,0.447,129.0,169.0,0.763,26.0,141.0,167.0,103.0,44.0,5.0,73.0,121.0,461.0
