Tm,Unnamed: 0,Year,Player,Pos,Age,G,GS,MP,PER,TS%,3PAr,FTr,ORB%,DRB%,TRB%,AST%,STL%,BLK%,TOV%,USG%,blanl,OWS,DWS,WS,WS/48,blank2,OBPM,DBPM,BPM,VORP,FG,FGA,FG%,3P,3PA,3P%,2P,2PA,2P%,eFG%,FT,FTA,FT%,ORB,DRB,TRB,AST,STL,BLK,TOV,PF,PTS
CHI,23916,2016.0,Joakim Noah,C,30.0,80.0,80.0,2820.0,20.0,0.594,0.008,0.529,14.7,27.6,21.1,26.4,2.3,4.4,25.4,18.7,,4.9,6.6,11.2,0.223,,1.8,5.5,6.6,6.1,380.0,800.0,0.556,0.0,5.0,0.0,380.0,798.0,0.5579999999999999,0.556,247.0,335.0,0.7509999999999999,282.0,618.0,900.0,431.0,99.0,141.0,194.0,245.0,1007.0
NYK,24493,2017.0,Joakim Noah,C,31.0,46.0,46.0,1015.0,15.2,0.493,0.005,0.38799999999999996,17.0,25.7,21.3,14.1,1.5,3.0,19.8,12.5,,1.1,1.2,2.3,0.107,,-0.7,2.8,2.1,1.1,99.0,201.0,0.493,0.0,1.0,0.0,99.0,200.0,0.495,0.493,34.0,78.0,0.436,161.0,241.0,402.0,103.0,30.0,37.0,58.0,127.0,232.0
