Tm,Unnamed: 0,Year,Player,Pos,Age,G,GS,MP,PER,TS%,3PAr,FTr,ORB%,DRB%,TRB%,AST%,STL%,BLK%,TOV%,USG%,blanl,OWS,DWS,WS,WS/48,blank2,OBPM,DBPM,BPM,VORP,FG,FGA,FG%,3P,3PA,3P%,2P,2PA,2P%,eFG%,FT,FTA,FT%,ORB,DRB,TRB,AST,STL,BLK,TOV,PF,PTS
ATL,21418,2012.0,Joe Johnson,SG,30.0,82.0,82.0,3343.0,19.5,0.5579999999999999,0.34600000000000003,0.276,3.4,11.4,7.1,29.1,1.6,0.7,14.8,28.3,,6.0,2.5,8.4,0.145,,4.0,-1.2,2.2,3.0,647.0,1497.0,0.47100000000000003,169.0,444.0,0.38799999999999996,506.0,1053.0,0.504,0.523,316.0,379.0,0.8490000000000001,98.0,284.0,367.0,536.0,103.0,31.0,267.0,187.0,1779.0
BOS,15744,2002.0,Joe Johnson,SG,20.0,48.0,33.0,1003.0,12.0,0.494,0.297,0.08800000000000001,4.3,11.1,7.6,12.5,1.7,0.7,8.3,15.2,,0.8,1.2,2.0,0.094,,-1.5,0.2,-1.3,0.2,130.0,296.0,0.439,24.0,88.0,0.273,106.0,208.0,0.51,0.48,20.0,26.0,0.769,40.0,99.0,139.0,74.0,33.0,9.0,28.0,59.0,304.0
BRK,23796,2016.0,Joe Johnson,SG,34.0,80.0,80.0,2791.0,15.5,0.564,0.397,0.192,2.4,13.3,7.7,18.0,1.1,0.4,15.0,22.3,,3.9,1.5,5.1,0.092,,2.0,-0.7,0.3,1.5,462.0,1052.0,0.45399999999999996,162.0,404.0,0.401,325.0,688.0,0.489,0.5329999999999999,159.0,195.0,0.852,53.0,331.0,384.0,292.0,59.0,14.0,137.0,129.0,1245.0
MIA,23797,2016.0,Joe Johnson,SF,34.0,24.0,24.0,769.0,15.2,0.603,0.335,0.135,2.3,7.6,5.0,17.9,1.4,0.2,13.9,18.4,,1.3,0.6,2.0,0.12300000000000001,,2.0,-1.3,0.8,0.5,130.0,251.0,0.518,35.0,84.0,0.41700000000000004,95.0,167.0,0.569,0.588,26.0,34.0,0.765,15.0,53.0,68.0,86.0,21.0,2.0,43.0,46.0,321.0
PHO,17358,2005.0,Joe Johnson,SG,23.0,82.0,82.0,3331.0,15.1,0.556,0.314,0.18,4.3,10.5,7.3,18.6,1.5,0.9,12.5,21.6,,5.8,1.9,7.6,0.11199999999999999,,2.5,0.3,2.3,3.5,555.0,1291.0,0.461,177.0,370.0,0.478,472.0,1019.0,0.46299999999999997,0.536,174.0,232.0,0.778,120.0,305.0,422.0,362.0,93.0,26.0,199.0,177.0,1400.0
TOT,23795,2016.0,Joe Johnson,SG,34.0,81.0,81.0,2703.0,12.0,0.5379999999999999,0.364,0.165,4.3,10.8,7.5,18.0,1.6,0.8,14.7,17.9,,1.9,1.9,3.0,0.075,,0.3,0.3,-1.1,0.4,377.0,859.0,0.439,120.0,313.0,0.38299999999999995,257.0,546.0,0.47100000000000003,0.509,118.0,142.0,0.831,75.0,243.0,292.0,318.0,61.0,20.0,159.0,146.0,992.0
UTA,24376,2017.0,Joe Johnson,SF,35.0,78.0,14.0,1843.0,12.8,0.542,0.41200000000000003,0.12300000000000001,2.1,12.7,7.6,12.6,1.0,0.8,9.5,18.5,,1.7,2.1,3.8,0.099,,-0.1,-0.1,-0.2,0.8,273.0,626.0,0.436,106.0,258.0,0.41100000000000003,167.0,368.0,0.45399999999999996,0.521,63.0,77.0,0.818,33.0,209.0,242.0,144.0,36.0,18.0,69.0,93.0,715.0
