Tm,Unnamed: 0,Year,Player,Pos,Age,G,GS,MP,PER,TS%,3PAr,FTr,ORB%,DRB%,TRB%,AST%,STL%,BLK%,TOV%,USG%,blanl,OWS,DWS,WS,WS/48,blank2,OBPM,DBPM,BPM,VORP,FG,FGA,FG%,3P,3PA,3P%,2P,2PA,2P%,eFG%,FT,FTA,FT%,ORB,DRB,TRB,AST,STL,BLK,TOV,PF,PTS
ATL,2891,1970.0,Joe Caldwell,SG,28.0,82.0,,2857.0,17.3,0.5489999999999999,,0.415,,,,16.6,,,,,,6.6,2.0,7.9,0.132,,,,,,674.0,1329.0,0.507,,,,674.0,1329.0,0.507,0.507,379.0,551.0,0.688,,,407.0,320.0,,,,255.0,1727.0
DET,2237,1966.0,Joe Caldwell,SF,24.0,66.0,,1543.0,15.3,0.45899999999999996,,0.271,,,,12.9,,,,,,0.2,1.9,1.1,0.077,,,,,,290.0,776.0,0.423,,,,290.0,776.0,0.423,0.423,129.0,210.0,0.682,,,441.0,118.0,,,,171.0,709.0
STL,2505,1968.0,Joe Caldwell,SF,26.0,81.0,,2641.0,15.3,0.48700000000000004,,0.28600000000000003,,,,13.6,,,,,,1.6,2.2,3.7,0.09300000000000001,,,,,,564.0,1219.0,0.46299999999999997,,,,564.0,1219.0,0.46299999999999997,0.46299999999999997,200.0,308.0,0.7170000000000001,,,442.0,240.0,,,,230.0,1293.0
TOT,2236,1966.0,Joe Caldwell,SF,24.0,79.0,,1857.0,15.3,0.47700000000000004,,0.271,,,,10.1,,,,,,1.6,1.8,3.3,0.087,,,,,,411.0,938.0,0.43799999999999994,,,,411.0,938.0,0.43799999999999994,0.43799999999999994,179.0,254.0,0.705,,,436.0,126.0,,,,203.0,1001.0
