Tm,Unnamed: 0,Year,Player,Pos,Age,G,GS,MP,PER,TS%,3PAr,FTr,ORB%,DRB%,TRB%,AST%,STL%,BLK%,TOV%,USG%,blanl,OWS,DWS,WS,WS/48,blank2,OBPM,DBPM,BPM,VORP,FG,FGA,FG%,3P,3PA,3P%,2P,2PA,2P%,eFG%,FT,FTA,FT%,ORB,DRB,TRB,AST,STL,BLK,TOV,PF,PTS
BRK,24312,2017.0,Joe Harris,SG,25.0,52.0,11.0,1138.0,9.0,0.5579999999999999,0.61,0.135,1.5,12.0,6.8,7.3,1.2,0.5,12.5,16.5,,0.1,0.6,0.8,0.032,,-1.4,-1.5,-3.0,-0.3,154.0,362.0,0.425,85.0,221.0,0.385,69.0,141.0,0.489,0.5429999999999999,35.0,49.0,0.7140000000000001,16.0,131.0,147.0,54.0,30.0,8.0,55.0,121.0,428.0
CLE,23728,2016.0,Joe Harris,SG,24.0,51.0,1.0,493.0,5.6,0.537,1.0,0.125,1.7,22.5,11.3,18.2,0.7,0.3,20.0,15.1,,0.0,0.2,0.2,0.018000000000000002,,-2.0,-1.6,-4.5,0.0,48.0,120.0,0.4,31.0,84.0,0.369,17.0,36.0,0.47200000000000003,0.529,9.0,15.0,0.6,7.0,34.0,41.0,26.0,7.0,2.0,27.0,62.0,136.0
