Tm,Unnamed: 0,Year,Player,Pos,Age,G,GS,MP,PER,TS%,3PAr,FTr,ORB%,DRB%,TRB%,AST%,STL%,BLK%,TOV%,USG%,blanl,OWS,DWS,WS,WS/48,blank2,OBPM,DBPM,BPM,VORP,FG,FGA,FG%,3P,3PA,3P%,2P,2PA,2P%,eFG%,FT,FTA,FT%,ORB,DRB,TRB,AST,STL,BLK,TOV,PF,PTS
GSW,8726,1988.0,Joe Barry,C,29.0,82.0,81.0,2988.0,20.1,0.557,0.005,0.35700000000000004,10.3,20.2,14.4,12.3,1.7,3.6,15.1,28.2,,4.3,3.1,7.0,0.113,,1.2,0.6,1.3,2.5,785.0,1529.0,0.519,0.0,3.0,0.0,785.0,1526.0,0.519,0.519,377.0,501.0,0.797,274.0,485.0,759.0,214.0,108.0,155.0,285.0,313.0,1907.0
HOU,8727,1988.0,Joe Barry,C,29.0,63.0,16.0,1596.0,14.0,0.486,0.001,0.21100000000000002,7.2,18.6,13.0,8.7,1.1,2.8,13.4,22.7,,-0.4,2.4,2.0,0.061,,-2.9,0.9,-2.0,0.0,323.0,715.0,0.452,0.0,1.0,0.0,323.0,714.0,0.452,0.452,113.0,151.0,0.748,110.0,286.0,396.0,94.0,37.0,81.0,121.0,149.0,759.0
DEN,9605,1990.0,Joe Barry,C,31.0,30.0,27.0,719.0,13.8,0.465,0.0,0.198,7.0,22.0,14.0,10.4,1.8,4.8,16.9,25.2,,-1.2,1.3,0.1,0.006,,-4.8,2.6,-2.3,0.0,153.0,354.0,0.43200000000000005,0.0,0.0,,153.0,354.0,0.43200000000000005,0.43200000000000005,52.0,70.0,0.743,51.0,142.0,193.0,54.0,28.0,59.0,78.0,70.0,358.0
NJN,9604,1990.0,Joe Barry,C,31.0,64.0,62.0,1996.0,14.2,0.49700000000000005,0.005,0.272,8.2,20.4,13.3,8.0,1.7,3.3,13.6,21.5,,0.1,2.2,2.3,0.055999999999999994,,-2.6,1.2,-1.4,0.3,363.0,810.0,0.44799999999999995,0.0,2.0,0.0,363.0,810.0,0.44799999999999995,0.44799999999999995,176.0,220.0,0.8,118.0,355.0,473.0,105.0,71.0,81.0,143.0,193.0,902.0
TOT,9603,1990.0,Joe Barry,C,31.0,77.0,47.0,2004.0,13.6,0.47700000000000004,0.003,0.244,7.7,20.3,13.6,8.3,1.3,3.9,14.5,23.8,,-1.1,2.7,1.6,0.039,,-3.6,1.2,-3.0,-0.5,402.0,924.0,0.435,0.0,2.0,0.0,402.0,922.0,0.436,0.435,172.0,225.0,0.774,133.0,358.0,489.0,113.0,50.0,115.0,164.0,195.0,976.0
PHO,10069,1991.0,Joe Barry,C,32.0,11.0,0.0,96.0,8.6,0.44799999999999995,0.0,0.33299999999999996,3.6,22.8,13.7,14.9,0.5,4.8,22.5,22.6,,-0.2,0.2,0.0,-0.013999999999999999,,-7.1,1.9,-5.2,-0.1,13.0,36.0,0.361,0.0,0.0,,13.0,36.0,0.361,0.361,11.0,12.0,0.917,3.0,21.0,24.0,11.0,1.0,8.0,12.0,18.0,37.0
