Tm,Unnamed: 0,Year,Player,Pos,Age,G,GS,MP,PER,TS%,3PAr,FTr,ORB%,DRB%,TRB%,AST%,STL%,BLK%,TOV%,USG%,blanl,OWS,DWS,WS,WS/48,blank2,OBPM,DBPM,BPM,VORP,FG,FGA,FG%,3P,3PA,3P%,2P,2PA,2P%,eFG%,FT,FTA,FT%,ORB,DRB,TRB,AST,STL,BLK,TOV,PF,PTS
CHI,19925,2010.0,Joe Alexander,SF,23.0,8.0,0.0,29.0,2.8,0.273,0.16699999999999998,0.5,7.8,11.3,9.6,9.3,1.8,2.6,0.0,11.3,,0.0,0.0,0.0,0.03,,-5.2,1.5,-3.7,0.0,1.0,6.0,0.16699999999999998,0.0,1.0,0.0,1.0,5.0,0.2,0.16699999999999998,2.0,3.0,0.667,2.0,3.0,5.0,2.0,1.0,1.0,0.0,9.0,4.0
MIL,19348,2009.0,Joe Alexander,SF,22.0,59.0,0.0,716.0,10.1,0.494,0.188,0.33899999999999997,6.9,12.3,9.5,9.5,1.1,3.4,15.6,20.9,,-0.3,0.7,0.4,0.03,,-3.4,0.2,-3.3,-0.2,102.0,245.0,0.41600000000000004,16.0,46.0,0.348,86.0,199.0,0.43200000000000005,0.449,58.0,83.0,0.6990000000000001,44.0,71.0,115.0,42.0,15.0,29.0,52.0,107.0,278.0
