Tm,Unnamed: 0,Year,Player,Pos,Age,G,GS,MP,PER,TS%,3PAr,FTr,ORB%,DRB%,TRB%,AST%,STL%,BLK%,TOV%,USG%,blanl,OWS,DWS,WS,WS/48,blank2,OBPM,DBPM,BPM,VORP,FG,FGA,FG%,3P,3PA,3P%,2P,2PA,2P%,eFG%,FT,FTA,FT%,ORB,DRB,TRB,AST,STL,BLK,TOV,PF,PTS
DAL,6212,1981.0,Joe Hassett,SG,25.0,17.0,,280.0,11.6,0.467,0.282,0.092,4.3,5.9,5.1,10.7,0.9,0.0,6.9,23.7,,0.1,0.0,0.0,0.006999999999999999,,-0.3,-4.6,-4.9,-0.2,59.0,142.0,0.415,10.0,40.0,0.25,49.0,102.0,0.48,0.451,10.0,13.0,0.769,11.0,14.0,25.0,18.0,5.0,0.0,11.0,21.0,138.0
GSW,6951,1983.0,Joe Hassett,SG,27.0,68.0,2.0,787.0,16.0,0.541,0.586,0.09699999999999999,3.3,7.8,5.5,19.4,1.8,0.3,17.0,22.2,,1.3,0.5,1.6,0.156,,4.7,-3.2,1.0,0.3,144.0,382.0,0.43200000000000005,71.0,214.0,0.371,73.0,168.0,0.514,0.5329999999999999,31.0,37.0,0.875,13.0,40.0,53.0,104.0,30.0,3.0,36.0,94.0,390.0
IND,5862,1980.0,Joe Hassett,SG,24.0,74.0,,1135.0,13.0,0.501,0.389,0.057,3.1,5.5,4.3,12.6,1.9,0.4,7.9,19.4,,1.4,0.6,2.0,0.085,,0.7,-3.2,-2.5,-0.1,215.0,509.0,0.42200000000000004,69.0,198.0,0.348,146.0,311.0,0.469,0.49,24.0,29.0,0.828,35.0,59.0,94.0,104.0,46.0,8.0,45.0,85.0,523.0
SEA,5512,1979.0,Joe Hassett,SG,23.0,55.0,,463.0,12.3,0.504,,0.109,3.4,7.3,5.1,15.7,2.4,0.5,13.9,23.0,,0.3,0.5,0.9,0.08900000000000001,,-2.0,-1.8,-3.8,-0.2,100.0,211.0,0.474,,,,100.0,211.0,0.474,0.474,23.0,23.0,1.0,14.0,32.0,45.0,42.0,21.0,4.0,34.0,58.0,223.0
TOT,6211,1981.0,Joe Hassett,SG,25.0,41.0,,714.0,14.2,0.51,0.45899999999999996,0.062,3.7,7.0,5.3,15.3,0.9,0.2,5.9,21.1,,1.4,0.0,1.4,0.09699999999999999,,2.8,-4.1,-1.3,0.1,143.0,340.0,0.42100000000000004,53.0,156.0,0.34,90.0,184.0,0.489,0.499,17.0,21.0,0.81,24.0,44.0,68.0,74.0,13.0,2.0,22.0,65.0,356.0
