Tm,Unnamed: 0,Year,Player,Pos,Age,G,GS,MP,PER,TS%,3PAr,FTr,ORB%,DRB%,TRB%,AST%,STL%,BLK%,TOV%,USG%,blanl,OWS,DWS,WS,WS/48,blank2,OBPM,DBPM,BPM,VORP,FG,FGA,FG%,3P,3PA,3P%,2P,2PA,2P%,eFG%,FT,FTA,FT%,ORB,DRB,TRB,AST,STL,BLK,TOV,PF,PTS
CLE,20748,2011.0,Joey Graham,SF,28.0,39.0,8.0,586.0,7.7,0.518,0.168,0.201,1.5,15.3,8.2,5.2,0.5,0.9,12.6,17.2,,-0.2,0.1,0.0,-0.004,,-4.7,-2.4,-7.1,-0.8,82.0,179.0,0.45799999999999996,9.0,30.0,0.3,73.0,149.0,0.49,0.483,29.0,36.0,0.8059999999999999,8.0,76.0,84.0,18.0,6.0,7.0,28.0,73.0,202.0
DEN,20117,2010.0,Joey Graham,SF,27.0,63.0,18.0,759.0,10.6,0.568,0.064,0.361,6.0,12.7,9.3,4.5,1.5,0.7,15.5,16.2,,0.5,0.6,1.1,0.07200000000000001,,-2.5,-1.1,-3.6,-0.3,105.0,202.0,0.52,2.0,13.0,0.154,103.0,189.0,0.545,0.525,54.0,73.0,0.74,39.0,84.0,123.0,22.0,23.0,7.0,43.0,104.0,266.0
TOR,19547,2009.0,Joey Graham,SF,26.0,80.0,24.0,1581.0,12.9,0.564,0.21,0.39799999999999996,7.3,17.7,12.0,7.0,1.2,0.6,16.3,22.2,,1.7,1.3,3.0,0.10800000000000001,,-1.8,-0.8,-2.6,-0.2,231.0,480.0,0.495,29.0,87.0,0.667,228.0,464.0,0.517,0.513,132.0,160.0,0.8440000000000001,95.0,197.0,292.0,60.0,37.0,13.0,92.0,228.0,597.0
