Tm,Unnamed: 0,Year,Player,Pos,Age,G,GS,MP,PER,TS%,3PAr,FTr,ORB%,DRB%,TRB%,AST%,STL%,BLK%,TOV%,USG%,blanl,OWS,DWS,WS,WS/48,blank2,OBPM,DBPM,BPM,VORP,FG,FGA,FG%,3P,3PA,3P%,2P,2PA,2P%,eFG%,FT,FTA,FT%,ORB,DRB,TRB,AST,STL,BLK,TOV,PF,PTS
DEN,23827,2016.0,Joffrey Lauvergne,C,24.0,59.0,15.0,1041.0,15.7,0.5670000000000001,0.18,0.315,10.5,23.1,15.5,9.1,1.5,2.9,17.8,19.9,,1.6,0.7,2.3,0.105,,-0.9,0.7,-2.3,-0.1,195.0,380.0,0.513,13.0,53.0,0.245,182.0,327.0,0.557,0.53,62.0,69.0,0.899,77.0,213.0,290.0,56.0,13.0,15.0,54.0,115.0,465.0
CHI,24407,2017.0,Joffrey Lauvergne,C,25.0,20.0,1.0,241.0,11.6,0.451,0.217,0.163,9.3,21.2,15.2,12.2,1.5,0.0,14.0,20.8,,-0.2,0.3,0.1,0.025,,-3.5,-0.6,-4.1,-0.1,37.0,92.0,0.402,6.0,20.0,0.3,31.0,72.0,0.431,0.435,9.0,15.0,0.6,21.0,47.0,68.0,19.0,7.0,0.0,16.0,12.0,89.0
OKC,24406,2017.0,Joffrey Lauvergne,PF,25.0,50.0,0.0,739.0,12.9,0.531,0.32,0.23800000000000002,7.6,19.8,13.7,10.3,1.2,0.6,12.9,17.8,,0.6,0.8,1.4,0.091,,-1.9,-1.0,-2.9,-0.2,111.0,244.0,0.455,27.0,78.0,0.34600000000000003,84.0,166.0,0.506,0.51,37.0,58.0,0.638,51.0,132.0,183.0,51.0,18.0,6.0,40.0,71.0,286.0
TOT,24405,2017.0,Joffrey Lauvergne,PF-C,25.0,70.0,1.0,980.0,12.6,0.509,0.292,0.217,8.0,20.1,14.1,10.8,1.3,0.5,13.2,18.5,,0.4,1.1,1.5,0.075,,-2.3,-0.9,-3.2,-0.3,148.0,336.0,0.44,33.0,98.0,0.337,115.0,238.0,0.483,0.49,46.0,73.0,0.63,72.0,179.0,251.0,70.0,25.0,6.0,56.0,83.0,375.0
