Tm,Unnamed: 0,Year,Player,Pos,Age,G,GS,MP,PER,TS%,3PAr,FTr,ORB%,DRB%,TRB%,AST%,STL%,BLK%,TOV%,USG%,blanl,OWS,DWS,WS,WS/48,blank2,OBPM,DBPM,BPM,VORP,FG,FGA,FG%,3P,3PA,3P%,2P,2PA,2P%,eFG%,FT,FTA,FT%,ORB,DRB,TRB,AST,STL,BLK,TOV,PF,PTS
ATL,22092,2013.0,Johan Petro,C,27.0,31.0,8.0,352.0,11.0,0.46799999999999997,0.036000000000000004,0.109,10.9,25.3,18.2,7.1,1.5,2.0,17.2,18.3,,-0.2,0.6,0.4,0.048,,-5.4,0.7,-4.8,-0.2,48.0,110.0,0.436,1.0,4.0,0.25,47.0,106.0,0.44299999999999995,0.441,11.0,12.0,0.917,33.0,79.0,112.0,16.0,10.0,9.0,24.0,48.0,108.0
DEN,20351,2010.0,Johan Petro,C,24.0,36.0,16.0,436.0,10.7,0.5529999999999999,0.016,0.222,8.5,25.4,17.1,7.1,1.2,3.6,17.3,16.9,,0.2,0.6,0.8,0.08900000000000001,,-3.5,0.7,-2.9,-0.1,54.0,101.0,0.535,0.0,1.0,0.0,54.0,100.0,0.54,0.535,14.0,21.0,0.667,32.0,97.0,129.0,14.0,10.0,13.0,23.0,80.0,122.0
NJN,21524,2012.0,Johan Petro,C,26.0,77.0,10.0,920.0,10.3,0.452,0.013999999999999999,0.142,8.3,20.4,14.1,8.4,2.0,2.9,13.2,18.1,,0.1,1.1,0.7,0.034,,-4.0,1.4,-3.2,-0.3,129.0,290.0,0.445,1.0,4.0,1.0,129.0,286.0,0.451,0.445,31.0,37.0,0.838,68.0,156.0,224.0,45.0,34.0,34.0,46.0,178.0,273.0
OKC,19758,2009.0,Johan Petro,C,23.0,22.0,12.0,342.0,9.3,0.426,0.009000000000000001,0.133,8.9,23.3,16.0,2.8,2.4,1.1,11.1,17.4,,-0.3,0.5,0.1,0.019,,-6.0,-0.6,-6.6,-0.4,46.0,113.0,0.40700000000000003,0.0,1.0,0.0,46.0,112.0,0.41100000000000003,0.40700000000000003,10.0,15.0,0.667,27.0,68.0,95.0,6.0,16.0,5.0,15.0,51.0,102.0
SEA,19170,2008.0,Johan Petro,C,22.0,81.0,41.0,1510.0,11.6,0.532,0.002,0.25,10.1,22.6,15.4,4.8,1.4,3.1,15.3,18.2,,0.7,1.5,1.7,0.053,,-2.6,0.0,-3.1,-0.4,226.0,439.0,0.516,0.0,1.0,0.0,226.0,438.0,0.516,0.516,64.0,87.0,0.736,109.0,272.0,370.0,45.0,39.0,51.0,82.0,237.0,502.0
TOT,19757,2009.0,Johan Petro,C,23.0,49.0,22.0,559.0,8.1,0.429,0.011000000000000001,0.165,8.7,23.9,16.3,4.5,1.7,2.0,12.9,17.2,,-0.6,0.8,0.2,0.018000000000000002,,-6.1,-0.1,-6.3,-0.6,73.0,176.0,0.415,0.0,2.0,0.0,73.0,174.0,0.42,0.415,16.0,29.0,0.552,42.0,116.0,158.0,16.0,19.0,15.0,28.0,107.0,162.0
