Tm,Unnamed: 0,Year,Player,Pos,Age,G,GS,MP,PER,TS%,3PAr,FTr,ORB%,DRB%,TRB%,AST%,STL%,BLK%,TOV%,USG%,blanl,OWS,DWS,WS,WS/48,blank2,OBPM,DBPM,BPM,VORP,FG,FGA,FG%,3P,3PA,3P%,2P,2PA,2P%,eFG%,FT,FTA,FT%,ORB,DRB,TRB,AST,STL,BLK,TOV,PF,PTS
SAS,9197,1989.0,Johnny Dawkins,PG,25.0,81.0,61.0,2179.0,17.0,0.551,0.073,0.28,3.5,7.7,5.5,29.4,2.3,0.1,19.8,23.1,,4.0,0.8,4.3,0.095,,2.0,-1.4,-0.3,0.9,405.0,835.0,0.485,19.0,61.0,0.311,386.0,774.0,0.499,0.496,198.0,221.0,0.8959999999999999,66.0,138.0,204.0,480.0,88.0,3.0,154.0,118.0,1027.0
PHI,11471,1994.0,Johnny Dawkins,PG,30.0,82.0,82.0,2865.0,22.8,0.687,0.248,0.268,2.3,14.2,7.2,37.1,2.4,0.2,19.2,20.5,,4.2,2.2,6.4,0.218,,3.6,-1.0,1.1,1.7,465.0,950.0,0.634,37.0,105.0,0.35600000000000004,443.0,884.0,0.6759999999999999,0.6459999999999999,210.0,244.0,0.909,48.0,199.0,247.0,601.0,121.0,9.0,214.0,159.0,1162.0
DET,11933,1995.0,Johnny Dawkins,PG,31.0,50.0,9.0,1170.0,12.2,0.552,0.27,0.204,2.8,8.6,5.7,26.2,2.3,0.1,22.6,14.6,,0.8,0.3,1.1,0.046,,-1.3,-1.8,-3.1,-0.3,125.0,270.0,0.46299999999999997,25.0,73.0,0.342,100.0,197.0,0.508,0.509,50.0,55.0,0.909,28.0,85.0,113.0,205.0,52.0,1.0,86.0,74.0,325.0
