Tm,Unnamed: 0,Year,Player,Pos,Age,G,GS,MP,PER,TS%,3PAr,FTr,ORB%,DRB%,TRB%,AST%,STL%,BLK%,TOV%,USG%,blanl,OWS,DWS,WS,WS/48,blank2,OBPM,DBPM,BPM,VORP,FG,FGA,FG%,3P,3PA,3P%,2P,2PA,2P%,eFG%,FT,FTA,FT%,ORB,DRB,TRB,AST,STL,BLK,TOV,PF,PTS
IND,5373,1978.0,John Williamson,SG,26.0,42.0,,1449.0,16.0,0.518,,0.23,2.2,5.9,4.0,16.3,2.0,0.3,12.8,25.8,,1.6,0.6,2.1,0.095,,1.3,-2.5,-1.2,0.2,335.0,795.0,0.48,,,,335.0,795.0,0.48,0.48,134.0,161.0,0.8320000000000001,34.0,86.0,120.0,132.0,48.0,7.0,127.0,131.0,804.0
NJN,6076,1980.0,John Williamson,SG,28.0,74.0,,2451.0,18.5,0.527,0.040999999999999995,0.32,3.2,6.4,4.2,18.6,1.6,0.6,13.0,30.4,,3.0,2.0,5.1,0.10300000000000001,,1.7,-2.3,-1.2,0.3,635.0,1367.0,0.465,8.0,19.0,0.42100000000000004,635.0,1367.0,0.465,0.465,373.0,437.0,0.8640000000000001,53.0,143.0,196.0,255.0,89.0,12.0,233.0,215.0,1643.0
NYN,4996,1977.0,John Williamson,SG,25.0,42.0,,1426.0,15.8,0.49,,0.254,1.6,7.1,4.2,11.8,1.9,0.2,,,,0.6,1.1,1.8,0.06,,0.0,-2.4,-2.4,-0.1,357.0,803.0,0.445,,,,357.0,803.0,0.445,0.445,161.0,204.0,0.789,24.0,95.0,119.0,90.0,59.0,6.0,,143.0,875.0
TOT,6075,1980.0,John Williamson,SG,28.0,75.0,,2731.0,15.9,0.501,0.043,0.244,2.8,6.3,4.0,14.9,2.0,0.7,11.1,27.9,,2.3,1.6,3.9,0.075,,0.5,-2.5,-1.9,0.1,723.0,1649.0,0.45899999999999996,11.0,35.0,0.314,723.0,1649.0,0.45899999999999996,0.45899999999999996,331.0,391.0,0.847,66.0,161.0,227.0,214.0,107.0,19.0,228.0,246.0,1777.0
WSB,6442,1981.0,John Williamson,SG,29.0,30.0,,603.0,10.2,0.462,0.107,0.14,2.3,6.6,3.7,20.6,1.7,0.9,17.0,27.9,,-0.4,0.3,-0.2,-0.019,,-3.1,-1.7,-6.4,-0.2,153.0,356.0,0.43,3.0,16.0,0.188,150.0,340.0,0.441,0.434,40.0,50.0,0.833,14.0,31.0,45.0,39.0,10.0,10.0,49.0,66.0,349.0
