Tm,Unnamed: 0,Year,Player,Pos,Age,G,GS,MP,PER,TS%,3PAr,FTr,ORB%,DRB%,TRB%,AST%,STL%,BLK%,TOV%,USG%,blanl,OWS,DWS,WS,WS/48,blank2,OBPM,DBPM,BPM,VORP,FG,FGA,FG%,3P,3PA,3P%,2P,2PA,2P%,eFG%,FT,FTA,FT%,ORB,DRB,TRB,AST,STL,BLK,TOV,PF,PTS
SDR,3276,1971.0,John Trapp,SF,25.0,82.0,,2080.0,10.9,0.46299999999999997,,0.363,,,10.7,8.9,,,,,,0.1,3.2,3.3,0.077,,,,,,322.0,766.0,0.426,,,,322.0,766.0,0.426,0.426,142.0,188.0,0.755,,,510.0,138.0,,,,337.0,786.0
LAL,3810,1973.0,John Trapp,SF,27.0,58.0,,759.0,11.0,0.475,,0.833,,,18.2,6.8,,,,,,0.2,1.1,1.2,0.078,,,,,,139.0,314.0,0.44299999999999995,,,,139.0,314.0,0.44299999999999995,0.44299999999999995,51.0,73.0,0.7,,,180.0,42.0,,,,130.0,329.0
PHI,3811,1973.0,John Trapp,SF,27.0,39.0,,854.0,12.4,0.45799999999999996,,0.275,,,9.7,8.1,,,,,,0.0,0.4,0.4,0.021,,,,,,168.0,408.0,0.41200000000000003,,,,168.0,408.0,0.41200000000000003,0.41200000000000003,83.0,112.0,0.741,,,186.0,47.0,,,,140.0,419.0
TOT,3809,1973.0,John Trapp,SF,27.0,44.0,,889.0,12.3,0.456,,0.29,,,10.0,8.0,,,,,,-0.1,0.5,0.4,0.021,,,,,,171.0,420.0,0.40700000000000003,,,,171.0,420.0,0.40700000000000003,0.40700000000000003,90.0,122.0,0.738,,,200.0,49.0,,,,150.0,432.0
