Tm,Unnamed: 0,Year,Player,Pos,Age,G,GS,MP,PER,TS%,3PAr,FTr,ORB%,DRB%,TRB%,AST%,STL%,BLK%,TOV%,USG%,blanl,OWS,DWS,WS,WS/48,blank2,OBPM,DBPM,BPM,VORP,FG,FGA,FG%,3P,3PA,3P%,2P,2PA,2P%,eFG%,FT,FTA,FT%,ORB,DRB,TRB,AST,STL,BLK,TOV,PF,PTS
IND,6912,1983.0,John Duren,PG,24.0,82.0,24.0,1433.0,8.2,0.48100000000000004,0.036000000000000004,0.15,2.7,5.5,4.0,17.0,2.1,0.2,20.0,13.1,,0.0,0.4,0.4,0.013000000000000001,,-2.8,-1.7,-4.5,-0.9,163.0,360.0,0.45299999999999996,0.0,13.0,0.0,163.0,347.0,0.47,0.45299999999999996,43.0,54.0,0.7959999999999999,38.0,69.0,107.0,200.0,66.0,5.0,96.0,203.0,369.0
UTA,6540,1982.0,John Duren,PG,23.0,79.0,9.0,1056.0,7.0,0.478,0.040999999999999995,0.138,2.0,7.3,4.4,18.2,1.9,0.3,26.1,13.5,,-0.3,0.2,-0.3,-0.013000000000000001,,-3.9,-1.3,-6.5,-0.8,121.0,268.0,0.451,3.0,11.0,0.273,118.0,257.0,0.45899999999999996,0.457,27.0,37.0,0.73,14.0,70.0,84.0,157.0,20.0,4.0,72.0,143.0,272.0
