Tm,Unnamed: 0,Year,Player,Pos,Age,G,GS,MP,PER,TS%,3PAr,FTr,ORB%,DRB%,TRB%,AST%,STL%,BLK%,TOV%,USG%,blanl,OWS,DWS,WS,WS/48,blank2,OBPM,DBPM,BPM,VORP,FG,FGA,FG%,3P,3PA,3P%,2P,2PA,2P%,eFG%,FT,FTA,FT%,ORB,DRB,TRB,AST,STL,BLK,TOV,PF,PTS
BUF,4886,1977.0,Johnny Neumann,SG,25.0,4.0,,49.0,19.8,0.478,,0.17600000000000002,10.2,8.3,9.3,14.9,2.7,2.0,,,,0.0,0.0,0.1,0.084,,1.7,-2.1,-0.4,0.0,15.0,34.0,0.441,,,,15.0,34.0,0.441,0.441,5.0,6.0,0.833,5.0,4.0,9.0,4.0,3.0,2.0,,7.0,35.0
LAL,4887,1977.0,Johnny Neumann,SG,25.0,59.0,,888.0,10.7,0.434,,0.223,2.2,4.9,3.6,20.3,1.4,0.5,,,,-0.6,0.5,-0.1,-0.005,,-2.8,-2.7,-5.6,-0.8,146.0,363.0,0.402,,,,146.0,363.0,0.402,0.402,54.0,81.0,0.667,19.0,44.0,63.0,137.0,28.0,8.0,,127.0,346.0
TOT,4885,1977.0,Johnny Neumann,SG,25.0,63.0,,937.0,11.1,0.43799999999999994,,0.21899999999999997,2.6,5.1,3.9,20.0,1.5,0.5,,,,-0.6,0.5,0.0,0.0,,-2.6,-2.7,-5.3,-0.8,161.0,397.0,0.406,,,,161.0,397.0,0.406,0.406,59.0,87.0,0.6779999999999999,24.0,48.0,72.0,141.0,31.0,10.0,,134.0,381.0
IND,5251,1978.0,Johnny Neumann,SG,26.0,20.0,,216.0,7.4,0.442,,0.209,2.2,4.2,3.2,17.3,1.2,0.2,19.0,20.2,,-0.2,0.1,-0.1,-0.028999999999999998,,-4.5,-3.6,-8.0,-0.3,35.0,86.0,0.40700000000000003,,,,35.0,86.0,0.40700000000000003,0.40700000000000003,13.0,18.0,0.722,5.0,9.0,14.0,27.0,6.0,1.0,22.0,24.0,83.0
