Tm,Unnamed: 0,Year,Player,Pos,Age,G,GS,MP,PER,TS%,3PAr,FTr,ORB%,DRB%,TRB%,AST%,STL%,BLK%,TOV%,USG%,blanl,OWS,DWS,WS,WS/48,blank2,OBPM,DBPM,BPM,VORP,FG,FGA,FG%,3P,3PA,3P%,2P,2PA,2P%,eFG%,FT,FTA,FT%,ORB,DRB,TRB,AST,STL,BLK,TOV,PF,PTS
CHI,5961,1980.0,John Mengelt,SG,30.0,81.0,,1767.0,14.5,0.584,0.036000000000000004,0.353,2.5,7.2,4.9,19.9,1.5,0.2,16.1,23.5,,3.2,1.1,3.9,0.105,,0.5,-1.4,-2.4,-0.2,338.0,689.0,0.542,0.0,6.0,0.0,338.0,689.0,0.563,0.542,184.0,238.0,0.8240000000000001,41.0,93.0,129.0,232.0,51.0,4.0,124.0,169.0,834.0
CIN,3463,1972.0,John Mengelt,SG,22.0,78.0,,1438.0,15.8,0.546,,0.41700000000000004,,,5.1,15.1,,,,,,3.3,0.4,3.7,0.124,,,,,,287.0,605.0,0.474,,,,287.0,605.0,0.474,0.474,208.0,252.0,0.825,,,148.0,146.0,,,,163.0,782.0
DET,4544,1976.0,John Mengelt,SG,26.0,80.0,,1995.0,19.4,0.5589999999999999,,0.439,2.7,10.9,6.8,15.1,2.0,0.2,,,,3.2,2.1,4.1,0.14,,3.0,-0.2,0.1,0.6,336.0,701.0,0.504,,,,336.0,701.0,0.504,0.504,211.0,248.0,0.851,40.0,166.0,206.0,201.0,72.0,7.0,,198.0,883.0
GSW,6317,1981.0,John Mengelt,SG,31.0,2.0,,11.0,-5.9,0.0,0.0,0.0,0.0,0.0,0.0,20.2,0.0,0.0,0.0,14.4,,-0.1,0.0,-0.1,-0.247,,-13.4,-8.1,-21.5,-0.1,0.0,4.0,0.0,0.0,0.0,,0.0,4.0,0.0,0.0,0.0,0.0,,0.0,0.0,0.0,2.0,0.0,0.0,0.0,0.0,0.0
KCO,3740,1973.0,John Mengelt,SG,23.0,12.0,,212.0,7.8,0.413,,0.27899999999999997,,,5.4,14.9,,,,,,-0.2,0.0,-0.2,-0.039,,,,,,26.0,68.0,0.382,,,,26.0,68.0,0.382,0.382,11.0,19.0,0.579,,,22.0,25.0,,,,24.0,63.0
TOT,3739,1973.0,John Mengelt,SG,23.0,79.0,,1647.0,14.1,0.532,,0.24600000000000002,,,5.4,12.7,,,,,,3.0,0.9,3.9,0.114,,,,,,320.0,651.0,0.49200000000000005,,,,320.0,651.0,0.49200000000000005,0.49200000000000005,127.0,160.0,0.794,,,181.0,153.0,,,,148.0,767.0
