Tm,Unnamed: 0,Year,Player,Pos,Age,G,GS,MP,PER,TS%,3PAr,FTr,ORB%,DRB%,TRB%,AST%,STL%,BLK%,TOV%,USG%,blanl,OWS,DWS,WS,WS/48,blank2,OBPM,DBPM,BPM,VORP,FG,FGA,FG%,3P,3PA,3P%,2P,2PA,2P%,eFG%,FT,FTA,FT%,ORB,DRB,TRB,AST,STL,BLK,TOV,PF,PTS
CHI,12717,1996.0,John Salley,PF,31.0,17.0,0.0,191.0,8.7,0.41100000000000003,0.0,0.5710000000000001,12.2,14.0,13.1,10.2,2.2,6.0,26.8,13.8,,-0.2,0.4,0.2,0.062,,-4.4,5.2,0.8,0.1,12.0,35.0,0.34299999999999997,0.0,0.0,,12.0,35.0,0.34299999999999997,0.34299999999999997,12.0,20.0,0.6,20.0,23.0,43.0,15.0,8.0,15.0,16.0,38.0,36.0
DET,10806,1992.0,John Salley,PF,27.0,82.0,38.0,2003.0,14.7,0.614,0.01,0.679,10.9,16.9,13.0,9.8,1.6,5.1,19.3,17.4,,3.0,3.9,6.2,0.152,,0.5,4.3,3.8,2.9,258.0,486.0,0.5660000000000001,1.0,4.0,0.25,258.0,483.0,0.5660000000000001,0.5660000000000001,186.0,261.0,0.727,166.0,285.0,439.0,116.0,53.0,153.0,120.0,294.0,701.0
LAL,14872,2000.0,John Salley,C,35.0,45.0,3.0,303.0,8.3,0.43700000000000006,0.0,0.406,7.2,15.7,11.5,12.1,1.4,3.2,18.1,14.4,,-0.1,0.6,0.5,0.083,,-4.4,2.3,-2.1,0.0,25.0,69.0,0.36200000000000004,0.0,0.0,,25.0,69.0,0.36200000000000004,0.36200000000000004,21.0,28.0,0.75,20.0,45.0,65.0,26.0,8.0,14.0,18.0,67.0,71.0
MIA,12195,1995.0,John Salley,PF,30.0,76.0,50.0,1955.0,13.0,0.5710000000000001,0.006999999999999999,0.524,8.9,16.5,12.6,10.1,1.5,3.3,21.4,14.4,,2.5,2.3,4.8,0.122,,-0.7,2.3,1.2,1.6,208.0,436.0,0.502,2.0,3.0,0.667,206.0,433.0,0.502,0.502,164.0,225.0,0.799,132.0,275.0,407.0,135.0,56.0,85.0,101.0,279.0,582.0
TOR,12716,1996.0,John Salley,PF,31.0,25.0,6.0,482.0,10.6,0.5579999999999999,0.0,0.619,6.4,17.6,12.0,12.0,1.2,1.9,22.6,15.8,,0.1,0.2,0.4,0.038,,-3.5,-0.5,-4.0,-0.2,51.0,105.0,0.486,0.0,0.0,,51.0,105.0,0.486,0.486,47.0,65.0,0.723,26.0,71.0,97.0,39.0,11.0,12.0,39.0,72.0,149.0
TOT,12715,1996.0,John Salley,PF,31.0,42.0,6.0,673.0,10.0,0.521,0.0,0.607,8.0,16.6,12.3,11.5,1.5,3.1,23.7,15.2,,0.0,0.7,0.6,0.045,,-3.8,1.1,-2.6,-0.1,63.0,140.0,0.45,0.0,0.0,,63.0,140.0,0.45,0.45,59.0,85.0,0.6940000000000001,46.0,94.0,140.0,54.0,19.0,27.0,55.0,110.0,185.0
