Tm,Unnamed: 0,Year,Player,Pos,Age,G,GS,MP,PER,TS%,3PAr,FTr,ORB%,DRB%,TRB%,AST%,STL%,BLK%,TOV%,USG%,blanl,OWS,DWS,WS,WS/48,blank2,OBPM,DBPM,BPM,VORP,FG,FGA,FG%,3P,3PA,3P%,2P,2PA,2P%,eFG%,FT,FTA,FT%,ORB,DRB,TRB,AST,STL,BLK,TOV,PF,PTS
CLE,6281,1981.0,John Lambert,PF,28.0,76.0,,1324.0,24.5,0.6,0.008,0.336,13.2,29.1,20.7,71.6,1.6,2.4,28.6,35.2,,0.4,1.5,1.8,0.10800000000000001,,7.8,0.9,8.4,0.2,165.0,400.0,0.6,0.0,3.0,0.0,165.0,397.0,0.6,0.6,73.0,101.0,0.723,138.0,214.0,352.0,56.0,47.0,50.0,65.0,203.0,403.0
KCK,6652,1982.0,John Lambert,PF,29.0,43.0,1.0,493.0,8.1,0.469,0.043,0.201,8.0,21.3,14.5,6.6,1.2,1.2,20.1,16.3,,-0.1,0.6,0.4,0.038,,-4.0,0.2,-4.6,-0.3,65.0,160.0,0.43200000000000005,1.0,6.0,0.16699999999999998,65.0,158.0,0.444,0.435,21.0,28.0,0.7829999999999999,36.0,91.0,127.0,24.0,12.0,10.0,38.0,80.0,148.0
SAS,6653,1982.0,John Lambert,PF,29.0,21.0,6.0,271.0,8.3,0.507,0.017,0.24100000000000002,7.5,12.7,10.1,5.7,1.0,1.2,13.5,10.9,,0.2,0.2,0.4,0.07200000000000001,,-2.2,0.2,-1.9,0.0,26.0,58.0,0.44799999999999995,0.0,1.0,0.0,26.0,57.0,0.456,0.44799999999999995,13.0,14.0,0.929,19.0,32.0,51.0,13.0,6.0,6.0,10.0,43.0,65.0
TOT,6651,1982.0,John Lambert,PF,29.0,63.0,7.0,764.0,8.4,0.48,0.036000000000000004,0.213,7.8,18.2,12.9,7.7,1.2,1.2,18.2,16.6,,-0.1,0.8,0.6,0.039,,-3.8,0.2,-3.6,-0.3,86.0,197.0,0.43700000000000006,1.0,7.0,0.14300000000000002,85.0,190.0,0.447,0.439,34.0,42.0,0.81,55.0,123.0,178.0,37.0,18.0,16.0,48.0,123.0,207.0
