Tm,Unnamed: 0,Year,Player,Pos,Age,G,GS,MP,PER,TS%,3PAr,FTr,ORB%,DRB%,TRB%,AST%,STL%,BLK%,TOV%,USG%,blanl,OWS,DWS,WS,WS/48,blank2,OBPM,DBPM,BPM,VORP,FG,FGA,FG%,3P,3PA,3P%,2P,2PA,2P%,eFG%,FT,FTA,FT%,ORB,DRB,TRB,AST,STL,BLK,TOV,PF,PTS
SEA,7826,1985.0,John Schweitz,SG,24.0,19.0,0.0,110.0,5.8,0.364,0.054000000000000006,0.135,6.3,15.8,11.1,27.1,0.0,0.5,15.2,35.2,,-0.5,0.1,-0.4,-0.191,,-6.9,-3.3,-10.2,-0.2,25.0,74.0,0.33799999999999997,0.0,4.0,0.0,25.0,70.0,0.35700000000000004,0.33799999999999997,7.0,10.0,0.7,6.0,15.0,21.0,18.0,0.0,1.0,14.0,12.0,57.0
DET,8583,1987.0,John Schweitz,SG,26.0,3.0,0.0,7.0,-20.3,0.0,0.0,0.0,0.0,14.9,7.7,0.0,0.0,0.0,66.7,17.3,,-0.1,0.0,-0.1,-0.46299999999999997,,-21.8,-1.1,-22.9,0.0,0.0,1.0,0.0,0.0,0.0,,0.0,1.0,0.0,0.0,0.0,0.0,,0.0,1.0,1.0,0.0,0.0,0.0,2.0,2.0,0.0
