Tm,Unnamed: 0,Year,Player,Pos,Age,G,GS,MP,PER,TS%,3PAr,FTr,ORB%,DRB%,TRB%,AST%,STL%,BLK%,TOV%,USG%,blanl,OWS,DWS,WS,WS/48,blank2,OBPM,DBPM,BPM,VORP,FG,FGA,FG%,3P,3PA,3P%,2P,2PA,2P%,eFG%,FT,FTA,FT%,ORB,DRB,TRB,AST,STL,BLK,TOV,PF,PTS
ATL,17809,2006.0,John Edwards,C,24.0,40.0,4.0,296.0,6.4,0.508,0.0,0.172,7.1,12.5,9.7,2.7,0.5,3.9,14.8,12.4,,0.1,0.1,0.2,0.026000000000000002,,-4.5,-1.4,-5.9,-0.3,31.0,64.0,0.484,0.0,0.0,,31.0,64.0,0.484,0.484,8.0,11.0,0.727,18.0,30.0,48.0,5.0,3.0,15.0,12.0,76.0,70.0
IND,17239,2005.0,John Edwards,C,23.0,25.0,1.0,139.0,5.1,0.401,0.0,0.467,7.0,9.3,8.2,3.7,1.2,2.2,18.1,15.2,,-0.2,0.1,-0.1,-0.035,,-6.9,-0.1,-7.0,-0.2,11.0,30.0,0.36700000000000005,0.0,0.0,,11.0,30.0,0.36700000000000005,0.36700000000000005,7.0,14.0,0.5,8.0,11.0,19.0,3.0,3.0,4.0,8.0,12.0,29.0
