Tm,Unnamed: 0,Year,Player,Pos,Age,G,GS,MP,PER,TS%,3PAr,FTr,ORB%,DRB%,TRB%,AST%,STL%,BLK%,TOV%,USG%,blanl,OWS,DWS,WS,WS/48,blank2,OBPM,DBPM,BPM,VORP,FG,FGA,FG%,3P,3PA,3P%,2P,2PA,2P%,eFG%,FT,FTA,FT%,ORB,DRB,TRB,AST,STL,BLK,TOV,PF,PTS
CHO,24506,2017.0,Johnny O'Bryant,PF,23.0,4.0,0.0,34.0,15.5,0.5670000000000001,0.2,0.133,12.9,13.0,12.9,21.6,0.0,0.0,15.9,25.0,,0.0,0.0,0.1,0.078,,0.7,-3.1,-2.3,0.0,8.0,15.0,0.5329999999999999,1.0,3.0,0.33299999999999996,7.0,12.0,0.583,0.5670000000000001,1.0,2.0,0.5,4.0,4.0,8.0,4.0,0.0,0.0,3.0,6.0,18.0
DEN,24505,2017.0,Johnny O'Bryant,PF,23.0,7.0,0.0,46.0,14.4,0.597,0.2,0.267,12.1,14.3,13.2,6.2,0.0,1.7,15.2,18.3,,0.1,0.0,0.1,0.096,,-0.8,-3.2,-4.0,0.0,7.0,15.0,0.467,2.0,3.0,0.667,5.0,12.0,0.41700000000000004,0.5329999999999999,4.0,4.0,1.0,5.0,6.0,11.0,2.0,0.0,1.0,3.0,4.0,20.0
MIL,23925,2016.0,Johnny O'Bryant,PF,22.0,66.0,15.0,857.0,7.4,0.441,0.005,0.225,8.7,14.7,11.7,7.1,1.1,0.9,15.9,19.2,,-0.2,0.4,0.3,0.013999999999999999,,-4.3,-1.6,-6.0,-0.7,86.0,209.0,0.41100000000000003,1.0,1.0,1.0,85.0,208.0,0.409,0.414,27.0,40.0,0.675,65.0,111.0,176.0,32.0,18.0,8.0,31.0,100.0,200.0
TOT,24504,2017.0,Johnny O'Bryant,PF,23.0,11.0,0.0,80.0,14.9,0.5820000000000001,0.2,0.2,12.4,13.7,13.1,12.7,0.0,1.0,15.5,21.1,,0.1,0.0,0.1,0.08800000000000001,,-0.2,-3.1,-3.3,0.0,15.0,30.0,0.5,3.0,6.0,0.5,12.0,24.0,0.5,0.55,5.0,6.0,0.833,9.0,10.0,19.0,6.0,0.0,1.0,6.0,10.0,38.0
