Tm,Unnamed: 0,Year,Player,Pos,Age,G,GS,MP,PER,TS%,3PAr,FTr,ORB%,DRB%,TRB%,AST%,STL%,BLK%,TOV%,USG%,blanl,OWS,DWS,WS,WS/48,blank2,OBPM,DBPM,BPM,VORP,FG,FGA,FG%,3P,3PA,3P%,2P,2PA,2P%,eFG%,FT,FTA,FT%,ORB,DRB,TRB,AST,STL,BLK,TOV,PF,PTS
CLE,3697,1973.0,John Johnson,SF,25.0,82.0,,3041.0,15.4,0.483,,0.289,,,10.1,21.5,,,,,,1.6,3.5,4.6,0.073,,,,,,557.0,1286.0,0.433,,,,557.0,1286.0,0.433,0.433,277.0,353.0,0.805,,,631.0,415.0,,,,268.0,1391.0
HOU,5180,1978.0,John Johnson,SF,30.0,79.0,,1738.0,15.1,0.486,,0.75,18.8,14.9,14.5,18.6,1.5,1.0,36.1,30.1,,1.6,0.9,2.3,0.066,,-0.3,-0.6,-0.9,0.4,319.0,696.0,0.45799999999999996,,,,319.0,696.0,0.45799999999999996,0.45799999999999996,97.0,132.0,0.758,81.0,211.0,292.0,197.0,50.0,28.0,3.0,199.0,732.0
POR,4496,1976.0,John Johnson,SF,28.0,80.0,,2540.0,16.8,0.531,,0.307,7.0,16.1,11.5,17.5,1.5,2.0,,,,4.0,2.2,6.2,0.11599999999999999,,1.6,-0.3,1.0,1.9,527.0,1082.0,0.48700000000000004,,,,527.0,1082.0,0.48700000000000004,0.48700000000000004,236.0,301.0,0.852,162.0,355.0,515.0,284.0,75.0,39.0,,249.0,1290.0
SEA,6610,1982.0,John Johnson,SF,34.0,82.0,1.0,2533.0,13.3,0.5479999999999999,0.001,0.444,6.7,12.6,9.1,22.4,1.4,0.9,24.0,22.3,,1.7,3.2,4.9,0.09300000000000001,,-0.2,1.1,0.9,1.9,377.0,866.0,0.489,0.0,1.0,0.0,377.0,865.0,0.489,0.489,190.0,250.0,0.8079999999999999,163.0,285.0,426.0,424.0,76.0,35.0,254.0,245.0,919.0
TOT,5179,1978.0,John Johnson,SF,30.0,77.0,,1823.0,15.2,0.491,,0.222,6.1,14.6,10.5,18.0,1.5,1.1,15.8,22.4,,1.3,2.0,2.5,0.07,,-0.3,-0.5,-0.9,0.5,342.0,824.0,0.45299999999999996,,,,342.0,824.0,0.45299999999999996,0.45299999999999996,133.0,177.0,0.774,102.0,238.0,332.0,217.0,57.0,36.0,169.0,197.0,817.0
