Tm,Unnamed: 0,Year,Player,Pos,Age,G,GS,MP,PER,TS%,3PAr,FTr,ORB%,DRB%,TRB%,AST%,STL%,BLK%,TOV%,USG%,blanl,OWS,DWS,WS,WS/48,blank2,OBPM,DBPM,BPM,VORP,FG,FGA,FG%,3P,3PA,3P%,2P,2PA,2P%,eFG%,FT,FTA,FT%,ORB,DRB,TRB,AST,STL,BLK,TOV,PF,PTS
GSW,9465,1989.0,John Stroeder,PF,30.0,4.0,0.0,20.0,18.4,0.4,0.0,0.0,25.1,44.8,35.0,17.9,0.0,5.5,28.6,13.3,,0.0,0.0,0.0,0.106,,-3.4,3.8,0.4,0.0,2.0,5.0,0.4,0.0,0.0,,2.0,5.0,0.4,0.4,0.0,0.0,,5.0,9.0,14.0,3.0,0.0,2.0,2.0,1.0,4.0
MIL,9019,1988.0,John Stroeder,PF,29.0,41.0,0.0,271.0,7.0,0.423,0.025,0.38,10.0,19.6,14.8,9.9,0.5,2.6,20.7,18.1,,-0.4,0.3,-0.1,-0.013000000000000001,,-5.9,0.4,-5.5,-0.2,29.0,79.0,0.36700000000000005,0.0,2.0,0.0,29.0,77.0,0.377,0.36700000000000005,20.0,30.0,0.667,24.0,47.0,71.0,20.0,3.0,12.0,24.0,48.0,78.0
SAS,9464,1989.0,John Stroeder,PF,30.0,1.0,0.0,2.0,-38.8,,,,0.0,0.0,0.0,0.0,0.0,0.0,100.0,19.4,,0.0,0.0,0.0,-0.652,,-25.4,-0.2,-25.6,0.0,0.0,0.0,,0.0,0.0,,0.0,0.0,,,0.0,0.0,,0.0,0.0,0.0,0.0,0.0,0.0,1.0,2.0,0.0
TOT,9463,1989.0,John Stroeder,PF,30.0,5.0,0.0,22.0,13.2,0.4,0.0,0.0,22.8,40.7,31.8,16.3,0.0,5.0,37.5,13.8,,0.0,0.0,0.0,0.037000000000000005,,-5.4,3.4,-2.0,0.0,2.0,5.0,0.4,0.0,0.0,,2.0,5.0,0.4,0.4,0.0,0.0,,5.0,9.0,14.0,3.0,0.0,2.0,3.0,3.0,4.0
