Tm,Unnamed: 0,Year,Player,Pos,Age,G,GS,MP,PER,TS%,3PAr,FTr,ORB%,DRB%,TRB%,AST%,STL%,BLK%,TOV%,USG%,blanl,OWS,DWS,WS,WS/48,blank2,OBPM,DBPM,BPM,VORP,FG,FGA,FG%,3P,3PA,3P%,2P,2PA,2P%,eFG%,FT,FTA,FT%,ORB,DRB,TRB,AST,STL,BLK,TOV,PF,PTS
SAS,7790,1985.0,John Paxson,PG,24.0,78.0,1.0,1259.0,12.7,0.5660000000000001,0.161,0.26,1.8,6.6,3.8,38.5,1.7,0.2,17.7,16.2,,1.7,0.6,2.3,0.08800000000000001,,-0.5,-2.8,-3.3,-0.4,196.0,385.0,0.509,10.0,34.0,0.294,186.0,351.0,0.53,0.522,84.0,100.0,0.84,19.0,49.0,68.0,215.0,45.0,3.0,81.0,117.0,486.0
CHI,11699,1994.0,John Paxson,PG,33.0,82.0,82.0,2689.0,14.0,0.596,0.324,0.28,1.3,5.8,3.4,24.5,1.9,0.4,14.6,15.1,,4.4,1.7,6.0,0.14,,1.1,-1.2,-1.2,0.4,386.0,793.0,0.5479999999999999,52.0,140.0,0.46299999999999997,334.0,653.0,0.5710000000000001,0.585,106.0,131.0,0.861,27.0,117.0,139.0,467.0,83.0,9.0,105.0,207.0,930.0
