Tm,Unnamed: 0,Year,Player,Pos,Age,G,GS,MP,PER,TS%,3PAr,FTr,ORB%,DRB%,TRB%,AST%,STL%,BLK%,TOV%,USG%,blanl,OWS,DWS,WS,WS/48,blank2,OBPM,DBPM,BPM,VORP,FG,FGA,FG%,3P,3PA,3P%,2P,2PA,2P%,eFG%,FT,FTA,FT%,ORB,DRB,TRB,AST,STL,BLK,TOV,PF,PTS
MIL,24323,2017.0,John Henson,PF,26.0,70.0,39.0,1856.0,18.6,0.58,0.009000000000000001,0.402,14.5,24.4,19.3,10.9,1.3,9.7,17.6,22.6,,1.7,2.4,3.6,0.142,,-1.0,4.6,2.7,1.5,344.0,639.0,0.5660000000000001,0.0,3.0,0.0,344.0,638.0,0.5660000000000001,0.5660000000000001,91.0,177.0,0.6920000000000001,171.0,326.0,497.0,113.0,41.0,135.0,114.0,185.0,779.0
