Tm,Unnamed: 0,Year,Player,Pos,Age,G,GS,MP,PER,TS%,3PAr,FTr,ORB%,DRB%,TRB%,AST%,STL%,BLK%,TOV%,USG%,blanl,OWS,DWS,WS,WS/48,blank2,OBPM,DBPM,BPM,VORP,FG,FGA,FG%,3P,3PA,3P%,2P,2PA,2P%,eFG%,FT,FTA,FT%,ORB,DRB,TRB,AST,STL,BLK,TOV,PF,PTS
BUF,3691,1973.0,John Hummer,PF,24.0,81.0,,2637.0,12.0,0.485,,0.53,,,12.4,11.7,,,,,,1.3,1.9,3.2,0.057999999999999996,,,,,,339.0,764.0,0.444,,,,339.0,764.0,0.444,0.444,235.0,405.0,0.58,,,717.0,163.0,,,,284.0,913.0
CHI,3948,1974.0,John Hummer,PF,25.0,18.0,,186.0,10.3,0.514,,0.609,7.1,13.6,10.3,9.9,0.7,0.3,,,,0.0,0.2,0.3,0.066,,-2.4,-0.5,-2.8,0.0,23.0,46.0,0.5,,,,23.0,46.0,0.5,0.5,14.0,28.0,0.5,13.0,24.0,37.0,13.0,3.0,1.0,,30.0,60.0
SEA,4490,1976.0,John Hummer,PF,27.0,43.0,,933.0,12.2,0.47600000000000003,,0.612,7.1,19.1,12.8,13.0,1.2,1.3,,,,0.4,0.9,1.3,0.067,,-2.0,1.2,-0.7,0.3,121.0,259.0,0.478,,,,121.0,259.0,0.478,0.478,45.0,96.0,0.469,71.0,175.0,246.0,94.0,25.0,21.0,,89.0,287.0
TOT,3947,1974.0,John Hummer,PF,25.0,53.0,,1119.0,11.9,0.483,,0.40700000000000003,7.1,18.2,12.4,12.4,1.1,1.0,,,,0.4,1.2,1.6,0.067,,-2.0,1.0,-1.1,0.3,144.0,305.0,0.47200000000000003,,,,144.0,305.0,0.47200000000000003,0.47200000000000003,59.0,124.0,0.47600000000000003,84.0,199.0,283.0,107.0,28.0,22.0,,119.0,347.0
