Tm,Unnamed: 0,Year,Player,Pos,Age,G,GS,MP,PER,TS%,3PAr,FTr,ORB%,DRB%,TRB%,AST%,STL%,BLK%,TOV%,USG%,blanl,OWS,DWS,WS,WS/48,blank2,OBPM,DBPM,BPM,VORP,FG,FGA,FG%,3P,3PA,3P%,2P,2PA,2P%,eFG%,FT,FTA,FT%,ORB,DRB,TRB,AST,STL,BLK,TOV,PF,PTS
TOR,14425,1999.0,John Wallace,SF,24.0,82.0,36.0,2361.0,15.9,0.518,0.002,0.424,7.6,16.9,12.2,11.4,1.4,4.0,14.3,27.4,,1.1,0.7,1.5,0.061,,-2.2,-1.6,-4.3,-0.5,468.0,979.0,0.478,1.0,2.0,0.5,467.0,977.0,0.478,0.479,210.0,293.0,0.7170000000000001,117.0,256.0,373.0,110.0,62.0,101.0,172.0,239.0,1147.0
NYK,14933,2000.0,John Wallace,SF,25.0,68.0,6.0,798.0,13.3,0.5710000000000001,0.017,0.466,8.1,15.3,11.8,8.2,1.4,2.6,21.1,26.1,,0.1,1.4,1.6,0.095,,-3.5,1.1,-2.4,-0.1,155.0,332.0,0.517,2.0,4.0,0.5,155.0,329.0,0.517,0.521,82.0,110.0,0.804,51.0,104.0,155.0,37.0,21.0,25.0,76.0,103.0,392.0
DET,15472,2001.0,John Wallace,SF,26.0,40.0,0.0,527.0,11.2,0.46299999999999997,0.064,0.191,5.0,12.0,8.4,8.0,1.2,2.1,12.3,24.0,,-0.3,0.6,0.3,0.027000000000000003,,-4.0,-1.2,-5.2,-0.4,100.0,236.0,0.424,2.0,15.0,0.133,98.0,221.0,0.44299999999999995,0.428,35.0,45.0,0.778,25.0,58.0,83.0,23.0,13.0,16.0,36.0,72.0,237.0
PHO,15977,2002.0,John Wallace,SF,27.0,46.0,0.0,490.0,13.7,0.493,0.061,0.215,6.1,13.6,9.8,10.0,1.2,1.3,11.0,24.1,,0.3,0.4,0.7,0.071,,-2.6,-1.8,-4.3,-0.3,93.0,214.0,0.435,5.0,13.0,0.385,88.0,201.0,0.43799999999999994,0.446,40.0,46.0,0.87,27.0,58.0,85.0,29.0,11.0,9.0,29.0,60.0,231.0
MIA,17022,2004.0,John Wallace,SF,29.0,37.0,0.0,368.0,11.6,0.486,0.09,0.276,3.8,15.1,9.3,7.2,0.7,1.7,12.9,23.9,,-0.1,0.4,0.3,0.039,,-4.7,-2.3,-7.0,-0.5,61.0,145.0,0.42100000000000004,5.0,13.0,0.385,56.0,132.0,0.424,0.43799999999999994,31.0,40.0,0.775,12.0,47.0,59.0,14.0,5.0,8.0,24.0,38.0,158.0
