Tm,Unnamed: 0,Year,Player,Pos,Age,G,GS,MP,PER,TS%,3PAr,FTr,ORB%,DRB%,TRB%,AST%,STL%,BLK%,TOV%,USG%,blanl,OWS,DWS,WS,WS/48,blank2,OBPM,DBPM,BPM,VORP,FG,FGA,FG%,3P,3PA,3P%,2P,2PA,2P%,eFG%,FT,FTA,FT%,ORB,DRB,TRB,AST,STL,BLK,TOV,PF,PTS
CLE,21991,2013.0,Jon Leuer,C,23.0,9.0,0.0,91.0,3.3,0.359,0.107,0.214,6.1,10.7,8.3,8.5,1.1,0.0,14.0,17.5,,-0.2,0.0,-0.2,-0.092,,-6.4,-2.6,-9.1,-0.2,10.0,28.0,0.35700000000000004,0.0,3.0,0.0,10.0,25.0,0.4,0.35700000000000004,2.0,6.0,0.33299999999999996,5.0,8.0,13.0,5.0,2.0,0.0,5.0,11.0,22.0
DET,24416,2017.0,Jon Leuer,PF,27.0,75.0,34.0,1944.0,14.2,0.551,0.259,0.175,5.5,17.5,11.3,8.6,0.8,1.1,8.7,17.3,,2.5,2.0,4.5,0.11199999999999999,,-0.4,0.5,0.2,1.1,310.0,646.0,0.48,49.0,167.0,0.293,261.0,479.0,0.545,0.518,98.0,113.0,0.867,102.0,300.0,402.0,111.0,31.0,26.0,66.0,145.0,767.0
MEM,23214,2015.0,Jon Leuer,PF,25.0,63.0,6.0,824.0,17.6,0.628,0.19899999999999998,0.292,9.7,22.4,14.8,8.8,2.3,1.7,10.5,21.1,,1.1,1.2,2.0,0.198,,-0.2,0.3,0.1,0.1,121.0,273.0,0.625,23.0,49.0,0.469,114.0,244.0,0.625,0.625,37.0,59.0,0.787,50.0,157.0,207.0,46.0,18.0,13.0,35.0,86.0,302.0
MIL,21446,2012.0,Jon Leuer,PF,22.0,46.0,12.0,555.0,15.3,0.536,0.047,0.147,8.7,15.3,11.9,7.3,1.3,2.3,8.1,17.6,,0.9,0.5,1.4,0.122,,-0.9,-0.5,-1.4,0.1,97.0,191.0,0.508,3.0,9.0,0.33299999999999996,94.0,182.0,0.516,0.516,21.0,28.0,0.75,45.0,75.0,120.0,25.0,14.0,17.0,18.0,67.0,218.0
PHO,23841,2016.0,Jon Leuer,PF,26.0,67.0,27.0,1255.0,16.2,0.555,0.23600000000000002,0.217,6.4,26.3,16.1,9.6,1.5,2.0,12.8,19.8,,1.4,1.3,2.7,0.10300000000000001,,-1.3,0.3,-1.0,0.3,224.0,466.0,0.48100000000000004,42.0,110.0,0.382,182.0,356.0,0.511,0.526,77.0,101.0,0.762,76.0,297.0,373.0,72.0,38.0,30.0,75.0,125.0,567.0
TOT,21990,2013.0,Jon Leuer,PF-C,23.0,28.0,0.0,187.0,10.4,0.485,0.057999999999999996,0.25,7.9,15.5,11.6,6.8,1.7,0.0,12.2,15.9,,0.0,0.2,0.2,0.057,,-3.3,-1.1,-4.4,-0.1,25.0,52.0,0.48100000000000004,0.0,3.0,0.0,25.0,49.0,0.51,0.48100000000000004,6.0,13.0,0.462,13.0,24.0,37.0,8.0,6.0,0.0,8.0,21.0,56.0
