Tm,Unnamed: 0,Year,Player,Pos,Age,G,GS,MP,PER,TS%,3PAr,FTr,ORB%,DRB%,TRB%,AST%,STL%,BLK%,TOV%,USG%,blanl,OWS,DWS,WS,WS/48,blank2,OBPM,DBPM,BPM,VORP,FG,FGA,FG%,3P,3PA,3P%,2P,2PA,2P%,eFG%,FT,FTA,FT%,ORB,DRB,TRB,AST,STL,BLK,TOV,PF,PTS
DEN,22497,2014.0,Jordan Hamilton,SF,23.0,40.0,11.0,670.0,16.9,0.508,0.508,0.129,9.2,22.4,14.0,12.6,2.3,1.6,12.4,25.3,,0.4,0.7,1.0,0.1,,0.6,0.1,-0.8,0.2,99.0,254.0,0.43200000000000005,45.0,129.0,0.37,57.0,128.0,0.484,0.509,23.0,31.0,0.742,32.0,110.0,133.0,34.0,31.0,13.0,27.0,31.0,266.0
HOU,22498,2014.0,Jordan Hamilton,SF,23.0,21.0,1.0,349.0,11.7,0.528,0.5660000000000001,0.16399999999999998,3.0,15.7,9.7,8.0,1.9,1.5,12.7,18.8,,0.2,0.4,0.6,0.08,,-0.9,-0.4,-1.4,0.1,48.0,122.0,0.39299999999999996,25.0,69.0,0.36200000000000004,23.0,53.0,0.434,0.496,17.0,20.0,0.85,9.0,52.0,61.0,18.0,13.0,7.0,19.0,36.0,138.0
LAC,23108,2015.0,Jordan Hamilton,SF,24.0,14.0,2.0,122.0,8.3,0.5429999999999999,0.6,0.0,1.9,12.7,7.4,8.2,0.8,0.0,10.3,14.4,,0.1,0.1,0.1,0.059000000000000004,,-1.1,-2.1,-3.2,0.0,14.0,35.0,0.4,10.0,21.0,0.47600000000000003,4.0,14.0,0.28600000000000003,0.5429999999999999,0.0,0.0,,2.0,14.0,16.0,7.0,2.0,0.0,4.0,14.0,38.0
NOP,23719,2016.0,Jordan Hamilton,SF,25.0,11.0,4.0,304.0,12.4,0.499,0.38799999999999996,0.18100000000000002,4.2,18.9,11.3,12.9,1.3,0.8,12.0,20.7,,0.0,0.2,0.2,0.03,,-1.2,-1.0,-2.2,0.0,49.0,116.0,0.42200000000000004,13.0,45.0,0.289,36.0,71.0,0.507,0.478,14.0,21.0,0.667,12.0,50.0,62.0,25.0,8.0,3.0,17.0,24.0,125.0
TOT,22496,2014.0,Jordan Hamilton,SF,23.0,60.0,12.0,1019.0,12.7,0.507,0.527,0.136,3.5,17.1,10.4,7.9,2.1,1.5,10.4,18.7,,0.4,1.1,1.6,0.073,,-0.9,-0.1,-1.0,0.3,147.0,376.0,0.391,70.0,198.0,0.354,77.0,178.0,0.433,0.484,40.0,51.0,0.784,32.0,162.0,194.0,52.0,44.0,20.0,46.0,67.0,404.0
