Tm,Unnamed: 0,Year,Player,Pos,Age,G,GS,MP,PER,TS%,3PAr,FTr,ORB%,DRB%,TRB%,AST%,STL%,BLK%,TOV%,USG%,blanl,OWS,DWS,WS,WS/48,blank2,OBPM,DBPM,BPM,VORP,FG,FGA,FG%,3P,3PA,3P%,2P,2PA,2P%,eFG%,FT,FTA,FT%,ORB,DRB,TRB,AST,STL,BLK,TOV,PF,PTS
ATL,20649,2011.0,Jordan Crawford,SG,22.0,16.0,0.0,160.0,7.6,0.42100000000000004,0.35100000000000003,0.078,6.8,14.2,10.5,16.0,1.0,0.0,15.8,28.1,,-0.4,0.1,-0.3,-0.09,,-4.5,-3.0,-7.5,-0.2,27.0,77.0,0.35100000000000003,9.0,27.0,0.33299999999999996,18.0,50.0,0.36,0.409,4.0,6.0,0.667,9.0,19.0,28.0,15.0,3.0,0.0,15.0,13.0,67.0
BOS,22392,2014.0,Jordan Crawford,SG,25.0,39.0,35.0,1198.0,15.7,0.525,0.34600000000000003,0.27699999999999997,2.7,12.0,7.5,31.0,1.5,0.3,15.5,23.1,,1.7,0.7,2.4,0.096,,1.6,-1.6,-0.3,0.5,188.0,455.0,0.415,50.0,157.0,0.32,138.0,298.0,0.465,0.47,110.0,126.0,0.873,18.0,102.0,120.0,224.0,34.0,3.0,84.0,76.0,536.0
GSW,22393,2014.0,Jordan Crawford,SG,25.0,42.0,0.0,661.0,11.9,0.503,0.384,0.129,1.7,8.6,5.2,14.2,1.0,0.2,12.4,26.8,,-0.2,0.7,0.4,0.033,,-1.9,-2.7,-4.6,-0.4,139.0,333.0,0.41700000000000004,40.0,128.0,0.313,99.0,205.0,0.483,0.47700000000000004,36.0,43.0,0.8370000000000001,10.0,53.0,63.0,57.0,13.0,2.0,50.0,44.0,354.0
NOP,24212,2017.0,Jordan Crawford,SG,28.0,19.0,0.0,442.0,17.6,0.5820000000000001,0.436,0.11900000000000001,0.9,7.2,4.1,22.7,1.2,0.4,9.8,25.5,,0.6,0.3,0.9,0.102,,2.6,-3.0,-0.4,0.2,105.0,218.0,0.48200000000000004,37.0,95.0,0.389,68.0,123.0,0.5529999999999999,0.5670000000000001,20.0,26.0,0.769,4.0,30.0,34.0,57.0,11.0,2.0,25.0,30.0,267.0
TOT,22391,2014.0,Jordan Crawford,SG,25.0,81.0,35.0,1859.0,14.3,0.516,0.36200000000000004,0.21899999999999997,3.4,10.9,6.9,25.1,2.0,0.3,15.1,27.0,,1.5,1.7,2.8,0.073,,0.4,-1.5,-1.6,0.2,327.0,788.0,0.415,90.0,285.0,0.337,237.0,503.0,0.47100000000000003,0.47200000000000003,146.0,169.0,0.8690000000000001,44.0,165.0,209.0,281.0,47.0,7.0,141.0,120.0,890.0
WAS,21792,2013.0,Jordan Crawford,SG,24.0,64.0,32.0,1753.0,14.7,0.512,0.337,0.233,3.0,10.3,6.6,25.5,2.1,0.4,14.9,28.1,,0.3,1.1,1.4,0.057999999999999996,,0.7,-1.4,-0.9,0.3,349.0,872.0,0.415,79.0,273.0,0.345,270.0,599.0,0.451,0.473,161.0,203.0,0.885,44.0,124.0,168.0,190.0,59.0,5.0,141.0,111.0,938.0
