Tm,Unnamed: 0,Year,Player,Pos,Age,G,GS,MP,PER,TS%,3PAr,FTr,ORB%,DRB%,TRB%,AST%,STL%,BLK%,TOV%,USG%,blanl,OWS,DWS,WS,WS/48,blank2,OBPM,DBPM,BPM,VORP,FG,FGA,FG%,3P,3PA,3P%,2P,2PA,2P%,eFG%,FT,FTA,FT%,ORB,DRB,TRB,AST,STL,BLK,TOV,PF,PTS
ATL,24179,2017.0,Jose Calderon,PG,35.0,17.0,2.0,247.0,8.7,0.504,0.526,0.14,3.2,11.0,7.1,21.6,0.8,0.0,19.9,13.3,,0.1,0.2,0.3,0.051,,-2.8,-1.4,-4.2,-0.1,23.0,57.0,0.40399999999999997,8.0,30.0,0.267,15.0,27.0,0.556,0.474,7.0,8.0,0.875,7.0,25.0,32.0,37.0,4.0,0.0,15.0,14.0,61.0
DAL,22364,2014.0,Jose Calderon,PG,32.0,81.0,81.0,2468.0,15.2,0.596,0.568,0.084,1.4,7.6,4.5,22.4,1.4,0.4,11.7,16.2,,5.4,0.8,6.3,0.122,,3.3,-2.0,1.3,2.1,341.0,748.0,0.456,191.0,425.0,0.449,150.0,323.0,0.46399999999999997,0.584,52.0,63.0,0.825,29.0,163.0,192.0,377.0,69.0,11.0,103.0,136.0,925.0
DET,21765,2013.0,Jose Calderon,PG,31.0,28.0,28.0,887.0,18.2,0.654,0.414,0.11800000000000001,0.8,8.5,4.5,34.1,1.8,0.2,17.0,15.4,,2.6,0.4,3.0,0.163,,3.2,-2.9,0.3,0.5,125.0,237.0,0.527,51.0,98.0,0.52,74.0,139.0,0.532,0.635,25.0,28.0,0.893,6.0,64.0,70.0,185.0,30.0,2.0,51.0,41.0,326.0
LAL,24178,2017.0,Jose Calderon,PG,35.0,24.0,11.0,292.0,9.1,0.508,0.442,0.052000000000000005,2.9,13.2,7.9,24.7,1.2,0.3,24.8,15.3,,-0.1,0.1,0.0,0.0,,-3.0,-2.1,-5.1,-0.2,32.0,77.0,0.41600000000000004,12.0,34.0,0.353,20.0,43.0,0.465,0.494,4.0,4.0,1.0,8.0,34.0,42.0,51.0,7.0,1.0,26.0,22.0,80.0
NYK,23597,2016.0,Jose Calderon,PG,34.0,72.0,72.0,2024.0,12.3,0.5710000000000001,0.446,0.105,1.7,11.0,6.2,25.6,1.6,0.3,16.9,16.1,,2.7,1.4,4.0,0.096,,0.5,-0.6,-0.1,1.0,209.0,455.0,0.45899999999999996,84.0,203.0,0.415,125.0,252.0,0.496,0.552,42.0,48.0,0.9059999999999999,22.0,207.0,229.0,298.0,63.0,7.0,87.0,135.0,544.0
TOR,21764,2013.0,Jose Calderon,SG,31.0,82.0,68.0,2484.0,20.5,0.613,0.462,0.295,2.4,9.9,5.8,44.2,2.0,0.4,22.3,19.5,,8.1,2.2,10.2,0.19699999999999998,,4.1,-1.5,2.6,2.9,367.0,707.0,0.521,82.0,202.0,0.429,288.0,523.0,0.5529999999999999,0.575,151.0,154.0,0.981,34.0,202.0,236.0,678.0,87.0,7.0,148.0,143.0,922.0
TOT,24177,2017.0,Jose Calderon,PG,35.0,73.0,58.0,2160.0,18.8,0.616,0.478,0.126,3.0,12.2,7.5,39.8,1.4,0.3,22.7,17.0,,6.6,0.9,7.4,0.165,,3.7,-1.8,0.4,1.3,312.0,635.0,0.491,130.0,282.0,0.461,182.0,353.0,0.516,0.594,72.0,80.0,0.917,20.0,156.0,176.0,518.0,58.0,8.0,126.0,99.0,826.0
