Tm,Unnamed: 0,Year,Player,Pos,Age,G,GS,MP,PER,TS%,3PAr,FTr,ORB%,DRB%,TRB%,AST%,STL%,BLK%,TOV%,USG%,blanl,OWS,DWS,WS,WS/48,blank2,OBPM,DBPM,BPM,VORP,FG,FGA,FG%,3P,3PA,3P%,2P,2PA,2P%,eFG%,FT,FTA,FT%,ORB,DRB,TRB,AST,STL,BLK,TOV,PF,PTS
ATL,18842,2008.0,Josh Childress,SG,24.0,80.0,44.0,2376.0,17.8,0.647,0.149,0.48,9.1,14.8,11.8,10.8,2.0,1.4,14.6,16.0,,6.0,1.5,7.6,0.16,,2.5,0.4,2.4,2.5,327.0,642.0,0.5710000000000001,32.0,77.0,0.49200000000000005,305.0,586.0,0.595,0.59,222.0,275.0,0.823,195.0,287.0,482.0,151.0,86.0,43.0,106.0,184.0,898.0
PHO,21220,2012.0,Josh Childress,SG,28.0,54.0,3.0,894.0,13.0,0.5670000000000001,0.242,0.276,8.9,14.6,10.9,10.0,1.9,1.9,15.5,14.3,,0.8,0.6,1.4,0.092,,-0.3,1.4,1.1,0.6,121.0,214.0,0.565,4.0,24.0,0.16699999999999998,120.0,198.0,0.606,0.568,29.0,59.0,0.49200000000000005,69.0,86.0,155.0,42.0,33.0,23.0,44.0,68.0,272.0
BRK,21774,2013.0,Josh Childress,SF,29.0,14.0,0.0,100.0,7.0,0.32,0.14300000000000002,0.095,7.0,10.7,8.9,7.3,1.1,1.5,0.0,10.1,,0.0,0.1,0.1,0.028999999999999998,,-3.8,0.3,-3.5,0.0,6.0,21.0,0.28600000000000003,1.0,3.0,0.33299999999999996,5.0,18.0,0.278,0.31,1.0,2.0,0.5,6.0,9.0,15.0,5.0,2.0,2.0,0.0,3.0,14.0
NOP,22374,2014.0,Josh Childress,SF,30.0,4.0,0.0,24.0,3.9,,,,0.0,14.7,7.3,10.7,2.2,0.0,100.0,1.9,,0.0,0.0,0.0,-0.003,,-6.2,2.0,-4.3,0.0,0.0,0.0,,0.0,0.0,,0.0,0.0,,,0.0,0.0,,0.0,3.0,3.0,2.0,1.0,0.0,1.0,1.0,0.0
