Tm,Unnamed: 0,Year,Player,Pos,Age,G,GS,MP,PER,TS%,3PAr,FTr,ORB%,DRB%,TRB%,AST%,STL%,BLK%,TOV%,USG%,blanl,OWS,DWS,WS,WS/48,blank2,OBPM,DBPM,BPM,VORP,FG,FGA,FG%,3P,3PA,3P%,2P,2PA,2P%,eFG%,FT,FTA,FT%,ORB,DRB,TRB,AST,STL,BLK,TOV,PF,PTS
POR,18345,2007.0,Juan Dixon,SG,28.0,76.0,42.0,1920.0,14.6,0.516,0.322,0.23600000000000002,1.9,9.3,5.5,14.9,2.1,0.4,13.9,25.2,,1.1,0.5,1.2,0.03,,0.1,-1.8,-2.6,-0.2,357.0,821.0,0.435,65.0,170.0,0.382,292.0,651.0,0.455,0.484,156.0,194.0,0.833,30.0,147.0,177.0,149.0,58.0,7.0,113.0,157.0,935.0
DET,18883,2008.0,Juan Dixon,PG,29.0,17.0,0.0,244.0,12.4,0.544,0.337,0.071,2.9,10.8,6.9,23.1,0.0,0.0,15.8,23.2,,0.1,0.2,0.3,0.068,,0.1,-2.8,-2.7,0.0,47.0,98.0,0.48,13.0,33.0,0.39399999999999996,34.0,65.0,0.523,0.546,3.0,7.0,0.429,6.0,22.0,28.0,32.0,0.0,0.0,19.0,24.0,110.0
TOR,18882,2008.0,Juan Dixon,SG,29.0,36.0,5.0,683.0,12.9,0.517,0.32,0.17,2.5,10.8,6.6,23.4,2.6,0.4,17.2,22.6,,0.4,0.7,1.1,0.076,,-0.2,-0.3,-0.9,0.2,110.0,259.0,0.425,27.0,83.0,0.436,83.0,176.0,0.47200000000000003,0.47700000000000004,41.0,44.0,0.9470000000000001,11.0,62.0,73.0,65.0,27.0,2.0,35.0,65.0,288.0
TOT,18881,2008.0,Juan Dixon,SG,29.0,81.0,6.0,1926.0,11.8,0.516,0.321,0.165,2.7,10.7,6.7,23.3,2.1,0.4,16.7,22.8,,0.5,1.2,1.7,0.042,,-0.6,-1.2,-2.0,0.0,299.0,703.0,0.425,79.0,226.0,0.41700000000000004,220.0,477.0,0.461,0.48200000000000004,101.0,116.0,0.871,27.0,131.0,158.0,123.0,76.0,9.0,101.0,177.0,778.0
WAS,19492,2009.0,Juan Dixon,SG,30.0,71.0,16.0,1478.0,15.2,0.518,0.32899999999999996,0.218,3.3,10.8,6.6,22.7,2.9,0.6,20.4,24.3,,1.3,1.1,2.0,0.08900000000000001,,0.4,-2.0,-2.1,0.0,247.0,637.0,0.41600000000000004,59.0,198.0,0.33299999999999996,188.0,439.0,0.46,0.47,111.0,139.0,0.897,32.0,118.0,148.0,137.0,82.0,6.0,104.0,111.0,664.0
