Tm,Unnamed: 0,Year,Player,Pos,Age,G,GS,MP,PER,TS%,3PAr,FTr,ORB%,DRB%,TRB%,AST%,STL%,BLK%,TOV%,USG%,blanl,OWS,DWS,WS,WS/48,blank2,OBPM,DBPM,BPM,VORP,FG,FGA,FG%,3P,3PA,3P%,2P,2PA,2P%,eFG%,FT,FTA,FT%,ORB,DRB,TRB,AST,STL,BLK,TOV,PF,PTS
BOS,16769,2004.0,Jumaine Jones,SG,24.0,42.0,2.0,373.0,7.6,0.43799999999999994,0.45799999999999996,0.24,7.5,13.2,10.4,5.9,1.7,1.9,15.2,15.2,,-0.2,0.3,0.1,0.019,,-3.5,-0.7,-4.1,-0.2,33.0,96.0,0.344,13.0,44.0,0.295,20.0,52.0,0.385,0.41100000000000003,14.0,23.0,0.609,24.0,44.0,68.0,14.0,12.0,9.0,19.0,48.0,93.0
CHA,17940,2006.0,Jumaine Jones,PF,26.0,76.0,42.0,2089.0,12.1,0.506,0.455,0.16399999999999998,5.5,16.1,10.4,5.0,1.7,0.8,8.6,18.3,,1.2,1.8,3.0,0.068,,-0.4,-0.8,-1.2,0.4,298.0,736.0,0.405,115.0,335.0,0.34299999999999997,183.0,401.0,0.456,0.483,88.0,121.0,0.727,105.0,271.0,376.0,63.0,68.0,22.0,74.0,200.0,799.0
CLE,16238,2003.0,Jumaine Jones,SF,23.0,81.0,36.0,2204.0,13.2,0.525,0.442,0.11699999999999999,6.9,19.8,13.4,8.9,1.9,1.6,12.5,16.8,,1.7,1.8,3.3,0.07400000000000001,,0.0,0.4,0.0,1.1,308.0,710.0,0.44799999999999995,111.0,314.0,0.354,235.0,472.0,0.498,0.512,57.0,83.0,0.687,125.0,365.0,490.0,116.0,75.0,46.0,107.0,184.0,784.0
LAL,17365,2005.0,Jumaine Jones,SF,25.0,76.0,23.0,1830.0,13.1,0.556,0.537,0.154,6.6,17.8,12.3,5.8,1.3,1.0,8.6,14.0,,2.8,0.8,3.7,0.09699999999999999,,0.7,-1.0,-0.4,0.8,210.0,486.0,0.43200000000000005,102.0,261.0,0.391,108.0,225.0,0.48,0.537,55.0,75.0,0.733,107.0,291.0,398.0,65.0,44.0,24.0,49.0,165.0,577.0
PHI,15209,2001.0,Jumaine Jones,SF,21.0,65.0,0.0,866.0,14.2,0.51,0.218,0.31,12.6,17.9,15.2,6.3,2.3,2.6,17.5,25.4,,0.9,1.4,2.3,0.125,,-0.9,0.3,-0.6,0.3,122.0,275.0,0.444,20.0,60.0,0.5,102.0,215.0,0.474,0.48,40.0,53.0,0.755,63.0,126.0,189.0,32.0,30.0,15.0,39.0,68.0,304.0
PHO,18489,2007.0,Jumaine Jones,SF,27.0,18.0,0.0,138.0,3.2,0.386,0.627,0.039,5.3,13.7,9.7,1.0,1.8,0.5,11.9,19.2,,-0.3,0.1,-0.2,-0.061,,-5.2,-2.6,-7.9,-0.2,14.0,51.0,0.275,10.0,32.0,0.313,4.0,19.0,0.21100000000000002,0.373,2.0,2.0,1.0,6.0,17.0,23.0,1.0,5.0,1.0,7.0,19.0,40.0
