Tm,Unnamed: 0,Year,Player,Pos,Age,G,GS,MP,PER,TS%,3PAr,FTr,ORB%,DRB%,TRB%,AST%,STL%,BLK%,TOV%,USG%,blanl,OWS,DWS,WS,WS/48,blank2,OBPM,DBPM,BPM,VORP,FG,FGA,FG%,3P,3PA,3P%,2P,2PA,2P%,eFG%,FT,FTA,FT%,ORB,DRB,TRB,AST,STL,BLK,TOV,PF,PTS
BOS,18082,2006.0,Justin Reed,SF,24.0,32.0,0.0,291.0,13.7,0.5760000000000001,0.10300000000000001,0.541,7.9,7.6,7.7,12.9,1.3,1.1,14.1,16.8,,0.2,0.1,0.3,0.121,,0.1,-1.8,-1.8,0.0,25.0,74.0,0.517,0.0,3.0,0.0,25.0,74.0,0.5770000000000001,0.517,25.0,40.0,0.733,13.0,16.0,29.0,10.0,5.0,4.0,15.0,45.0,75.0
TOT,18081,2006.0,Justin Reed,SF,24.0,72.0,6.0,997.0,7.9,0.467,0.003,0.40700000000000003,6.6,8.4,7.5,6.8,1.2,1.1,13.0,18.9,,-0.4,0.8,0.4,0.021,,-4.2,-1.3,-5.5,-0.9,119.0,295.0,0.40299999999999997,0.0,1.0,0.0,119.0,294.0,0.405,0.40299999999999997,87.0,120.0,0.725,53.0,71.0,124.0,41.0,23.0,15.0,52.0,163.0,325.0
MIN,18619,2007.0,Justin Reed,SF,25.0,41.0,6.0,706.0,9.8,0.488,0.005,0.36200000000000004,7.0,11.4,8.7,8.6,1.4,1.2,15.5,20.8,,0.0,0.7,0.7,0.048,,-3.2,-0.9,-4.1,-0.4,94.0,221.0,0.425,0.0,1.0,0.0,94.0,220.0,0.42700000000000005,0.425,62.0,80.0,0.867,40.0,55.0,95.0,34.0,18.0,11.0,37.0,118.0,250.0
