Tm,Unnamed: 0,Year,Player,Pos,Age,G,GS,MP,PER,TS%,3PAr,FTr,ORB%,DRB%,TRB%,AST%,STL%,BLK%,TOV%,USG%,blanl,OWS,DWS,WS,WS/48,blank2,OBPM,DBPM,BPM,VORP,FG,FGA,FG%,3P,3PA,3P%,2P,2PA,2P%,eFG%,FT,FTA,FT%,ORB,DRB,TRB,AST,STL,BLK,TOV,PF,PTS
DET,3805,1973.0,Justus Thigpen,SG,25.0,18.0,,99.0,7.8,0.40399999999999997,,0.0,,,4.4,11.6,,,,,,-0.2,0.1,-0.1,-0.061,,,,,,23.0,57.0,0.40399999999999997,,,,23.0,57.0,0.40399999999999997,0.40399999999999997,0.0,0.0,,,,9.0,8.0,,,,18.0,46.0
KCO,4055,1974.0,Justus Thigpen,SG,26.0,1.0,,2.0,20.6,0.33299999999999996,,0.0,52.4,0.0,26.2,0.0,0.0,0.0,,,,0.0,0.0,0.0,-0.078,,-4.6,-23.3,-27.8,0.0,1.0,3.0,0.33299999999999996,,,,1.0,3.0,0.33299999999999996,0.33299999999999996,0.0,0.0,,1.0,0.0,1.0,0.0,0.0,0.0,,0.0,2.0
