Tm,Unnamed: 0,Year,Player,Pos,Age,G,GS,MP,PER,TS%,3PAr,FTr,ORB%,DRB%,TRB%,AST%,STL%,BLK%,TOV%,USG%,blanl,OWS,DWS,WS,WS/48,blank2,OBPM,DBPM,BPM,VORP,FG,FGA,FG%,3P,3PA,3P%,2P,2PA,2P%,eFG%,FT,FTA,FT%,ORB,DRB,TRB,AST,STL,BLK,TOV,PF,PTS
DAL,24111,2017.0,Justin Anderson,SF,23.0,55.0,9.0,710.0,14.7,0.522,0.474,0.318,6.1,19.3,12.2,7.6,2.1,3.2,11.2,23.6,,0.3,0.9,1.1,0.083,,-1.8,1.3,-1.2,0.1,111.0,277.0,0.406,37.0,122.0,0.303,74.0,155.0,0.5329999999999999,0.469,70.0,88.0,0.8,39.0,114.0,149.0,32.0,28.0,25.0,40.0,64.0,329.0
PHI,24112,2017.0,Justin Anderson,SF,23.0,24.0,8.0,518.0,12.8,0.564,0.444,0.253,6.4,14.1,10.2,10.4,1.2,1.1,12.6,17.2,,0.5,0.4,0.9,0.084,,-0.4,-0.6,-1.0,0.1,75.0,162.0,0.46299999999999997,21.0,72.0,0.292,54.0,90.0,0.6,0.528,32.0,41.0,0.78,30.0,66.0,96.0,34.0,13.0,7.0,26.0,45.0,203.0
TOT,24110,2017.0,Justin Anderson,SF,23.0,75.0,10.0,1228.0,13.9,0.537,0.442,0.294,6.2,16.9,11.3,8.8,1.7,1.6,11.7,20.9,,0.6,1.3,1.9,0.07400000000000001,,-1.2,-0.3,-1.6,0.1,186.0,439.0,0.424,58.0,194.0,0.299,128.0,245.0,0.522,0.49,102.0,129.0,0.7909999999999999,69.0,176.0,245.0,66.0,41.0,23.0,66.0,109.0,532.0
