Tm,Unnamed: 0,Year,Player,Pos,Age,G,GS,MP,PER,TS%,3PAr,FTr,ORB%,DRB%,TRB%,AST%,STL%,BLK%,TOV%,USG%,blanl,OWS,DWS,WS,WS/48,blank2,OBPM,DBPM,BPM,VORP,FG,FGA,FG%,3P,3PA,3P%,2P,2PA,2P%,eFG%,FT,FTA,FT%,ORB,DRB,TRB,AST,STL,BLK,TOV,PF,PTS
HOU,19312,2008.0,Justin Williams,C,23.0,1.0,0.0,6.0,-13.0,0.315,0.0,1.3330000000000002,19.1,0.0,9.4,0.0,0.0,0.0,17.4,43.9,,-0.1,0.0,-0.1,-0.425,,-17.4,-10.8,-28.2,0.0,1.0,3.0,0.33299999999999996,0.0,0.0,,1.0,3.0,0.33299999999999996,0.33299999999999996,1.0,4.0,0.25,1.0,0.0,1.0,0.0,0.0,0.0,1.0,3.0,3.0
SAC,19311,2008.0,Justin Williams,C,23.0,26.0,1.0,333.0,17.3,0.5660000000000001,0.011000000000000001,0.846,19.6,28.7,24.2,1.0,2.2,3.7,11.5,17.6,,0.6,0.4,0.9,0.132,,-2.2,-2.4,-4.6,-0.2,54.0,88.0,0.614,0.0,1.0,0.0,54.0,87.0,0.621,0.614,23.0,63.0,0.365,51.0,64.0,115.0,2.0,5.0,16.0,15.0,51.0,131.0
TOT,19310,2008.0,Justin Williams,C,23.0,23.0,0.0,123.0,13.2,0.42,0.0,0.897,19.5,27.3,23.5,0.0,2.1,3.1,9.0,16.2,,0.0,0.2,0.2,0.071,,-5.9,-4.4,-10.3,-0.3,13.0,29.0,0.44799999999999995,0.0,0.0,,13.0,29.0,0.44799999999999995,0.44799999999999995,8.0,26.0,0.308,20.0,29.0,49.0,0.0,5.0,5.0,4.0,17.0,34.0
