Tm,Unnamed: 0,Year,Player,Pos,Age,G,GS,MP,PER,TS%,3PAr,FTr,ORB%,DRB%,TRB%,AST%,STL%,BLK%,TOV%,USG%,blanl,OWS,DWS,WS,WS/48,blank2,OBPM,DBPM,BPM,VORP,FG,FGA,FG%,3P,3PA,3P%,2P,2PA,2P%,eFG%,FT,FTA,FT%,ORB,DRB,TRB,AST,STL,BLK,TOV,PF,PTS
DAL,21812,2013.0,Justin Dentmon,PG,27.0,2.0,0.0,4.0,-19.4,0.0,0.0,0.0,0.0,0.0,0.0,0.0,0.0,0.0,0.0,22.8,,0.0,0.0,0.0,-0.5710000000000001,,-21.4,-6.5,-27.8,0.0,0.0,2.0,0.0,0.0,0.0,,0.0,2.0,0.0,0.0,0.0,0.0,,0.0,0.0,0.0,0.0,0.0,0.0,0.0,0.0,0.0
SAS,21249,2012.0,Justin Dentmon,PG,26.0,2.0,0.0,19.0,1.6,0.33299999999999996,0.667,0.0,0.0,5.9,3.0,7.4,2.7,0.0,14.3,16.8,,-0.1,0.0,0.0,-0.09,,-5.2,-1.1,-6.3,0.0,2.0,6.0,0.33299999999999996,0.0,4.0,0.0,2.0,2.0,1.0,0.33299999999999996,0.0,0.0,,0.0,1.0,1.0,1.0,1.0,0.0,1.0,2.0,4.0
TOR,21250,2012.0,Justin Dentmon,PG,26.0,4.0,0.0,72.0,5.7,0.446,0.455,0.273,0.0,11.3,5.7,20.9,0.7,0.0,19.6,20.1,,-0.1,0.0,-0.1,-0.039,,-4.1,-2.8,-6.9,-0.1,8.0,22.0,0.364,2.0,10.0,0.2,6.0,12.0,0.5,0.409,4.0,6.0,0.667,0.0,7.0,7.0,9.0,1.0,0.0,6.0,8.0,22.0
TOT,21248,2012.0,Justin Dentmon,PG,26.0,6.0,0.0,91.0,4.8,0.424,0.5,0.214,0.0,10.2,5.1,18.0,1.2,0.0,18.6,19.4,,-0.2,0.1,-0.1,-0.049,,-4.4,-2.4,-6.8,-0.1,10.0,28.0,0.35700000000000004,2.0,14.0,0.14300000000000002,8.0,14.0,0.5710000000000001,0.39299999999999996,4.0,6.0,0.667,0.0,8.0,8.0,10.0,2.0,0.0,7.0,10.0,26.0
