Tm,Unnamed: 0,Year,Player,Pos,Age,G,GS,MP,PER,TS%,3PAr,FTr,ORB%,DRB%,TRB%,AST%,STL%,BLK%,TOV%,USG%,blanl,OWS,DWS,WS,WS/48,blank2,OBPM,DBPM,BPM,VORP,FG,FGA,FG%,3P,3PA,3P%,2P,2PA,2P%,eFG%,FT,FTA,FT%,ORB,DRB,TRB,AST,STL,BLK,TOV,PF,PTS
MIN,24625,2017.0,Karl-Anthony Towns,C,21.0,82.0,82.0,3030.0,26.0,0.618,0.18600000000000003,0.289,11.2,27.8,19.4,13.2,1.1,4.3,12.6,27.5,,9.9,2.8,12.7,0.201,,4.8,1.2,5.0,5.4,802.0,1479.0,0.542,101.0,275.0,0.36700000000000005,701.0,1204.0,0.5820000000000001,0.5760000000000001,356.0,428.0,0.8320000000000001,296.0,711.0,1007.0,220.0,58.0,138.0,212.0,245.0,2061.0
