Tm,Unnamed: 0,Year,Player,Pos,Age,G,GS,MP,PER,TS%,3PAr,FTr,ORB%,DRB%,TRB%,AST%,STL%,BLK%,TOV%,USG%,blanl,OWS,DWS,WS,WS/48,blank2,OBPM,DBPM,BPM,VORP,FG,FGA,FG%,3P,3PA,3P%,2P,2PA,2P%,eFG%,FT,FTA,FT%,ORB,DRB,TRB,AST,STL,BLK,TOV,PF,PTS
LAL,16800,2004.0,Karl Malone*,PF,40.0,42.0,42.0,1373.0,17.8,0.555,0.003,0.563,5.0,25.6,15.1,19.1,1.9,1.1,17.1,19.7,,2.1,2.2,4.3,0.151,,-0.1,2.5,2.4,1.5,193.0,400.0,0.483,0.0,1.0,0.0,193.0,399.0,0.484,0.483,168.0,225.0,0.747,61.0,306.0,367.0,163.0,50.0,20.0,103.0,116.0,554.0
UTA,16267,2003.0,Karl Malone*,PF,39.0,82.0,82.0,3329.0,28.9,0.626,0.026000000000000002,0.602,10.0,27.2,17.4,24.5,2.7,2.6,18.9,32.7,,12.1,6.6,16.7,0.268,,6.2,3.0,8.5,7.9,914.0,1650.0,0.562,16.0,43.0,0.4,898.0,1645.0,0.5670000000000001,0.5670000000000001,703.0,918.0,0.797,278.0,731.0,986.0,379.0,152.0,126.0,325.0,323.0,2540.0
