Tm,Unnamed: 0,Year,Player,Pos,Age,G,GS,MP,PER,TS%,3PAr,FTr,ORB%,DRB%,TRB%,AST%,STL%,BLK%,TOV%,USG%,blanl,OWS,DWS,WS,WS/48,blank2,OBPM,DBPM,BPM,VORP,FG,FGA,FG%,3P,3PA,3P%,2P,2PA,2P%,eFG%,FT,FTA,FT%,ORB,DRB,TRB,AST,STL,BLK,TOV,PF,PTS
ATL,5521,1979.0,Keith Herron,SG,22.0,14.0,,81.0,9.3,0.37200000000000005,,0.271,5.1,8.4,6.7,5.2,3.5,1.4,8.5,28.6,,-0.1,0.1,0.0,-0.011000000000000001,,-5.6,-2.1,-7.7,-0.1,14.0,48.0,0.292,,,,14.0,48.0,0.292,0.292,12.0,13.0,0.9229999999999999,4.0,6.0,10.0,3.0,6.0,2.0,5.0,11.0,40.0
CLE,6584,1982.0,Keith Herron,SG,25.0,30.0,0.0,269.0,6.8,0.38799999999999996,0.009000000000000001,0.075,4.0,4.9,4.4,12.0,1.4,0.4,9.9,18.6,,-0.3,0.0,-0.3,-0.052000000000000005,,-4.6,-2.7,-7.3,-0.4,39.0,106.0,0.368,0.0,1.0,0.0,39.0,105.0,0.371,0.368,7.0,8.0,0.875,10.0,11.0,21.0,23.0,8.0,2.0,12.0,25.0,85.0
DET,6219,1981.0,Keith Herron,SG,24.0,80.0,,2270.0,13.4,0.511,0.012,0.28,4.7,6.1,5.4,10.4,1.9,0.7,12.5,21.8,,1.6,1.9,3.5,0.07400000000000001,,-0.9,-1.2,-2.1,-0.1,432.0,954.0,0.45299999999999996,2.0,11.0,0.182,430.0,943.0,0.456,0.45399999999999996,228.0,267.0,0.8540000000000001,98.0,113.0,211.0,148.0,91.0,26.0,153.0,154.0,1094.0
