Tm,Unnamed: 0,Year,Player,Pos,Age,G,GS,MP,PER,TS%,3PAr,FTr,ORB%,DRB%,TRB%,AST%,STL%,BLK%,TOV%,USG%,blanl,OWS,DWS,WS,WS/48,blank2,OBPM,DBPM,BPM,VORP,FG,FGA,FG%,3P,3PA,3P%,2P,2PA,2P%,eFG%,FT,FTA,FT%,ORB,DRB,TRB,AST,STL,BLK,TOV,PF,PTS
LAC,12774,1996.0,Keith Tower,C,25.0,34.0,1.0,305.0,7.5,0.491,0.013999999999999999,0.361,8.5,11.6,10.1,2.4,0.7,2.7,16.1,14.5,,0.0,0.1,0.1,0.013999999999999999,,-4.7,-1.4,-6.1,-0.3,32.0,72.0,0.444,0.0,1.0,0.0,32.0,71.0,0.451,0.444,18.0,26.0,0.6920000000000001,22.0,29.0,51.0,5.0,4.0,11.0,16.0,50.0,82.0
MIL,13357,1997.0,Keith Tower,C,26.0,5.0,1.0,72.0,0.6,0.304,0.0,1.0,3.4,11.8,7.6,2.0,1.5,1.0,14.8,8.7,,-0.1,0.1,-0.1,-0.054000000000000006,,-6.8,0.1,-6.7,-0.1,3.0,8.0,0.375,0.0,0.0,,3.0,8.0,0.375,0.375,1.0,8.0,0.125,2.0,7.0,9.0,1.0,2.0,1.0,2.0,12.0,7.0
ORL,12243,1995.0,Keith Tower,C,24.0,11.0,0.0,32.0,5.5,0.444,0.0,1.0,16.9,31.7,24.5,4.3,0.0,0.0,25.8,23.8,,0.0,0.0,0.0,0.051,,-5.8,-2.7,-8.6,0.0,4.0,9.0,0.444,0.0,0.0,,4.0,9.0,0.444,0.444,1.0,2.0,0.5,1.0,6.0,6.0,1.0,0.0,0.0,1.0,6.0,8.0
