Tm,Unnamed: 0,Year,Player,Pos,Age,G,GS,MP,PER,TS%,3PAr,FTr,ORB%,DRB%,TRB%,AST%,STL%,BLK%,TOV%,USG%,blanl,OWS,DWS,WS,WS/48,blank2,OBPM,DBPM,BPM,VORP,FG,FGA,FG%,3P,3PA,3P%,2P,2PA,2P%,eFG%,FT,FTA,FT%,ORB,DRB,TRB,AST,STL,BLK,TOV,PF,PTS
CHI,2529,1968.0,Keith Erickson,SF,23.0,78.0,,2257.0,12.8,0.45,,0.273,,,,16.6,,,,,,-0.3,2.4,2.1,0.044000000000000004,,,,,,377.0,940.0,0.401,,,,377.0,940.0,0.401,0.401,194.0,257.0,0.755,,,423.0,267.0,,,,276.0,948.0
LAL,3651,1973.0,Keith Erickson,SG,28.0,77.0,,2272.0,12.0,0.5,,0.278,,,8.0,15.9,,,,,,1.6,2.6,3.3,0.099,,,,,,369.0,783.0,0.48200000000000004,,,,369.0,783.0,0.48200000000000004,0.48200000000000004,120.0,175.0,0.857,,,404.0,242.0,,,,241.0,823.0
PHO,4744,1977.0,Keith Erickson,SF,32.0,74.0,,2033.0,15.3,0.523,,0.28,6.3,15.8,10.3,16.7,1.9,0.5,,,,2.9,1.8,4.1,0.098,,0.5,0.1,-0.1,1.0,393.0,824.0,0.483,,,,393.0,824.0,0.483,0.483,177.0,221.0,0.8540000000000001,106.0,320.0,414.0,205.0,79.0,20.0,,196.0,963.0
SFW,2251,1966.0,Keith Erickson,SF,21.0,64.0,,646.0,8.3,0.39399999999999996,,0.243,,,,7.6,,,,,,-0.9,0.7,-0.2,-0.016,,,,,,95.0,267.0,0.35600000000000004,,,,95.0,267.0,0.35600000000000004,0.35600000000000004,43.0,65.0,0.662,,,162.0,38.0,,,,91.0,233.0
