Tm,Unnamed: 0,Year,Player,Pos,Age,G,GS,MP,PER,TS%,3PAr,FTr,ORB%,DRB%,TRB%,AST%,STL%,BLK%,TOV%,USG%,blanl,OWS,DWS,WS,WS/48,blank2,OBPM,DBPM,BPM,VORP,FG,FGA,FG%,3P,3PA,3P%,2P,2PA,2P%,eFG%,FT,FTA,FT%,ORB,DRB,TRB,AST,STL,BLK,TOV,PF,PTS
ATL,6915,1983.0,Keith Edmonson,SG,22.0,32.0,2.0,309.0,6.8,0.371,0.013999999999999999,0.19399999999999998,6.9,6.5,6.7,10.3,1.7,1.1,11.7,23.0,,-0.6,0.3,-0.3,-0.051,,-5.1,-1.4,-6.4,-0.3,48.0,139.0,0.345,0.0,2.0,0.0,48.0,137.0,0.35,0.345,16.0,27.0,0.593,20.0,19.0,39.0,22.0,11.0,6.0,20.0,41.0,112.0
DEN,7292,1984.0,Keith Edmonson,SG,23.0,15.0,0.0,101.0,12.2,0.552,0.0,0.532,6.1,12.8,9.4,9.1,1.7,0.5,21.6,27.6,,-0.1,0.0,0.0,-0.019,,-4.0,-3.4,-7.3,-0.1,23.0,47.0,0.489,0.0,0.0,,23.0,47.0,0.489,0.489,18.0,25.0,0.72,6.0,12.0,18.0,7.0,4.0,1.0,16.0,16.0,64.0
SAS,7291,1984.0,Keith Edmonson,SG,23.0,40.0,0.0,521.0,16.2,0.5429999999999999,0.0,0.369,8.3,6.0,7.2,7.2,1.9,0.6,12.4,27.0,,0.6,0.2,0.8,0.073,,0.1,-3.1,-3.0,-0.1,135.0,274.0,0.493,0.0,0.0,,135.0,274.0,0.493,0.493,76.0,101.0,0.752,40.0,30.0,70.0,27.0,22.0,6.0,45.0,67.0,346.0
TOT,7290,1984.0,Keith Edmonson,SG,23.0,55.0,0.0,622.0,15.5,0.545,0.0,0.39299999999999996,8.0,7.1,7.5,7.5,1.9,0.6,13.9,27.1,,0.5,0.2,0.7,0.057999999999999996,,-0.6,-3.1,-3.7,-0.3,158.0,321.0,0.49200000000000005,0.0,0.0,,158.0,321.0,0.49200000000000005,0.49200000000000005,94.0,126.0,0.746,46.0,42.0,88.0,34.0,26.0,7.0,61.0,83.0,410.0
