Tm,Unnamed: 0,Year,Player,Pos,Age,G,GS,MP,PER,TS%,3PAr,FTr,ORB%,DRB%,TRB%,AST%,STL%,BLK%,TOV%,USG%,blanl,OWS,DWS,WS,WS/48,blank2,OBPM,DBPM,BPM,VORP,FG,FGA,FG%,3P,3PA,3P%,2P,2PA,2P%,eFG%,FT,FTA,FT%,ORB,DRB,TRB,AST,STL,BLK,TOV,PF,PTS
CLE,8483,1987.0,Keith Lee,PF,24.0,67.0,38.0,1197.0,13.8,0.51,0.024,0.27,11.6,21.7,16.2,12.2,1.4,2.6,16.9,23.2,,0.5,1.4,1.9,0.075,,-1.7,1.1,-0.7,0.4,177.0,380.0,0.466,2.0,9.0,0.222,175.0,373.0,0.47200000000000003,0.46799999999999997,75.0,101.0,0.7809999999999999,116.0,235.0,351.0,69.0,29.0,40.0,85.0,204.0,431.0
NJN,9319,1989.0,Keith Lee,PF,26.0,57.0,4.0,840.0,10.8,0.46799999999999997,0.008,0.275,9.4,25.4,17.1,7.0,1.1,2.3,15.5,16.7,,-0.2,1.0,0.8,0.045,,-4.4,0.7,-3.7,-0.4,109.0,258.0,0.42200000000000004,0.0,2.0,0.0,109.0,256.0,0.426,0.42200000000000004,53.0,71.0,0.746,73.0,186.0,259.0,42.0,20.0,33.0,53.0,138.0,271.0
