Tm,Unnamed: 0,Year,Player,Pos,Age,G,GS,MP,PER,TS%,3PAr,FTr,ORB%,DRB%,TRB%,AST%,STL%,BLK%,TOV%,USG%,blanl,OWS,DWS,WS,WS/48,blank2,OBPM,DBPM,BPM,VORP,FG,FGA,FG%,3P,3PA,3P%,2P,2PA,2P%,eFG%,FT,FTA,FT%,ORB,DRB,TRB,AST,STL,BLK,TOV,PF,PTS
CHH,10395,1991.0,Kelly Tripucka,SF,31.0,79.0,73.0,2404.0,17.7,0.5579999999999999,0.109,0.418,4.0,12.0,7.8,18.0,1.8,0.6,15.9,29.8,,2.4,1.5,3.3,0.076,,1.7,-0.6,0.1,1.2,568.0,1215.0,0.467,38.0,104.0,0.365,538.0,1131.0,0.47600000000000003,0.48,440.0,508.0,0.91,82.0,240.0,322.0,224.0,88.0,16.0,236.0,220.0,1606.0
DET,8239,1986.0,Kelly Tripucka,SF,26.0,82.0,82.0,3077.0,19.8,0.57,0.032,0.485,7.6,9.9,7.9,15.9,1.6,0.5,15.3,26.5,,5.9,2.1,7.5,0.151,,3.5,-0.9,1.5,2.5,636.0,1296.0,0.498,14.0,37.0,0.48,631.0,1279.0,0.501,0.502,495.0,621.0,0.885,219.0,232.0,443.0,270.0,93.0,20.0,280.0,241.0,1772.0
UTA,9042,1988.0,Kelly Tripucka,SF,28.0,79.0,76.0,1865.0,13.0,0.5539999999999999,0.244,0.364,3.5,10.6,6.7,17.9,2.1,0.3,18.8,18.9,,0.8,2.6,3.3,0.085,,-0.9,1.2,-0.1,0.9,291.0,621.0,0.469,31.0,74.0,0.419,272.0,569.0,0.478,0.51,197.0,226.0,0.872,54.0,188.0,242.0,243.0,85.0,11.0,167.0,147.0,798.0
