Tm,Unnamed: 0,Year,Player,Pos,Age,G,GS,MP,PER,TS%,3PAr,FTr,ORB%,DRB%,TRB%,AST%,STL%,BLK%,TOV%,USG%,blanl,OWS,DWS,WS,WS/48,blank2,OBPM,DBPM,BPM,VORP,FG,FGA,FG%,3P,3PA,3P%,2P,2PA,2P%,eFG%,FT,FTA,FT%,ORB,DRB,TRB,AST,STL,BLK,TOV,PF,PTS
POR,6722,1982.0,Kelvin Ransey,PG,23.0,80.0,68.0,2431.0,16.5,0.507,0.035,0.29,1.9,6.9,4.4,32.4,1.9,0.2,15.6,24.9,,2.2,1.6,3.7,0.073,,0.6,-2.4,-1.8,0.1,525.0,1162.0,0.46,3.0,38.0,0.09699999999999999,522.0,1131.0,0.474,0.462,242.0,318.0,0.7609999999999999,42.0,153.0,195.0,555.0,97.0,9.0,232.0,201.0,1253.0
DAL,7104,1983.0,Kelvin Ransey,PG,24.0,76.0,4.0,1607.0,15.7,0.504,0.021,0.267,2.9,7.0,4.9,24.3,1.7,0.1,13.4,23.7,,1.9,0.3,2.2,0.066,,0.5,-3.0,-2.5,-0.2,343.0,746.0,0.46,2.0,16.0,0.125,341.0,730.0,0.467,0.461,152.0,199.0,0.764,44.0,103.0,147.0,280.0,58.0,4.0,129.0,109.0,840.0
NJN,8183,1986.0,Kelvin Ransey,PG,27.0,81.0,50.0,1937.0,15.3,0.514,0.048,0.293,2.6,6.2,4.3,33.0,2.4,0.2,16.7,19.8,,1.9,2.0,3.8,0.096,,-0.3,-1.7,-2.1,0.0,304.0,700.0,0.45899999999999996,7.0,32.0,0.21899999999999997,298.0,668.0,0.474,0.46,145.0,183.0,0.8590000000000001,40.0,99.0,130.0,483.0,91.0,7.0,141.0,182.0,760.0
