Tm,Unnamed: 0,Year,Player,Pos,Age,G,GS,MP,PER,TS%,3PAr,FTr,ORB%,DRB%,TRB%,AST%,STL%,BLK%,TOV%,USG%,blanl,OWS,DWS,WS,WS/48,blank2,OBPM,DBPM,BPM,VORP,FG,FGA,FG%,3P,3PA,3P%,2P,2PA,2P%,eFG%,FT,FTA,FT%,ORB,DRB,TRB,AST,STL,BLK,TOV,PF,PTS
POR,14042,1999.0,Kelvin Cato,C,24.0,74.0,8.0,1007.0,14.5,0.496,0.013000000000000001,0.546,10.9,20.6,15.9,5.7,2.3,7.7,14.6,15.6,,0.7,2.0,2.7,0.14400000000000002,,-3.1,5.3,2.2,0.6,98.0,229.0,0.45,1.0,3.0,1.0,98.0,226.0,0.445,0.45299999999999996,86.0,125.0,0.688,91.0,161.0,252.0,23.0,29.0,94.0,44.0,164.0,282.0
HOU,16595,2004.0,Kelvin Cato,PF,29.0,75.0,73.0,1917.0,15.9,0.606,0.016,0.595,12.5,26.7,19.8,6.9,1.6,5.1,16.6,15.7,,3.6,3.5,5.3,0.145,,-1.2,3.8,1.2,1.4,216.0,402.0,0.583,0.0,4.0,0.0,216.0,398.0,0.585,0.583,135.0,208.0,0.6759999999999999,176.0,349.0,525.0,72.0,52.0,124.0,84.0,208.0,567.0
DET,17762,2006.0,Kelvin Cato,C,31.0,4.0,0.0,34.0,7.7,0.41700000000000004,0.0,0.0,3.5,21.2,12.2,9.7,0.0,4.3,14.3,19.6,,-0.1,0.1,0.0,-0.013000000000000001,,-7.9,0.5,-7.4,0.0,5.0,12.0,0.41700000000000004,0.0,0.0,,5.0,12.0,0.41700000000000004,0.41700000000000004,0.0,0.0,,1.0,6.0,7.0,2.0,0.0,2.0,2.0,4.0,10.0
ORL,17761,2006.0,Kelvin Cato,C,31.0,62.0,50.0,1525.0,14.9,0.6,0.0,0.486,8.1,22.7,15.3,3.9,1.8,3.8,15.5,16.4,,2.1,2.2,4.3,0.13699999999999998,,-1.5,2.2,0.7,1.0,160.0,297.0,0.539,0.0,0.0,,160.0,297.0,0.539,0.539,112.0,143.0,0.7829999999999999,102.0,314.0,416.0,40.0,55.0,82.0,64.0,170.0,432.0
TOT,17760,2006.0,Kelvin Cato,C,31.0,27.0,0.0,333.0,9.3,0.493,0.0,0.41700000000000004,7.6,18.0,12.9,1.9,1.0,2.8,15.3,16.7,,0.0,0.4,0.3,0.045,,-5.2,-1.3,-6.5,-0.4,36.0,84.0,0.429,0.0,0.0,,36.0,84.0,0.429,0.429,26.0,35.0,0.743,20.0,50.0,70.0,4.0,6.0,12.0,18.0,52.0,98.0
NYK,18310,2007.0,Kelvin Cato,C,32.0,18.0,0.0,95.0,12.3,0.40299999999999997,0.0,0.545,15.2,23.5,19.4,0.0,1.7,8.4,18.0,15.9,,-0.1,0.2,0.1,0.036000000000000004,,-8.1,-0.2,-8.3,-0.2,7.0,22.0,0.318,0.0,0.0,,7.0,22.0,0.318,0.318,8.0,12.0,0.667,12.0,19.0,31.0,0.0,3.0,10.0,6.0,10.0,22.0
