Tm,Unnamed: 0,Year,Player,Pos,Age,G,GS,MP,PER,TS%,3PAr,FTr,ORB%,DRB%,TRB%,AST%,STL%,BLK%,TOV%,USG%,blanl,OWS,DWS,WS,WS/48,blank2,OBPM,DBPM,BPM,VORP,FG,FGA,FG%,3P,3PA,3P%,2P,2PA,2P%,eFG%,FT,FTA,FT%,ORB,DRB,TRB,AST,STL,BLK,TOV,PF,PTS
BOS,9955,1990.0,Kelvin Upshaw,SG,27.0,23.0,0.0,473.0,10.9,0.513,0.128,0.154,2.7,8.0,5.5,27.9,2.0,0.4,22.4,17.6,,0.1,0.3,0.4,0.036000000000000004,,-1.8,-2.0,-3.8,-0.2,73.0,149.0,0.49,2.0,10.0,0.4,71.0,139.0,0.511,0.49700000000000005,14.0,20.0,0.7,6.0,30.0,36.0,97.0,19.0,3.0,42.0,62.0,162.0
DAL,10399,1991.0,Kelvin Upshaw,SG,28.0,48.0,1.0,514.0,17.2,0.521,0.33299999999999996,0.27699999999999997,4.4,7.8,6.1,27.1,2.8,0.6,13.1,32.9,,0.6,0.4,1.0,0.094,,1.1,-1.7,-0.6,0.2,104.0,231.0,0.45,7.0,29.0,0.24100000000000002,97.0,202.0,0.5,0.465,55.0,64.0,0.8590000000000001,20.0,35.0,55.0,86.0,28.0,5.0,39.0,77.0,270.0
GSW,9957,1990.0,Kelvin Upshaw,SG,27.0,23.0,0.0,252.0,16.1,0.544,0.087,0.298,2.7,8.9,5.9,15.1,4.5,0.0,11.3,21.0,,0.2,0.2,0.5,0.091,,0.1,-0.7,-0.6,0.1,51.0,104.0,0.49,2.0,9.0,0.222,49.0,95.0,0.516,0.5,24.0,31.0,0.774,6.0,22.0,28.0,26.0,25.0,0.0,15.0,34.0,128.0
MIA,9494,1989.0,Kelvin Upshaw,SG,26.0,9.0,0.0,144.0,8.5,0.434,0.079,0.095,3.0,7.3,5.1,22.0,2.4,0.0,16.5,22.2,,-0.2,0.1,-0.1,-0.03,,-4.1,-2.1,-6.2,-0.2,26.0,63.0,0.413,1.0,5.0,0.2,25.0,58.0,0.431,0.42100000000000004,4.0,6.0,0.667,4.0,9.0,13.0,20.0,7.0,0.0,13.0,18.0,57.0
TOT,9954,1990.0,Kelvin Upshaw,SG,27.0,40.0,0.0,617.0,11.9,0.493,0.10300000000000001,0.253,2.6,8.5,5.7,26.5,3.2,0.3,19.8,19.9,,0.0,0.4,0.3,0.036000000000000004,,-2.1,-1.4,-3.4,-0.1,99.0,212.0,0.467,4.0,15.0,0.267,96.0,197.0,0.48700000000000004,0.474,28.0,37.0,0.757,10.0,39.0,49.0,117.0,27.0,3.0,55.0,80.0,219.0
