Tm,Unnamed: 0,Year,Player,Pos,Age,G,GS,MP,PER,TS%,3PAr,FTr,ORB%,DRB%,TRB%,AST%,STL%,BLK%,TOV%,USG%,blanl,OWS,DWS,WS,WS/48,blank2,OBPM,DBPM,BPM,VORP,FG,FGA,FG%,3P,3PA,3P%,2P,2PA,2P%,eFG%,FT,FTA,FT%,ORB,DRB,TRB,AST,STL,BLK,TOV,PF,PTS
DEN,16392,2003.0,Kenny Satterfield,PG,21.0,36.0,6.0,560.0,11.5,0.431,0.17,0.231,3.3,7.5,5.3,31.8,2.9,0.4,19.5,22.4,,-0.5,0.4,-0.2,-0.013999999999999999,,-2.8,-1.4,-4.7,-0.4,73.0,199.0,0.36700000000000005,7.0,28.0,0.259,66.0,172.0,0.384,0.384,36.0,46.0,0.7829999999999999,17.0,35.0,52.0,108.0,31.0,2.0,53.0,43.0,189.0
PHI,16393,2003.0,Kenny Satterfield,PG,21.0,17.0,0.0,82.0,2.6,0.23800000000000002,0.0,0.111,5.6,5.8,5.7,26.1,1.3,0.0,27.0,14.2,,-0.2,0.0,-0.2,-0.10800000000000001,,-7.6,-2.3,-9.8,-0.2,4.0,18.0,0.222,0.0,0.0,,4.0,18.0,0.222,0.222,1.0,2.0,0.5,4.0,4.0,8.0,15.0,2.0,0.0,7.0,6.0,9.0
TOT,16391,2003.0,Kenny Satterfield,PG,21.0,39.0,6.0,502.0,4.8,0.34,0.153,0.13699999999999998,3.6,6.6,5.0,23.1,2.1,0.3,18.1,21.0,,-1.4,0.5,-1.0,-0.091,,-6.2,-1.5,-7.7,-0.7,55.0,183.0,0.301,5.0,28.0,0.179,50.0,155.0,0.32299999999999995,0.314,17.0,25.0,0.68,16.0,27.0,43.0,68.0,20.0,2.0,43.0,36.0,132.0
