Tm,Unnamed: 0,Year,Player,Pos,Age,G,GS,MP,PER,TS%,3PAr,FTr,ORB%,DRB%,TRB%,AST%,STL%,BLK%,TOV%,USG%,blanl,OWS,DWS,WS,WS/48,blank2,OBPM,DBPM,BPM,VORP,FG,FGA,FG%,3P,3PA,3P%,2P,2PA,2P%,eFG%,FT,FTA,FT%,ORB,DRB,TRB,AST,STL,BLK,TOV,PF,PTS
LAC,8788,1988.0,Kenny Fields,SF,25.0,44.0,17.0,861.0,11.9,0.5479999999999999,0.035,0.722,8.7,11.5,10.0,10.6,1.7,0.7,28.6,20.1,,0.3,0.4,0.7,0.037000000000000005,,-1.9,0.3,-3.1,-0.1,153.0,344.0,0.445,3.0,12.0,0.25,150.0,332.0,0.452,0.449,72.0,89.0,0.809,63.0,83.0,146.0,60.0,31.0,11.0,52.0,120.0,381.0
MIL,8407,1987.0,Kenny Fields,SF,24.0,78.0,3.0,1120.0,16.6,0.637,0.01,0.625,8.6,14.2,10.1,9.7,2.2,1.1,14.4,20.8,,1.0,1.8,2.8,0.12,,-0.2,0.6,-0.3,0.5,204.0,398.0,0.75,0.0,4.0,0.0,204.0,394.0,0.75,0.75,91.0,132.0,0.75,59.0,144.0,203.0,79.0,51.0,15.0,77.0,170.0,499.0
TOT,8406,1987.0,Kenny Fields,SF,24.0,48.0,17.0,883.0,12.0,0.501,0.034,0.267,7.3,11.4,9.2,10.5,1.7,0.7,11.9,20.1,,0.3,0.4,0.7,0.039,,-1.8,-1.3,-3.1,-0.2,159.0,352.0,0.452,3.0,12.0,0.25,156.0,340.0,0.45899999999999996,0.456,73.0,94.0,0.777,63.0,85.0,148.0,61.0,32.0,11.0,53.0,123.0,394.0
