Tm,Unnamed: 0,Year,Player,Pos,Age,G,GS,MP,PER,TS%,3PAr,FTr,ORB%,DRB%,TRB%,AST%,STL%,BLK%,TOV%,USG%,blanl,OWS,DWS,WS,WS/48,blank2,OBPM,DBPM,BPM,VORP,FG,FGA,FG%,3P,3PA,3P%,2P,2PA,2P%,eFG%,FT,FTA,FT%,ORB,DRB,TRB,AST,STL,BLK,TOV,PF,PTS
PHO,9229,1989.0,Kenny Gattison,PF,24.0,77.0,14.0,1104.0,9.4,0.523,0.01,2.0,9.0,18.3,13.7,4.3,1.0,1.7,18.6,17.4,,0.0,1.0,0.7,0.031,,-4.1,-1.0,-5.1,0.0,148.0,311.0,0.47600000000000003,0.0,3.0,0.0,148.0,308.0,0.48100000000000004,0.47600000000000003,108.0,171.0,0.632,87.0,183.0,270.0,36.0,24.0,33.0,88.0,178.0,404.0
CHH,11986,1995.0,Kenny Gattison,PF,30.0,82.0,71.0,2223.0,15.3,0.586,0.01,0.5429999999999999,9.8,19.8,14.0,8.2,1.8,2.7,17.4,19.4,,2.5,1.9,4.5,0.10300000000000001,,-0.6,0.8,-0.1,0.8,423.0,799.0,0.55,1.0,3.0,1.0,423.0,797.0,0.5489999999999999,0.552,196.0,285.0,0.688,177.0,403.0,580.0,131.0,59.0,69.0,140.0,273.0,1042.0
VAN,12452,1996.0,Kenny Gattison,PF,31.0,25.0,14.0,570.0,10.7,0.51,0.0,0.41100000000000003,7.0,16.8,11.7,4.6,0.9,1.5,15.1,21.2,,-0.3,0.5,0.1,0.012,,-5.2,-1.4,-6.6,-0.7,91.0,190.0,0.479,0.0,0.0,,91.0,190.0,0.479,0.479,47.0,78.0,0.603,35.0,79.0,114.0,14.0,10.0,11.0,40.0,75.0,229.0
