Tm,Unnamed: 0,Year,Player,Pos,Age,G,GS,MP,PER,TS%,3PAr,FTr,ORB%,DRB%,TRB%,AST%,STL%,BLK%,TOV%,USG%,blanl,OWS,DWS,WS,WS/48,blank2,OBPM,DBPM,BPM,VORP,FG,FGA,FG%,3P,3PA,3P%,2P,2PA,2P%,eFG%,FT,FTA,FT%,ORB,DRB,TRB,AST,STL,BLK,TOV,PF,PTS
HOU,16427,2003.0,Kenny Thomas,PF,25.0,74.0,71.0,2484.0,16.4,0.52,0.23,0.405,9.4,18.3,13.6,11.6,1.9,1.8,18.2,20.9,,2.6,1.9,4.4,0.085,,-0.5,0.6,0.1,1.3,396.0,829.0,0.478,32.0,122.0,0.272,396.0,813.0,0.48700000000000004,0.478,223.0,336.0,0.733,158.0,358.0,516.0,137.0,85.0,66.0,143.0,195.0,1015.0
PHI,17585,2005.0,Kenny Thomas,PF,27.0,74.0,72.0,2699.0,15.9,0.539,0.008,0.41200000000000003,11.6,21.6,16.5,9.9,1.7,1.2,15.3,20.1,,2.9,3.7,6.6,0.134,,-0.1,1.1,1.0,1.8,381.0,813.0,0.48200000000000004,1.0,5.0,0.25,380.0,808.0,0.48200000000000004,0.48200000000000004,243.0,323.0,0.7979999999999999,261.0,489.0,750.0,111.0,82.0,33.0,172.0,219.0,1006.0
SAC,20432,2010.0,Kenny Thomas,PF,32.0,82.0,55.0,2293.0,18.9,0.539,0.003,0.354,12.6,21.2,15.8,14.6,4.9,2.3,34.3,21.6,,2.2,3.3,5.5,0.135,,0.7,2.6,1.0,1.6,305.0,604.0,0.505,0.0,1.0,0.0,305.0,603.0,0.506,0.505,138.0,204.0,0.722,199.0,419.0,618.0,168.0,72.0,39.0,135.0,196.0,748.0
TOT,17584,2005.0,Kenny Thomas,PF,27.0,73.0,58.0,2167.0,15.2,0.517,0.006,0.35200000000000004,10.9,20.5,15.6,11.7,1.7,1.1,15.2,20.7,,2.1,2.5,4.6,0.111,,-0.7,0.9,0.2,1.1,367.0,781.0,0.47,1.0,5.0,0.2,366.0,776.0,0.47200000000000003,0.47100000000000003,173.0,227.0,0.762,185.0,351.0,535.0,152.0,67.0,28.0,131.0,227.0,908.0
