Tm,Unnamed: 0,Year,Player,Pos,Age,G,GS,MP,PER,TS%,3PAr,FTr,ORB%,DRB%,TRB%,AST%,STL%,BLK%,TOV%,USG%,blanl,OWS,DWS,WS,WS/48,blank2,OBPM,DBPM,BPM,VORP,FG,FGA,FG%,3P,3PA,3P%,2P,2PA,2P%,eFG%,FT,FTA,FT%,ORB,DRB,TRB,AST,STL,BLK,TOV,PF,PTS
IND,6331,1981.0,Kenny Natt,SG,22.0,19.0,,149.0,5.2,0.36,0.10400000000000001,0.14300000000000002,6.4,4.5,5.5,9.4,1.6,0.4,10.9,24.7,,-0.3,0.1,-0.2,-0.075,,-5.4,-3.7,-9.1,-0.3,25.0,77.0,0.325,2.0,8.0,0.25,23.0,69.0,0.33299999999999996,0.33799999999999997,7.0,11.0,0.636,9.0,6.0,15.0,10.0,5.0,1.0,10.0,18.0,59.0
KCK,7776,1985.0,Kenny Natt,SG,26.0,4.0,0.0,16.0,7.3,0.0,0.0,0.0,7.2,0.0,3.6,20.2,2.9,0.0,0.0,2.5,,0.0,0.0,0.0,0.049,,-2.9,0.1,-2.8,0.0,0.0,1.0,0.0,0.0,0.0,,0.0,1.0,0.0,0.0,0.0,0.0,,1.0,0.0,1.0,3.0,1.0,0.0,0.0,1.0,0.0
TOT,7774,1985.0,Kenny Natt,SG,26.0,8.0,0.0,29.0,4.7,0.387,0.0,0.667,7.6,3.5,5.5,11.2,3.2,0.0,27.9,14.7,,-0.1,0.0,0.0,-0.063,,-7.1,-1.4,-8.5,0.0,2.0,6.0,0.33299999999999996,0.0,0.0,,2.0,6.0,0.33299999999999996,0.33299999999999996,2.0,4.0,0.5,2.0,1.0,3.0,3.0,2.0,0.0,3.0,3.0,6.0
UTA,7775,1985.0,Kenny Natt,SG,26.0,22.0,0.0,210.0,9.1,0.537,0.027000000000000003,0.8,8.2,7.8,8.0,18.7,3.5,0.0,30.7,29.8,,-0.1,0.1,0.1,0.013000000000000001,,-3.2,-2.8,-6.1,0.0,38.0,73.0,0.521,0.0,2.0,0.0,38.0,71.0,0.535,0.521,9.0,14.0,0.643,6.0,16.0,22.0,28.0,5.0,0.0,22.0,36.0,85.0
