Tm,Unnamed: 0,Year,Player,Pos,Age,G,GS,MP,PER,TS%,3PAr,FTr,ORB%,DRB%,TRB%,AST%,STL%,BLK%,TOV%,USG%,blanl,OWS,DWS,WS,WS/48,blank2,OBPM,DBPM,BPM,VORP,FG,FGA,FG%,3P,3PA,3P%,2P,2PA,2P%,eFG%,FT,FTA,FT%,ORB,DRB,TRB,AST,STL,BLK,TOV,PF,PTS
BOS,5349,1978.0,Kermit Washington,PF,26.0,32.0,,866.0,19.3,0.5820000000000001,,0.517,12.6,26.4,19.7,6.7,1.5,2.4,14.3,16.9,,2.1,1.4,3.6,0.19899999999999998,,0.9,1.4,2.4,1.0,137.0,263.0,0.521,,,,137.0,263.0,0.521,0.521,102.0,136.0,0.75,105.0,230.0,335.0,42.0,28.0,40.0,54.0,114.0,376.0
GSW,9065,1988.0,Kermit Washington,PF,36.0,6.0,1.0,56.0,12.9,0.5379999999999999,0.0,0.14300000000000002,17.4,20.4,18.9,0.0,3.4,4.2,21.2,13.7,,0.0,0.1,0.1,0.08199999999999999,,-4.3,-1.2,-5.5,0.0,7.0,14.0,0.5,0.0,0.0,,7.0,14.0,0.5,0.5,2.0,2.0,1.0,9.0,10.0,19.0,0.0,4.0,4.0,4.0,13.0,16.0
LAL,5348,1978.0,Kermit Washington,PF,26.0,55.0,,1342.0,16.0,0.556,,0.733,15.5,24.4,19.0,9.1,2.3,2.6,15.3,18.0,,2.2,2.1,4.3,0.153,,0.2,0.7,0.5,0.9,191.0,380.0,0.503,,,,191.0,380.0,0.503,0.503,132.0,187.0,0.706,182.0,310.0,492.0,66.0,43.0,52.0,53.0,183.0,514.0
POR,6787,1982.0,Kermit Washington,PF,30.0,80.0,4.0,2657.0,18.2,0.596,0.004,0.526,13.2,23.2,17.6,8.9,1.9,2.9,17.1,16.8,,5.2,4.0,9.1,0.165,,1.7,2.1,3.8,3.9,421.0,761.0,0.569,0.0,3.0,0.0,421.0,758.0,0.57,0.569,231.0,360.0,0.642,325.0,517.0,842.0,167.0,85.0,131.0,170.0,307.0,1073.0
SDC,5702,1979.0,Kermit Washington,PF,27.0,82.0,,2764.0,15.0,0.603,,0.53,11.4,19.4,15.4,5.5,1.4,2.2,19.4,13.1,,4.6,2.3,6.9,0.12,,1.2,1.1,2.3,3.0,350.0,623.0,0.562,,,,350.0,623.0,0.562,0.562,227.0,330.0,0.688,296.0,504.0,800.0,125.0,85.0,121.0,185.0,317.0,927.0
TOT,5347,1978.0,Kermit Washington,PF,26.0,57.0,,1617.0,17.4,0.54,,0.485,14.0,24.4,19.4,5.9,1.3,2.0,14.8,17.4,,2.9,2.4,5.3,0.158,,0.3,0.7,1.0,1.2,247.0,507.0,0.48700000000000004,,,,247.0,507.0,0.48700000000000004,0.48700000000000004,170.0,246.0,0.691,215.0,399.0,614.0,72.0,47.0,64.0,107.0,188.0,664.0
