Tm,Unnamed: 0,Year,Player,Pos,Age,G,GS,MP,PER,TS%,3PAr,FTr,ORB%,DRB%,TRB%,AST%,STL%,BLK%,TOV%,USG%,blanl,OWS,DWS,WS,WS/48,blank2,OBPM,DBPM,BPM,VORP,FG,FGA,FG%,3P,3PA,3P%,2P,2PA,2P%,eFG%,FT,FTA,FT%,ORB,DRB,TRB,AST,STL,BLK,TOV,PF,PTS
NJN,16775,2004.0,Kerry Kittles,SG,29.0,82.0,82.0,3012.0,18.3,0.55,0.35200000000000004,0.217,5.1,11.7,7.4,15.4,2.7,1.2,9.7,21.2,,6.2,4.5,8.4,0.188,,2.9,1.3,3.9,3.5,508.0,1189.0,0.467,158.0,419.0,0.418,398.0,891.0,0.516,0.522,202.0,250.0,0.8079999999999999,132.0,271.0,362.0,249.0,157.0,40.0,127.0,165.0,1347.0
LAC,17373,2005.0,Kerry Kittles,SG,30.0,11.0,0.0,243.0,10.0,0.446,0.28800000000000003,0.13699999999999998,0.5,14.9,7.9,13.4,1.8,0.9,8.3,16.1,,0.0,0.2,0.2,0.04,,-2.5,-0.4,-2.9,-0.1,28.0,73.0,0.384,7.0,21.0,0.33299999999999996,21.0,52.0,0.40399999999999997,0.43200000000000005,6.0,10.0,0.6,1.0,31.0,32.0,20.0,8.0,3.0,7.0,12.0,69.0
