Tm,Unnamed: 0,Year,Player,Pos,Age,G,GS,MP,PER,TS%,3PAr,FTr,ORB%,DRB%,TRB%,AST%,STL%,BLK%,TOV%,USG%,blanl,OWS,DWS,WS,WS/48,blank2,OBPM,DBPM,BPM,VORP,FG,FGA,FG%,3P,3PA,3P%,2P,2PA,2P%,eFG%,FT,FTA,FT%,ORB,DRB,TRB,AST,STL,BLK,TOV,PF,PTS
CLE,24428,2017.0,Kevin Love,PF,28.0,77.0,77.0,2532.0,21.1,0.573,0.449,0.34,8.9,29.3,19.5,12.2,1.4,1.4,11.3,26.4,,5.8,3.8,8.7,0.16899999999999998,,2.0,0.9,2.5,2.8,413.0,977.0,0.434,158.0,439.0,0.373,269.0,560.0,0.48,0.51,258.0,321.0,0.871,149.0,613.0,762.0,186.0,58.0,41.0,142.0,159.0,1234.0
MIN,22606,2014.0,Kevin Love,PF,25.0,81.0,77.0,2797.0,26.9,0.593,0.355,0.488,15.1,35.9,23.6,21.4,1.3,1.9,13.2,28.9,,10.6,3.7,14.3,0.245,,7.2,1.2,8.4,7.3,650.0,1421.0,0.47,190.0,505.0,0.41700000000000004,460.0,916.0,0.502,0.524,520.0,633.0,0.85,330.0,782.0,1112.0,341.0,59.0,50.0,196.0,205.0,2010.0
