Tm,Unnamed: 0,Year,Player,Pos,Age,G,GS,MP,PER,TS%,3PAr,FTr,ORB%,DRB%,TRB%,AST%,STL%,BLK%,TOV%,USG%,blanl,OWS,DWS,WS,WS/48,blank2,OBPM,DBPM,BPM,VORP,FG,FGA,FG%,3P,3PA,3P%,2P,2PA,2P%,eFG%,FT,FTA,FT%,ORB,DRB,TRB,AST,STL,BLK,TOV,PF,PTS
SAS,7544,1984.0,Kevin Williams,SG,22.0,19.0,0.0,200.0,9.9,0.52,0.017,0.552,2.2,4.7,3.5,25.2,1.8,1.0,23.4,18.2,,0.0,0.1,0.1,0.026000000000000002,,-2.7,-2.4,-5.1,-0.2,25.0,58.0,0.431,0.0,1.0,0.0,25.0,57.0,0.439,0.431,25.0,32.0,0.7809999999999999,4.0,9.0,13.0,43.0,8.0,4.0,22.0,42.0,75.0
CLE,7904,1985.0,Kevin Williams,SG,23.0,46.0,4.0,413.0,9.7,0.503,0.037000000000000005,0.478,5.0,11.5,8.3,20.0,2.5,0.5,23.2,20.5,,-0.3,0.4,0.1,0.017,,-3.0,0.5,-2.5,0.0,58.0,134.0,0.433,0.0,5.0,0.0,58.0,129.0,0.45,0.433,47.0,64.0,0.7340000000000001,19.0,44.0,63.0,61.0,22.0,4.0,49.0,86.0,163.0
SEA,9087,1988.0,Kevin Williams,SG,26.0,80.0,9.0,1084.0,12.0,0.498,0.024,0.271,7.3,7.0,6.6,13.1,3.0,0.6,16.2,21.7,,0.8,1.1,1.9,0.084,,-1.0,-0.8,-1.8,0.0,199.0,450.0,0.446,1.0,7.0,0.14300000000000002,198.0,443.0,0.457,0.446,103.0,122.0,0.8440000000000001,61.0,66.0,127.0,96.0,62.0,8.0,68.0,207.0,502.0
LAC,9533,1989.0,Kevin Williams,SG,27.0,9.0,0.0,114.0,10.1,0.479,0.0,0.25,8.5,10.3,9.4,19.5,2.0,1.5,22.0,15.7,,0.0,0.1,0.0,0.016,,-3.1,-0.1,-3.2,0.0,14.0,32.0,0.43799999999999994,0.0,0.0,,14.0,32.0,0.43799999999999994,0.43799999999999994,6.0,8.0,0.75,9.0,11.0,20.0,17.0,5.0,3.0,10.0,17.0,34.0
NJN,9532,1989.0,Kevin Williams,SG,27.0,41.0,0.0,433.0,8.7,0.45899999999999996,0.036000000000000004,0.304,4.7,8.2,6.4,12.1,2.8,1.1,18.1,22.0,,-0.5,0.4,-0.1,-0.015,,-4.4,-0.2,-4.7,-0.3,67.0,168.0,0.39899999999999997,1.0,6.0,0.16699999999999998,66.0,162.0,0.40700000000000003,0.402,40.0,51.0,0.784,19.0,31.0,50.0,36.0,25.0,8.0,42.0,74.0,175.0
TOT,9531,1989.0,Kevin Williams,SG,27.0,50.0,0.0,547.0,9.0,0.462,0.03,0.295,5.5,8.7,7.0,13.6,2.6,1.2,18.7,20.7,,-0.6,0.5,-0.1,-0.009000000000000001,,-4.2,-0.2,-4.4,-0.3,81.0,200.0,0.405,1.0,6.0,0.16699999999999998,80.0,194.0,0.41200000000000003,0.408,46.0,59.0,0.78,28.0,42.0,70.0,53.0,30.0,11.0,52.0,91.0,209.0
