Tm,Unnamed: 0,Year,Player,Pos,Age,G,GS,MP,PER,TS%,3PAr,FTr,ORB%,DRB%,TRB%,AST%,STL%,BLK%,TOV%,USG%,blanl,OWS,DWS,WS,WS/48,blank2,OBPM,DBPM,BPM,VORP,FG,FGA,FG%,3P,3PA,3P%,2P,2PA,2P%,eFG%,FT,FTA,FT%,ORB,DRB,TRB,AST,STL,BLK,TOV,PF,PTS
BOS,21853,2013.0,Kevin Garnett,PF,36.0,71.0,71.0,2328.0,25.3,0.588,0.019,0.33899999999999997,7.3,28.7,17.5,19.9,2.3,3.1,11.1,25.5,,6.6,6.2,12.9,0.265,,2.7,4.7,7.4,5.5,534.0,990.0,0.539,3.0,16.0,0.33299999999999996,534.0,979.0,0.545,0.539,269.0,336.0,0.862,135.0,548.0,655.0,244.0,100.0,89.0,138.0,170.0,1337.0
BRK,23071,2015.0,Kevin Garnett,PF,38.0,54.0,54.0,1109.0,14.8,0.486,0.022000000000000002,0.149,6.5,32.1,19.3,13.0,2.5,3.0,15.5,18.9,,0.2,1.9,1.6,0.08900000000000001,,-2.8,2.8,-0.4,0.3,157.0,356.0,0.455,1.0,6.0,0.16699999999999998,157.0,353.0,0.461,0.456,38.0,47.0,0.8290000000000001,60.0,298.0,358.0,82.0,43.0,40.0,69.0,123.0,352.0
MIN,23687,2016.0,Kevin Garnett,SF,39.0,82.0,82.0,3321.0,29.4,0.589,0.083,0.41100000000000003,9.7,30.8,20.3,27.1,2.6,4.4,13.6,29.6,,10.4,8.0,18.3,0.272,,5.3,5.0,9.9,9.8,804.0,1611.0,0.581,37.0,116.0,0.37,793.0,1568.0,0.6,0.581,445.0,549.0,0.835,247.0,894.0,1139.0,495.0,139.0,178.0,268.0,224.0,1987.0
TOT,23070,2015.0,Kevin Garnett,PF,38.0,47.0,47.0,952.0,15.2,0.496,0.023,0.147,5.7,31.1,18.3,13.1,2.5,1.4,12.4,17.8,,0.4,1.5,1.9,0.096,,-2.6,2.4,-0.2,0.4,143.0,306.0,0.467,1.0,7.0,0.14300000000000002,142.0,299.0,0.475,0.469,36.0,45.0,0.8,48.0,263.0,311.0,77.0,46.0,17.0,46.0,109.0,323.0
