Tm,Unnamed: 0,Year,Player,Pos,Age,G,GS,MP,PER,TS%,3PAr,FTr,ORB%,DRB%,TRB%,AST%,STL%,BLK%,TOV%,USG%,blanl,OWS,DWS,WS,WS/48,blank2,OBPM,DBPM,BPM,VORP,FG,FGA,FG%,3P,3PA,3P%,2P,2PA,2P%,eFG%,FT,FTA,FT%,ORB,DRB,TRB,AST,STL,BLK,TOV,PF,PTS
BOS,11511,1994.0,Kevin Gamble,SF,28.0,82.0,77.0,2706.0,16.3,0.62,0.153,0.40399999999999997,4.9,9.4,6.4,15.7,1.8,0.9,12.5,21.6,,6.0,2.3,8.3,0.147,,2.4,0.2,2.1,2.8,548.0,933.0,0.5870000000000001,52.0,139.0,0.374,548.0,926.0,0.5920000000000001,0.5870000000000001,185.0,227.0,0.885,85.0,206.0,286.0,256.0,100.0,37.0,148.0,237.0,1281.0
MIA,12446,1996.0,Kevin Gamble,SF,30.0,77.0,13.0,1223.0,16.3,0.5670000000000001,0.306,0.247,2.7,9.1,5.8,15.9,2.2,0.6,9.3,19.8,,2.5,1.2,3.4,0.134,,1.3,0.1,-0.2,0.5,220.0,450.0,0.489,39.0,98.0,0.418,181.0,352.0,0.514,0.532,87.0,111.0,0.868,29.0,93.0,122.0,119.0,52.0,10.0,49.0,130.0,566.0
POR,8795,1988.0,Kevin Gamble,SF,22.0,9.0,0.0,19.0,-1.0,0.0,0.33299999999999996,0.0,11.4,5.7,8.5,5.7,4.9,0.0,40.0,10.4,,-0.1,0.0,-0.1,-0.139,,-8.0,3.6,-4.4,0.0,0.0,3.0,0.0,0.0,1.0,0.0,0.0,2.0,0.0,0.0,0.0,0.0,,2.0,1.0,3.0,1.0,2.0,0.0,2.0,2.0,0.0
SAC,13011,1997.0,Kevin Gamble,SF,31.0,62.0,2.0,953.0,11.6,0.529,0.392,0.122,2.8,11.6,6.5,12.9,1.2,1.3,11.3,14.9,,1.1,0.6,1.6,0.08199999999999999,,-1.0,-1.4,-2.4,-0.1,123.0,286.0,0.43,54.0,112.0,0.48200000000000004,69.0,174.0,0.49200000000000005,0.524,7.0,10.0,0.7,13.0,94.0,107.0,77.0,21.0,17.0,27.0,76.0,307.0
TOT,12445,1996.0,Kevin Gamble,SF,30.0,65.0,13.0,1325.0,8.4,0.48200000000000004,0.301,0.127,1.9,7.9,5.0,12.1,1.4,0.5,9.7,15.1,,0.5,1.3,1.8,0.064,,-2.2,-0.4,-2.5,-0.2,152.0,379.0,0.401,44.0,114.0,0.386,108.0,265.0,0.408,0.45899999999999996,38.0,48.0,0.792,21.0,92.0,113.0,100.0,35.0,8.0,43.0,147.0,386.0
