Tm,Unnamed: 0,Year,Player,Pos,Age,G,GS,MP,PER,TS%,3PAr,FTr,ORB%,DRB%,TRB%,AST%,STL%,BLK%,TOV%,USG%,blanl,OWS,DWS,WS,WS/48,blank2,OBPM,DBPM,BPM,VORP,FG,FGA,FG%,3P,3PA,3P%,2P,2PA,2P%,eFG%,FT,FTA,FT%,ORB,DRB,TRB,AST,STL,BLK,TOV,PF,PTS
WAS,23386,2015.0,Kevin Seraphin,PF,25.0,79.0,21.0,1721.0,15.8,0.5489999999999999,0.004,0.21100000000000002,13.9,17.9,13.7,8.0,1.4,5.0,20.7,23.5,,1.2,2.2,2.3,0.094,,-1.8,0.7,-1.3,0.2,330.0,716.0,0.531,0.0,2.0,0.0,330.0,716.0,0.5329999999999999,0.531,61.0,88.0,0.871,107.0,239.0,346.0,59.0,24.0,76.0,130.0,211.0,721.0
NYK,23988,2016.0,Kevin Seraphin,C,26.0,48.0,0.0,526.0,10.8,0.435,0.01,0.11199999999999999,6.5,19.5,13.1,14.8,0.8,5.2,16.7,22.2,,-0.8,0.7,-0.2,-0.015,,-5.9,1.5,-4.4,-0.3,84.0,205.0,0.41,0.0,2.0,0.0,84.0,203.0,0.414,0.41,19.0,23.0,0.826,31.0,95.0,126.0,47.0,8.0,36.0,43.0,67.0,187.0
IND,24582,2017.0,Kevin Seraphin,PF,27.0,49.0,3.0,559.0,14.4,0.5589999999999999,0.01,0.111,8.3,20.0,14.3,6.7,0.6,3.1,12.3,19.0,,0.4,0.6,1.0,0.08199999999999999,,-3.1,-0.6,-3.7,-0.2,109.0,198.0,0.551,0.0,2.0,0.0,109.0,196.0,0.556,0.551,14.0,22.0,0.636,41.0,101.0,142.0,23.0,7.0,20.0,29.0,66.0,232.0
