Tm,Unnamed: 0,Year,Player,Pos,Age,G,GS,MP,PER,TS%,3PAr,FTr,ORB%,DRB%,TRB%,AST%,STL%,BLK%,TOV%,USG%,blanl,OWS,DWS,WS,WS/48,blank2,OBPM,DBPM,BPM,VORP,FG,FGA,FG%,3P,3PA,3P%,2P,2PA,2P%,eFG%,FT,FTA,FT%,ORB,DRB,TRB,AST,STL,BLK,TOV,PF,PTS
CLE,6727,1982.0,Kevin Restani,PF,30.0,34.0,0.0,338.0,7.1,0.406,0.017,0.2,9.8,16.4,12.9,5.6,1.4,1.2,17.7,9.7,,-0.1,0.2,0.1,0.008,,-4.2,0.5,-3.6,-0.1,23.0,60.0,0.38299999999999995,0.0,1.0,0.0,23.0,59.0,0.39,0.38299999999999995,7.0,12.0,0.583,31.0,46.0,77.0,15.0,10.0,7.0,14.0,40.0,53.0
KCK,5281,1978.0,Kevin Restani,PF,26.0,46.0,,463.0,8.7,0.441,,0.079,7.0,13.7,10.4,5.8,0.5,0.5,9.4,13.1,,0.2,0.2,0.4,0.042,,-2.8,-1.6,-4.4,-0.3,59.0,139.0,0.424,,,,59.0,139.0,0.424,0.424,9.0,11.0,0.818,32.0,62.0,94.0,21.0,5.0,4.0,15.0,37.0,127.0
MIL,5629,1979.0,Kevin Restani,PF,27.0,82.0,,1755.0,12.2,0.52,,0.138,9.8,16.9,13.3,13.5,1.3,0.9,14.6,16.0,,1.3,1.5,2.6,0.079,,-0.9,0.7,-1.2,0.3,262.0,529.0,0.518,,,,262.0,529.0,0.518,0.518,51.0,73.0,0.7140000000000001,141.0,272.0,403.0,122.0,36.0,27.0,96.0,172.0,575.0
SAS,6726,1982.0,Kevin Restani,SF,30.0,82.0,0.0,1966.0,13.9,0.551,0.04,0.23800000000000002,8.1,19.9,12.9,12.2,1.2,1.5,16.8,18.9,,2.7,0.7,3.5,0.1,,0.8,0.5,-0.4,0.8,369.0,727.0,0.52,5.0,29.0,0.375,364.0,698.0,0.524,0.524,131.0,161.0,0.8140000000000001,142.0,244.0,386.0,189.0,54.0,14.0,129.0,186.0,874.0
TOT,6725,1982.0,Kevin Restani,PF,30.0,54.0,0.0,547.0,9.0,0.44299999999999995,0.023,0.182,8.6,17.4,12.9,7.0,1.1,1.3,17.4,13.2,,0.3,0.3,0.5,0.044000000000000004,,-2.7,0.5,-4.1,-0.3,72.0,167.0,0.431,0.0,2.0,0.0,72.0,167.0,0.431,0.431,10.0,16.0,0.6920000000000001,39.0,73.0,112.0,30.0,11.0,11.0,20.0,56.0,153.0
