Tm,Unnamed: 0,Year,Player,Pos,Age,G,GS,MP,PER,TS%,3PAr,FTr,ORB%,DRB%,TRB%,AST%,STL%,BLK%,TOV%,USG%,blanl,OWS,DWS,WS,WS/48,blank2,OBPM,DBPM,BPM,VORP,FG,FGA,FG%,3P,3PA,3P%,2P,2PA,2P%,eFG%,FT,FTA,FT%,ORB,DRB,TRB,AST,STL,BLK,TOV,PF,PTS
BUF,3967,1974.0,Kevin Kunnert,C,22.0,39.0,,340.0,12.1,0.504,,0.158,12.9,17.9,15.5,9.2,0.6,3.6,,,,0.1,0.3,0.4,0.057,,-1.7,0.0,-1.7,0.0,49.0,101.0,0.485,,,,49.0,101.0,0.485,0.485,11.0,16.0,0.688,43.0,63.0,106.0,25.0,5.0,25.0,,83.0,109.0
HOU,5202,1978.0,Kevin Kunnert,C,26.0,81.0,,2335.0,17.7,0.5379999999999999,,0.25,13.2,25.9,19.6,10.3,1.1,4.3,13.5,19.3,,3.0,2.2,5.1,0.136,,0.5,1.1,1.3,1.7,465.0,954.0,0.512,,,,465.0,954.0,0.512,0.512,116.0,169.0,0.738,267.0,520.0,787.0,155.0,57.0,105.0,141.0,361.0,1032.0
POR,6642,1982.0,Kevin Kunnert,C,30.0,55.0,0.0,842.0,13.5,0.509,0.0,0.377,13.3,27.7,20.4,13.8,1.1,4.2,24.5,23.6,,0.8,1.1,1.9,0.106,,-1.7,2.0,-0.7,0.3,101.0,216.0,0.46799999999999997,0.0,0.0,,101.0,216.0,0.46799999999999997,0.46799999999999997,42.0,54.0,0.778,98.0,189.0,287.0,67.0,17.0,32.0,50.0,143.0,244.0
SDC,5561,1979.0,Kevin Kunnert,C,27.0,81.0,,1684.0,12.8,0.48700000000000004,,0.17,12.7,23.2,18.0,8.3,1.2,3.5,20.8,15.3,,0.5,1.8,2.3,0.066,,-1.6,1.4,-0.2,0.8,234.0,501.0,0.467,,,,234.0,501.0,0.467,0.467,56.0,85.0,0.659,202.0,367.0,569.0,113.0,45.0,118.0,141.0,309.0,524.0
TOT,3966,1974.0,Kevin Kunnert,C,22.0,64.0,,701.0,12.6,0.503,,0.153,12.4,19.4,16.0,7.9,0.6,4.0,,,,0.3,0.7,1.0,0.066,,-2.1,0.2,-1.9,0.0,105.0,215.0,0.488,,,,105.0,215.0,0.488,0.488,21.0,33.0,0.636,83.0,134.0,217.0,43.0,10.0,54.0,,151.0,231.0
