Tm,Unnamed: 0,Year,Player,Pos,Age,G,GS,MP,PER,TS%,3PAr,FTr,ORB%,DRB%,TRB%,AST%,STL%,BLK%,TOV%,USG%,blanl,OWS,DWS,WS,WS/48,blank2,OBPM,DBPM,BPM,VORP,FG,FGA,FG%,3P,3PA,3P%,2P,2PA,2P%,eFG%,FT,FTA,FT%,ORB,DRB,TRB,AST,STL,BLK,TOV,PF,PTS
BLB,734,1953.0,Kevin O'Shea,SG,27.0,46.0,,648.0,13.3,0.462,,0.588,,,,,,,,,,1.0,0.3,1.3,0.096,,,,,,71.0,189.0,0.376,,,,71.0,189.0,0.376,0.376,70.0,97.0,0.722,,,79.0,87.0,,,,82.0,192.0
MLH,571,1952.0,Kevin O'Shea,G,26.0,43.0,,1077.0,8.7,0.368,,0.375,,,,,,,,,,-0.9,0.8,-0.1,-0.004,,,,,,92.0,301.0,0.306,,,,92.0,301.0,0.306,0.306,74.0,113.0,0.655,,,122.0,101.0,,,,112.0,258.0
MNL,440,1951.0,Kevin O'Shea,G,25.0,63.0,,,,0.41600000000000004,,0.502,,,,,,,,,,0.7,1.4,2.1,,,,,,,87.0,267.0,0.326,,,,87.0,267.0,0.326,0.326,97.0,134.0,0.7240000000000001,,,125.0,100.0,,,,99.0,271.0
TOT,570,1952.0,Kevin O'Shea,PG,26.0,65.0,,1725.0,10.4,0.40299999999999997,,0.451,,,,,,,,,,0.1,1.1,1.2,0.033,,,,,,153.0,466.0,0.32799999999999996,,,,153.0,466.0,0.32799999999999996,0.32799999999999996,144.0,210.0,0.6859999999999999,,,201.0,171.0,,,,175.0,450.0
