Tm,Unnamed: 0,Year,Player,Pos,Age,G,GS,MP,PER,TS%,3PAr,FTr,ORB%,DRB%,TRB%,AST%,STL%,BLK%,TOV%,USG%,blanl,OWS,DWS,WS,WS/48,blank2,OBPM,DBPM,BPM,VORP,FG,FGA,FG%,3P,3PA,3P%,2P,2PA,2P%,eFG%,FT,FTA,FT%,ORB,DRB,TRB,AST,STL,BLK,TOV,PF,PTS
SAS,8387,1987.0,Kevin Duckworth,C,22.0,14.0,1.0,122.0,10.6,0.44,0.0,0.311,11.3,17.0,14.0,6.6,1.9,1.4,7.3,18.1,,0.0,0.1,0.2,0.062,,-3.3,-1.1,-4.4,-0.1,18.0,45.0,0.4,0.0,0.0,,18.0,45.0,0.4,0.4,9.0,14.0,0.643,13.0,18.0,31.0,6.0,5.0,3.0,4.0,27.0,45.0
TOT,8386,1987.0,Kevin Duckworth,C,22.0,65.0,1.0,875.0,9.1,0.53,0.004,0.491,9.8,18.5,14.2,4.3,1.1,1.3,19.0,18.5,,-0.1,0.9,0.8,0.045,,-3.9,-1.3,-5.1,-0.7,130.0,273.0,0.47600000000000003,0.0,1.0,0.0,130.0,272.0,0.478,0.47600000000000003,92.0,134.0,0.687,76.0,147.0,223.0,29.0,21.0,21.0,78.0,192.0,352.0
POR,11017,1993.0,Kevin Duckworth,C,28.0,82.0,82.0,2662.0,14.9,0.561,0.004,0.526,10.9,18.7,14.3,6.3,1.2,1.4,20.9,23.2,,3.0,3.0,5.2,0.11199999999999999,,-0.8,0.0,-2.4,-0.2,554.0,1161.0,0.496,0.0,3.0,0.0,554.0,1159.0,0.496,0.496,331.0,430.0,0.772,246.0,389.0,635.0,99.0,56.0,49.0,200.0,300.0,1432.0
WSB,11946,1995.0,Kevin Duckworth,C,30.0,69.0,52.0,1485.0,9.9,0.475,0.037000000000000005,0.299,8.9,19.0,13.7,5.5,1.3,2.1,16.8,19.1,,-0.7,0.7,0.0,-0.002,,-4.5,-1.0,-5.7,-0.9,184.0,441.0,0.442,2.0,10.0,0.2,184.0,441.0,0.451,0.446,88.0,132.0,0.667,103.0,222.0,325.0,56.0,37.0,35.0,101.0,223.0,456.0
MIL,12413,1996.0,Kevin Duckworth,C,31.0,8.0,1.0,58.0,-2.7,0.27,0.0,0.429,4.2,10.8,7.4,4.8,1.8,0.0,10.7,14.7,,-0.2,0.0,-0.1,-0.11,,-8.7,-1.6,-10.3,-0.1,3.0,14.0,0.214,0.0,0.0,,3.0,14.0,0.214,0.214,3.0,6.0,0.5,2.0,5.0,7.0,2.0,2.0,0.0,2.0,19.0,9.0
LAC,12975,1997.0,Kevin Duckworth,C,32.0,26.0,22.0,384.0,6.1,0.473,0.039,0.155,6.7,11.7,9.1,6.6,1.2,2.2,23.1,16.6,,-0.5,0.3,-0.2,-0.03,,-5.4,-0.1,-5.5,-0.3,45.0,103.0,0.43700000000000006,3.0,4.0,0.75,42.0,99.0,0.424,0.451,11.0,16.0,0.688,23.0,37.0,60.0,16.0,9.0,11.0,33.0,63.0,104.0
