Tm,Unnamed: 0,Year,Player,Pos,Age,G,GS,MP,PER,TS%,3PAr,FTr,ORB%,DRB%,TRB%,AST%,STL%,BLK%,TOV%,USG%,blanl,OWS,DWS,WS,WS/48,blank2,OBPM,DBPM,BPM,VORP,FG,FGA,FG%,3P,3PA,3P%,2P,2PA,2P%,eFG%,FT,FTA,FT%,ORB,DRB,TRB,AST,STL,BLK,TOV,PF,PTS
BOS,21257,2012.0,Keyon Dooling,SG,31.0,46.0,2.0,662.0,6.9,0.515,0.49700000000000005,0.19,0.6,6.1,3.5,12.1,1.0,0.2,16.1,15.3,,-0.2,0.8,0.6,0.042,,-2.7,-1.2,-3.9,-0.3,66.0,163.0,0.405,27.0,81.0,0.33299999999999996,39.0,82.0,0.47600000000000003,0.488,23.0,31.0,0.742,3.0,36.0,39.0,51.0,13.0,2.0,34.0,57.0,182.0
LAC,16644,2004.0,Keyon Dooling,SG,23.0,76.0,24.0,1237.0,12.6,0.509,0.42200000000000004,0.494,1.7,7.3,4.2,23.7,2.1,1.3,17.6,21.1,,0.8,0.7,1.4,0.055999999999999994,,-1.2,-2.2,-3.4,-0.2,148.0,362.0,0.409,50.0,139.0,0.36,129.0,306.0,0.426,0.465,125.0,179.0,0.833,17.0,81.0,89.0,177.0,45.0,11.0,94.0,108.0,449.0
MEM,21816,2013.0,Keyon Dooling,PG,32.0,7.0,0.0,82.0,11.2,0.644,0.5710000000000001,0.33299999999999996,0.0,1.5,0.7,15.6,0.7,0.0,17.2,16.4,,0.2,0.1,0.2,0.128,,-0.1,-4.5,-4.7,-0.1,10.0,21.0,0.47600000000000003,5.0,12.0,0.41700000000000004,5.0,9.0,0.556,0.595,6.0,7.0,0.857,0.0,1.0,1.0,8.0,1.0,0.0,5.0,8.0,31.0
MIA,17231,2005.0,Keyon Dooling,PG,24.0,74.0,0.0,1184.0,10.1,0.486,0.217,0.316,1.1,7.5,4.4,17.0,1.7,0.7,14.2,18.0,,0.2,1.3,1.5,0.061,,-2.6,-1.1,-3.7,-0.5,139.0,345.0,0.40299999999999997,19.0,75.0,0.253,120.0,270.0,0.444,0.43,85.0,109.0,0.78,11.0,79.0,90.0,132.0,39.0,11.0,65.0,120.0,382.0
MIL,20671,2011.0,Keyon Dooling,PG,30.0,80.0,22.0,1757.0,11.3,0.509,0.451,0.18100000000000002,0.8,7.1,3.9,23.4,1.6,0.2,14.0,17.3,,0.8,2.1,2.9,0.08,,-1.0,-1.2,-2.2,-0.1,206.0,519.0,0.397,81.0,234.0,0.34600000000000003,125.0,285.0,0.439,0.475,78.0,94.0,0.83,12.0,105.0,117.0,243.0,54.0,4.0,91.0,119.0,571.0
NJN,20060,2010.0,Keyon Dooling,PG,29.0,77.0,18.0,2074.0,13.6,0.562,0.485,0.258,1.4,7.6,4.5,24.0,1.8,0.3,14.4,19.4,,2.8,0.9,3.7,0.085,,0.8,-1.9,-1.1,0.4,261.0,598.0,0.436,99.0,235.0,0.42100000000000004,162.0,363.0,0.446,0.519,127.0,154.0,0.825,24.0,131.0,155.0,270.0,71.0,8.0,105.0,135.0,748.0
ORL,18885,2008.0,Keyon Dooling,SG,27.0,72.0,7.0,1435.0,14.1,0.5720000000000001,0.21,0.456,1.9,7.8,4.4,16.7,2.3,0.8,15.2,22.5,,2.4,1.4,3.7,0.132,,-0.5,-1.0,-1.8,0.1,198.0,458.0,0.46799999999999997,31.0,96.0,0.33799999999999997,176.0,362.0,0.49200000000000005,0.494,163.0,193.0,0.845,22.0,94.0,101.0,133.0,52.0,15.0,82.0,131.0,581.0
