Tm,Unnamed: 0,Year,Player,Pos,Age,G,GS,MP,PER,TS%,3PAr,FTr,ORB%,DRB%,TRB%,AST%,STL%,BLK%,TOV%,USG%,blanl,OWS,DWS,WS,WS/48,blank2,OBPM,DBPM,BPM,VORP,FG,FGA,FG%,3P,3PA,3P%,2P,2PA,2P%,eFG%,FT,FTA,FT%,ORB,DRB,TRB,AST,STL,BLK,TOV,PF,PTS
DEN,7516,1984.0,Kiki Vandeweghe,SF,25.0,82.0,79.0,2909.0,23.6,0.618,0.033,0.364,6.2,14.0,10.0,13.1,1.0,1.0,12.4,27.8,,10.5,0.6,11.0,0.182,,5.0,-1.3,1.9,2.7,895.0,1603.0,0.56,15.0,51.0,0.36700000000000005,884.0,1573.0,0.565,0.562,494.0,580.0,0.875,149.0,313.0,461.0,247.0,66.0,50.0,189.0,217.0,2295.0
POR,9498,1989.0,Kiki Vandeweghe,SF,30.0,79.0,79.0,3029.0,19.8,0.614,0.175,0.452,3.7,7.6,5.7,11.4,0.9,0.5,10.0,26.0,,9.6,1.3,10.8,0.17600000000000002,,3.2,-2.9,0.3,1.8,808.0,1545.0,0.54,39.0,81.0,0.48100000000000004,769.0,1464.0,0.542,0.54,523.0,602.0,0.8959999999999999,92.0,165.0,251.0,220.0,54.0,22.0,177.0,161.0,2122.0
TOT,9497,1989.0,Kiki Vandeweghe,PF,30.0,45.0,1.0,934.0,13.7,0.536,0.113,0.209,3.0,5.4,4.2,10.3,0.9,0.7,8.1,20.9,,1.6,0.4,2.0,0.105,,-0.4,-3.0,-3.4,-0.3,200.0,426.0,0.469,19.0,48.0,0.396,181.0,378.0,0.479,0.49200000000000005,80.0,89.0,0.899,26.0,45.0,71.0,69.0,19.0,11.0,41.0,78.0,499.0
NYK,10868,1992.0,Kiki Vandeweghe,SF,33.0,75.0,72.0,2420.0,14.4,0.5820000000000001,0.172,0.311,3.8,7.3,5.3,10.6,1.3,0.8,9.3,20.9,,4.5,1.1,5.7,0.14400000000000002,,1.3,-2.0,-0.9,0.7,458.0,927.0,0.494,51.0,141.0,0.526,407.0,786.0,0.518,0.525,259.0,288.0,0.917,78.0,102.0,180.0,110.0,42.0,10.0,108.0,122.0,1226.0
LAC,11308,1993.0,Kiki Vandeweghe,SF,34.0,41.0,3.0,494.0,13.8,0.547,0.182,0.325,2.7,8.2,5.4,7.1,1.3,0.9,7.9,21.0,,0.8,0.3,1.1,0.107,,-0.9,-2.9,-3.8,-0.2,92.0,203.0,0.45299999999999996,12.0,37.0,0.324,80.0,166.0,0.48200000000000004,0.483,58.0,66.0,0.879,12.0,36.0,48.0,25.0,13.0,7.0,20.0,45.0,254.0
