Tm,Unnamed: 0,Year,Player,Pos,Age,G,GS,MP,PER,TS%,3PAr,FTr,ORB%,DRB%,TRB%,AST%,STL%,BLK%,TOV%,USG%,blanl,OWS,DWS,WS,WS/48,blank2,OBPM,DBPM,BPM,VORP,FG,FGA,FG%,3P,3PA,3P%,2P,2PA,2P%,eFG%,FT,FTA,FT%,ORB,DRB,TRB,AST,STL,BLK,TOV,PF,PTS
HOU,19230,2008.0,Kirk Snyder,SF,24.0,39.0,1.0,563.0,14.4,0.536,0.321,0.514,7.1,13.4,8.5,16.4,1.0,1.6,12.7,20.8,,0.5,0.9,1.4,0.11699999999999999,,-0.3,0.8,-1.5,0.1,66.0,146.0,0.46399999999999997,11.0,44.0,0.25,55.0,102.0,0.579,0.5,49.0,75.0,0.653,17.0,66.0,83.0,39.0,11.0,12.0,26.0,51.0,192.0
MIN,19231,2008.0,Kirk Snyder,SF,24.0,27.0,18.0,680.0,13.2,0.5820000000000001,0.087,0.478,4.1,15.7,9.7,12.5,1.5,1.6,19.8,16.1,,0.5,0.4,0.9,0.063,,-1.7,0.6,-1.2,0.1,83.0,161.0,0.516,3.0,14.0,0.214,80.0,147.0,0.544,0.525,58.0,77.0,0.753,25.0,89.0,114.0,56.0,19.0,14.0,48.0,49.0,227.0
NOK,18121,2006.0,Kirk Snyder,SG,22.0,68.0,45.0,1310.0,14.6,0.537,0.285,0.258,4.9,9.9,7.3,13.9,1.2,1.4,12.2,20.5,,1.4,0.9,2.2,0.08199999999999999,,0.6,-1.1,-0.5,0.5,205.0,453.0,0.45299999999999996,46.0,129.0,0.35700000000000004,159.0,324.0,0.491,0.503,86.0,117.0,0.735,55.0,106.0,161.0,102.0,29.0,23.0,70.0,106.0,542.0
TOT,19229,2008.0,Kirk Snyder,SF-PF,24.0,36.0,18.0,761.0,13.3,0.573,0.122,0.466,4.4,15.0,9.6,12.9,1.4,1.6,18.6,16.6,,0.6,0.5,1.1,0.068,,-1.6,0.4,-1.2,0.2,96.0,189.0,0.508,5.0,23.0,0.217,91.0,166.0,0.5479999999999999,0.521,64.0,88.0,0.727,30.0,96.0,126.0,64.0,20.0,15.0,52.0,55.0,261.0
UTA,17553,2005.0,Kirk Snyder,SG,21.0,68.0,7.0,906.0,8.6,0.456,0.259,0.293,6.7,10.0,8.3,6.8,1.6,1.8,13.5,21.8,,-0.7,0.4,-0.2,-0.012,,-2.9,-2.0,-5.0,-0.7,122.0,328.0,0.37200000000000005,30.0,85.0,0.353,92.0,243.0,0.379,0.418,64.0,96.0,0.667,50.0,71.0,121.0,36.0,26.0,19.0,58.0,116.0,338.0
