Tm,Unnamed: 0,Year,Player,Pos,Age,G,GS,MP,PER,TS%,3PAr,FTr,ORB%,DRB%,TRB%,AST%,STL%,BLK%,TOV%,USG%,blanl,OWS,DWS,WS,WS/48,blank2,OBPM,DBPM,BPM,VORP,FG,FGA,FG%,3P,3PA,3P%,2P,2PA,2P%,eFG%,FT,FTA,FT%,ORB,DRB,TRB,AST,STL,BLK,TOV,PF,PTS
CHH,9866,1990.0,Kurt Rambis,PF,31.0,75.0,75.0,2233.0,16.1,0.565,0.009000000000000001,0.474,12.7,22.7,17.4,9.9,3.5,1.5,17.1,16.2,,2.6,2.3,4.8,0.10400000000000001,,0.4,3.4,2.8,2.7,325.0,627.0,0.518,0.0,3.0,0.0,325.0,624.0,0.521,0.518,182.0,248.0,0.7340000000000001,269.0,434.0,703.0,159.0,100.0,57.0,148.0,208.0,832.0
LAL,12167,1995.0,Kurt Rambis,PF,36.0,82.0,77.0,1806.0,15.0,0.632,0.009000000000000001,0.623,14.5,26.1,20.2,11.2,2.7,3.6,28.3,14.1,,1.7,2.8,4.3,0.147,,0.0,3.3,2.1,1.7,235.0,413.0,0.595,0.0,2.0,0.0,235.0,411.0,0.595,0.595,120.0,166.0,0.785,164.0,367.0,531.0,90.0,105.0,76.0,145.0,233.0,584.0
PHO,11226,1993.0,Kurt Rambis,PF,34.0,62.0,45.0,1456.0,11.4,0.5710000000000001,0.012,0.509,9.8,22.9,16.1,12.2,3.5,2.1,43.2,14.0,,0.9,2.4,3.3,0.115,,-0.8,3.6,2.8,1.7,132.0,257.0,0.5710000000000001,0.0,2.0,0.0,132.0,255.0,0.5710000000000001,0.5710000000000001,60.0,85.0,0.778,108.0,297.0,405.0,107.0,68.0,27.0,75.0,163.0,316.0
SAC,11227,1993.0,Kurt Rambis,PF,34.0,67.0,1.0,781.0,11.6,0.561,0.016,0.516,10.3,21.6,15.7,8.7,2.4,1.4,19.4,9.7,,0.7,1.0,1.7,0.107,,-2.0,2.1,0.1,0.4,63.0,122.0,0.516,0.0,2.0,0.0,63.0,120.0,0.525,0.516,42.0,63.0,0.667,75.0,146.0,221.0,52.0,40.0,18.0,36.0,119.0,168.0
TOT,11225,1993.0,Kurt Rambis,PF,34.0,74.0,61.0,1904.0,12.1,0.562,0.016,0.504,10.0,21.1,15.3,9.1,2.5,1.4,21.0,11.7,,1.0,3.1,4.1,0.10300000000000001,,-0.9,3.5,2.6,2.2,190.0,373.0,0.519,0.0,3.0,0.0,190.0,370.0,0.528,0.519,82.0,127.0,0.662,156.0,369.0,525.0,135.0,100.0,37.0,104.0,208.0,462.0
