Tm,Unnamed: 0,Year,Player,Pos,Age,G,GS,MP,PER,TS%,3PAr,FTr,ORB%,DRB%,TRB%,AST%,STL%,BLK%,TOV%,USG%,blanl,OWS,DWS,WS,WS/48,blank2,OBPM,DBPM,BPM,VORP,FG,FGA,FG%,3P,3PA,3P%,2P,2PA,2P%,eFG%,FT,FTA,FT%,ORB,DRB,TRB,AST,STL,BLK,TOV,PF,PTS
HOU,21454,2012.0,Kyle Lowry,PG,25.0,75.0,71.0,2563.0,18.8,0.561,0.424,0.56,6.1,13.7,8.6,32.3,2.5,1.1,17.8,22.0,,5.1,1.8,7.0,0.156,,3.6,1.1,4.1,3.0,345.0,809.0,0.475,129.0,343.0,0.376,216.0,466.0,0.519,0.506,215.0,260.0,0.8640000000000001,91.0,220.0,309.0,500.0,102.0,23.0,158.0,207.0,1011.0
MEM,19660,2009.0,Kyle Lowry,PG,22.0,82.0,21.0,2089.0,18.3,0.556,0.254,0.737,8.2,13.0,10.6,27.3,4.1,0.8,19.3,18.6,,2.1,1.3,3.4,0.14800000000000002,,2.3,1.0,3.3,0.8,256.0,592.0,0.43200000000000005,36.0,140.0,0.375,220.0,452.0,0.48700000000000004,0.46299999999999997,243.0,348.0,0.893,41.0,209.0,250.0,296.0,92.0,22.0,127.0,185.0,791.0
TOR,24429,2017.0,Kyle Lowry,PG,30.0,79.0,79.0,2862.0,22.9,0.623,0.51,0.41,3.6,15.9,9.5,34.7,2.9,1.0,17.7,26.1,,8.4,3.7,11.7,0.21600000000000003,,7.1,0.7,6.8,6.3,512.0,1198.0,0.46399999999999997,212.0,547.0,0.41200000000000003,300.0,652.0,0.518,0.569,398.0,491.0,0.8190000000000001,88.0,310.0,369.0,586.0,158.0,34.0,225.0,267.0,1634.0
TOT,19659,2009.0,Kyle Lowry,PG,22.0,77.0,21.0,1679.0,14.4,0.547,0.226,0.521,1.9,11.6,6.8,26.4,2.2,0.8,18.0,18.1,,1.8,1.8,3.6,0.10300000000000001,,-0.5,-0.1,-0.7,0.6,189.0,434.0,0.435,25.0,98.0,0.255,164.0,336.0,0.488,0.46399999999999997,181.0,226.0,0.8009999999999999,26.0,163.0,189.0,275.0,69.0,17.0,117.0,146.0,584.0
