Tm,Unnamed: 0,Year,Player,Pos,Age,G,GS,MP,PER,TS%,3PAr,FTr,ORB%,DRB%,TRB%,AST%,STL%,BLK%,TOV%,USG%,blanl,OWS,DWS,WS,WS/48,blank2,OBPM,DBPM,BPM,VORP,FG,FGA,FG%,3P,3PA,3P%,2P,2PA,2P%,eFG%,FT,FTA,FT%,ORB,DRB,TRB,AST,STL,BLK,TOV,PF,PTS
PHI,19062,2008.0,Kyle Korver,SF,26.0,82.0,57.0,2667.0,14.2,0.588,0.735,0.247,4.0,14.5,8.0,11.0,2.0,1.0,11.7,21.3,,3.3,3.3,6.6,0.11900000000000001,,1.5,0.8,2.3,2.9,372.0,845.0,0.44,226.0,558.0,0.43,240.0,538.0,0.45299999999999996,0.5670000000000001,191.0,209.0,0.914,40.0,339.0,379.0,182.0,103.0,33.0,117.0,265.0,1067.0
UTA,20238,2010.0,Kyle Korver,SG,28.0,78.0,2.0,1874.0,14.2,0.629,0.54,0.276,2.2,14.2,8.2,13.9,1.4,1.7,12.8,18.2,,2.3,1.8,3.7,0.141,,2.4,-0.1,1.1,1.0,245.0,560.0,0.493,103.0,267.0,0.536,142.0,293.0,0.575,0.598,112.0,127.0,0.917,35.0,223.0,258.0,137.0,47.0,30.0,90.0,170.0,705.0
CHI,21437,2012.0,Kyle Korver,SG,30.0,82.0,7.0,1649.0,13.6,0.6,0.6579999999999999,0.16,2.0,9.9,6.0,12.1,1.3,0.9,10.7,18.3,,3.1,2.4,5.3,0.172,,2.5,0.0,2.5,1.7,242.0,557.0,0.434,120.0,289.0,0.435,122.0,268.0,0.455,0.575,77.0,87.0,0.885,26.0,138.0,159.0,124.0,36.0,20.0,60.0,156.0,681.0
ATL,24398,2017.0,Kyle Korver,SG,35.0,80.0,80.0,2418.0,14.8,0.6990000000000001,0.748,0.19699999999999998,1.2,13.5,7.4,13.3,1.6,1.5,14.1,14.5,,5.0,2.9,7.5,0.14800000000000002,,3.1,0.5,3.3,3.3,292.0,616.0,0.48700000000000004,221.0,449.0,0.49200000000000005,110.0,219.0,0.502,0.6709999999999999,106.0,118.0,0.9259999999999999,23.0,289.0,304.0,208.0,70.0,42.0,107.0,170.0,911.0
CLE,24399,2017.0,Kyle Korver,SG,35.0,35.0,1.0,859.0,13.5,0.677,0.743,0.055999999999999994,0.9,11.2,6.2,6.1,0.6,0.8,9.5,15.8,,1.6,0.4,2.0,0.114,,2.2,-2.2,0.0,0.4,131.0,269.0,0.48700000000000004,97.0,200.0,0.485,34.0,69.0,0.493,0.667,14.0,15.0,0.9329999999999999,7.0,90.0,97.0,35.0,11.0,8.0,29.0,60.0,373.0
TOT,24397,2017.0,Kyle Korver,SG-PF,35.0,75.0,22.0,1753.0,12.8,0.635,0.6970000000000001,0.226,1.5,11.0,6.0,9.4,1.3,1.4,11.5,18.3,,2.7,1.5,4.2,0.11599999999999999,,1.3,-1.0,0.1,0.9,255.0,575.0,0.46399999999999997,162.0,359.0,0.451,144.0,279.0,0.516,0.621,119.0,130.0,0.915,21.0,179.0,187.0,110.0,42.0,29.0,75.0,192.0,740.0
