Tm,Unnamed: 0,Year,Player,Pos,Age,G,GS,MP,PER,TS%,3PAr,FTr,ORB%,DRB%,TRB%,AST%,STL%,BLK%,TOV%,USG%,blanl,OWS,DWS,WS,WS/48,blank2,OBPM,DBPM,BPM,VORP,FG,FGA,FG%,3P,3PA,3P%,2P,2PA,2P%,eFG%,FT,FTA,FT%,ORB,DRB,TRB,AST,STL,BLK,TOV,PF,PTS
LAC,14280,1999.0,Lamond Murray,SF,25.0,81.0,65.0,2579.0,17.8,0.5479999999999999,0.209,0.485,7.5,13.9,10.7,9.9,2.4,1.8,14.6,25.7,,3.7,1.2,4.9,0.092,,1.3,-0.4,0.9,1.9,473.0,1093.0,0.48100000000000004,65.0,218.0,0.353,419.0,875.0,0.504,0.508,220.0,294.0,0.8029999999999999,172.0,312.0,484.0,142.0,118.0,55.0,171.0,193.0,1220.0
CLE,15827,2002.0,Lamond Murray,SF,28.0,78.0,72.0,2365.0,16.7,0.534,0.24100000000000002,0.267,5.9,14.7,10.0,12.2,2.2,1.3,13.9,24.7,,2.9,2.6,4.1,0.086,,1.3,0.1,-0.1,1.1,460.0,1019.0,0.451,101.0,238.0,0.424,409.0,880.0,0.465,0.48700000000000004,215.0,268.0,0.8170000000000001,127.0,296.0,423.0,157.0,105.0,43.0,184.0,208.0,1176.0
TOR,17441,2005.0,Lamond Murray,SF,31.0,62.0,4.0,918.0,13.7,0.537,0.33899999999999997,0.258,5.3,17.0,10.1,10.4,1.8,1.3,14.2,25.1,,0.5,0.7,1.3,0.067,,-1.0,-0.8,-1.8,0.0,132.0,310.0,0.426,46.0,105.0,0.43799999999999994,86.0,205.0,0.42,0.5,61.0,80.0,0.763,44.0,120.0,164.0,47.0,32.0,16.0,54.0,85.0,371.0
NJN,18009,2006.0,Lamond Murray,SF,32.0,57.0,1.0,576.0,10.8,0.493,0.431,0.221,5.8,21.3,13.4,3.9,1.6,1.0,10.0,18.0,,-0.1,1.0,0.9,0.076,,-3.8,-0.9,-4.7,-0.4,72.0,181.0,0.39799999999999996,27.0,78.0,0.34600000000000003,45.0,103.0,0.43700000000000006,0.47200000000000003,25.0,40.0,0.625,29.0,103.0,132.0,13.0,17.0,7.0,22.0,66.0,196.0
