Tm,Unnamed: 0,Year,Player,Pos,Age,G,GS,MP,PER,TS%,3PAr,FTr,ORB%,DRB%,TRB%,AST%,STL%,BLK%,TOV%,USG%,blanl,OWS,DWS,WS,WS/48,blank2,OBPM,DBPM,BPM,VORP,FG,FGA,FG%,3P,3PA,3P%,2P,2PA,2P%,eFG%,FT,FTA,FT%,ORB,DRB,TRB,AST,STL,BLK,TOV,PF,PTS
CHO,23421,2015.0,Lance Stephenson,SG,24.0,61.0,25.0,1573.0,8.8,0.419,0.191,0.2,2.7,17.1,9.7,25.4,1.2,0.4,17.6,21.1,,-2.7,1.8,-0.9,-0.026000000000000002,,-4.0,0.5,-3.5,-0.6,207.0,550.0,0.376,18.0,105.0,0.171,189.0,445.0,0.425,0.39299999999999996,69.0,110.0,0.627,39.0,238.0,277.0,240.0,38.0,8.0,128.0,134.0,501.0
IND,24599,2017.0,Lance Stephenson,SG,26.0,78.0,78.0,2752.0,14.7,0.564,0.314,0.359,4.1,19.3,11.4,28.3,2.5,1.3,26.2,23.5,,2.6,4.8,7.4,0.13,,0.7,1.7,2.3,3.0,427.0,870.0,0.491,86.0,244.0,0.625,341.0,626.0,0.545,0.54,140.0,197.0,0.7859999999999999,95.0,463.0,558.0,359.0,81.0,16.0,210.0,195.0,1080.0
LAC,24011,2016.0,Lance Stephenson,SF,25.0,43.0,10.0,680.0,9.8,0.569,0.28300000000000003,0.18100000000000002,3.1,14.0,8.7,13.1,1.8,0.3,21.1,15.1,,0.1,0.8,0.9,0.066,,-2.4,0.7,-1.6,0.1,82.0,166.0,0.494,19.0,47.0,0.40399999999999997,63.0,119.0,0.529,0.551,21.0,30.0,0.7,19.0,89.0,108.0,60.0,24.0,3.0,48.0,79.0,204.0
MEM,24012,2016.0,Lance Stephenson,SF,25.0,26.0,3.0,692.0,17.1,0.537,0.10099999999999999,0.263,3.3,16.2,9.5,19.2,1.4,0.8,11.8,25.3,,0.8,0.5,1.2,0.086,,0.1,-1.3,-1.2,0.1,146.0,308.0,0.474,11.0,31.0,0.355,135.0,277.0,0.48700000000000004,0.49200000000000005,66.0,81.0,0.815,21.0,94.0,115.0,73.0,19.0,6.0,46.0,56.0,369.0
MIN,24598,2017.0,Lance Stephenson,SG,26.0,6.0,0.0,67.0,6.6,0.48,0.095,0.095,0.0,17.7,8.7,11.2,0.0,0.0,15.5,17.1,,-0.1,0.0,-0.1,-0.045,,-6.1,-3.1,-9.3,-0.1,10.0,21.0,0.47600000000000003,0.0,2.0,0.0,10.0,19.0,0.526,0.47600000000000003,1.0,2.0,0.5,0.0,10.0,10.0,5.0,0.0,0.0,4.0,2.0,21.0
NOP,24597,2017.0,Lance Stephenson,SG,26.0,6.0,0.0,162.0,10.3,0.496,0.182,0.145,1.9,9.8,5.9,27.7,0.6,0.5,15.8,19.0,,0.0,0.1,0.1,0.027999999999999997,,-3.0,-1.9,-4.8,-0.1,26.0,55.0,0.473,1.0,10.0,0.1,25.0,45.0,0.556,0.48200000000000004,5.0,8.0,0.625,3.0,15.0,18.0,29.0,2.0,1.0,11.0,18.0,58.0
TOT,24596,2017.0,Lance Stephenson,SG,26.0,69.0,13.0,1372.0,13.5,0.5479999999999999,0.16699999999999998,0.23399999999999999,3.2,15.1,9.1,24.8,1.6,0.7,17.1,20.2,,0.9,1.3,2.2,0.076,,-1.1,-0.3,-1.4,0.2,228.0,474.0,0.48100000000000004,30.0,78.0,0.385,198.0,396.0,0.5,0.513,87.0,111.0,0.784,40.0,183.0,223.0,133.0,43.0,9.0,94.0,135.0,573.0
