Tm,Unnamed: 0,Year,Player,Pos,Age,G,GS,MP,PER,TS%,3PAr,FTr,ORB%,DRB%,TRB%,AST%,STL%,BLK%,TOV%,USG%,blanl,OWS,DWS,WS,WS/48,blank2,OBPM,DBPM,BPM,VORP,FG,FGA,FG%,3P,3PA,3P%,2P,2PA,2P%,eFG%,FT,FTA,FT%,ORB,DRB,TRB,AST,STL,BLK,TOV,PF,PTS
NOH,22182,2013.0,Lance Thomas,SF,24.0,59.0,10.0,646.0,10.1,0.565,0.008,0.557,9.4,14.3,11.9,4.0,0.9,0.9,13.5,13.3,,1.0,0.4,1.2,0.08800000000000001,,-1.5,-1.1,-2.7,-0.1,57.0,126.0,0.5,0.0,1.0,0.0,57.0,125.0,0.5,0.5,52.0,62.0,0.8390000000000001,49.0,77.0,126.0,17.0,11.0,7.0,24.0,78.0,166.0
NOP,22791,2014.0,Lance Thomas,SF,25.0,5.0,0.0,42.0,0.5,0.27899999999999997,0.0,0.444,5.4,14.0,9.7,9.7,0.0,0.0,15.7,13.8,,-0.1,0.0,-0.1,-0.11699999999999999,,-8.0,-2.7,-10.7,-0.1,2.0,9.0,0.222,0.0,0.0,,2.0,9.0,0.222,0.222,2.0,4.0,0.5,2.0,5.0,7.0,3.0,0.0,0.0,2.0,4.0,6.0
NYK,24613,2017.0,Lance Thomas,PF,28.0,59.0,24.0,1313.0,10.4,0.557,0.348,0.312,4.0,12.3,7.9,7.9,1.3,0.6,14.2,17.8,,1.2,0.5,1.7,0.062,,-1.2,-1.6,-3.2,-0.4,169.0,382.0,0.442,44.0,109.0,0.447,130.0,295.0,0.45799999999999996,0.5,102.0,119.0,0.857,37.0,110.0,142.0,53.0,26.0,8.0,57.0,109.0,484.0
OKC,23440,2015.0,Lance Thomas,SF,26.0,22.0,13.0,450.0,6.6,0.402,0.008,0.262,6.8,11.0,8.9,6.3,1.2,0.0,10.8,15.1,,-0.2,0.3,0.0,0.005,,-4.5,-1.1,-5.5,-0.4,45.0,126.0,0.35700000000000004,0.0,1.0,0.0,45.0,125.0,0.36,0.35700000000000004,23.0,33.0,0.6970000000000001,28.0,47.0,75.0,20.0,11.0,0.0,17.0,38.0,113.0
TOT,23439,2015.0,Lance Thomas,PF-SF,26.0,62.0,37.0,1490.0,8.0,0.456,0.05,0.22399999999999998,4.8,9.9,7.3,7.4,1.3,0.4,13.2,17.0,,-0.9,0.4,-0.4,-0.013999999999999999,,-4.1,-1.6,-5.7,-1.4,182.0,442.0,0.41200000000000003,7.0,22.0,0.318,175.0,420.0,0.41700000000000004,0.42,72.0,99.0,0.727,65.0,130.0,195.0,69.0,37.0,8.0,74.0,101.0,443.0
