Tm,Unnamed: 0,Year,Player,Pos,Age,G,GS,MP,PER,TS%,3PAr,FTr,ORB%,DRB%,TRB%,AST%,STL%,BLK%,TOV%,USG%,blanl,OWS,DWS,WS,WS/48,blank2,OBPM,DBPM,BPM,VORP,FG,FGA,FG%,3P,3PA,3P%,2P,2PA,2P%,eFG%,FT,FTA,FT%,ORB,DRB,TRB,AST,STL,BLK,TOV,PF,PTS
HOU,7766,1985.0,Larry Micheaux,PF,24.0,39.0,0.0,394.0,15.4,0.618,0.025,0.213,12.5,15.6,14.0,5.7,1.4,2.0,17.3,16.2,,0.6,0.5,1.1,0.129,,0.0,0.0,0.0,0.2,74.0,122.0,0.607,0.0,3.0,0.0,74.0,119.0,0.622,0.607,17.0,26.0,0.654,44.0,55.0,99.0,17.0,12.0,14.0,28.0,49.0,165.0
KCK,7420,1984.0,Larry Micheaux,PF,23.0,39.0,0.0,332.0,16.1,0.555,0.0,0.433,13.5,25.6,19.4,7.7,3.0,1.9,16.4,15.5,,0.3,0.6,0.9,0.13,,-1.0,2.3,1.2,0.3,49.0,90.0,0.544,0.0,0.0,,49.0,90.0,0.544,0.544,21.0,39.0,0.5379999999999999,40.0,73.0,113.0,19.0,21.0,11.0,21.0,46.0,119.0
MIL,7765,1985.0,Larry Micheaux,PF,24.0,18.0,0.0,171.0,13.3,0.541,0.0,0.486,11.7,16.8,14.3,9.5,2.3,2.4,15.8,12.0,,0.2,0.3,0.5,0.154,,-0.8,3.0,2.2,0.2,17.0,35.0,0.486,0.0,0.0,,17.0,35.0,0.486,0.486,12.0,17.0,0.706,18.0,26.0,44.0,13.0,8.0,7.0,8.0,26.0,46.0
TOT,7764,1985.0,Larry Micheaux,PF,24.0,57.0,0.0,565.0,14.8,0.6,0.019,0.27399999999999997,12.3,15.9,14.1,6.8,1.7,2.1,17.0,14.9,,0.8,0.8,1.6,0.13699999999999998,,-0.2,0.9,0.7,0.4,91.0,157.0,0.58,0.0,3.0,0.0,91.0,154.0,0.591,0.58,29.0,43.0,0.674,62.0,81.0,143.0,30.0,20.0,21.0,36.0,75.0,211.0
