Tm,Unnamed: 0,Year,Player,Pos,Age,G,GS,MP,PER,TS%,3PAr,FTr,ORB%,DRB%,TRB%,AST%,STL%,BLK%,TOV%,USG%,blanl,OWS,DWS,WS,WS/48,blank2,OBPM,DBPM,BPM,VORP,FG,FGA,FG%,3P,3PA,3P%,2P,2PA,2P%,eFG%,FT,FTA,FT%,ORB,DRB,TRB,AST,STL,BLK,TOV,PF,PTS
DET,6820,1982.0,Larry Wright,PG,27.0,45.0,0.0,997.0,11.1,0.504,0.023,0.218,2.9,7.7,5.1,22.6,2.0,0.4,50.0,16.5,,0.4,0.9,1.2,0.06,,-1.9,-1.1,-3.0,0.0,140.0,303.0,0.462,2.0,7.0,0.28600000000000003,138.0,296.0,0.466,0.465,53.0,66.0,0.8029999999999999,26.0,62.0,88.0,153.0,42.0,7.0,74.0,114.0,335.0
WSB,6082,1980.0,Larry Wright,PG,25.0,78.0,,1658.0,13.7,0.52,0.032,0.285,3.1,6.5,4.8,25.0,2.1,0.7,17.8,20.1,,2.0,1.5,3.5,0.10099999999999999,,0.2,-0.8,-0.6,0.6,283.0,595.0,0.496,4.0,16.0,0.25,283.0,595.0,0.496,0.496,125.0,168.0,0.889,48.0,92.0,140.0,298.0,69.0,18.0,134.0,195.0,677.0
