Tm,Unnamed: 0,Year,Player,Pos,Age,G,GS,MP,PER,TS%,3PAr,FTr,ORB%,DRB%,TRB%,AST%,STL%,BLK%,TOV%,USG%,blanl,OWS,DWS,WS,WS/48,blank2,OBPM,DBPM,BPM,VORP,FG,FGA,FG%,3P,3PA,3P%,2P,2PA,2P%,eFG%,FT,FTA,FT%,ORB,DRB,TRB,AST,STL,BLK,TOV,PF,PTS
BUF,5235,1978.0,Larry McNeill,PF,27.0,37.0,,873.0,16.0,0.5429999999999999,,0.462,9.6,13.4,11.5,7.5,0.9,0.6,12.9,21.4,,1.8,0.4,2.2,0.12300000000000001,,0.7,-2.2,-1.5,0.1,156.0,338.0,0.462,,,,156.0,338.0,0.462,0.462,130.0,156.0,0.833,78.0,110.0,188.0,45.0,18.0,10.0,60.0,100.0,442.0
DET,5593,1979.0,Larry McNeill,PF,28.0,11.0,,46.0,16.5,0.574,,0.6,6.6,16.4,11.3,8.8,0.0,0.0,13.7,24.2,,0.1,0.0,0.1,0.14800000000000002,,-0.9,-4.1,-5.0,0.0,9.0,20.0,0.45,,,,9.0,20.0,0.45,0.45,11.0,12.0,0.917,3.0,7.0,10.0,3.0,0.0,0.0,4.0,7.0,29.0
GSW,5234,1978.0,Larry McNeill,PF,27.0,16.0,,137.0,20.6,0.5760000000000001,,1.056,13.2,23.0,18.1,3.7,2.0,0.8,21.0,19.5,,0.4,0.2,0.6,0.214,,0.8,-2.8,-3.1,0.0,29.0,61.0,0.475,,,,29.0,61.0,0.475,0.475,28.0,31.0,0.903,18.0,31.0,49.0,3.0,6.0,1.0,7.0,19.0,86.0
KCK,4539,1976.0,Larry McNeill,PF,25.0,82.0,,1613.0,17.0,0.546,,0.44799999999999995,9.8,22.6,16.2,6.7,1.4,1.1,,,,2.6,1.8,4.3,0.129,,-0.1,-1.4,-1.5,0.2,295.0,610.0,0.484,,,,295.0,610.0,0.484,0.484,207.0,273.0,0.758,157.0,353.0,510.0,72.0,51.0,32.0,,244.0,797.0
KCO,4260,1975.0,Larry McNeill,PF,24.0,80.0,,1749.0,20.9,0.552,,0.636,12.2,20.6,14.8,7.2,3.1,0.8,,,,2.0,2.4,4.4,0.142,,2.3,-0.7,0.4,0.3,296.0,645.0,0.48200000000000004,,,,296.0,645.0,0.48200000000000004,0.48200000000000004,189.0,241.0,0.784,149.0,348.0,497.0,73.0,69.0,27.0,,229.0,781.0
NYN,4870,1977.0,Larry McNeill,PF,26.0,8.0,,93.0,18.1,0.467,,0.588,10.4,18.4,14.2,5.5,2.0,0.6,,,,0.0,0.1,0.1,0.057,,-1.6,-4.4,-5.9,-0.1,18.0,51.0,0.353,,,,18.0,51.0,0.353,0.353,24.0,30.0,0.8,10.0,16.0,26.0,3.0,4.0,1.0,,13.0,60.0
TOT,5233,1978.0,Larry McNeill,PF,27.0,46.0,,940.0,19.6,0.542,,0.545,12.0,21.1,16.5,7.3,2.0,0.6,13.4,21.2,,1.8,0.5,2.3,0.15,,0.2,-2.2,-2.0,0.0,162.0,356.0,0.455,,,,162.0,356.0,0.455,0.455,145.0,175.0,0.852,80.0,122.0,202.0,47.0,18.0,11.0,67.0,114.0,469.0
