Tm,Unnamed: 0,Year,Player,Pos,Age,G,GS,MP,PER,TS%,3PAr,FTr,ORB%,DRB%,TRB%,AST%,STL%,BLK%,TOV%,USG%,blanl,OWS,DWS,WS,WS/48,blank2,OBPM,DBPM,BPM,VORP,FG,FGA,FG%,3P,3PA,3P%,2P,2PA,2P%,eFG%,FT,FTA,FT%,ORB,DRB,TRB,AST,STL,BLK,TOV,PF,PTS
NJN,21512,2012.0,Larry Owens,SF,29.0,7.0,0.0,75.0,5.8,0.509,0.455,0.364,3.0,17.5,10.1,8.1,0.0,1.0,13.6,9.0,,0.0,0.0,0.1,0.035,,-3.8,-1.7,-5.5,-0.1,4.0,11.0,0.364,2.0,5.0,0.4,2.0,6.0,0.33299999999999996,0.455,3.0,4.0,0.75,2.0,11.0,13.0,4.0,0.0,1.0,2.0,10.0,13.0
SAS,20938,2011.0,Larry Owens,SF,28.0,7.0,0.0,31.0,11.9,0.58,0.5,0.667,0.0,14.6,7.5,4.6,3.4,0.0,0.0,11.5,,0.0,0.0,0.1,0.151,,-0.3,0.8,0.5,0.0,3.0,6.0,0.5,1.0,3.0,0.33299999999999996,2.0,3.0,0.667,0.583,2.0,4.0,0.5,0.0,4.0,4.0,1.0,2.0,0.0,0.0,4.0,9.0
TOT,20937,2011.0,Larry Owens,SF,28.0,12.0,0.0,143.0,11.2,0.556,0.406,0.281,0.8,11.4,6.0,8.4,3.2,2.7,12.2,12.7,,0.1,0.2,0.2,0.083,,-1.6,1.5,-0.1,0.1,15.0,32.0,0.469,6.0,13.0,0.462,9.0,19.0,0.474,0.563,4.0,9.0,0.444,1.0,14.0,15.0,8.0,9.0,5.0,5.0,18.0,40.0
WAS,20939,2011.0,Larry Owens,SF,28.0,5.0,0.0,112.0,11.0,0.55,0.385,0.192,1.0,10.6,5.6,9.5,3.2,3.4,15.1,13.1,,0.0,0.1,0.1,0.064,,-2.0,1.7,-0.2,0.0,12.0,26.0,0.462,5.0,10.0,0.5,7.0,16.0,0.43799999999999994,0.5579999999999999,2.0,5.0,0.4,1.0,10.0,11.0,7.0,7.0,5.0,5.0,14.0,31.0
