Tm,Unnamed: 0,Year,Player,Pos,Age,G,GS,MP,PER,TS%,3PAr,FTr,ORB%,DRB%,TRB%,AST%,STL%,BLK%,TOV%,USG%,blanl,OWS,DWS,WS,WS/48,blank2,OBPM,DBPM,BPM,VORP,FG,FGA,FG%,3P,3PA,3P%,2P,2PA,2P%,eFG%,FT,FTA,FT%,ORB,DRB,TRB,AST,STL,BLK,TOV,PF,PTS
IND,24105,2017.0,Lavoy Allen,PF,27.0,79.0,28.0,1599.0,17.5,0.532,0.006,0.294,13.7,20.5,17.1,10.9,1.0,4.1,14.6,17.3,,1.6,2.1,3.7,0.18,,-1.4,2.2,0.8,0.8,191.0,370.0,0.516,0.0,1.0,0.0,191.0,370.0,0.516,0.516,46.0,73.0,0.7020000000000001,162.0,262.0,424.0,76.0,26.0,42.0,69.0,147.0,428.0
PHI,22265,2014.0,Lavoy Allen,PF,24.0,79.0,37.0,1669.0,12.7,0.488,0.049,0.15,11.5,22.2,15.6,10.2,1.1,2.6,12.4,14.8,,0.9,1.6,2.5,0.124,,-3.1,1.8,-1.3,0.1,206.0,454.0,0.473,2.0,13.0,0.154,206.0,453.0,0.473,0.473,43.0,60.0,0.7859999999999999,159.0,236.0,395.0,73.0,24.0,55.0,55.0,180.0,455.0
TOT,22264,2014.0,Lavoy Allen,PF,24.0,65.0,2.0,1072.0,12.5,0.47,0.043,0.16699999999999998,11.7,20.0,15.7,10.1,1.1,2.4,12.0,14.6,,0.6,0.9,1.5,0.066,,-3.1,0.3,-2.8,-0.2,134.0,300.0,0.447,2.0,13.0,0.154,132.0,287.0,0.46,0.45,33.0,50.0,0.66,119.0,192.0,311.0,71.0,24.0,33.0,44.0,126.0,303.0
