Tm,Unnamed: 0,Year,Player,Pos,Age,G,GS,MP,PER,TS%,3PAr,FTr,ORB%,DRB%,TRB%,AST%,STL%,BLK%,TOV%,USG%,blanl,OWS,DWS,WS,WS/48,blank2,OBPM,DBPM,BPM,VORP,FG,FGA,FG%,3P,3PA,3P%,2P,2PA,2P%,eFG%,FT,FTA,FT%,ORB,DRB,TRB,AST,STL,BLK,TOV,PF,PTS
CLE,24365,2017.0,LeBron James,SG,32.0,81.0,81.0,3388.0,31.7,0.619,0.265,0.506,4.9,20.7,12.6,41.8,2.8,2.4,16.1,33.8,,13.7,6.5,20.3,0.318,,9.7,3.6,13.0,11.6,875.0,1823.0,0.5479999999999999,132.0,387.0,0.363,748.0,1444.0,0.611,0.594,601.0,814.0,0.78,133.0,543.0,640.0,651.0,177.0,93.0,303.0,181.0,2478.0
MIA,22548,2014.0,LeBron James,SF,29.0,79.0,79.0,3063.0,31.6,0.649,0.226,0.446,5.0,20.8,13.1,36.4,2.6,1.9,14.4,32.0,,14.6,5.3,19.3,0.322,,9.2,2.7,11.6,9.8,767.0,1485.0,0.5670000000000001,116.0,306.0,0.406,666.0,1206.0,0.622,0.61,503.0,663.0,0.7709999999999999,97.0,513.0,610.0,554.0,129.0,67.0,284.0,163.0,2111.0
