Tm,Unnamed: 0,Year,Player,Pos,Age,G,GS,MP,PER,TS%,3PAr,FTr,ORB%,DRB%,TRB%,AST%,STL%,BLK%,TOV%,USG%,blanl,OWS,DWS,WS,WS/48,blank2,OBPM,DBPM,BPM,VORP,FG,FGA,FG%,3P,3PA,3P%,2P,2PA,2P%,eFG%,FT,FTA,FT%,ORB,DRB,TRB,AST,STL,BLK,TOV,PF,PTS
BUF,4368,1975.0,Lee Winfield,PG,27.0,68.0,,1259.0,11.8,0.551,,0.495,4.5,6.3,5.1,13.8,1.5,1.2,,,,1.6,0.8,2.4,0.09300000000000001,,-1.3,0.0,-1.3,0.2,164.0,312.0,0.526,,,,164.0,312.0,0.526,0.526,49.0,68.0,0.721,45.0,81.0,126.0,134.0,43.0,30.0,,106.0,377.0
KCK,4643,1976.0,Lee Winfield,PG,28.0,22.0,,214.0,12.8,0.506,,0.212,3.8,7.7,5.7,12.8,2.1,1.5,,,,0.2,0.2,0.4,0.084,,-2.7,-0.5,-3.2,-0.1,32.0,66.0,0.485,,,,32.0,66.0,0.485,0.485,9.0,14.0,0.643,8.0,16.0,24.0,19.0,10.0,6.0,,14.0,73.0
SEA,3844,1973.0,Lee Winfield,PG,25.0,81.0,,2040.0,15.2,0.535,,0.40299999999999997,,,5.6,23.8,,,,,,3.3,1.2,4.5,0.106,,,,,,343.0,716.0,0.496,,,,343.0,716.0,0.496,0.496,175.0,262.0,0.75,,,218.0,290.0,,,,198.0,861.0
