Tm,Unnamed: 0,Year,Player,Pos,Age,G,GS,MP,PER,TS%,3PAr,FTr,ORB%,DRB%,TRB%,AST%,STL%,BLK%,TOV%,USG%,blanl,OWS,DWS,WS,WS/48,blank2,OBPM,DBPM,BPM,VORP,FG,FGA,FG%,3P,3PA,3P%,2P,2PA,2P%,eFG%,FT,FTA,FT%,ORB,DRB,TRB,AST,STL,BLK,TOV,PF,PTS
BOS,19763,2009.0,Leon Powe,PF,25.0,70.0,7.0,1227.0,20.9,0.629,0.011000000000000001,0.8140000000000001,15.8,20.1,17.9,6.0,1.0,2.5,16.4,22.8,,2.7,2.2,4.9,0.256,,0.6,0.6,0.5,0.8,177.0,338.0,0.5720000000000001,0.0,2.0,0.0,177.0,338.0,0.575,0.5720000000000001,184.0,267.0,0.736,145.0,200.0,345.0,46.0,24.0,38.0,76.0,192.0,538.0
CLE,20963,2011.0,Leon Powe,SF,27.0,20.0,3.0,236.0,12.9,0.515,0.0,1.286,10.1,20.2,15.4,1.9,1.9,1.2,12.5,18.3,,0.1,0.3,0.5,0.09699999999999999,,-3.4,-2.4,-5.9,-0.2,29.0,59.0,0.49200000000000005,0.0,0.0,,29.0,59.0,0.49200000000000005,0.49200000000000005,37.0,63.0,0.5870000000000001,19.0,42.0,61.0,2.0,7.0,3.0,11.0,36.0,79.0
MEM,20964,2011.0,Leon Powe,C,27.0,16.0,0.0,141.0,17.8,0.5479999999999999,0.033,0.767,6.7,14.5,10.6,6.0,1.1,0.6,8.0,27.9,,0.3,0.1,0.4,0.142,,-1.0,-4.0,-5.0,-0.1,30.0,60.0,0.5,0.0,2.0,0.0,30.0,58.0,0.517,0.5,28.0,46.0,0.609,8.0,17.0,25.0,5.0,3.0,1.0,7.0,24.0,88.0
TOT,20962,2011.0,Leon Powe,C-PF,27.0,30.0,3.0,328.0,15.0,0.524,0.017,0.605,8.3,14.2,11.2,3.6,1.6,0.9,7.4,22.4,,0.4,0.2,0.6,0.09,,-2.4,-3.1,-5.5,-0.3,59.0,119.0,0.496,0.0,2.0,0.0,59.0,117.0,0.504,0.496,40.0,72.0,0.556,24.0,39.0,63.0,7.0,10.0,4.0,12.0,44.0,158.0
