Tm,Unnamed: 0,Year,Player,Pos,Age,G,GS,MP,PER,TS%,3PAr,FTr,ORB%,DRB%,TRB%,AST%,STL%,BLK%,TOV%,USG%,blanl,OWS,DWS,WS,WS/48,blank2,OBPM,DBPM,BPM,VORP,FG,FGA,FG%,3P,3PA,3P%,2P,2PA,2P%,eFG%,FT,FTA,FT%,ORB,DRB,TRB,AST,STL,BLK,TOV,PF,PTS
CHH,11496,1994.0,LeRon Ellis,C,24.0,50.0,1.0,680.0,13.5,0.521,0.0,0.374,11.7,18.6,15.3,4.9,1.2,2.3,9.0,14.6,,1.0,0.6,1.6,0.111,,-1.4,-0.3,-1.7,0.0,88.0,182.0,0.484,0.0,0.0,,88.0,182.0,0.484,0.484,45.0,68.0,0.662,70.0,118.0,188.0,24.0,17.0,25.0,21.0,83.0,221.0
LAC,10581,1992.0,LeRon Ellis,C,22.0,29.0,0.0,103.0,8.6,0.368,0.0,0.38,12.9,13.0,13.0,1.4,2.9,5.5,15.9,28.6,,-0.4,0.2,-0.2,-0.1,,-9.7,-0.4,-10.2,-0.2,17.0,50.0,0.34,0.0,0.0,,17.0,50.0,0.34,0.34,9.0,19.0,0.474,12.0,12.0,24.0,1.0,6.0,9.0,11.0,11.0,43.0
MIA,12431,1996.0,LeRon Ellis,C,26.0,12.0,1.0,74.0,1.6,0.264,0.0,0.273,8.1,4.6,6.3,8.1,1.4,3.2,10.9,17.0,,-0.2,0.1,-0.1,-0.081,,-8.4,0.9,-7.5,-0.1,5.0,22.0,0.22699999999999998,0.0,0.0,,5.0,22.0,0.22699999999999998,0.22699999999999998,3.0,6.0,0.5,5.0,3.0,8.0,4.0,2.0,3.0,3.0,11.0,13.0
