Tm,Unnamed: 0,Year,Player,Pos,Age,G,GS,MP,PER,TS%,3PAr,FTr,ORB%,DRB%,TRB%,AST%,STL%,BLK%,TOV%,USG%,blanl,OWS,DWS,WS,WS/48,blank2,OBPM,DBPM,BPM,VORP,FG,FGA,FG%,3P,3PA,3P%,2P,2PA,2P%,eFG%,FT,FTA,FT%,ORB,DRB,TRB,AST,STL,BLK,TOV,PF,PTS
BOS,20173,2010.0,Lester Hudson,PG,25.0,16.0,0.0,70.0,8.7,0.5329999999999999,0.278,0.33299999999999996,5.4,8.5,7.0,17.1,2.2,2.3,30.4,19.9,,-0.1,0.1,0.0,0.003,,-4.7,0.7,-4.1,0.0,7.0,18.0,0.389,3.0,5.0,0.6,4.0,13.0,0.308,0.47200000000000003,5.0,6.0,0.833,3.0,5.0,8.0,8.0,3.0,2.0,9.0,7.0,22.0
CLE,21380,2012.0,Lester Hudson,PG,27.0,13.0,0.0,314.0,14.7,0.49200000000000005,0.40399999999999997,0.252,2.4,14.7,8.3,21.4,2.3,0.7,15.2,28.3,,0.0,0.2,0.2,0.026000000000000002,,0.2,-1.8,-1.6,0.0,59.0,151.0,0.391,15.0,61.0,0.24600000000000002,44.0,90.0,0.489,0.44,32.0,38.0,0.8420000000000001,7.0,39.0,46.0,35.0,14.0,3.0,30.0,26.0,165.0
LAC,23141,2015.0,Lester Hudson,SG,30.0,5.0,0.0,56.0,16.0,0.5710000000000001,0.429,0.28600000000000003,2.1,13.8,8.0,12.6,5.4,1.5,16.0,15.1,,0.1,0.1,0.2,0.141,,0.0,3.3,3.3,0.1,6.0,14.0,0.429,3.0,6.0,0.5,3.0,8.0,0.375,0.536,3.0,4.0,0.75,1.0,7.0,8.0,5.0,6.0,1.0,3.0,4.0,18.0
MEM,21381,2012.0,Lester Hudson,PG,27.0,9.0,0.0,61.0,18.3,0.473,0.314,0.273,7.6,11.5,9.6,14.1,4.2,1.2,14.0,32.4,,0.0,0.1,0.1,0.06,,0.4,-1.2,-0.9,0.0,14.0,35.0,0.4,2.0,11.0,0.33299999999999996,12.0,24.0,0.5,0.429,6.0,7.0,0.857,4.0,6.0,10.0,5.0,5.0,1.0,5.0,5.0,36.0
TOT,21379,2012.0,Lester Hudson,PG,27.0,25.0,0.0,334.0,13.9,0.494,0.395,0.253,6.4,13.8,8.2,20.6,3.2,1.8,19.3,28.6,,-0.1,0.2,0.1,0.028999999999999998,,-0.4,-0.2,-2.6,0.0,62.0,162.0,0.396,16.0,64.0,0.313,46.0,98.0,0.469,0.44299999999999995,34.0,41.0,0.846,7.0,39.0,46.0,36.0,14.0,3.0,32.0,26.0,174.0
WAS,20798,2011.0,Lester Hudson,PG,26.0,11.0,0.0,73.0,6.0,0.349,0.625,0.16699999999999998,1.5,6.5,3.9,34.1,2.8,1.0,21.4,19.8,,-0.2,0.0,-0.1,-0.08199999999999999,,-4.2,-3.4,-7.6,-0.1,6.0,24.0,0.25,4.0,15.0,0.267,2.0,9.0,0.222,0.33299999999999996,2.0,4.0,0.5,1.0,4.0,5.0,17.0,4.0,1.0,7.0,10.0,18.0
