Tm,Unnamed: 0,Year,Player,Pos,Age,G,GS,MP,PER,TS%,3PAr,FTr,ORB%,DRB%,TRB%,AST%,STL%,BLK%,TOV%,USG%,blanl,OWS,DWS,WS,WS/48,blank2,OBPM,DBPM,BPM,VORP,FG,FGA,FG%,3P,3PA,3P%,2P,2PA,2P%,eFG%,FT,FTA,FT%,ORB,DRB,TRB,AST,STL,BLK,TOV,PF,PTS
MLH,823,1954.0,Lew Hitch,PF,24.0,72.0,,2452.0,14.9,0.414,,0.345,,,,,,,,,,0.3,2.9,3.3,0.064,,,,,,221.0,603.0,0.36700000000000005,,,,221.0,603.0,0.36700000000000005,0.36700000000000005,133.0,208.0,0.639,,,691.0,141.0,,,,176.0,575.0
MNL,1063,1956.0,Lew Hitch,PF,26.0,70.0,,1129.0,14.0,0.491,,0.562,,,,,,,,,,1.3,2.3,2.7,0.151,,,,,,94.0,255.0,0.4,,,,94.0,255.0,0.4,0.4,100.0,136.0,0.758,,,283.0,77.0,,,,122.0,288.0
PHW,1166,1957.0,Lew Hitch,PF,27.0,38.0,,577.0,9.3,0.418,,0.245,,,,,,,,,,0.0,0.3,0.4,0.031,,,,,,57.0,151.0,0.377,,,,57.0,151.0,0.377,0.377,26.0,37.0,0.703,,,134.0,25.0,,,,48.0,140.0
ROC,1165,1957.0,Lew Hitch,PF,27.0,30.0,,556.0,9.4,0.433,,0.35200000000000004,,,,,,,,,,0.2,0.7,0.9,0.073,,,,,,54.0,145.0,0.37200000000000005,,,,54.0,145.0,0.37200000000000005,0.37200000000000005,37.0,51.0,0.725,,,119.0,15.0,,,,55.0,145.0
TOT,1164,1957.0,Lew Hitch,PF,27.0,74.0,,1774.0,9.4,0.457,,0.405,,,,,,,,,,0.2,1.0,1.2,0.052000000000000005,,,,,,167.0,417.0,0.4,,,,167.0,417.0,0.4,0.4,115.0,169.0,0.716,,,438.0,125.0,,,,110.0,449.0
