Tm,Unnamed: 0,Year,Player,Pos,Age,G,GS,MP,PER,TS%,3PAr,FTr,ORB%,DRB%,TRB%,AST%,STL%,BLK%,TOV%,USG%,blanl,OWS,DWS,WS,WS/48,blank2,OBPM,DBPM,BPM,VORP,FG,FGA,FG%,3P,3PA,3P%,2P,2PA,2P%,eFG%,FT,FTA,FT%,ORB,DRB,TRB,AST,STL,BLK,TOV,PF,PTS
MIL,7509,1984.0,Linton Townes,SF,24.0,2.0,0.0,2.0,30.3,1.0,0.0,0.0,0.0,0.0,0.0,0.0,0.0,0.0,0.0,21.1,,0.0,0.0,0.0,0.361,,11.4,-6.5,4.9,0.0,1.0,1.0,1.0,0.0,0.0,,1.0,1.0,1.0,1.0,0.0,0.0,,0.0,0.0,0.0,0.0,0.0,0.0,0.0,1.0,2.0
POR,7169,1983.0,Linton Townes,SF,23.0,55.0,0.0,516.0,11.9,0.493,0.107,0.162,6.5,7.6,7.1,8.9,1.8,0.5,11.6,22.3,,0.2,0.4,0.7,0.064,,-1.2,-2.2,-3.4,-0.2,105.0,234.0,0.449,9.0,25.0,0.36,96.0,209.0,0.45899999999999996,0.46799999999999997,28.0,38.0,0.737,30.0,35.0,65.0,31.0,19.0,5.0,33.0,81.0,247.0
SAS,7868,1985.0,Linton Townes,SF,25.0,1.0,0.0,8.0,-11.4,0.145,0.0,0.33299999999999996,14.6,0.0,7.1,0.0,0.0,0.0,0.0,34.5,,-0.1,0.0,-0.1,-0.40299999999999997,,-18.0,-11.8,-29.8,-0.1,0.0,6.0,0.0,0.0,0.0,,0.0,6.0,0.0,0.0,2.0,2.0,1.0,1.0,0.0,1.0,0.0,0.0,0.0,0.0,1.0,2.0
SDC,7510,1984.0,Linton Townes,SF,24.0,2.0,0.0,17.0,9.6,0.429,0.0,0.0,0.0,6.6,3.3,7.9,2.8,6.4,12.5,18.7,,0.0,0.0,0.0,-0.002,,-5.5,1.8,-3.7,0.0,3.0,7.0,0.429,0.0,0.0,,3.0,7.0,0.429,0.429,0.0,0.0,,0.0,1.0,1.0,1.0,1.0,2.0,1.0,3.0,6.0
TOT,7508,1984.0,Linton Townes,SF,24.0,4.0,0.0,19.0,11.7,0.5,0.0,0.0,0.0,5.9,3.0,7.1,2.5,5.8,11.1,19.0,,0.0,0.0,0.0,0.036000000000000004,,-3.7,0.9,-2.7,0.0,4.0,8.0,0.5,0.0,0.0,,4.0,8.0,0.5,0.5,0.0,0.0,,0.0,1.0,1.0,1.0,1.0,2.0,1.0,4.0,8.0
