Tm,Unnamed: 0,Year,Player,Pos,Age,G,GS,MP,PER,TS%,3PAr,FTr,ORB%,DRB%,TRB%,AST%,STL%,BLK%,TOV%,USG%,blanl,OWS,DWS,WS,WS/48,blank2,OBPM,DBPM,BPM,VORP,FG,FGA,FG%,3P,3PA,3P%,2P,2PA,2P%,eFG%,FT,FTA,FT%,ORB,DRB,TRB,AST,STL,BLK,TOV,PF,PTS
ORL,11530,1994.0,Litterial Green,PG,23.0,52.0,4.0,626.0,13.0,0.498,0.07,0.649,5.4,5.3,5.3,27.2,2.4,0.5,15.1,29.2,,0.4,0.5,0.8,0.064,,-2.2,-2.6,-4.8,-0.2,87.0,198.0,0.439,1.0,10.0,0.25,86.0,188.0,0.457,0.442,60.0,96.0,0.757,11.0,23.0,34.0,116.0,23.0,4.0,42.0,70.0,235.0
DET,13037,1997.0,Litterial Green,PG,26.0,45.0,0.0,311.0,13.5,0.531,0.156,0.7340000000000001,2.5,6.3,4.4,21.4,2.9,0.3,15.0,15.9,,0.4,0.4,0.8,0.11900000000000001,,-1.4,-0.9,-2.3,0.0,30.0,64.0,0.469,0.0,10.0,0.0,30.0,54.0,0.556,0.469,30.0,47.0,0.638,6.0,16.0,22.0,41.0,16.0,1.0,15.0,27.0,90.0
MIL,13601,1998.0,Litterial Green,PG,27.0,21.0,0.0,124.0,5.4,0.39299999999999996,0.087,0.87,1.0,6.0,3.4,18.7,1.7,0.0,20.1,14.6,,-0.1,0.1,-0.1,-0.024,,-6.0,-2.6,-8.6,-0.2,5.0,23.0,0.217,0.0,2.0,0.0,5.0,21.0,0.23800000000000002,0.217,15.0,20.0,0.75,1.0,6.0,7.0,16.0,4.0,0.0,8.0,11.0,25.0
CLE,14140,1999.0,Litterial Green,PG,28.0,1.0,0.0,2.0,-19.7,0.0,0.0,0.0,0.0,0.0,0.0,0.0,0.0,0.0,0.0,24.4,,0.0,0.0,0.0,-0.59,,-21.6,-7.2,-28.8,0.0,0.0,1.0,0.0,0.0,0.0,,0.0,1.0,0.0,0.0,0.0,0.0,,0.0,0.0,0.0,0.0,0.0,0.0,0.0,0.0,0.0
