Tm,Unnamed: 0,Year,Player,Pos,Age,G,GS,MP,PER,TS%,3PAr,FTr,ORB%,DRB%,TRB%,AST%,STL%,BLK%,TOV%,USG%,blanl,OWS,DWS,WS,WS/48,blank2,OBPM,DBPM,BPM,VORP,FG,FGA,FG%,3P,3PA,3P%,2P,2PA,2P%,eFG%,FT,FTA,FT%,ORB,DRB,TRB,AST,STL,BLK,TOV,PF,PTS
PHI,21655,2012.0,Lou Williams,SG,25.0,81.0,38.0,1919.0,20.2,0.5760000000000001,0.318,0.456,3.0,12.9,7.7,26.5,2.4,0.8,18.4,27.8,,4.1,2.2,6.1,0.174,,3.4,-1.2,1.9,1.7,336.0,844.0,0.47,88.0,253.0,0.36200000000000004,273.0,624.0,0.527,0.521,304.0,385.0,0.8240000000000001,41.0,162.0,187.0,268.0,85.0,18.0,151.0,130.0,1039.0
ATL,22848,2014.0,Lou Williams,SG,27.0,60.0,9.0,1445.0,15.9,0.555,0.469,0.363,0.8,9.1,5.0,22.9,2.0,0.7,13.9,23.6,,1.6,1.0,2.6,0.10300000000000001,,1.2,-1.7,-0.5,0.4,197.0,493.0,0.42200000000000004,79.0,231.0,0.36700000000000005,118.0,262.0,0.466,0.503,152.0,179.0,0.868,10.0,114.0,124.0,210.0,45.0,10.0,92.0,65.0,625.0
TOR,23490,2015.0,Lou Williams,SG,28.0,80.0,0.0,2016.0,19.9,0.564,0.48200000000000004,0.426,1.4,7.3,4.3,13.6,2.3,0.4,8.4,27.0,,5.4,1.1,6.6,0.157,,4.0,-3.1,0.9,1.5,375.0,928.0,0.40399999999999997,152.0,447.0,0.34,223.0,481.0,0.46399999999999997,0.486,340.0,395.0,0.861,24.0,127.0,151.0,164.0,88.0,10.0,101.0,103.0,1242.0
HOU,24669,2017.0,Lou Williams,SG,30.0,23.0,0.0,591.0,15.4,0.547,0.489,0.428,2.2,10.7,6.5,14.3,1.2,1.2,11.3,25.3,,0.8,0.4,1.2,0.096,,-0.1,-2.5,-2.6,-0.1,102.0,264.0,0.386,41.0,129.0,0.318,61.0,135.0,0.452,0.46399999999999997,98.0,113.0,0.867,12.0,58.0,70.0,56.0,15.0,9.0,40.0,25.0,343.0
LAL,24668,2017.0,Lou Williams,SG,30.0,67.0,35.0,1907.0,23.9,0.609,0.462,0.612,1.7,9.5,5.1,22.3,2.3,0.8,11.9,30.6,,4.5,0.6,4.9,0.16899999999999998,,5.4,-2.7,2.2,1.5,326.0,734.0,0.444,122.0,320.0,0.385,204.0,417.0,0.489,0.527,352.0,424.0,0.884,31.0,138.0,169.0,183.0,65.0,19.0,120.0,107.0,1078.0
TOT,24667,2017.0,Lou Williams,SG,30.0,81.0,1.0,1994.0,21.4,0.593,0.447,0.45799999999999996,1.4,9.9,5.5,19.9,1.9,0.8,11.8,29.1,,5.1,1.0,6.1,0.147,,3.7,-3.0,0.8,1.4,428.0,998.0,0.429,163.0,446.0,0.365,265.0,552.0,0.48,0.511,402.0,457.0,0.88,26.0,176.0,202.0,239.0,80.0,19.0,160.0,92.0,1421.0
