Tm,Unnamed: 0,Year,Player,Pos,Age,G,GS,MP,PER,TS%,3PAr,FTr,ORB%,DRB%,TRB%,AST%,STL%,BLK%,TOV%,USG%,blanl,OWS,DWS,WS,WS/48,blank2,OBPM,DBPM,BPM,VORP,FG,FGA,FG%,3P,3PA,3P%,2P,2PA,2P%,eFG%,FT,FTA,FT%,ORB,DRB,TRB,AST,STL,BLK,TOV,PF,PTS
CAP,4011,1974.0,Louie Nelson,SG,22.0,49.0,,556.0,13.7,0.484,,0.34,4.4,7.6,6.0,13.1,2.5,0.2,,,,0.3,0.8,1.1,0.091,,-1.1,-0.2,-1.4,0.1,93.0,215.0,0.433,,,,93.0,215.0,0.433,0.433,53.0,73.0,0.726,26.0,44.0,70.0,52.0,31.0,2.0,,62.0,239.0
KCK,5249,1978.0,Louie Nelson,SG,26.0,8.0,,53.0,2.4,0.39799999999999996,,0.7859999999999999,1.9,3.9,2.9,11.1,1.7,1.0,29.8,19.3,,-0.2,0.0,-0.1,-0.11699999999999999,,-8.1,-1.9,-10.0,-0.1,3.0,14.0,0.214,,,,3.0,14.0,0.214,0.214,9.0,11.0,0.818,1.0,2.0,3.0,5.0,2.0,1.0,8.0,5.0,15.0
NJN,5250,1978.0,Louie Nelson,SG,26.0,25.0,,353.0,14.0,0.46299999999999997,,0.371,3.1,10.7,6.7,12.5,2.5,0.9,14.9,28.1,,-0.3,0.4,0.1,0.016,,-2.8,-1.5,-4.3,-0.2,82.0,197.0,0.41600000000000004,,,,82.0,197.0,0.41600000000000004,0.41600000000000004,48.0,73.0,0.6579999999999999,12.0,37.0,49.0,29.0,20.0,6.0,40.0,28.0,212.0
NOJ,4555,1976.0,Louie Nelson,SG,24.0,72.0,,2030.0,12.8,0.511,,0.368,3.9,6.6,5.2,13.9,1.8,0.2,,,,1.5,1.6,2.9,0.069,,-0.8,-0.5,-1.7,0.2,327.0,755.0,0.452,,,,327.0,755.0,0.452,0.452,192.0,250.0,0.768,81.0,121.0,202.0,178.0,82.0,6.0,,186.0,823.0
SAS,4884,1977.0,Louie Nelson,SG,25.0,4.0,,57.0,8.4,0.527,,0.5,3.7,8.9,6.3,6.4,1.5,0.0,,,,0.0,0.0,0.0,0.032,,-3.4,-2.0,-5.5,0.0,7.0,14.0,0.5,,,,7.0,14.0,0.5,0.5,4.0,7.0,0.5710000000000001,2.0,5.0,7.0,3.0,2.0,0.0,,9.0,18.0
TOT,5248,1978.0,Louie Nelson,SG,26.0,33.0,,406.0,12.5,0.45799999999999996,,0.39799999999999996,3.0,9.8,6.2,12.3,2.3,0.9,16.2,27.0,,-0.4,0.4,0.0,-0.001,,-3.5,-1.5,-5.0,-0.3,85.0,211.0,0.40299999999999997,,,,85.0,211.0,0.40299999999999997,0.40299999999999997,57.0,84.0,0.679,13.0,39.0,52.0,34.0,22.0,7.0,48.0,33.0,227.0
