Tm,Unnamed: 0,Year,Player,Pos,Age,G,GS,MP,PER,TS%,3PAr,FTr,ORB%,DRB%,TRB%,AST%,STL%,BLK%,TOV%,USG%,blanl,OWS,DWS,WS,WS/48,blank2,OBPM,DBPM,BPM,VORP,FG,FGA,FG%,3P,3PA,3P%,2P,2PA,2P%,eFG%,FT,FTA,FT%,ORB,DRB,TRB,AST,STL,BLK,TOV,PF,PTS
IND,6708,1982.0,Louis Orr,SF,23.0,82.0,41.0,1951.0,16.1,0.5529999999999999,0.011000000000000001,0.353,10.2,11.9,11.0,10.7,1.5,0.8,14.2,20.7,,2.8,2.1,4.3,0.11599999999999999,,0.8,-0.1,-0.1,0.8,357.0,719.0,0.49700000000000005,1.0,8.0,0.125,356.0,711.0,0.501,0.49700000000000005,203.0,254.0,0.807,172.0,204.0,361.0,134.0,56.0,26.0,137.0,182.0,918.0
NYK,8953,1988.0,Louis Orr,SF,29.0,82.0,64.0,2452.0,13.8,0.552,0.02,0.442,8.0,13.8,10.8,11.9,2.0,0.9,19.7,19.5,,2.9,2.5,4.8,0.111,,0.2,0.8,0.7,1.7,372.0,766.0,0.486,1.0,10.0,0.2,371.0,756.0,0.491,0.486,262.0,334.0,0.82,171.0,220.0,391.0,179.0,100.0,27.0,138.0,195.0,1007.0
