Tm,Unnamed: 0,Year,Player,Pos,Age,G,GS,MP,PER,TS%,3PAr,FTr,ORB%,DRB%,TRB%,AST%,STL%,BLK%,TOV%,USG%,blanl,OWS,DWS,WS,WS/48,blank2,OBPM,DBPM,BPM,VORP,FG,FGA,FG%,3P,3PA,3P%,2P,2PA,2P%,eFG%,FT,FTA,FT%,ORB,DRB,TRB,AST,STL,BLK,TOV,PF,PTS
DAL,15466,2001.0,Loy Vaught,PF,32.0,37.0,1.0,392.0,11.9,0.461,0.0,0.05,10.2,24.4,17.5,6.4,2.0,0.9,12.7,16.4,,0.1,0.6,0.7,0.084,,-3.2,0.4,-2.8,-0.1,55.0,121.0,0.455,0.0,0.0,,55.0,121.0,0.455,0.455,4.0,6.0,0.667,35.0,88.0,123.0,16.0,15.0,5.0,18.0,61.0,114.0
DET,14928,2000.0,Loy Vaught,PF,31.0,43.0,10.0,481.0,10.2,0.39399999999999996,0.034,0.18,10.3,28.1,18.6,5.7,1.7,1.0,10.3,17.6,,-0.2,0.8,0.5,0.05,,-5.3,-0.8,-6.4,-0.3,59.0,155.0,0.381,0.0,3.0,0.0,59.0,154.0,0.38299999999999995,0.381,11.0,16.0,0.688,36.0,110.0,146.0,11.0,15.0,6.0,17.0,54.0,127.0
LAC,13906,1998.0,Loy Vaught,PF,29.0,82.0,82.0,2966.0,17.1,0.5660000000000001,0.027999999999999997,0.262,11.1,25.4,16.9,8.3,1.8,1.5,12.9,21.4,,3.4,3.4,6.3,0.125,,0.0,0.5,-0.1,1.4,609.0,1185.0,0.537,7.0,33.0,0.8,602.0,1152.0,0.541,0.537,176.0,248.0,0.797,261.0,604.0,817.0,139.0,104.0,40.0,166.0,243.0,1401.0
TOT,15465,2001.0,Loy Vaught,PF,32.0,51.0,1.0,549.0,13.3,0.484,0.0,0.059000000000000004,10.7,24.8,17.8,6.8,2.0,0.9,13.0,16.4,,0.3,0.8,1.0,0.091,,-2.6,0.1,-2.5,-0.1,80.0,169.0,0.473,0.0,0.0,,80.0,169.0,0.473,0.473,8.0,10.0,0.8,51.0,122.0,173.0,23.0,21.0,7.0,26.0,74.0,168.0
WAS,15467,2001.0,Loy Vaught,PF,32.0,14.0,0.0,157.0,16.8,0.5429999999999999,0.0,0.083,11.7,25.8,18.6,8.0,2.0,0.9,13.9,16.4,,0.2,0.1,0.3,0.106,,-1.0,-0.6,-1.6,0.0,25.0,48.0,0.521,0.0,0.0,,25.0,48.0,0.521,0.521,4.0,4.0,1.0,16.0,34.0,50.0,7.0,6.0,2.0,8.0,13.0,54.0
