Tm,Unnamed: 0,Year,Player,Pos,Age,G,GS,MP,PER,TS%,3PAr,FTr,ORB%,DRB%,TRB%,AST%,STL%,BLK%,TOV%,USG%,blanl,OWS,DWS,WS,WS/48,blank2,OBPM,DBPM,BPM,VORP,FG,FGA,FG%,3P,3PA,3P%,2P,2PA,2P%,eFG%,FT,FTA,FT%,ORB,DRB,TRB,AST,STL,BLK,TOV,PF,PTS
LAC,24439,2017.0,Luc Mbah,SF,30.0,80.0,76.0,1787.0,10.3,0.581,0.29100000000000004,0.275,5.2,9.4,7.3,3.3,2.3,1.6,12.8,11.6,,1.3,1.8,3.1,0.084,,-0.8,1.5,0.7,1.2,191.0,378.0,0.505,43.0,110.0,0.391,148.0,268.0,0.552,0.562,59.0,87.0,0.6779999999999999,60.0,127.0,174.0,39.0,81.0,35.0,47.0,122.0,484.0
MIL,22024,2013.0,Luc Mbah,SF,26.0,82.0,62.0,2114.0,13.9,0.544,0.098,0.439,10.1,17.4,13.6,6.5,2.1,1.8,14.8,16.5,,1.8,3.3,4.8,0.122,,-1.4,2.9,1.4,1.6,227.0,491.0,0.51,13.0,37.0,0.353,227.0,487.0,0.514,0.511,140.0,192.0,0.7290000000000001,189.0,298.0,487.0,87.0,87.0,45.0,100.0,204.0,594.0
MIN,22627,2014.0,Luc Mbah,PF,27.0,55.0,2.0,807.0,7.5,0.498,0.087,0.335,6.2,10.0,8.0,3.6,1.3,0.8,16.3,11.6,,0.0,0.6,0.6,0.035,,-3.6,0.3,-3.3,-0.3,72.0,161.0,0.447,3.0,14.0,0.214,69.0,147.0,0.469,0.457,37.0,54.0,0.685,47.0,72.0,119.0,21.0,21.0,9.0,36.0,50.0,184.0
PHI,23235,2015.0,Luc Mbah,PF,28.0,67.0,61.0,1916.0,10.6,0.466,0.318,0.256,4.4,14.6,9.3,9.8,2.1,0.9,12.3,18.3,,-0.9,2.0,1.1,0.027000000000000003,,-3.2,0.1,-3.2,-0.6,251.0,636.0,0.395,62.0,202.0,0.307,189.0,434.0,0.435,0.44299999999999995,96.0,163.0,0.589,82.0,246.0,328.0,106.0,81.0,21.0,99.0,104.0,660.0
SAC,22626,2014.0,Luc Mbah,SF,27.0,9.0,5.0,196.0,11.7,0.53,0.094,0.406,5.1,10.5,7.8,11.1,2.3,2.1,9.6,9.4,,0.3,0.2,0.4,0.106,,-0.9,2.1,1.1,0.2,15.0,32.0,0.469,1.0,3.0,0.33299999999999996,14.0,29.0,0.483,0.484,9.0,13.0,0.6920000000000001,9.0,18.0,27.0,15.0,9.0,5.0,4.0,18.0,40.0
TOT,22625,2014.0,Luc Mbah,PF-SF,27.0,64.0,7.0,1003.0,8.3,0.503,0.08800000000000001,0.34700000000000003,6.0,10.1,8.0,5.1,1.5,1.1,15.2,11.2,,0.2,0.8,1.0,0.049,,-3.0,0.6,-2.4,-0.1,87.0,193.0,0.451,4.0,17.0,0.235,83.0,176.0,0.47200000000000003,0.461,46.0,67.0,0.687,56.0,90.0,146.0,36.0,30.0,14.0,40.0,68.0,224.0
