Tm,Unnamed: 0,Year,Player,Pos,Age,G,GS,MP,PER,TS%,3PAr,FTr,ORB%,DRB%,TRB%,AST%,STL%,BLK%,TOV%,USG%,blanl,OWS,DWS,WS,WS/48,blank2,OBPM,DBPM,BPM,VORP,FG,FGA,FG%,3P,3PA,3P%,2P,2PA,2P%,eFG%,FT,FTA,FT%,ORB,DRB,TRB,AST,STL,BLK,TOV,PF,PTS
BOS,23008,2015.0,Luigi Datome,SF,27.0,18.0,1.0,192.0,14.9,0.607,0.46799999999999997,0.013000000000000001,1.1,13.3,7.1,6.0,0.3,2.8,8.3,19.3,,0.3,0.2,0.4,0.106,,-0.3,-1.9,-2.2,0.0,38.0,77.0,0.494,17.0,36.0,0.47200000000000003,21.0,41.0,0.512,0.604,1.0,1.0,1.0,2.0,23.0,25.0,7.0,1.0,7.0,7.0,14.0,94.0
DET,23007,2015.0,Luigi Datome,SF,27.0,34.0,0.0,238.0,16.7,0.45799999999999996,0.402,0.10300000000000001,6.2,20.0,12.8,24.9,3.0,0.3,14.3,36.5,,0.0,0.1,0.0,-0.023,,-0.2,-1.0,-1.2,0.0,34.0,97.0,0.41700000000000004,7.0,39.0,0.25,27.0,58.0,0.5,0.45799999999999996,8.0,10.0,0.8,14.0,32.0,46.0,11.0,6.0,1.0,11.0,20.0,83.0
TOT,23006,2015.0,Luigi Datome,SF,27.0,21.0,1.0,209.0,15.1,0.5870000000000001,0.449,0.011000000000000001,1.5,13.9,7.6,7.6,0.5,2.6,9.1,20.7,,0.2,0.2,0.4,0.095,,-0.3,-1.8,-2.1,0.0,43.0,89.0,0.483,18.0,40.0,0.45,25.0,49.0,0.51,0.584,1.0,1.0,1.0,3.0,26.0,29.0,9.0,2.0,7.0,9.0,15.0,105.0
