Tm,Unnamed: 0,Year,Player,Pos,Age,G,GS,MP,PER,TS%,3PAr,FTr,ORB%,DRB%,TRB%,AST%,STL%,BLK%,TOV%,USG%,blanl,OWS,DWS,WS,WS/48,blank2,OBPM,DBPM,BPM,VORP,FG,FGA,FG%,3P,3PA,3P%,2P,2PA,2P%,eFG%,FT,FTA,FT%,ORB,DRB,TRB,AST,STL,BLK,TOV,PF,PTS
BRK,24576,2017.0,Luis Scola,PF,36.0,36.0,1.0,461.0,13.9,0.55,0.331,0.245,11.9,20.0,16.0,12.7,1.4,0.7,16.9,18.7,,0.4,0.4,0.8,0.08199999999999999,,-0.8,-0.4,-1.2,0.1,71.0,151.0,0.47,17.0,50.0,0.34,54.0,101.0,0.535,0.526,25.0,37.0,0.6759999999999999,51.0,88.0,139.0,37.0,14.0,4.0,34.0,63.0,184.0
HOU,21552,2012.0,Luis Scola,PF,31.0,82.0,82.0,2671.0,18.4,0.5720000000000001,0.005,0.35100000000000003,9.9,23.6,16.9,13.7,1.6,1.3,13.6,25.7,,4.3,4.3,8.6,0.165,,-0.1,1.5,1.4,2.1,569.0,1129.0,0.531,1.0,5.0,0.2,569.0,1126.0,0.5329999999999999,0.531,214.0,290.0,0.779,200.0,530.0,720.0,185.0,68.0,44.0,163.0,261.0,1352.0
IND,23383,2015.0,Luis Scola,PF,34.0,82.0,16.0,1659.0,16.8,0.515,0.031,0.35200000000000004,9.3,25.6,17.5,11.0,1.5,0.9,14.8,23.8,,1.7,2.8,4.4,0.126,,-1.5,0.7,-0.7,0.5,300.0,642.0,0.47,5.0,20.0,0.25,295.0,622.0,0.474,0.47100000000000003,158.0,226.0,0.728,138.0,388.0,526.0,105.0,47.0,18.0,108.0,192.0,763.0
PHO,22133,2013.0,Luis Scola,PF,32.0,82.0,67.0,2184.0,16.7,0.516,0.017,0.251,8.1,20.4,14.1,14.5,1.6,1.2,11.0,23.3,,2.4,1.9,4.4,0.096,,-0.3,0.2,-0.1,1.1,432.0,915.0,0.47200000000000003,3.0,16.0,0.188,429.0,899.0,0.47700000000000004,0.474,181.0,230.0,0.787,158.0,383.0,541.0,182.0,67.0,35.0,126.0,257.0,1048.0
TOR,23985,2016.0,Luis Scola,PF,35.0,76.0,76.0,1636.0,13.6,0.523,0.26899999999999996,0.14,6.0,19.0,12.6,6.8,1.5,1.4,9.7,19.5,,1.4,1.9,3.3,0.098,,-0.8,-0.4,-1.2,0.3,269.0,598.0,0.45,65.0,161.0,0.40399999999999997,204.0,437.0,0.467,0.504,61.0,84.0,0.726,84.0,276.0,360.0,66.0,46.0,27.0,68.0,178.0,664.0
