Tm,Unnamed: 0,Year,Player,Pos,Age,G,GS,MP,PER,TS%,3PAr,FTr,ORB%,DRB%,TRB%,AST%,STL%,BLK%,TOV%,USG%,blanl,OWS,DWS,WS,WS/48,blank2,OBPM,DBPM,BPM,VORP,FG,FGA,FG%,3P,3PA,3P%,2P,2PA,2P%,eFG%,FT,FTA,FT%,ORB,DRB,TRB,AST,STL,BLK,TOV,PF,PTS
POR,21711,2013.0,Luke Babbitt,SF,23.0,62.0,4.0,730.0,11.3,0.556,0.7609999999999999,0.16399999999999998,5.1,22.4,13.4,6.9,1.0,1.2,12.9,22.8,,0.4,0.4,0.7,0.064,,-0.9,-2.3,-3.4,-0.2,86.0,234.0,0.41,62.0,178.0,0.43,28.0,73.0,0.429,0.535,17.0,20.0,0.85,16.0,122.0,137.0,29.0,14.0,5.0,27.0,82.0,244.0
NOP,23549,2016.0,Luke Babbitt,SF,26.0,63.0,19.0,845.0,12.1,0.639,0.617,0.17300000000000001,4.4,17.5,10.8,9.6,1.1,1.9,11.5,17.5,,1.1,0.5,1.6,0.092,,0.5,-1.4,-1.4,0.1,122.0,289.0,0.479,59.0,115.0,0.513,78.0,180.0,0.433,0.633,39.0,50.0,0.78,25.0,123.0,148.0,53.0,17.0,11.0,26.0,90.0,327.0
MIA,24122,2017.0,Luke Babbitt,SF,27.0,68.0,55.0,1065.0,8.4,0.563,0.747,0.053,1.3,13.5,7.4,4.8,1.0,0.8,8.0,13.0,,0.8,1.0,1.8,0.08199999999999999,,-1.0,-0.8,-1.8,0.1,113.0,281.0,0.402,87.0,210.0,0.414,26.0,71.0,0.366,0.557,11.0,15.0,0.733,13.0,129.0,142.0,36.0,21.0,11.0,25.0,118.0,324.0
