Tm,Unnamed: 0,Year,Player,Pos,Age,G,GS,MP,PER,TS%,3PAr,FTr,ORB%,DRB%,TRB%,AST%,STL%,BLK%,TOV%,USG%,blanl,OWS,DWS,WS,WS/48,blank2,OBPM,DBPM,BPM,VORP,FG,FGA,FG%,3P,3PA,3P%,2P,2PA,2P%,eFG%,FT,FTA,FT%,ORB,DRB,TRB,AST,STL,BLK,TOV,PF,PTS
DET,7714,1985.0,Major Jones,PF,31.0,47.0,0.0,418.0,11.1,0.589,0.0,0.586,11.5,20.8,16.0,4.2,1.0,1.8,24.2,13.3,,0.2,0.5,0.7,0.081,,-2.9,0.5,-2.4,0.0,48.0,87.0,0.552,0.0,0.0,,48.0,87.0,0.552,0.552,33.0,51.0,0.647,48.0,80.0,128.0,15.0,9.0,14.0,35.0,58.0,129.0
HOU,7361,1984.0,Major Jones,PF,30.0,82.0,6.0,1545.0,13.4,0.561,0.013999999999999999,0.401,13.1,19.4,16.0,7.4,1.5,2.4,20.3,20.0,,0.5,1.4,1.3,0.08800000000000001,,-1.8,1.0,-1.4,0.2,188.0,392.0,0.5379999999999999,1.0,3.0,0.33299999999999996,187.0,389.0,0.5379999999999999,0.5379999999999999,64.0,108.0,0.634,147.0,234.0,381.0,67.0,50.0,67.0,112.0,186.0,438.0
