Tm,Unnamed: 0,Year,Player,Pos,Age,G,GS,MP,PER,TS%,3PAr,FTr,ORB%,DRB%,TRB%,AST%,STL%,BLK%,TOV%,USG%,blanl,OWS,DWS,WS,WS/48,blank2,OBPM,DBPM,BPM,VORP,FG,FGA,FG%,3P,3PA,3P%,2P,2PA,2P%,eFG%,FT,FTA,FT%,ORB,DRB,TRB,AST,STL,BLK,TOV,PF,PTS
IND,11752,1994.0,Malik Sealy,SF,23.0,58.0,5.0,672.0,12.7,0.469,0.09699999999999999,0.318,9.9,13.4,11.0,12.4,2.7,0.9,14.2,25.8,,-0.3,0.9,0.6,0.043,,-1.9,-0.3,-2.9,-0.1,136.0,319.0,0.426,7.0,31.0,0.25,129.0,288.0,0.44799999999999995,0.43700000000000006,59.0,87.0,0.6890000000000001,60.0,75.0,118.0,48.0,36.0,8.0,58.0,84.0,330.0
LAC,13308,1997.0,Malik Sealy,SG,26.0,80.0,79.0,2456.0,14.7,0.507,0.23600000000000002,0.33299999999999996,5.6,12.5,9.0,11.6,2.7,1.4,13.3,23.7,,1.1,2.1,3.2,0.063,,-0.8,-0.1,-0.9,0.7,373.0,942.0,0.435,79.0,222.0,0.35600000000000004,294.0,720.0,0.452,0.451,254.0,290.0,0.8759999999999999,77.0,179.0,240.0,165.0,124.0,45.0,154.0,185.0,1079.0
DET,13829,1998.0,Malik Sealy,SF,27.0,77.0,10.0,1641.0,12.8,0.505,0.081,0.36,3.5,12.5,7.9,10.4,2.2,0.9,11.9,18.8,,1.2,2.0,3.2,0.09300000000000001,,-1.8,0.2,-1.6,0.2,216.0,505.0,0.428,9.0,41.0,0.22,207.0,464.0,0.446,0.43700000000000006,150.0,182.0,0.8240000000000001,48.0,171.0,219.0,100.0,65.0,20.0,79.0,156.0,591.0
MIN,14875,2000.0,Malik Sealy,SF,29.0,82.0,61.0,2392.0,14.4,0.53,0.1,0.27899999999999997,5.7,11.4,8.6,12.6,2.2,0.6,11.3,18.6,,3.4,2.1,5.5,0.111,,0.3,-0.1,0.1,1.3,371.0,780.0,0.47600000000000003,10.0,35.0,0.28600000000000003,361.0,745.0,0.485,0.48200000000000004,177.0,218.0,0.902,119.0,233.0,352.0,197.0,76.0,19.0,110.0,197.0,929.0
