Tm,Unnamed: 0,Year,Player,Pos,Age,G,GS,MP,PER,TS%,3PAr,FTr,ORB%,DRB%,TRB%,AST%,STL%,BLK%,TOV%,USG%,blanl,OWS,DWS,WS,WS/48,blank2,OBPM,DBPM,BPM,VORP,FG,FGA,FG%,3P,3PA,3P%,2P,2PA,2P%,eFG%,FT,FTA,FT%,ORB,DRB,TRB,AST,STL,BLK,TOV,PF,PTS
DET,24471,2017.0,Marcus Morris,SF,27.0,80.0,80.0,2856.0,12.7,0.531,0.355,0.287,3.3,12.8,7.8,11.0,1.2,0.8,11.6,20.3,,2.9,2.5,5.4,0.091,,0.2,0.5,0.7,2.0,421.0,1007.0,0.434,118.0,357.0,0.36200000000000004,303.0,650.0,0.467,0.491,203.0,271.0,0.784,91.0,313.0,404.0,201.0,67.0,25.0,140.0,170.0,1131.0
HOU,22049,2013.0,Marcus Morris,PF,23.0,54.0,17.0,1154.0,12.1,0.537,0.485,0.188,6.3,15.2,10.8,6.3,1.2,1.2,10.9,22.2,,1.1,0.9,2.0,0.084,,-0.1,-1.0,-1.1,0.3,171.0,400.0,0.428,74.0,194.0,0.381,97.0,206.0,0.47100000000000003,0.52,49.0,75.0,0.75,63.0,156.0,219.0,47.0,27.0,16.0,53.0,120.0,465.0
PHO,23271,2015.0,Marcus Morris,SF,25.0,82.0,35.0,2045.0,14.8,0.552,0.41,0.33299999999999996,5.2,16.9,10.3,10.2,2.5,0.8,14.2,20.2,,2.3,1.8,4.2,0.111,,0.6,-0.5,0.2,1.0,331.0,763.0,0.442,112.0,313.0,0.381,219.0,450.0,0.48700000000000004,0.518,121.0,159.0,0.7609999999999999,84.0,312.0,385.0,133.0,72.0,18.0,95.0,188.0,845.0
TOT,22048,2013.0,Marcus Morris,PF-SF,23.0,77.0,23.0,1524.0,11.3,0.516,0.44299999999999995,0.222,6.0,14.6,10.3,6.4,1.5,1.0,11.8,18.9,,0.6,1.2,1.8,0.057999999999999996,,-1.0,-1.0,-1.9,0.0,222.0,526.0,0.42200000000000004,86.0,233.0,0.369,136.0,293.0,0.46399999999999997,0.504,66.0,117.0,0.564,80.0,197.0,277.0,62.0,45.0,20.0,77.0,160.0,596.0
