Tm,Unnamed: 0,Year,Player,Pos,Age,G,GS,MP,PER,TS%,3PAr,FTr,ORB%,DRB%,TRB%,AST%,STL%,BLK%,TOV%,USG%,blanl,OWS,DWS,WS,WS/48,blank2,OBPM,DBPM,BPM,VORP,FG,FGA,FG%,3P,3PA,3P%,2P,2PA,2P%,eFG%,FT,FTA,FT%,ORB,DRB,TRB,AST,STL,BLK,TOV,PF,PTS
BOS,17691,2006.0,Marcus Banks,PG,24.0,81.0,2.0,1385.0,12.3,0.531,0.23800000000000002,0.57,3.0,9.7,6.4,21.3,3.3,0.9,20.0,20.5,,0.8,1.4,1.9,0.081,,-1.3,-0.2,-1.5,0.2,177.0,442.0,0.413,27.0,86.0,0.35600000000000004,150.0,356.0,0.44299999999999995,0.45,121.0,163.0,0.9,30.0,103.0,133.0,175.0,88.0,13.0,125.0,171.0,480.0
MIA,19372,2009.0,Marcus Banks,PG,27.0,16.0,2.0,259.0,15.5,0.631,0.451,0.385,0.5,11.3,5.8,25.5,3.2,1.5,19.4,20.4,,0.4,0.2,0.5,0.09300000000000001,,0.7,0.1,-1.5,0.0,42.0,82.0,0.512,15.0,37.0,0.405,27.0,45.0,0.6,0.604,15.0,19.0,0.789,1.0,24.0,25.0,36.0,10.0,5.0,21.0,27.0,114.0
MIN,17692,2006.0,Marcus Banks,PG,24.0,40.0,28.0,1228.0,14.5,0.545,0.113,0.302,1.9,9.2,5.7,26.6,2.1,0.7,17.9,20.7,,0.8,1.3,2.1,0.083,,-0.3,-0.4,-0.7,0.4,186.0,388.0,0.479,16.0,44.0,0.364,170.0,344.0,0.494,0.5,91.0,117.0,0.778,19.0,97.0,116.0,188.0,47.0,11.0,96.0,124.0,479.0
PHO,18775,2008.0,Marcus Banks,PG,26.0,45.0,1.0,503.0,11.3,0.539,0.596,0.306,2.4,6.2,4.4,17.4,2.3,1.7,15.2,23.5,,0.1,0.4,0.4,0.046,,-0.4,-1.3,-2.6,0.0,84.0,196.0,0.429,25.0,65.0,0.385,79.0,167.0,0.473,0.518,48.0,60.0,0.8,10.0,28.0,38.0,60.0,23.0,8.0,40.0,70.0,221.0
TOR,20542,2011.0,Marcus Banks,PG,29.0,22.0,0.0,244.0,15.3,0.635,0.32899999999999996,4.0,3.0,9.4,5.6,24.2,2.5,0.6,26.6,25.7,,0.4,0.1,0.5,0.095,,1.1,-1.8,-0.7,0.1,39.0,73.0,0.534,7.0,24.0,0.292,32.0,49.0,0.653,0.5820000000000001,24.0,29.0,0.828,3.0,20.0,23.0,26.0,12.0,2.0,20.0,30.0,109.0
TOT,19371,2009.0,Marcus Banks,PG,27.0,58.0,29.0,1497.0,13.6,0.579,0.534,0.316,1.9,9.9,5.4,25.3,2.8,1.6,18.3,20.6,,0.9,1.4,2.3,0.07400000000000001,,0.1,-0.7,-1.6,0.1,219.0,468.0,0.46799999999999997,40.0,102.0,0.392,197.0,405.0,0.517,0.555,118.0,147.0,0.8029999999999999,23.0,112.0,135.0,220.0,54.0,13.0,119.0,162.0,578.0
