Tm,Unnamed: 0,Year,Player,Pos,Age,G,GS,MP,PER,TS%,3PAr,FTr,ORB%,DRB%,TRB%,AST%,STL%,BLK%,TOV%,USG%,blanl,OWS,DWS,WS,WS/48,blank2,OBPM,DBPM,BPM,VORP,FG,FGA,FG%,3P,3PA,3P%,2P,2PA,2P%,eFG%,FT,FTA,FT%,ORB,DRB,TRB,AST,STL,BLK,TOV,PF,PTS
GSW,19903,2009.0,Marcus Williams,PG,23.0,9.0,0.0,54.0,3.7,0.305,0.353,0.353,0.0,8.1,4.0,32.6,0.9,1.3,16.9,18.7,,-0.1,0.0,-0.1,-0.127,,-6.7,-4.9,-11.7,-0.1,4.0,17.0,0.235,2.0,6.0,0.33299999999999996,2.0,11.0,0.182,0.294,2.0,6.0,0.33299999999999996,0.0,4.0,4.0,13.0,1.0,1.0,4.0,6.0,12.0
LAC,19317,2008.0,Marcus Williams,PF,21.0,10.0,0.0,34.0,7.2,0.263,0.0,0.0,13.5,27.4,20.4,15.6,1.5,0.0,0.0,25.8,,-0.1,0.0,-0.1,-0.121,,-7.5,-1.5,-9.0,-0.1,5.0,19.0,0.263,0.0,0.0,,5.0,19.0,0.263,0.263,0.0,0.0,,4.0,8.0,12.0,3.0,1.0,0.0,0.0,3.0,10.0
MEM,20486,2010.0,Marcus Williams,PG,24.0,62.0,1.0,872.0,10.6,0.456,0.299,0.203,1.7,10.7,6.2,26.7,1.9,0.1,20.0,18.5,,-0.4,0.5,0.0,0.002,,-2.4,-2.0,-4.5,-0.5,104.0,271.0,0.384,24.0,81.0,0.29600000000000004,80.0,190.0,0.42100000000000004,0.428,37.0,55.0,0.6729999999999999,13.0,80.0,93.0,161.0,32.0,1.0,74.0,43.0,269.0
NJN,19314,2008.0,Marcus Williams,PG,22.0,79.0,7.0,1315.0,11.5,0.499,0.485,0.162,2.6,11.9,7.3,34.4,1.5,0.3,20.1,25.0,,-0.4,1.0,0.2,0.009000000000000001,,-1.6,-2.3,-3.9,-0.4,208.0,526.0,0.395,54.0,163.0,0.38,162.0,363.0,0.446,0.47100000000000003,72.0,85.0,0.847,29.0,134.0,163.0,260.0,29.0,3.0,142.0,96.0,534.0
SAS,19904,2009.0,Marcus Williams,SF,22.0,2.0,0.0,3.0,53.0,1.0,0.0,0.0,0.0,0.0,0.0,0.0,0.0,37.9,0.0,32.3,,0.0,0.0,0.0,0.517,,17.7,16.9,9.1,0.0,2.0,2.0,1.0,0.0,0.0,,2.0,2.0,1.0,1.0,0.0,0.0,,0.0,0.0,0.0,0.0,0.0,1.0,0.0,1.0,4.0
TOT,19315,2008.0,Marcus Williams,PF-SF,21.0,11.0,0.0,36.0,6.8,0.25,0.0,0.0,12.7,25.8,19.2,14.8,1.4,2.1,0.0,25.7,,-0.1,0.0,-0.1,-0.134,,-8.4,-0.5,-8.9,-0.1,5.0,20.0,0.25,0.0,0.0,,5.0,20.0,0.25,0.25,0.0,0.0,,4.0,8.0,12.0,3.0,1.0,1.0,0.0,3.0,10.0
