Tm,Unnamed: 0,Year,Player,Pos,Age,G,GS,MP,PER,TS%,3PAr,FTr,ORB%,DRB%,TRB%,AST%,STL%,BLK%,TOV%,USG%,blanl,OWS,DWS,WS,WS/48,blank2,OBPM,DBPM,BPM,VORP,FG,FGA,FG%,3P,3PA,3P%,2P,2PA,2P%,eFG%,FT,FTA,FT%,ORB,DRB,TRB,AST,STL,BLK,TOV,PF,PTS
CHI,16660,2004.0,Marcus Fizer,SF,25.0,76.0,20.0,1963.0,17.9,0.503,0.06,0.35,11.1,21.5,15.0,11.7,1.3,1.5,14.7,27.5,,0.8,1.3,1.4,0.08199999999999999,,-0.5,-1.6,-2.4,-0.1,371.0,848.0,0.465,10.0,41.0,0.256,364.0,807.0,0.469,0.466,189.0,283.0,0.75,128.0,299.0,427.0,120.0,49.0,24.0,131.0,186.0,938.0
MIL,17249,2005.0,Marcus Fizer,PF,26.0,54.0,0.0,903.0,11.6,0.498,0.021,0.353,3.7,19.2,11.4,11.8,1.5,1.1,15.7,20.2,,-0.2,0.7,0.4,0.023,,-3.4,-0.2,-3.5,-0.3,133.0,292.0,0.455,0.0,6.0,0.0,133.0,286.0,0.465,0.455,70.0,103.0,0.68,29.0,146.0,175.0,64.0,25.0,13.0,63.0,96.0,336.0
NOK,17826,2006.0,Marcus Fizer,PF,27.0,3.0,0.0,39.0,14.1,0.5589999999999999,0.059000000000000004,0.11800000000000001,3.0,18.8,10.7,5.3,0.0,0.0,10.1,23.8,,0.0,0.0,0.0,0.055999999999999994,,-3.0,-4.4,-7.4,-0.1,9.0,17.0,0.529,1.0,1.0,1.0,8.0,16.0,0.5,0.5589999999999999,1.0,2.0,0.5,1.0,6.0,7.0,1.0,0.0,0.0,2.0,5.0,20.0
