Tm,Unnamed: 0,Year,Player,Pos,Age,G,GS,MP,PER,TS%,3PAr,FTr,ORB%,DRB%,TRB%,AST%,STL%,BLK%,TOV%,USG%,blanl,OWS,DWS,WS,WS/48,blank2,OBPM,DBPM,BPM,VORP,FG,FGA,FG%,3P,3PA,3P%,2P,2PA,2P%,eFG%,FT,FTA,FT%,ORB,DRB,TRB,AST,STL,BLK,TOV,PF,PTS
IND,17287,2005.0,Marcus Haislip,PF,24.0,9.0,0.0,106.0,4.0,0.373,0.026000000000000002,0.289,5.7,11.1,8.4,5.2,1.0,1.4,12.3,22.1,,-0.3,0.1,-0.2,-0.081,,-8.1,-1.9,-9.9,-0.2,13.0,38.0,0.342,0.0,1.0,0.0,13.0,37.0,0.35100000000000003,0.342,6.0,11.0,0.545,5.0,10.0,15.0,3.0,2.0,2.0,6.0,15.0,32.0
MIL,16699,2004.0,Marcus Haislip,PF,23.0,39.0,8.0,441.0,14.6,0.539,0.078,0.37799999999999995,9.1,13.8,11.4,3.3,1.2,3.3,11.0,20.1,,0.4,0.2,0.6,0.113,,-1.5,-0.9,-2.4,0.0,66.0,153.0,0.486,3.0,12.0,0.5,63.0,141.0,0.486,0.493,26.0,38.0,0.7140000000000001,21.0,32.0,53.0,9.0,7.0,18.0,21.0,55.0,161.0
SAS,20130,2010.0,Marcus Haislip,SF,29.0,10.0,0.0,44.0,15.4,0.539,0.23800000000000002,0.23800000000000002,10.9,15.7,13.3,0.0,0.0,3.3,11.5,27.3,,0.0,0.1,0.1,0.065,,-4.2,-6.3,-10.5,-0.1,10.0,21.0,0.47600000000000003,3.0,5.0,0.6,7.0,16.0,0.43799999999999994,0.5479999999999999,2.0,5.0,0.4,4.0,6.0,10.0,0.0,0.0,2.0,3.0,5.0,25.0
