Tm,Unnamed: 0,Year,Player,Pos,Age,G,GS,MP,PER,TS%,3PAr,FTr,ORB%,DRB%,TRB%,AST%,STL%,BLK%,TOV%,USG%,blanl,OWS,DWS,WS,WS/48,blank2,OBPM,DBPM,BPM,VORP,FG,FGA,FG%,3P,3PA,3P%,2P,2PA,2P%,eFG%,FT,FTA,FT%,ORB,DRB,TRB,AST,STL,BLK,TOV,PF,PTS
GSW,15727,2002.0,Marc Jackson,C,27.0,48.0,35.0,1410.0,16.1,0.534,0.045,0.738,10.5,19.8,13.6,7.3,1.5,1.4,13.6,24.4,,1.9,0.7,2.6,0.09300000000000001,,-1.1,-1.2,-2.4,-0.1,237.0,508.0,0.467,5.0,23.0,0.217,232.0,485.0,0.478,0.47100000000000003,154.0,192.0,0.833,119.0,242.0,361.0,59.0,34.0,27.0,93.0,138.0,633.0
MIN,16219,2003.0,Marc Jackson,C,28.0,77.0,0.0,1041.0,13.4,0.508,0.01,0.42700000000000005,11.1,18.9,15.1,5.4,1.2,2.1,13.7,20.6,,1.0,1.0,2.0,0.092,,-2.4,-1.3,-3.7,-0.4,153.0,349.0,0.43799999999999994,1.0,1.0,1.0,152.0,348.0,0.43700000000000006,0.44,114.0,149.0,0.813,86.0,139.0,225.0,37.0,24.0,30.0,59.0,137.0,421.0
NJN,17914,2006.0,Marc Jackson,C,31.0,37.0,0.0,433.0,10.7,0.503,0.0,0.324,8.0,16.2,12.1,9.2,0.6,1.1,14.2,21.4,,0.0,0.6,0.6,0.061,,-4.7,-0.9,-5.6,-0.4,66.0,148.0,0.446,0.0,0.0,,66.0,148.0,0.446,0.446,38.0,48.0,0.792,30.0,59.0,89.0,22.0,5.0,6.0,28.0,70.0,170.0
NOK,18455,2007.0,Marc Jackson,PF,32.0,56.0,25.0,1025.0,13.9,0.519,0.009000000000000001,0.265,10.9,15.0,12.8,9.6,1.1,0.5,13.6,22.2,,0.3,0.9,0.7,0.054000000000000006,,-1.6,-1.1,-3.5,-0.2,159.0,388.0,0.489,1.0,2.0,0.5,159.0,387.0,0.489,0.491,90.0,103.0,0.8740000000000001,62.0,130.0,192.0,58.0,21.0,7.0,65.0,89.0,408.0
PHI,17338,2005.0,Marc Jackson,PF,30.0,81.0,23.0,1976.0,15.9,0.5479999999999999,0.006,0.47700000000000004,10.4,15.8,12.4,7.2,1.1,0.8,12.9,22.7,,2.9,1.7,4.6,0.111,,-1.4,-0.8,-2.9,-0.1,340.0,731.0,0.465,0.0,2.0,0.0,340.0,729.0,0.466,0.465,289.0,349.0,0.828,184.0,222.0,406.0,81.0,32.0,18.0,131.0,171.0,969.0
TOT,17913,2006.0,Marc Jackson,C,31.0,64.0,10.0,1027.0,12.5,0.512,0.006,0.488,10.9,18.2,14.6,7.9,1.2,0.9,13.8,21.5,,0.3,0.9,1.2,0.059000000000000004,,-2.9,-1.5,-4.4,-0.5,174.0,369.0,0.47200000000000003,1.0,2.0,0.5,173.0,367.0,0.47100000000000003,0.473,66.0,82.0,0.825,86.0,131.0,217.0,44.0,13.0,8.0,65.0,126.0,415.0
