Tm,Unnamed: 0,Year,Player,Pos,Age,G,GS,MP,PER,TS%,3PAr,FTr,ORB%,DRB%,TRB%,AST%,STL%,BLK%,TOV%,USG%,blanl,OWS,DWS,WS,WS/48,blank2,OBPM,DBPM,BPM,VORP,FG,FGA,FG%,3P,3PA,3P%,2P,2PA,2P%,eFG%,FT,FTA,FT%,ORB,DRB,TRB,AST,STL,BLK,TOV,PF,PTS
DEN,18831,2008.0,Marcus Camby,C,33.0,79.0,79.0,2758.0,19.9,0.519,0.031,0.335,13.5,33.3,21.0,14.4,2.2,7.5,14.0,19.9,,2.6,5.9,8.5,0.155,,-0.9,6.7,5.3,4.7,312.0,659.0,0.47700000000000004,6.0,20.0,0.4,312.0,657.0,0.479,0.47700000000000004,161.0,221.0,0.7290000000000001,230.0,807.0,1037.0,259.0,87.0,285.0,122.0,239.0,785.0
HOU,21208,2012.0,Marcus Camby,C,37.0,19.0,13.0,458.0,19.6,0.491,0.04,0.20600000000000002,13.0,31.7,22.3,10.9,1.9,4.7,6.8,14.6,,0.8,0.9,1.7,0.179,,-0.2,4.3,4.1,0.7,61.0,126.0,0.484,2.0,5.0,0.4,59.0,121.0,0.488,0.49200000000000005,11.0,26.0,0.423,52.0,124.0,176.0,32.0,17.0,29.0,10.0,38.0,135.0
LAC,20016,2010.0,Marcus Camby,PF,35.0,62.0,55.0,1925.0,18.7,0.556,0.017,0.36700000000000005,12.0,32.9,22.4,14.4,2.2,5.1,13.9,15.8,,2.3,2.9,5.2,0.13699999999999998,,-1.0,5.6,4.6,2.7,254.0,496.0,0.512,2.0,6.0,0.33299999999999996,253.0,492.0,0.514,0.513,132.0,182.0,0.725,166.0,529.0,690.0,151.0,69.0,132.0,93.0,129.0,641.0
NYK,21766,2013.0,Marcus Camby,PF,38.0,63.0,63.0,2127.0,20.9,0.5589999999999999,0.013999999999999999,0.469,13.7,29.0,20.5,8.1,1.8,6.1,19.6,19.6,,4.8,5.5,10.3,0.233,,0.1,4.1,4.2,3.3,304.0,580.0,0.524,1.0,8.0,0.5,303.0,572.0,0.53,0.525,150.0,225.0,0.67,196.0,527.0,723.0,52.0,66.0,136.0,72.0,205.0,759.0
POR,21207,2012.0,Marcus Camby,C,37.0,59.0,51.0,1540.0,17.0,0.511,0.006999999999999999,0.23800000000000002,14.2,35.2,24.1,12.4,2.0,5.2,20.9,12.3,,0.8,3.0,3.7,0.152,,-0.9,5.3,4.5,1.7,117.0,294.0,0.49700000000000005,0.0,1.0,0.0,117.0,293.0,0.5,0.49700000000000005,43.0,70.0,0.614,182.0,424.0,606.0,121.0,40.0,92.0,62.0,140.0,277.0
TOR,13491,1998.0,Marcus Camby,C,23.0,63.0,58.0,2002.0,17.8,0.523,0.018000000000000002,0.33899999999999997,10.9,16.7,13.0,9.6,1.8,7.9,13.6,24.3,,1.4,2.3,3.7,0.095,,-1.8,2.2,-0.3,0.8,375.0,778.0,0.48200000000000004,2.0,14.0,0.14300000000000002,373.0,764.0,0.488,0.483,183.0,264.0,0.693,203.0,263.0,466.0,111.0,68.0,230.0,134.0,214.0,935.0
TOT,21206,2012.0,Marcus Camby,PF-C,37.0,74.0,74.0,2314.0,17.9,0.501,0.017,0.244,13.3,32.7,22.8,12.3,2.2,4.8,15.3,12.8,,2.5,4.3,6.8,0.142,,-1.0,5.5,4.5,3.8,238.0,501.0,0.475,2.0,7.0,0.4,236.0,494.0,0.478,0.47700000000000004,78.0,122.0,0.639,249.0,622.0,871.0,186.0,95.0,146.0,91.0,161.0,556.0
