Tm,Unnamed: 0,Year,Player,Pos,Age,G,GS,MP,PER,TS%,3PAr,FTr,ORB%,DRB%,TRB%,AST%,STL%,BLK%,TOV%,USG%,blanl,OWS,DWS,WS,WS/48,blank2,OBPM,DBPM,BPM,VORP,FG,FGA,FG%,3P,3PA,3P%,2P,2PA,2P%,eFG%,FT,FTA,FT%,ORB,DRB,TRB,AST,STL,BLK,TOV,PF,PTS
GSW,10578,1992.0,Mario Elie,SG,28.0,79.0,32.0,1677.0,13.7,0.615,0.165,0.5720000000000001,8.1,11.1,9.6,12.7,1.9,1.0,14.1,14.0,,3.4,1.1,4.4,0.134,,1.3,-0.3,1.0,1.3,221.0,424.0,0.521,23.0,70.0,0.375,198.0,354.0,0.5589999999999999,0.5479999999999999,155.0,182.0,0.852,69.0,158.0,227.0,174.0,68.0,15.0,83.0,159.0,620.0
HOU,13559,1998.0,Mario Elie,SF,34.0,81.0,77.0,2687.0,14.6,0.662,0.489,0.395,3.9,10.0,6.3,19.1,2.1,0.6,16.7,18.0,,6.3,2.6,8.9,0.159,,2.4,0.1,2.5,3.1,291.0,585.0,0.504,120.0,286.0,0.42,171.0,299.0,0.604,0.6,207.0,231.0,0.8959999999999999,60.0,175.0,235.0,310.0,92.0,12.0,135.0,200.0,909.0
PHI,10123,1991.0,Mario Elie,SG,27.0,3.0,0.0,20.0,-3.6,0.381,0.28600000000000003,0.28600000000000003,0.0,5.5,2.8,7.0,0.0,0.0,27.6,23.8,,-0.1,0.0,-0.1,-0.247,,-11.3,-4.8,-16.1,-0.1,2.0,7.0,0.28600000000000003,1.0,2.0,0.5,1.0,5.0,0.2,0.35700000000000004,1.0,2.0,0.5,0.0,1.0,1.0,1.0,0.0,0.0,3.0,2.0,6.0
PHO,15111,2001.0,Mario Elie,SG,37.0,68.0,67.0,1506.0,9.3,0.541,0.40700000000000003,0.28,2.8,9.0,5.8,12.9,2.0,0.6,17.8,10.0,,1.1,2.0,3.1,0.09699999999999999,,-1.6,1.5,-0.2,0.7,104.0,246.0,0.423,36.0,100.0,0.36,68.0,146.0,0.466,0.496,55.0,69.0,0.797,38.0,117.0,155.0,131.0,58.0,12.0,60.0,112.0,299.0
POR,11027,1993.0,Mario Elie,SF,29.0,82.0,7.0,1757.0,14.2,0.573,0.24600000000000002,0.408,3.6,10.1,6.7,14.2,2.0,0.7,12.6,16.6,,3.0,2.1,5.1,0.139,,0.5,0.3,0.8,1.2,240.0,524.0,0.45799999999999996,45.0,129.0,0.349,195.0,395.0,0.494,0.501,183.0,214.0,0.855,59.0,157.0,216.0,177.0,74.0,20.0,89.0,145.0,708.0
SAS,14610,2000.0,Mario Elie,SG,36.0,79.0,79.0,2217.0,14.5,0.593,0.40700000000000003,0.36,3.3,9.9,6.4,13.3,1.9,0.6,19.9,16.0,,2.6,3.0,4.6,0.16899999999999998,,1.7,1.3,2.8,1.8,195.0,457.0,0.47100000000000003,74.0,186.0,0.39799999999999996,121.0,271.0,0.518,0.532,126.0,149.0,0.866,48.0,201.0,249.0,193.0,73.0,12.0,130.0,156.0,590.0
TOT,10122,1991.0,Mario Elie,SF-SG,27.0,33.0,0.0,644.0,12.9,0.598,0.063,0.56,7.9,10.9,9.4,9.0,1.4,0.9,13.1,14.2,,1.3,0.3,1.6,0.122,,0.5,-0.5,-0.1,0.3,79.0,159.0,0.49700000000000005,4.0,10.0,0.4,75.0,149.0,0.503,0.509,75.0,89.0,0.843,46.0,64.0,110.0,45.0,19.0,10.0,30.0,85.0,237.0
