Tm,Unnamed: 0,Year,Player,Pos,Age,G,GS,MP,PER,TS%,3PAr,FTr,ORB%,DRB%,TRB%,AST%,STL%,BLK%,TOV%,USG%,blanl,OWS,DWS,WS,WS/48,blank2,OBPM,DBPM,BPM,VORP,FG,FGA,FG%,3P,3PA,3P%,2P,2PA,2P%,eFG%,FT,FTA,FT%,ORB,DRB,TRB,AST,STL,BLK,TOV,PF,PTS
ATL,20476,2010.0,Mario West,SG,25.0,64.0,3.0,269.0,10.0,0.591,0.08199999999999999,0.882,11.3,15.8,12.2,10.1,3.6,1.1,21.6,11.7,,0.2,0.4,0.5,0.106,,-1.9,2.8,-0.1,0.1,21.0,49.0,0.5710000000000001,1.0,4.0,1.0,21.0,45.0,0.6,0.5710000000000001,17.0,30.0,0.654,26.0,32.0,56.0,19.0,18.0,4.0,13.0,61.0,59.0
NJN,21088,2011.0,Mario West,SG,26.0,6.0,3.0,116.0,9.1,0.474,0.19,0.23800000000000002,2.0,9.4,5.6,13.2,3.2,0.0,7.9,10.1,,0.1,0.1,0.2,0.069,,-2.3,0.9,-1.4,0.0,9.0,21.0,0.429,1.0,4.0,0.25,8.0,17.0,0.47100000000000003,0.452,3.0,5.0,0.6,2.0,9.0,11.0,10.0,7.0,0.0,2.0,13.0,22.0
