Tm,Unnamed: 0,Year,Player,Pos,Age,G,GS,MP,PER,TS%,3PAr,FTr,ORB%,DRB%,TRB%,AST%,STL%,BLK%,TOV%,USG%,blanl,OWS,DWS,WS,WS/48,blank2,OBPM,DBPM,BPM,VORP,FG,FGA,FG%,3P,3PA,3P%,2P,2PA,2P%,eFG%,FT,FTA,FT%,ORB,DRB,TRB,AST,STL,BLK,TOV,PF,PTS
BOS,9109,1989.0,Mark Acres,C,26.0,79.0,5.0,1151.0,9.3,0.57,0.009000000000000001,0.547,11.6,15.9,13.9,4.5,1.5,1.3,17.7,11.4,,1.1,1.0,2.2,0.09,,-1.0,0.0,-1.0,0.3,108.0,203.0,0.532,1.0,1.0,1.0,108.0,203.0,0.532,0.532,71.0,111.0,0.64,105.0,165.0,270.0,42.0,29.0,27.0,54.0,198.0,287.0
HOU,10913,1993.0,Mark Acres,C,30.0,6.0,0.0,23.0,-0.6,0.304,0.222,0.222,10.5,18.6,14.8,0.0,0.0,0.0,16.8,22.8,,-0.1,0.0,-0.1,-0.165,,-12.6,-7.3,-19.9,-0.1,2.0,9.0,0.222,1.0,2.0,0.5,1.0,7.0,0.14300000000000002,0.278,1.0,2.0,0.5,2.0,4.0,6.0,0.0,0.0,0.0,2.0,2.0,6.0
ORL,10451,1992.0,Mark Acres,C,29.0,80.0,50.0,1691.0,10.1,0.5760000000000001,0.02,0.47200000000000003,11.4,19.2,15.2,5.0,1.3,1.1,17.2,9.6,,1.4,1.1,2.5,0.09699999999999999,,-2.1,0.3,-1.8,0.1,138.0,285.0,0.517,3.0,4.0,0.75,135.0,281.0,0.52,0.52,83.0,120.0,0.7609999999999999,154.0,277.0,431.0,67.0,36.0,25.0,70.0,248.0,362.0
TOT,10912,1993.0,Mark Acres,C,30.0,18.0,7.0,269.0,8.9,0.5710000000000001,0.040999999999999995,0.327,10.8,17.4,14.0,2.5,0.5,1.4,18.8,11.0,,0.1,0.2,0.3,0.055999999999999994,,-3.5,-1.3,-4.9,-0.2,26.0,49.0,0.531,1.0,2.0,0.5,25.0,47.0,0.532,0.541,11.0,16.0,0.688,26.0,41.0,67.0,5.0,3.0,6.0,13.0,34.0,64.0
WSB,10914,1993.0,Mark Acres,C,30.0,12.0,7.0,246.0,9.8,0.628,0.0,0.35,10.8,17.3,14.0,2.8,0.6,1.5,19.2,9.9,,0.2,0.1,0.4,0.077,,-2.7,-0.8,-3.5,-0.1,24.0,40.0,0.6,0.0,0.0,,24.0,40.0,0.6,0.6,10.0,14.0,0.7140000000000001,24.0,37.0,61.0,5.0,3.0,6.0,11.0,32.0,58.0
