Tm,Unnamed: 0,Year,Player,Pos,Age,G,GS,MP,PER,TS%,3PAr,FTr,ORB%,DRB%,TRB%,AST%,STL%,BLK%,TOV%,USG%,blanl,OWS,DWS,WS,WS/48,blank2,OBPM,DBPM,BPM,VORP,FG,FGA,FG%,3P,3PA,3P%,2P,2PA,2P%,eFG%,FT,FTA,FT%,ORB,DRB,TRB,AST,STL,BLK,TOV,PF,PTS
CHI,10783,1992.0,Mark Randall,PF,24.0,15.0,0.0,67.0,8.7,0.509,0.091,0.364,7.1,8.4,7.8,13.6,0.0,0.0,19.0,20.3,,0.0,0.0,0.0,0.036000000000000004,,-3.1,-3.2,-6.3,-0.1,10.0,22.0,0.455,0.0,2.0,0.0,10.0,20.0,0.5,0.455,6.0,8.0,0.75,4.0,5.0,9.0,7.0,0.0,0.0,6.0,8.0,26.0
DEN,12168,1995.0,Mark Randall,PF,27.0,28.0,0.0,155.0,11.2,0.465,0.28,0.56,12.6,23.9,18.4,10.3,2.6,1.2,13.8,19.9,,0.0,0.2,0.2,0.07400000000000001,,-2.1,-0.3,-2.4,0.0,17.0,50.0,0.34,2.0,14.0,0.14300000000000002,15.0,36.0,0.41700000000000004,0.36,22.0,28.0,0.7859999999999999,9.0,13.0,22.0,11.0,8.0,3.0,10.0,18.0,58.0
DET,11230,1993.0,Mark Randall,PF,25.0,35.0,0.0,240.0,12.6,0.536,0.08900000000000001,0.32899999999999996,11.9,13.5,12.7,6.3,0.9,0.5,15.0,19.0,,0.2,0.2,0.4,0.07200000000000001,,-1.8,-1.5,-3.3,-0.1,40.0,79.0,0.506,1.0,7.0,0.14300000000000002,39.0,72.0,0.542,0.513,16.0,26.0,0.615,27.0,28.0,55.0,10.0,4.0,2.0,16.0,32.0,97.0
MIN,11229,1993.0,Mark Randall,PF,25.0,39.0,0.0,374.0,12.9,0.509,1.0,0.276,10.0,8.2,9.1,16.3,1.6,0.5,50.0,18.3,,0.3,0.1,0.4,0.052000000000000005,,-0.6,-2.2,-2.9,0.0,58.0,127.0,0.457,3.0,14.0,0.214,55.0,113.0,0.48700000000000004,0.469,26.0,35.0,0.743,35.0,27.0,62.0,26.0,12.0,3.0,19.0,31.0,145.0
TOT,11228,1993.0,Mark Randall,PF,25.0,54.0,0.0,441.0,12.3,0.53,0.107,0.325,11.5,13.1,12.3,10.5,1.4,0.5,15.7,18.8,,0.3,0.2,0.5,0.061,,-1.0,-1.7,-3.4,-0.1,68.0,149.0,0.5,3.0,16.0,0.188,65.0,133.0,0.542,0.506,32.0,43.0,0.7440000000000001,39.0,32.0,71.0,33.0,12.0,3.0,25.0,39.0,171.0
