Tm,Unnamed: 0,Year,Player,Pos,Age,G,GS,MP,PER,TS%,3PAr,FTr,ORB%,DRB%,TRB%,AST%,STL%,BLK%,TOV%,USG%,blanl,OWS,DWS,WS,WS/48,blank2,OBPM,DBPM,BPM,VORP,FG,FGA,FG%,3P,3PA,3P%,2P,2PA,2P%,eFG%,FT,FTA,FT%,ORB,DRB,TRB,AST,STL,BLK,TOV,PF,PTS
ATL,15948,2002.0,Mark Strickland,SF,31.0,46.0,10.0,654.0,11.4,0.466,0.02,0.21600000000000003,7.1,15.8,11.4,5.1,1.5,1.9,11.1,17.4,,-0.1,0.5,0.5,0.034,,-4.0,-0.7,-4.7,-0.4,91.0,204.0,0.446,1.0,4.0,0.25,90.0,200.0,0.45,0.449,25.0,44.0,0.568,41.0,90.0,131.0,20.0,19.0,17.0,28.0,48.0,208.0
DAL,16417,2003.0,Mark Strickland,SF,32.0,4.0,0.0,13.0,16.3,0.4,0.0,0.0,42.3,17.0,29.7,0.0,0.0,0.0,16.7,20.9,,0.0,0.0,0.0,0.10099999999999999,,-2.7,-9.6,-12.4,0.0,2.0,5.0,0.4,0.0,0.0,,2.0,5.0,0.4,0.4,0.0,0.0,,5.0,2.0,7.0,0.0,0.0,0.0,1.0,1.0,4.0
DEN,15438,2001.0,Mark Strickland,SF,30.0,46.0,2.0,517.0,13.3,0.47600000000000003,0.005,0.319,8.9,16.4,12.6,5.5,1.2,2.5,10.2,20.3,,0.2,0.4,0.6,0.054000000000000006,,-3.4,-1.4,-4.9,-0.4,82.0,185.0,0.44299999999999995,0.0,1.0,0.0,82.0,184.0,0.446,0.44299999999999995,37.0,59.0,0.627,43.0,77.0,120.0,17.0,12.0,19.0,24.0,58.0,201.0
IND,12228,1995.0,Mark Strickland,PF,24.0,4.0,0.0,9.0,13.8,0.387,0.0,0.667,27.4,26.3,26.9,0.0,0.0,8.6,20.5,24.8,,0.0,0.0,0.0,-0.024,,-10.0,-4.0,-14.0,0.0,1.0,3.0,0.33299999999999996,0.0,0.0,,1.0,3.0,0.33299999999999996,0.33299999999999996,1.0,2.0,0.5,2.0,2.0,4.0,0.0,0.0,1.0,1.0,0.0,3.0
MIA,14899,2000.0,Mark Strickland,SF,29.0,58.0,8.0,847.0,17.4,0.5720000000000001,0.017,0.35,12.6,17.8,14.7,5.9,1.4,5.1,17.8,25.9,,1.5,1.3,2.8,0.161,,-0.8,0.4,-0.5,0.3,145.0,269.0,0.545,0.0,1.0,0.0,145.0,268.0,0.545,0.545,59.0,82.0,0.731,80.0,133.0,213.0,26.0,18.0,34.0,47.0,87.0,349.0
NJN,15439,2001.0,Mark Strickland,SF,30.0,9.0,0.0,202.0,8.2,0.433,0.019,0.204,6.1,17.6,11.7,5.8,1.0,1.1,14.5,15.5,,-0.1,0.1,0.0,-0.006,,-5.3,-1.1,-6.4,-0.2,21.0,54.0,0.389,1.0,1.0,1.0,20.0,53.0,0.377,0.39799999999999996,8.0,11.0,0.727,11.0,30.0,41.0,7.0,4.0,3.0,10.0,14.0,51.0
TOT,15437,2001.0,Mark Strickland,SF,30.0,55.0,2.0,719.0,11.9,0.467,0.008,0.293,8.1,16.7,12.3,5.6,1.2,2.1,11.2,18.9,,0.1,0.5,0.6,0.037000000000000005,,-4.0,-1.3,-5.3,-0.6,103.0,239.0,0.431,1.0,2.0,0.5,102.0,237.0,0.43,0.433,45.0,70.0,0.643,54.0,107.0,161.0,24.0,16.0,22.0,34.0,72.0,252.0
