Tm,Unnamed: 0,Year,Player,Pos,Age,G,GS,MP,PER,TS%,3PAr,FTr,ORB%,DRB%,TRB%,AST%,STL%,BLK%,TOV%,USG%,blanl,OWS,DWS,WS,WS/48,blank2,OBPM,DBPM,BPM,VORP,FG,FGA,FG%,3P,3PA,3P%,2P,2PA,2P%,eFG%,FT,FTA,FT%,ORB,DRB,TRB,AST,STL,BLK,TOV,PF,PTS
NJN,7362,1984.0,Mark Jones,PG,22.0,6.0,0.0,16.0,14.7,0.509,0.16699999999999998,0.33299999999999996,14.0,0.0,7.1,43.1,0.0,0.0,22.5,22.1,,0.0,0.0,0.0,0.07,,2.1,-4.6,-2.5,0.0,3.0,6.0,0.5,0.0,1.0,0.0,3.0,5.0,0.6,0.5,1.0,2.0,0.5,2.0,0.0,2.0,5.0,0.0,0.0,2.0,2.0,7.0
ORL,17366,2005.0,Mark Jones,SF,29.0,10.0,0.0,116.0,4.4,0.325,0.129,0.32299999999999995,5.9,6.7,6.3,7.5,2.2,1.2,7.8,14.5,,-0.2,0.1,-0.1,-0.033,,-4.9,-0.5,-5.4,-0.1,9.0,31.0,0.29,0.0,4.0,0.0,9.0,27.0,0.33299999999999996,0.29,5.0,10.0,0.5,6.0,7.0,13.0,6.0,5.0,2.0,3.0,16.0,23.0
