Tm,Unnamed: 0,Year,Player,Pos,Age,G,GS,MP,PER,TS%,3PAr,FTr,ORB%,DRB%,TRB%,AST%,STL%,BLK%,TOV%,USG%,blanl,OWS,DWS,WS,WS/48,blank2,OBPM,DBPM,BPM,VORP,FG,FGA,FG%,3P,3PA,3P%,2P,2PA,2P%,eFG%,FT,FTA,FT%,ORB,DRB,TRB,AST,STL,BLK,TOV,PF,PTS
KCK,5998,1980.0,Marlon Redmond,SG,24.0,49.0,,736.0,12.0,0.46399999999999997,0.065,0.24600000000000002,8.2,12.7,9.3,10.6,1.7,1.8,12.4,23.7,,-0.1,0.8,0.4,0.051,,-2.2,-0.9,-3.1,-0.2,162.0,375.0,0.43200000000000005,0.0,9.0,0.0,162.0,375.0,0.457,0.43200000000000005,31.0,50.0,0.706,57.0,51.0,108.0,57.0,28.0,16.0,56.0,93.0,355.0
PHI,5627,1979.0,Marlon Redmond,SG,23.0,4.0,,23.0,-13.4,0.083,,0.0,0.0,4.3,2.3,5.0,0.0,0.0,7.7,22.0,,-0.2,0.0,-0.2,-0.369,,-16.7,-4.8,-21.6,-0.1,1.0,12.0,0.083,,,,1.0,12.0,0.083,0.083,0.0,0.0,,0.0,1.0,1.0,1.0,0.0,0.0,1.0,3.0,2.0
TOT,5625,1979.0,Marlon Redmond,SG,23.0,53.0,,759.0,10.6,0.436,,0.129,8.0,7.6,7.8,10.5,1.7,1.2,12.2,23.6,,-0.5,0.8,0.3,0.017,,-2.6,-1.1,-3.7,-0.3,163.0,387.0,0.42100000000000004,,,,163.0,387.0,0.42100000000000004,0.42100000000000004,31.0,50.0,0.62,57.0,52.0,109.0,58.0,28.0,16.0,57.0,96.0,357.0
