Tm,Unnamed: 0,Year,Player,Pos,Age,G,GS,MP,PER,TS%,3PAr,FTr,ORB%,DRB%,TRB%,AST%,STL%,BLK%,TOV%,USG%,blanl,OWS,DWS,WS,WS/48,blank2,OBPM,DBPM,BPM,VORP,FG,FGA,FG%,3P,3PA,3P%,2P,2PA,2P%,eFG%,FT,FTA,FT%,ORB,DRB,TRB,AST,STL,BLK,TOV,PF,PTS
BRK,22782,2014.0,Marquis Teague,SG,20.0,21.0,1.0,201.0,8.4,0.505,0.151,0.358,0.0,12.5,6.3,23.8,2.1,0.4,26.4,19.5,,-0.2,0.2,-0.1,-0.017,,-5.3,-1.3,-6.6,-0.2,22.0,53.0,0.415,3.0,8.0,0.375,19.0,45.0,0.42200000000000004,0.44299999999999995,15.0,19.0,0.789,0.0,21.0,21.0,30.0,8.0,1.0,22.0,21.0,62.0
CHI,22781,2014.0,Marquis Teague,SG,20.0,48.0,2.0,392.0,6.0,0.41200000000000003,0.204,0.242,0.9,12.1,6.4,25.6,1.2,1.3,22.6,18.2,,-0.7,0.4,-0.3,-0.031,,-6.3,-1.0,-7.3,-0.5,43.0,113.0,0.381,4.0,23.0,0.2,39.0,90.0,0.433,0.39799999999999996,11.0,16.0,0.688,3.0,41.0,44.0,63.0,9.0,7.0,35.0,47.0,99.0
TOT,22780,2014.0,Marquis Teague,SG,20.0,40.0,3.0,443.0,3.8,0.39799999999999996,0.151,0.294,0.3,10.2,5.3,20.6,1.2,0.9,22.5,18.2,,-1.0,0.4,-0.5,-0.059000000000000004,,-7.6,-1.2,-8.8,-0.8,38.0,119.0,0.319,5.0,18.0,0.278,33.0,101.0,0.327,0.34,26.0,35.0,0.743,1.0,39.0,40.0,58.0,10.0,5.0,39.0,46.0,107.0
