Tm,Unnamed: 0,Year,Player,Pos,Age,G,GS,MP,PER,TS%,3PAr,FTr,ORB%,DRB%,TRB%,AST%,STL%,BLK%,TOV%,USG%,blanl,OWS,DWS,WS,WS/48,blank2,OBPM,DBPM,BPM,VORP,FG,FGA,FG%,3P,3PA,3P%,2P,2PA,2P%,eFG%,FT,FTA,FT%,ORB,DRB,TRB,AST,STL,BLK,TOV,PF,PTS
LAC,8943,1988.0,Martin Nessley,C,22.0,35.0,0.0,295.0,2.9,0.39,0.0,0.28600000000000003,7.0,19.8,13.2,7.3,1.1,2.1,27.6,10.5,,-0.5,0.4,-0.1,-0.016,,-7.9,2.0,-5.9,-0.3,18.0,49.0,0.36700000000000005,0.0,0.0,,18.0,49.0,0.36700000000000005,0.36700000000000005,7.0,14.0,0.5,20.0,53.0,73.0,16.0,7.0,11.0,21.0,78.0,43.0
SAC,8944,1988.0,Martin Nessley,C,22.0,9.0,0.0,41.0,2.3,0.525,0.0,1.3330000000000002,7.9,16.0,11.9,0.0,1.2,1.4,29.6,6.6,,0.0,0.0,0.0,-0.001,,-6.3,-2.1,-8.3,-0.1,2.0,3.0,0.667,0.0,0.0,,2.0,3.0,0.667,0.667,1.0,4.0,0.25,3.0,6.0,9.0,0.0,1.0,1.0,2.0,11.0,5.0
TOT,8942,1988.0,Martin Nessley,C,22.0,44.0,0.0,336.0,2.8,0.401,0.0,0.34600000000000003,7.1,19.4,13.0,6.4,1.1,2.0,27.7,10.0,,-0.5,0.4,-0.1,-0.013999999999999999,,-7.7,1.5,-6.2,-0.4,20.0,52.0,0.385,0.0,0.0,,20.0,52.0,0.385,0.385,8.0,18.0,0.444,23.0,59.0,82.0,16.0,8.0,12.0,23.0,89.0,48.0
