Tm,Unnamed: 0,Year,Player,Pos,Age,G,GS,MP,PER,TS%,3PAr,FTr,ORB%,DRB%,TRB%,AST%,STL%,BLK%,TOV%,USG%,blanl,OWS,DWS,WS,WS/48,blank2,OBPM,DBPM,BPM,VORP,FG,FGA,FG%,3P,3PA,3P%,2P,2PA,2P%,eFG%,FT,FTA,FT%,ORB,DRB,TRB,AST,STL,BLK,TOV,PF,PTS
DEN,4979,1977.0,Marvin Webster,C,24.0,80.0,,1276.0,16.7,0.542,,0.55,12.5,25.9,19.4,6.5,0.8,4.7,,,,1.4,2.5,3.9,0.146,,-1.9,1.6,-0.3,0.6,198.0,400.0,0.495,,,,198.0,400.0,0.495,0.495,143.0,220.0,0.65,152.0,332.0,484.0,62.0,23.0,118.0,,149.0,539.0
MIL,8644,1987.0,Marvin Webster,C,34.0,15.0,0.0,102.0,10.7,0.599,0.053,0.42100000000000004,12.9,15.5,14.2,3.8,1.4,4.2,26.2,12.2,,0.0,0.2,0.2,0.095,,-2.7,1.9,-0.8,0.0,10.0,19.0,0.526,1.0,1.0,1.0,9.0,18.0,0.5,0.5529999999999999,6.0,8.0,0.75,12.0,14.0,26.0,3.0,3.0,7.0,8.0,17.0,27.0
NYK,7526,1984.0,Marvin Webster,C,31.0,82.0,32.0,2027.0,14.0,0.539,0.012,0.544,13.9,24.4,17.7,10.6,1.3,5.5,22.6,16.3,,1.6,3.2,4.0,0.13,,-1.6,3.9,1.7,1.4,264.0,558.0,0.508,1.0,4.0,0.25,264.0,558.0,0.509,0.508,150.0,262.0,0.75,198.0,457.0,655.0,172.0,35.0,131.0,170.0,211.0,678.0
SEA,5358,1978.0,Marvin Webster,C,25.0,82.0,,2910.0,17.0,0.5429999999999999,,0.542,12.1,24.6,18.1,9.6,0.8,3.0,19.6,17.2,,3.7,5.0,8.7,0.14300000000000002,,0.3,2.7,3.0,3.7,427.0,851.0,0.502,,,,427.0,851.0,0.502,0.502,290.0,461.0,0.629,361.0,674.0,1035.0,203.0,48.0,162.0,257.0,262.0,1144.0
