Tm,Unnamed: 0,Year,Player,Pos,Age,G,GS,MP,PER,TS%,3PAr,FTr,ORB%,DRB%,TRB%,AST%,STL%,BLK%,TOV%,USG%,blanl,OWS,DWS,WS,WS/48,blank2,OBPM,DBPM,BPM,VORP,FG,FGA,FG%,3P,3PA,3P%,2P,2PA,2P%,eFG%,FT,FTA,FT%,ORB,DRB,TRB,AST,STL,BLK,TOV,PF,PTS
BUF,3933,1974.0,Matt Guokas,SG,29.0,27.0,,549.0,9.5,0.556,,0.182,2.2,4.9,3.6,15.2,1.5,0.5,,,,0.5,0.2,0.6,0.054000000000000006,,-2.4,-1.2,-3.6,-0.2,61.0,110.0,0.555,,,,61.0,110.0,0.555,0.555,10.0,20.0,0.5,12.0,28.0,40.0,69.0,19.0,6.0,,56.0,132.0
CHI,4469,1976.0,Matt Guokas,SG,31.0,82.0,,2208.0,10.0,0.539,,0.33,1.4,5.8,3.5,19.8,1.0,0.5,,,,2.4,2.3,4.7,0.10099999999999999,,-2.3,-0.3,-2.6,-0.2,255.0,500.0,0.51,,,,255.0,500.0,0.51,0.51,101.0,138.0,0.818,24.0,115.0,157.0,342.0,45.0,17.0,,189.0,588.0
CIN,3395,1972.0,Matt Guokas,SG,27.0,61.0,,1975.0,9.9,0.529,,0.21600000000000003,,,3.6,21.0,,,,,,1.8,0.6,2.3,0.057,,,,,,191.0,385.0,0.496,,,,191.0,385.0,0.496,0.496,64.0,83.0,0.7709999999999999,,,142.0,321.0,,,,150.0,446.0
HOU,3932,1974.0,Matt Guokas,SG,29.0,39.0,,1007.0,8.6,0.48100000000000004,,0.138,1.8,4.5,3.2,16.4,1.2,0.7,,,,0.5,0.2,0.7,0.031,,-3.4,-1.1,-4.5,-0.6,93.0,203.0,0.45799999999999996,,,,93.0,203.0,0.45799999999999996,0.45799999999999996,21.0,28.0,0.75,17.0,43.0,60.0,133.0,27.0,14.0,,73.0,207.0
KCK,4470,1976.0,Matt Guokas,SG,31.0,38.0,,515.0,5.4,0.391,,0.162,3.5,5.8,4.7,10.5,1.1,0.2,,,,-0.3,0.1,-0.1,-0.01,,-5.8,-0.9,-6.7,-0.6,37.0,99.0,0.374,,,,37.0,99.0,0.374,0.374,9.0,16.0,0.563,18.0,29.0,47.0,42.0,13.0,2.0,,53.0,83.0
KCO,3931,1974.0,Matt Guokas,SG,29.0,79.0,,2846.0,11.2,0.594,,0.159,0.7,6.3,4.5,17.7,1.1,0.2,,,,5.0,0.2,5.2,0.087,,-2.8,-1.6,-4.4,-0.2,322.0,565.0,0.57,,,,322.0,565.0,0.57,0.57,74.0,90.0,0.8220000000000001,2.0,19.0,245.0,403.0,8.0,1.0,,190.0,718.0
PHI,3158,1971.0,Matt Guokas,SG,26.0,82.0,,1612.0,10.4,0.541,,0.39899999999999997,,,9.0,16.4,,,,,,2.1,2.0,4.2,0.124,,,,,,190.0,416.0,0.483,,,,190.0,416.0,0.483,0.483,118.0,152.0,0.7759999999999999,,,216.0,222.0,,,,201.0,498.0
TOT,4468,1976.0,Matt Guokas,SG,31.0,79.0,,2213.0,9.8,0.536,,0.33,2.8,5.4,4.0,19.8,1.3,0.6,,,,2.3,2.3,4.7,0.10099999999999999,,-3.0,-1.2,-4.2,-0.8,206.0,418.0,0.493,,,,206.0,418.0,0.493,0.493,101.0,138.0,0.732,31.0,90.0,158.0,342.0,54.0,21.0,,189.0,513.0
