Tm,Unnamed: 0,Year,Player,Pos,Age,G,GS,MP,PER,TS%,3PAr,FTr,ORB%,DRB%,TRB%,AST%,STL%,BLK%,TOV%,USG%,blanl,OWS,DWS,WS,WS/48,blank2,OBPM,DBPM,BPM,VORP,FG,FGA,FG%,3P,3PA,3P%,2P,2PA,2P%,eFG%,FT,FTA,FT%,ORB,DRB,TRB,AST,STL,BLK,TOV,PF,PTS
DEN,12440,1996.0,Matt Fish,C,26.0,16.0,0.0,117.0,14.9,0.59,0.0,0.6920000000000001,6.9,10.9,8.9,9.5,1.3,3.7,8.1,14.1,,0.2,0.1,0.4,0.14400000000000002,,-0.9,0.6,-0.3,0.0,15.0,26.0,0.5770000000000001,0.0,0.0,,15.0,26.0,0.5770000000000001,0.5770000000000001,10.0,18.0,0.556,7.0,11.0,18.0,7.0,3.0,6.0,3.0,16.0,40.0
LAC,11974,1995.0,Matt Fish,C,25.0,26.0,8.0,370.0,10.6,0.516,0.01,0.359,9.6,17.7,13.4,7.2,2.2,1.4,19.0,17.3,,-0.1,0.3,0.2,0.03,,-3.8,0.1,-3.7,-0.2,49.0,103.0,0.47600000000000003,0.0,1.0,0.0,49.0,102.0,0.48,0.47600000000000003,25.0,37.0,0.6759999999999999,32.0,52.0,84.0,17.0,16.0,7.0,28.0,70.0,123.0
MIA,13006,1997.0,Matt Fish,C,27.0,1.0,0.0,1.0,0.0,,,,0.0,0.0,0.0,0.0,0.0,0.0,,0.0,,0.0,0.0,0.0,0.025,,-6.5,1.3,-5.2,0.0,0.0,0.0,,0.0,0.0,,0.0,0.0,,,0.0,0.0,,0.0,0.0,0.0,0.0,0.0,0.0,0.0,0.0,0.0
NYK,12439,1996.0,Matt Fish,C,26.0,2.0,1.0,17.0,27.4,0.575,0.0,0.1,21.5,0.0,10.4,14.6,0.0,4.5,0.0,28.6,,0.1,0.0,0.1,0.22,,6.9,-2.4,4.6,0.0,6.0,10.0,0.6,0.0,0.0,,6.0,10.0,0.6,0.6,0.0,1.0,0.0,3.0,0.0,3.0,1.0,0.0,1.0,0.0,3.0,12.0
TOT,13004,1997.0,Matt Fish,C,27.0,18.0,1.0,134.0,16.5,0.586,0.0,0.528,14.8,57.7,36.6,10.2,1.2,3.8,40.0,28.1,,0.3,0.1,0.4,0.154,,0.1,0.2,0.3,0.1,21.0,36.0,0.583,0.0,0.0,,21.0,36.0,0.583,0.583,10.0,19.0,0.526,10.0,11.0,21.0,8.0,3.0,7.0,3.0,19.0,52.0
WSB,13005,1997.0,Matt Fish,C,27.0,5.0,0.0,7.0,-3.7,0.33299999999999996,0.0,0.0,17.0,65.9,41.8,0.0,0.0,0.0,40.0,32.1,,-0.1,0.0,0.0,-0.331,,-25.0,-10.2,-35.3,-0.1,1.0,3.0,0.33299999999999996,0.0,0.0,,1.0,3.0,0.33299999999999996,0.33299999999999996,0.0,0.0,,1.0,4.0,5.0,0.0,0.0,0.0,2.0,2.0,2.0
