Tm,Unnamed: 0,Year,Player,Pos,Age,G,GS,MP,PER,TS%,3PAr,FTr,ORB%,DRB%,TRB%,AST%,STL%,BLK%,TOV%,USG%,blanl,OWS,DWS,WS,WS/48,blank2,OBPM,DBPM,BPM,VORP,FG,FGA,FG%,3P,3PA,3P%,2P,2PA,2P%,eFG%,FT,FTA,FT%,ORB,DRB,TRB,AST,STL,BLK,TOV,PF,PTS
CHH,13587,1998.0,Matt Geiger,C,28.0,78.0,50.0,2349.0,20.2,0.573,0.057,0.363,13.0,23.6,17.1,7.6,2.0,3.5,15.3,23.2,,3.2,2.7,5.9,0.154,,0.4,0.8,1.2,1.5,358.0,709.0,0.536,6.0,20.0,0.375,357.0,698.0,0.5379999999999999,0.5379999999999999,168.0,236.0,0.727,201.0,448.0,649.0,78.0,68.0,87.0,137.0,290.0,885.0
MIA,11987,1995.0,Matt Geiger,C,25.0,74.0,43.0,1712.0,16.7,0.624,0.027999999999999997,0.634,11.2,18.7,14.3,5.0,1.5,2.3,17.1,17.3,,3.1,1.7,4.5,0.179,,0.7,0.1,-0.1,0.6,260.0,485.0,0.574,4.0,10.0,0.4,256.0,475.0,0.579,0.575,116.0,149.0,0.779,146.0,267.0,413.0,55.0,41.0,51.0,113.0,245.0,617.0
PHI,15673,2002.0,Matt Geiger,C,32.0,65.0,40.0,1540.0,17.1,0.532,0.009000000000000001,0.319,11.9,18.6,15.2,7.4,1.4,4.2,18.4,23.1,,2.4,2.3,4.7,0.147,,0.0,0.3,0.3,0.9,266.0,589.0,0.479,1.0,5.0,0.2,265.0,585.0,0.48200000000000004,0.48,141.0,177.0,0.797,154.0,233.0,387.0,58.0,39.0,40.0,101.0,194.0,674.0
