Tm,Unnamed: 0,Year,Player,Pos,Age,G,GS,MP,PER,TS%,3PAr,FTr,ORB%,DRB%,TRB%,AST%,STL%,BLK%,TOV%,USG%,blanl,OWS,DWS,WS,WS/48,blank2,OBPM,DBPM,BPM,VORP,FG,FGA,FG%,3P,3PA,3P%,2P,2PA,2P%,eFG%,FT,FTA,FT%,ORB,DRB,TRB,AST,STL,BLK,TOV,PF,PTS
ORL,23115,2015.0,Maurice Harkless,SF,21.0,80.0,59.0,1974.0,12.5,0.542,0.354,0.29600000000000004,7.0,12.2,9.6,6.4,2.5,2.4,13.6,15.9,,0.7,2.1,2.8,0.068,,-1.6,1.4,-0.1,0.9,260.0,564.0,0.46399999999999997,59.0,154.0,0.38299999999999995,228.0,447.0,0.52,0.525,85.0,143.0,0.594,122.0,213.0,335.0,80.0,97.0,62.0,86.0,144.0,625.0
POR,24307,2017.0,Maurice Harkless,SF,23.0,78.0,69.0,2223.0,13.3,0.57,0.341,0.27,7.5,13.3,10.4,6.9,1.9,2.5,11.9,15.6,,2.4,1.9,4.2,0.096,,0.0,0.8,0.8,1.5,314.0,624.0,0.503,68.0,194.0,0.35100000000000003,246.0,430.0,0.5760000000000001,0.5579999999999999,77.0,124.0,0.622,125.0,216.0,341.0,89.0,85.0,70.0,85.0,214.0,773.0
