Tm,Unnamed: 0,Year,Player,Pos,Age,G,GS,MP,PER,TS%,3PAr,FTr,ORB%,DRB%,TRB%,AST%,STL%,BLK%,TOV%,USG%,blanl,OWS,DWS,WS,WS/48,blank2,OBPM,DBPM,BPM,VORP,FG,FGA,FG%,3P,3PA,3P%,2P,2PA,2P%,eFG%,FT,FTA,FT%,ORB,DRB,TRB,AST,STL,BLK,TOV,PF,PTS
LAC,16655,2004.0,Melvin Ely,PF,25.0,52.0,7.0,802.0,11.1,0.54,0.006999999999999999,0.39799999999999996,10.6,15.4,12.3,7.4,0.9,2.8,18.6,16.6,,0.4,0.4,0.8,0.048,,-2.1,-0.9,-3.7,-0.2,92.0,186.0,0.495,0.0,1.0,0.0,92.0,186.0,0.495,0.495,52.0,74.0,0.703,64.0,110.0,174.0,22.0,10.0,32.0,50.0,95.0,236.0
CHA,18359,2007.0,Melvin Ely,PF,28.0,79.0,22.0,1649.0,14.3,0.55,0.005,0.583,9.3,16.8,11.9,9.7,1.1,3.1,23.4,20.1,,0.8,1.2,2.0,0.07200000000000001,,-2.0,0.6,-1.4,0.2,227.0,526.0,0.508,0.0,2.0,0.0,227.0,526.0,0.511,0.508,128.0,212.0,0.6859999999999999,142.0,184.0,326.0,76.0,32.0,69.0,115.0,199.0,576.0
SAS,18360,2007.0,Melvin Ely,C,28.0,6.0,0.0,65.0,6.7,0.376,0.0,0.6,5.8,19.7,13.0,9.2,3.3,2.3,16.5,22.1,,-0.2,0.2,0.0,-0.009000000000000001,,-8.0,3.0,-5.0,0.0,6.0,20.0,0.3,0.0,0.0,,6.0,20.0,0.3,0.3,7.0,12.0,0.583,3.0,11.0,14.0,4.0,4.0,2.0,5.0,12.0,19.0
TOT,18358,2007.0,Melvin Ely,PF-C,28.0,30.0,0.0,309.0,5.2,0.442,0.0,0.588,5.7,14.8,10.2,9.0,1.0,2.0,21.8,19.1,,-0.6,0.3,-0.3,-0.039,,-7.1,-0.1,-7.2,-0.4,29.0,80.0,0.363,0.0,0.0,,29.0,80.0,0.363,0.363,31.0,47.0,0.66,15.0,38.0,53.0,18.0,6.0,8.0,28.0,51.0,89.0
NOH,19509,2009.0,Melvin Ely,C,30.0,52.0,4.0,621.0,9.0,0.491,0.0,0.379,9.7,22.6,13.6,7.6,0.6,2.3,17.2,18.5,,-0.3,0.8,0.3,0.022000000000000002,,-5.6,0.1,-6.0,-0.4,85.0,180.0,0.47200000000000003,0.0,0.0,,85.0,180.0,0.47200000000000003,0.47200000000000003,32.0,58.0,0.639,30.0,117.0,145.0,22.0,7.0,18.0,42.0,79.0,202.0
DEN,20689,2011.0,Melvin Ely,C,32.0,30.0,2.0,366.0,8.3,0.573,0.0,0.41200000000000003,8.8,14.4,11.7,5.3,0.5,2.3,18.9,9.0,,0.3,0.3,0.6,0.083,,-2.0,1.0,-1.0,0.1,28.0,51.0,0.5489999999999999,0.0,0.0,,28.0,51.0,0.5489999999999999,0.5489999999999999,13.0,21.0,0.619,27.0,47.0,74.0,14.0,4.0,11.0,14.0,50.0,69.0
NOP,22442,2014.0,Melvin Ely,C,35.0,2.0,0.0,27.0,3.9,0.5,0.0,0.0,0.0,4.4,2.2,0.0,0.0,3.1,0.0,10.1,,0.0,0.0,0.0,0.011000000000000001,,-4.9,-2.8,-7.6,0.0,3.0,6.0,0.5,0.0,0.0,,3.0,6.0,0.5,0.5,0.0,0.0,,0.0,1.0,1.0,0.0,0.0,1.0,0.0,5.0,6.0
