Tm,Unnamed: 0,Year,Player,Pos,Age,G,GS,MP,PER,TS%,3PAr,FTr,ORB%,DRB%,TRB%,AST%,STL%,BLK%,TOV%,USG%,blanl,OWS,DWS,WS,WS/48,blank2,OBPM,DBPM,BPM,VORP,FG,FGA,FG%,3P,3PA,3P%,2P,2PA,2P%,eFG%,FT,FTA,FT%,ORB,DRB,TRB,AST,STL,BLK,TOV,PF,PTS
DET,16108,2003.0,Michael Curry,SG,34.0,82.0,77.0,1912.0,10.4,0.5920000000000001,0.348,0.489,4.2,9.6,6.5,13.9,1.7,0.8,16.0,14.3,,2.0,1.7,3.2,0.126,,-0.8,0.9,-1.0,0.3,182.0,379.0,0.48,23.0,77.0,0.444,181.0,374.0,0.528,0.53,141.0,168.0,0.898,25.0,153.0,168.0,132.0,47.0,12.0,73.0,209.0,506.0
IND,17203,2005.0,Michael Curry,SF,36.0,18.0,7.0,249.0,5.1,0.461,0.0,0.276,3.9,9.0,6.5,9.7,1.1,1.2,13.3,7.2,,0.1,0.2,0.3,0.057,,-3.7,1.2,-2.5,0.0,13.0,29.0,0.44799999999999995,0.0,0.0,,13.0,29.0,0.44799999999999995,0.44799999999999995,4.0,8.0,0.5,8.0,19.0,27.0,15.0,5.0,4.0,5.0,39.0,30.0
MIL,14069,1999.0,Michael Curry,SG,30.0,82.0,27.0,1978.0,9.1,0.5479999999999999,0.073,0.42100000000000004,2.0,9.2,5.7,10.9,2.0,0.5,13.5,13.2,,2.1,0.9,2.9,0.071,,-1.3,0.4,-0.9,0.3,196.0,418.0,0.469,4.0,15.0,0.444,192.0,409.0,0.469,0.474,147.0,176.0,0.835,26.0,89.0,108.0,137.0,56.0,14.0,77.0,218.0,543.0
PHI,11463,1994.0,Michael Curry,SG,25.0,10.0,0.0,43.0,-3.9,0.28600000000000003,0.14300000000000002,0.28600000000000003,0.0,2.6,1.3,3.3,1.2,0.0,16.0,19.0,,-0.2,0.0,-0.2,-0.217,,-11.2,-4.2,-15.5,-0.1,3.0,14.0,0.214,0.0,2.0,0.0,3.0,12.0,0.25,0.214,3.0,4.0,0.75,0.0,1.0,1.0,1.0,1.0,0.0,3.0,6.0,9.0
TOR,16613,2004.0,Michael Curry,SF,35.0,70.0,15.0,1229.0,3.6,0.46,0.077,0.29600000000000004,2.0,6.1,4.1,7.2,1.0,0.3,17.8,10.6,,-0.6,0.9,0.3,0.013000000000000001,,-5.5,-0.1,-5.6,-1.1,76.0,196.0,0.38799999999999996,3.0,15.0,0.2,73.0,181.0,0.40299999999999997,0.395,49.0,58.0,0.845,22.0,65.0,87.0,53.0,23.0,5.0,48.0,153.0,204.0
TOT,12389,1996.0,Michael Curry,SG-SF,27.0,46.0,1.0,783.0,9.4,0.56,0.32899999999999996,0.385,4.3,8.6,6.6,5.6,1.7,0.2,11.3,12.9,,0.8,0.8,1.6,0.1,,-1.1,-0.1,-1.2,0.2,73.0,161.0,0.45299999999999996,20.0,53.0,0.377,53.0,108.0,0.491,0.516,45.0,62.0,0.726,27.0,58.0,85.0,27.0,24.0,2.0,24.0,92.0,211.0
WSB,12390,1996.0,Michael Curry,SF,27.0,5.0,0.0,34.0,8.2,0.425,0.3,0.4,7.1,10.2,8.7,4.1,1.5,0.0,7.8,16.8,,0.0,0.0,0.0,0.033,,-3.6,-2.6,-6.2,0.0,3.0,10.0,0.3,0.0,3.0,0.0,3.0,7.0,0.429,0.3,4.0,4.0,1.0,2.0,3.0,5.0,1.0,1.0,0.0,1.0,3.0,10.0
