Tm,Unnamed: 0,Year,Player,Pos,Age,G,GS,MP,PER,TS%,3PAr,FTr,ORB%,DRB%,TRB%,AST%,STL%,BLK%,TOV%,USG%,blanl,OWS,DWS,WS,WS/48,blank2,OBPM,DBPM,BPM,VORP,FG,FGA,FG%,3P,3PA,3P%,2P,2PA,2P%,eFG%,FT,FTA,FT%,ORB,DRB,TRB,AST,STL,BLK,TOV,PF,PTS
CLE,12357,1996.0,Michael Cage,C,34.0,82.0,80.0,2631.0,14.1,0.561,0.006,0.259,14.3,22.8,18.4,4.5,1.9,2.7,12.9,10.2,,4.1,4.0,8.1,0.14800000000000002,,-0.9,3.1,1.5,2.3,220.0,396.0,0.556,0.0,2.0,0.0,220.0,395.0,0.557,0.556,53.0,92.0,0.602,288.0,441.0,729.0,56.0,87.0,79.0,56.0,215.0,490.0
LAC,8721,1988.0,Michael Cage,PF,26.0,80.0,76.0,2922.0,17.1,0.5820000000000001,0.006999999999999999,0.619,14.3,23.5,18.8,7.1,1.9,1.3,17.4,17.3,,4.8,3.8,7.2,0.121,,0.5,1.5,1.1,2.3,457.0,878.0,0.5429999999999999,0.0,3.0,0.0,457.0,875.0,0.5429999999999999,0.5429999999999999,341.0,474.0,0.737,371.0,568.0,938.0,131.0,99.0,67.0,171.0,221.0,1255.0
NJN,14545,2000.0,Michael Cage,C,38.0,79.0,17.0,1201.0,12.6,0.5329999999999999,0.012,0.429,14.6,22.8,18.6,5.3,2.0,2.7,18.7,5.4,,1.1,1.4,2.5,0.14,,-1.5,2.9,0.9,0.9,43.0,84.0,0.512,0.0,1.0,0.0,43.0,83.0,0.518,0.512,20.0,36.0,1.0,115.0,193.0,308.0,32.0,45.0,44.0,23.0,105.0,106.0
PHI,12910,1997.0,Michael Cage,C,35.0,82.0,24.0,1247.0,10.3,0.475,0.0,0.29100000000000004,9.6,18.6,14.0,4.9,1.9,2.4,9.7,6.0,,1.0,1.0,2.0,0.078,,-2.8,1.5,-1.3,0.2,66.0,141.0,0.46799999999999997,0.0,0.0,,66.0,141.0,0.46799999999999997,0.46799999999999997,19.0,41.0,0.46299999999999997,112.0,208.0,320.0,43.0,48.0,42.0,17.0,118.0,151.0
SEA,11426,1994.0,Michael Cage,PF,32.0,82.0,82.0,2595.0,15.0,0.583,0.009000000000000001,0.42100000000000004,14.3,24.2,18.6,6.4,2.3,1.8,14.4,13.7,,4.4,3.3,7.6,0.14800000000000002,,1.0,2.0,2.6,2.9,325.0,645.0,0.5660000000000001,0.0,5.0,0.0,325.0,645.0,0.5720000000000001,0.5660000000000001,197.0,265.0,0.743,306.0,515.0,821.0,126.0,99.0,58.0,124.0,237.0,825.0
