Tm,Unnamed: 0,Year,Player,Pos,Age,G,GS,MP,PER,TS%,3PAr,FTr,ORB%,DRB%,TRB%,AST%,STL%,BLK%,TOV%,USG%,blanl,OWS,DWS,WS,WS/48,blank2,OBPM,DBPM,BPM,VORP,FG,FGA,FG%,3P,3PA,3P%,2P,2PA,2P%,eFG%,FT,FTA,FT%,ORB,DRB,TRB,AST,STL,BLK,TOV,PF,PTS
ATL,17559,2005.0,Michael Stewart,PF,29.0,12.0,1.0,145.0,10.6,0.519,0.0,0.33299999999999996,16.1,16.1,16.1,5.2,2.2,2.7,19.9,9.3,,0.1,0.1,0.2,0.077,,-1.8,1.0,-0.8,0.0,11.0,21.0,0.524,0.0,0.0,,11.0,21.0,0.524,0.524,3.0,7.0,0.429,21.0,19.0,40.0,5.0,6.0,5.0,6.0,32.0,25.0
BOS,16973,2004.0,Michael Stewart,C,28.0,17.0,0.0,71.0,1.5,0.425,0.0,0.4,4.9,12.7,8.9,0.0,0.7,2.2,25.4,5.0,,0.0,0.0,0.0,0.009000000000000001,,-7.0,-1.2,-8.2,-0.1,2.0,5.0,0.4,0.0,0.0,,2.0,5.0,0.4,0.4,1.0,2.0,0.5,3.0,8.0,11.0,0.0,1.0,2.0,2.0,13.0,5.0
CLE,16972,2004.0,Michael Stewart,PF,28.0,47.0,2.0,251.0,6.8,0.508,0.0,0.324,8.3,18.9,13.1,3.6,0.7,7.5,19.1,9.0,,0.1,0.2,0.2,0.102,,-5.7,1.0,-4.8,-0.1,14.0,37.0,0.429,0.0,0.0,,14.0,37.0,0.429,0.429,8.0,12.0,1.0,19.0,36.0,55.0,6.0,2.0,15.0,10.0,42.0,36.0
SAC,13864,1998.0,Michael Stewart,C,22.0,81.0,37.0,1761.0,12.9,0.486,0.0,0.44,12.2,21.9,16.9,5.2,0.9,7.5,18.1,11.9,,0.4,2.6,3.0,0.081,,-3.8,3.9,0.2,1.0,155.0,323.0,0.48,0.0,0.0,,155.0,323.0,0.48,0.48,65.0,142.0,0.45799999999999996,197.0,339.0,536.0,61.0,29.0,195.0,85.0,251.0,375.0
TOR,15942,2002.0,Michael Stewart,C,26.0,42.0,2.0,394.0,8.8,0.47700000000000004,0.0,0.604,14.4,18.2,15.4,4.9,2.3,5.4,20.2,17.1,,0.3,0.4,0.7,0.079,,-3.6,0.6,-3.4,0.0,22.0,53.0,0.415,0.0,0.0,,22.0,53.0,0.415,0.415,18.0,32.0,0.68,43.0,61.0,99.0,6.0,5.0,28.0,17.0,81.0,61.0
TOT,16971,2004.0,Michael Stewart,C-PF,28.0,25.0,2.0,147.0,4.2,0.47200000000000003,0.0,0.33299999999999996,6.1,15.9,11.1,0.0,0.7,4.9,17.9,5.1,,0.0,0.2,0.2,0.057,,-6.3,-0.1,-6.4,-0.2,5.0,12.0,0.41700000000000004,0.0,0.0,,5.0,12.0,0.41700000000000004,0.41700000000000004,3.0,4.0,0.75,8.0,21.0,29.0,0.0,2.0,10.0,3.0,34.0,13.0
