Tm,Unnamed: 0,Year,Player,Pos,Age,G,GS,MP,PER,TS%,3PAr,FTr,ORB%,DRB%,TRB%,AST%,STL%,BLK%,TOV%,USG%,blanl,OWS,DWS,WS,WS/48,blank2,OBPM,DBPM,BPM,VORP,FG,FGA,FG%,3P,3PA,3P%,2P,2PA,2P%,eFG%,FT,FTA,FT%,ORB,DRB,TRB,AST,STL,BLK,TOV,PF,PTS
LAC,10005,1990.0,Michael Young,SF,29.0,45.0,2.0,459.0,16.0,0.52,0.134,0.196,9.1,12.3,10.7,8.2,2.6,0.4,6.6,20.5,,0.6,0.5,1.1,0.11900000000000001,,0.4,-1.3,-0.9,0.1,92.0,194.0,0.474,8.0,26.0,0.308,84.0,168.0,0.5,0.495,27.0,38.0,0.711,36.0,50.0,86.0,24.0,25.0,3.0,15.0,47.0,219.0
PHI,8300,1986.0,Michael Young,SF,25.0,2.0,0.0,2.0,-32.2,0.0,0.0,0.0,0.0,0.0,0.0,0.0,0.0,0.0,0.0,40.3,,0.0,0.0,0.0,-0.818,,-31.3,-11.9,-43.2,0.0,0.0,2.0,0.0,0.0,0.0,,0.0,2.0,0.0,0.0,0.0,0.0,,0.0,0.0,0.0,0.0,0.0,0.0,0.0,0.0,0.0
PHO,7920,1985.0,Michael Young,SF,24.0,2.0,0.0,11.0,5.8,0.33299999999999996,0.16699999999999998,0.0,10.5,10.1,10.3,0.0,0.0,0.0,0.0,22.2,,0.0,0.0,0.0,-0.07200000000000001,,-7.6,-8.0,-15.6,0.0,2.0,6.0,0.33299999999999996,0.0,1.0,0.0,2.0,5.0,0.4,0.33299999999999996,0.0,0.0,,1.0,1.0,2.0,0.0,0.0,0.0,0.0,0.0,4.0
