Tm,Unnamed: 0,Year,Player,Pos,Age,G,GS,MP,PER,TS%,3PAr,FTr,ORB%,DRB%,TRB%,AST%,STL%,BLK%,TOV%,USG%,blanl,OWS,DWS,WS,WS/48,blank2,OBPM,DBPM,BPM,VORP,FG,FGA,FG%,3P,3PA,3P%,2P,2PA,2P%,eFG%,FT,FTA,FT%,ORB,DRB,TRB,AST,STL,BLK,TOV,PF,PTS
CHI,15403,2001.0,Michael Ruffin,PF,24.0,71.0,16.0,975.0,10.1,0.48,0.0,0.856,13.8,22.6,17.7,7.7,1.8,3.2,27.1,11.1,,0.2,1.0,1.0,0.055999999999999994,,-3.8,2.1,-1.7,0.1,58.0,138.0,0.444,0.0,0.0,,58.0,138.0,0.444,0.444,43.0,88.0,0.506,117.0,161.0,262.0,44.0,30.0,38.0,59.0,170.0,159.0
PHI,15912,2002.0,Michael Ruffin,PF,25.0,15.0,0.0,169.0,5.5,0.271,0.0,0.308,15.6,18.6,17.1,4.4,1.6,3.6,27.1,11.0,,-0.3,0.3,0.0,-0.005,,-6.6,2.8,-3.8,-0.1,7.0,26.0,0.26899999999999996,0.0,0.0,,7.0,26.0,0.26899999999999996,0.26899999999999996,2.0,8.0,0.25,23.0,28.0,51.0,5.0,5.0,8.0,11.0,23.0,16.0
UTA,16946,2004.0,Michael Ruffin,PF,27.0,41.0,23.0,733.0,7.0,0.344,0.0,0.325,13.0,22.2,17.5,8.9,1.7,2.4,23.9,11.2,,-0.8,1.0,0.2,0.013999999999999999,,-4.1,2.3,-1.8,0.0,38.0,117.0,0.325,0.0,0.0,,38.0,117.0,0.325,0.325,16.0,38.0,0.42100000000000004,78.0,129.0,207.0,41.0,22.0,21.0,42.0,103.0,92.0
WAS,18640,2007.0,Michael Ruffin,PF,30.0,79.0,7.0,1262.0,8.6,0.479,0.026000000000000002,1.056,14.4,17.7,15.6,7.1,1.8,2.4,31.3,6.5,,0.7,1.3,1.9,0.081,,-2.4,2.5,0.1,0.7,41.0,99.0,0.442,0.0,2.0,0.0,41.0,98.0,0.45299999999999996,0.442,37.0,74.0,0.5,157.0,175.0,332.0,64.0,43.0,41.0,44.0,193.0,111.0
MIL,19206,2008.0,Michael Ruffin,C,31.0,46.0,2.0,632.0,12.1,0.507,0.0,1.016,16.1,18.6,17.3,5.3,2.6,2.4,17.5,7.7,,0.7,0.6,1.2,0.095,,-1.2,2.0,0.8,0.4,33.0,62.0,0.532,0.0,0.0,,33.0,62.0,0.532,0.532,25.0,63.0,0.397,90.0,96.0,186.0,24.0,31.0,19.0,19.0,93.0,91.0
POR,19799,2009.0,Michael Ruffin,PF,32.0,11.0,0.0,35.0,10.3,0.381,0.0,0.28600000000000003,20.9,18.0,19.5,0.0,4.7,2.3,20.2,13.3,,0.0,0.1,0.1,0.08,,-4.5,0.0,-4.5,0.0,2.0,7.0,0.28600000000000003,0.0,0.0,,2.0,7.0,0.28600000000000003,0.28600000000000003,2.0,2.0,1.0,6.0,5.0,11.0,0.0,3.0,1.0,2.0,7.0,6.0
