Tm,Unnamed: 0,Year,Player,Pos,Age,G,GS,MP,PER,TS%,3PAr,FTr,ORB%,DRB%,TRB%,AST%,STL%,BLK%,TOV%,USG%,blanl,OWS,DWS,WS,WS/48,blank2,OBPM,DBPM,BPM,VORP,FG,FGA,FG%,3P,3PA,3P%,2P,2PA,2P%,eFG%,FT,FTA,FT%,ORB,DRB,TRB,AST,STL,BLK,TOV,PF,PTS
CHH,12294,1996.0,Michael Adams,PG,33.0,29.0,3.0,443.0,17.7,0.583,0.547,0.42200000000000004,1.8,6.4,4.1,34.6,3.3,0.9,20.3,19.6,,1.1,0.5,1.6,0.16899999999999998,,3.1,-1.9,0.5,0.3,67.0,148.0,0.45299999999999996,29.0,81.0,0.358,38.0,67.0,0.5670000000000001,0.551,26.0,35.0,0.833,6.0,23.0,29.0,95.0,23.0,4.0,26.0,41.0,188.0
DEN,10010,1991.0,Michael Adams,PG,28.0,82.0,77.0,2787.0,22.3,0.5670000000000001,0.43700000000000006,0.37200000000000005,2.5,8.8,5.2,39.4,2.8,0.3,12.7,28.5,,5.8,3.2,8.3,0.14300000000000002,,7.1,0.0,4.4,3.8,560.0,1421.0,0.449,167.0,564.0,0.36700000000000005,393.0,857.0,0.505,0.524,465.0,529.0,0.879,71.0,212.0,283.0,693.0,168.0,16.0,240.0,162.0,1752.0
SAC,7924,1986.0,Michael Adams,PG,23.0,18.0,0.0,139.0,8.0,0.406,0.068,0.273,1.6,3.2,2.4,20.3,3.0,0.4,18.2,17.5,,-0.2,0.1,-0.1,-0.027999999999999997,,-5.2,-1.9,-7.1,-0.2,16.0,44.0,0.364,0.0,3.0,0.0,16.0,41.0,0.39,0.364,8.0,12.0,0.667,2.0,4.0,6.0,22.0,9.0,1.0,11.0,9.0,40.0
WSB,11360,1994.0,Michael Adams,PG,31.0,78.0,78.0,2795.0,17.1,0.5429999999999999,0.313,0.387,3.0,10.1,6.1,31.5,3.1,0.3,17.0,24.2,,3.3,2.6,5.3,0.099,,2.5,-0.1,1.7,2.6,485.0,1233.0,0.439,125.0,386.0,0.324,360.0,847.0,0.48,0.48,313.0,360.0,0.8690000000000001,58.0,252.0,310.0,594.0,145.0,9.0,212.0,162.0,1408.0
