Tm,Unnamed: 0,Year,Player,Pos,Age,G,GS,MP,PER,TS%,3PAr,FTr,ORB%,DRB%,TRB%,AST%,STL%,BLK%,TOV%,USG%,blanl,OWS,DWS,WS,WS/48,blank2,OBPM,DBPM,BPM,VORP,FG,FGA,FG%,3P,3PA,3P%,2P,2PA,2P%,eFG%,FT,FTA,FT%,ORB,DRB,TRB,AST,STL,BLK,TOV,PF,PTS
CHH,10464,1992.0,Michael Ansley,SF,24.0,2.0,0.0,13.0,8.0,0.429,0.0,0.0,0.0,16.8,8.3,0.0,0.0,0.0,0.0,21.8,,0.0,0.0,0.0,-0.026000000000000002,,-8.3,-7.9,-16.2,0.0,3.0,7.0,0.429,0.0,0.0,,3.0,7.0,0.429,0.429,0.0,0.0,,0.0,2.0,2.0,0.0,0.0,0.0,0.0,1.0,6.0
ORL,10022,1991.0,Michael Ansley,SF,23.0,72.0,5.0,1221.0,17.3,0.594,0.0,0.488,15.7,16.8,15.7,4.8,1.5,0.8,9.1,19.7,,3.0,0.7,3.3,0.168,,1.3,-1.2,0.0,0.4,231.0,465.0,0.5479999999999999,0.0,0.0,,231.0,465.0,0.5479999999999999,0.5479999999999999,164.0,227.0,0.722,187.0,175.0,362.0,40.0,27.0,17.0,50.0,152.0,626.0
PHI,10463,1992.0,Michael Ansley,SF,24.0,8.0,0.0,32.0,9.5,0.55,0.0,0.545,7.2,7.1,7.2,9.6,0.0,0.0,18.0,22.8,,0.0,0.0,0.0,0.027999999999999997,,-3.3,-4.6,-7.9,0.0,5.0,11.0,0.455,0.0,0.0,,5.0,11.0,0.455,0.455,5.0,6.0,0.833,2.0,2.0,4.0,2.0,0.0,0.0,3.0,6.0,15.0
TOT,10462,1992.0,Michael Ansley,SF,24.0,10.0,0.0,45.0,9.0,0.509,0.0,0.33299999999999996,5.1,9.9,7.5,6.8,0.0,0.0,12.7,22.5,,0.0,0.0,0.0,0.013000000000000001,,-4.7,-5.5,-10.3,-0.1,8.0,18.0,0.444,0.0,0.0,,8.0,18.0,0.444,0.444,5.0,6.0,0.833,2.0,4.0,6.0,2.0,0.0,0.0,3.0,7.0,21.0
