Tm,Unnamed: 0,Year,Player,Pos,Age,G,GS,MP,PER,TS%,3PAr,FTr,ORB%,DRB%,TRB%,AST%,STL%,BLK%,TOV%,USG%,blanl,OWS,DWS,WS,WS/48,blank2,OBPM,DBPM,BPM,VORP,FG,FGA,FG%,3P,3PA,3P%,2P,2PA,2P%,eFG%,FT,FTA,FT%,ORB,DRB,TRB,AST,STL,BLK,TOV,PF,PTS
GSW,7108,1983.0,Micheal Ray,PG,27.0,33.0,25.0,1074.0,13.6,0.442,0.073,0.204,4.4,10.4,7.3,30.3,4.3,0.5,22.7,22.0,,-1.1,1.2,0.1,0.006,,-0.9,1.4,0.5,0.7,176.0,427.0,0.41200000000000003,4.0,31.0,0.129,172.0,396.0,0.434,0.41700000000000004,55.0,87.0,0.632,45.0,100.0,145.0,245.0,101.0,9.0,137.0,124.0,411.0
NJN,8188,1986.0,Micheal Ray,PG,30.0,82.0,82.0,3127.0,19.8,0.513,0.11,0.271,7.8,12.1,8.7,30.5,3.7,0.9,20.2,24.0,,4.5,4.2,8.7,0.134,,3.5,2.7,5.1,5.6,690.0,1470.0,0.469,29.0,115.0,0.252,661.0,1355.0,0.488,0.479,240.0,313.0,0.7879999999999999,156.0,301.0,457.0,669.0,243.0,22.0,249.0,277.0,1649.0
NYK,6729,1982.0,Micheal Ray,SG,26.0,82.0,79.0,3175.0,17.8,0.517,0.10300000000000001,0.318,6.9,14.9,10.6,34.1,3.9,0.8,22.9,23.9,,2.4,4.7,6.9,0.10400000000000001,,1.9,2.7,4.5,5.2,619.0,1343.0,0.47200000000000003,27.0,110.0,0.245,600.0,1242.0,0.498,0.485,224.0,338.0,0.7,177.0,388.0,565.0,832.0,265.0,41.0,359.0,317.0,1469.0
TOT,7107,1983.0,Micheal Ray,PG,27.0,64.0,51.0,2076.0,13.9,0.45399999999999996,0.063,0.2,6.0,9.8,7.9,28.2,4.0,0.7,21.6,21.4,,-1.1,3.2,2.0,0.047,,-0.3,2.0,1.7,1.9,346.0,815.0,0.425,8.0,51.0,0.157,338.0,764.0,0.442,0.429,106.0,163.0,0.65,113.0,182.0,295.0,432.0,182.0,24.0,244.0,240.0,806.0
