Tm,Unnamed: 0,Year,Player,Pos,Age,G,GS,MP,PER,TS%,3PAr,FTr,ORB%,DRB%,TRB%,AST%,STL%,BLK%,TOV%,USG%,blanl,OWS,DWS,WS,WS/48,blank2,OBPM,DBPM,BPM,VORP,FG,FGA,FG%,3P,3PA,3P%,2P,2PA,2P%,eFG%,FT,FTA,FT%,ORB,DRB,TRB,AST,STL,BLK,TOV,PF,PTS
HOU,23563,2016.0,Michael Beasley,PF,27.0,20.0,0.0,363.0,22.5,0.563,0.044000000000000004,0.239,8.8,21.1,14.9,9.1,1.5,2.1,9.6,29.7,,0.6,0.3,1.0,0.128,,-0.8,-2.5,-3.4,-0.1,107.0,205.0,0.522,3.0,9.0,0.33299999999999996,104.0,196.0,0.531,0.529,38.0,49.0,0.7759999999999999,29.0,69.0,98.0,16.0,11.0,9.0,24.0,39.0,255.0
MIA,22914,2015.0,Michael Beasley,SF,26.0,81.0,78.0,2328.0,17.2,0.5589999999999999,0.16,0.252,6.5,20.5,13.1,11.5,1.8,2.2,14.2,27.7,,1.2,3.8,4.6,0.095,,-2.0,0.3,-1.7,0.2,468.0,1040.0,0.499,33.0,102.0,0.40700000000000003,440.0,938.0,0.518,0.528,192.0,241.0,0.8,123.0,375.0,498.0,100.0,80.0,49.0,131.0,221.0,1156.0
MIL,24139,2017.0,Michael Beasley,PF,28.0,56.0,6.0,935.0,17.8,0.584,0.106,0.259,5.0,18.9,12.0,9.9,1.5,2.5,12.7,25.3,,0.8,1.0,1.8,0.09300000000000001,,-1.7,-1.1,-2.9,-0.2,216.0,406.0,0.532,18.0,43.0,0.419,198.0,363.0,0.545,0.5539999999999999,78.0,105.0,0.743,40.0,153.0,193.0,53.0,28.0,27.0,66.0,92.0,528.0
MIN,21166,2012.0,Michael Beasley,SF,23.0,73.0,73.0,2361.0,15.5,0.51,0.203,0.23399999999999999,5.4,17.2,10.6,12.3,1.1,1.7,12.9,28.3,,0.7,1.0,1.7,0.035,,-0.8,-1.4,-2.4,-0.3,561.0,1246.0,0.45,60.0,164.0,0.376,501.0,1082.0,0.46299999999999997,0.483,219.0,291.0,0.753,118.0,291.0,409.0,158.0,54.0,52.0,195.0,222.0,1401.0
PHO,21728,2013.0,Michael Beasley,SF,24.0,75.0,20.0,1554.0,10.8,0.462,0.188,0.16399999999999998,3.7,17.2,10.3,12.5,1.0,1.6,14.9,27.6,,-2.5,1.0,-1.5,-0.047,,-4.4,-1.7,-6.1,-1.6,310.0,766.0,0.405,45.0,144.0,0.313,265.0,622.0,0.426,0.434,94.0,126.0,0.746,52.0,230.0,282.0,111.0,31.0,34.0,144.0,107.0,759.0
