Tm,Unnamed: 0,Year,Player,Pos,Age,G,GS,MP,PER,TS%,3PAr,FTr,ORB%,DRB%,TRB%,AST%,STL%,BLK%,TOV%,USG%,blanl,OWS,DWS,WS,WS/48,blank2,OBPM,DBPM,BPM,VORP,FG,FGA,FG%,3P,3PA,3P%,2P,2PA,2P%,eFG%,FT,FTA,FT%,ORB,DRB,TRB,AST,STL,BLK,TOV,PF,PTS
BOS,21526,2012.0,Mickael Pietrus,SG,29.0,42.0,6.0,921.0,8.5,0.509,0.674,0.115,2.4,13.7,8.3,4.4,1.2,0.8,10.4,16.5,,-0.2,1.4,1.2,0.063,,-1.4,-0.3,-1.6,0.1,104.0,270.0,0.385,61.0,182.0,0.335,43.0,88.0,0.489,0.498,20.0,31.0,0.645,18.0,112.0,130.0,25.0,21.0,10.0,33.0,81.0,289.0
GSW,19173,2008.0,Mickael Pietrus,SF,25.0,72.0,38.0,1937.0,14.2,0.59,0.473,0.40299999999999997,7.2,14.8,9.8,10.2,2.4,2.4,14.0,22.5,,2.0,1.5,3.6,0.10400000000000001,,0.3,0.5,0.3,0.8,286.0,586.0,0.488,93.0,240.0,0.38799999999999996,193.0,346.0,0.5579999999999999,0.5670000000000001,141.0,210.0,0.698,81.0,246.0,327.0,82.0,66.0,55.0,105.0,220.0,801.0
ORL,20957,2011.0,Mickael Pietrus,SG,28.0,75.0,25.0,1687.0,11.9,0.555,0.757,0.258,3.8,12.0,7.5,8.0,1.6,1.4,10.6,18.4,,1.2,2.5,3.6,0.10800000000000001,,0.2,0.7,0.7,1.1,233.0,539.0,0.43200000000000005,116.0,306.0,0.391,117.0,233.0,0.502,0.54,78.0,110.0,0.7090000000000001,44.0,176.0,215.0,65.0,53.0,31.0,69.0,138.0,651.0
PHO,20958,2011.0,Mickael Pietrus,SG,28.0,38.0,4.0,689.0,10.8,0.519,0.596,0.204,1.5,11.2,6.4,5.0,1.4,1.9,8.4,19.5,,0.1,0.4,0.6,0.039,,-0.6,-1.3,-1.9,0.0,98.0,250.0,0.392,51.0,149.0,0.342,47.0,101.0,0.465,0.494,36.0,51.0,0.706,9.0,67.0,76.0,23.0,19.0,18.0,25.0,66.0,283.0
TOR,22094,2013.0,Mickael Pietrus,SF,30.0,19.0,16.0,386.0,6.0,0.47200000000000003,0.653,0.184,1.5,9.7,5.5,3.5,1.7,1.2,13.1,14.7,,-0.3,0.2,0.0,-0.004,,-2.7,-0.9,-3.6,-0.2,34.0,98.0,0.34700000000000003,20.0,64.0,0.313,14.0,34.0,0.41200000000000003,0.449,12.0,18.0,0.667,5.0,31.0,36.0,9.0,12.0,6.0,16.0,33.0,100.0
TOT,20956,2011.0,Mickael Pietrus,SG-SF,28.0,57.0,4.0,1107.0,9.8,0.526,0.647,0.156,1.6,11.5,6.6,4.6,1.3,1.4,9.1,17.6,,0.3,1.0,1.3,0.055,,-0.7,-0.7,-1.4,0.2,143.0,365.0,0.392,85.0,236.0,0.36,58.0,129.0,0.45,0.508,39.0,57.0,0.684,15.0,111.0,126.0,33.0,29.0,21.0,39.0,101.0,410.0
