Tm,Unnamed: 0,Year,Player,Pos,Age,G,GS,MP,PER,TS%,3PAr,FTr,ORB%,DRB%,TRB%,AST%,STL%,BLK%,TOV%,USG%,blanl,OWS,DWS,WS,WS/48,blank2,OBPM,DBPM,BPM,VORP,FG,FGA,FG%,3P,3PA,3P%,2P,2PA,2P%,eFG%,FT,FTA,FT%,ORB,DRB,TRB,AST,STL,BLK,TOV,PF,PTS
CLE,6549,1982.0,Mike Evans,PG,26.0,8.0,0.0,74.0,7.5,0.35,0.114,0.22899999999999998,2.9,13.0,7.6,38.0,2.6,0.0,22.2,27.6,,-0.3,0.0,-0.2,-0.158,,-5.4,-1.8,-7.2,-0.1,11.0,35.0,0.314,0.0,4.0,0.0,11.0,31.0,0.355,0.314,5.0,8.0,0.625,2.0,8.0,10.0,20.0,4.0,0.0,11.0,10.0,27.0
DEN,8784,1988.0,Mike Evans,SG,32.0,81.0,5.0,1687.0,15.6,0.568,0.29600000000000004,0.23199999999999998,2.3,7.9,4.4,21.4,2.4,0.5,21.4,25.1,,1.9,1.2,2.9,0.098,,1.2,-2.1,-1.5,0.2,334.0,729.0,0.489,57.0,176.0,0.396,281.0,560.0,0.528,0.532,126.0,149.0,0.863,36.0,115.0,138.0,288.0,79.0,12.0,130.0,175.0,817.0
MIL,6548,1982.0,Mike Evans,PG,26.0,71.0,0.0,911.0,11.1,0.501,0.048,0.235,2.7,7.7,5.3,23.1,2.2,0.2,21.0,16.8,,0.6,1.0,1.6,0.08199999999999999,,-2.0,-0.8,-3.6,-0.1,134.0,291.0,0.47100000000000003,2.0,14.0,0.14300000000000002,132.0,277.0,0.49,0.47100000000000003,50.0,64.0,0.7809999999999999,22.0,65.0,87.0,167.0,34.0,4.0,72.0,114.0,320.0
SAS,5833,1980.0,Mike Evans,SG,24.0,79.0,,1246.0,9.8,0.485,0.091,0.183,2.5,6.6,4.6,22.8,2.1,0.4,20.3,19.1,,-0.4,0.5,0.1,0.004,,-2.2,-2.3,-4.5,-0.8,208.0,464.0,0.44799999999999995,12.0,42.0,0.28600000000000003,196.0,422.0,0.46399999999999997,0.461,58.0,85.0,0.682,29.0,78.0,107.0,230.0,60.0,9.0,128.0,194.0,486.0
TOT,6547,1982.0,Mike Evans,PG,26.0,22.0,0.0,270.0,7.3,0.43799999999999994,0.07,0.233,2.1,7.2,4.6,21.0,2.3,0.0,21.5,18.4,,-0.4,0.3,-0.1,-0.013000000000000001,,-4.4,-1.1,-5.5,-0.2,35.0,86.0,0.40700000000000003,0.0,6.0,0.0,35.0,80.0,0.43799999999999994,0.40700000000000003,13.0,20.0,0.65,5.0,17.0,22.0,42.0,13.0,0.0,26.0,36.0,83.0
