Tm,Unnamed: 0,Year,Player,Pos,Age,G,GS,MP,PER,TS%,3PAr,FTr,ORB%,DRB%,TRB%,AST%,STL%,BLK%,TOV%,USG%,blanl,OWS,DWS,WS,WS/48,blank2,OBPM,DBPM,BPM,VORP,FG,FGA,FG%,3P,3PA,3P%,2P,2PA,2P%,eFG%,FT,FTA,FT%,ORB,DRB,TRB,AST,STL,BLK,TOV,PF,PTS
CHI,8211,1986.0,Mike Smrek,C,23.0,38.0,5.0,408.0,6.5,0.401,0.016,0.23800000000000002,12.3,18.4,15.2,6.1,0.7,3.2,17.7,16.3,,-0.5,0.2,-0.2,-0.024,,-4.5,-0.5,-5.0,-0.3,46.0,122.0,0.377,0.0,2.0,0.0,46.0,120.0,0.38299999999999995,0.377,16.0,29.0,0.552,46.0,64.0,110.0,19.0,6.0,23.0,29.0,95.0,108.0
GSW,10837,1992.0,Mike Smrek,C,29.0,13.0,3.0,107.0,14.6,0.5489999999999999,0.0,0.364,13.2,35.8,18.2,6.1,3.7,5.7,25.3,23.6,,0.0,0.1,0.1,0.111,,-0.6,0.9,-2.2,0.0,10.0,24.0,0.545,0.0,0.0,,10.0,24.0,0.545,0.545,2.0,6.0,0.5,11.0,23.0,34.0,1.0,4.0,11.0,9.0,18.0,21.0
LAC,10372,1991.0,Mike Smrek,C,28.0,10.0,0.0,70.0,2.1,0.256,0.0,0.5,6.1,23.5,14.6,5.3,0.7,2.6,4.9,11.9,,-0.1,0.1,0.0,-0.015,,-8.6,0.9,-7.7,-0.1,3.0,16.0,0.188,0.0,0.0,,3.0,16.0,0.188,0.188,4.0,8.0,0.5,4.0,15.0,19.0,3.0,1.0,3.0,1.0,18.0,10.0
LAL,9013,1988.0,Mike Smrek,C,25.0,48.0,3.0,421.0,7.7,0.535,0.0,0.6409999999999999,7.6,14.9,11.4,2.6,0.8,5.6,21.1,16.1,,-0.1,0.6,0.4,0.047,,-4.8,0.9,-4.6,-0.2,44.0,103.0,0.5,0.0,0.0,,44.0,103.0,0.5,0.5,44.0,66.0,0.667,27.0,58.0,85.0,8.0,7.0,42.0,30.0,105.0,132.0
SAS,9456,1989.0,Mike Smrek,PF,26.0,43.0,18.0,623.0,9.0,0.518,0.0,0.49700000000000005,7.1,16.1,11.4,2.5,1.0,5.6,20.5,14.6,,-0.3,0.7,0.4,0.031,,-5.7,1.1,-4.6,-0.4,72.0,153.0,0.47100000000000003,0.0,0.0,,72.0,153.0,0.47100000000000003,0.47100000000000003,49.0,76.0,0.645,42.0,87.0,129.0,12.0,13.0,58.0,48.0,102.0,193.0
TOT,10370,1991.0,Mike Smrek,C,28.0,15.0,0.0,95.0,5.4,0.37200000000000005,0.0,0.444,7.9,21.9,14.8,5.5,1.5,1.9,8.5,15.0,,-0.1,0.1,0.0,0.018000000000000002,,-6.5,0.2,-6.2,-0.1,9.0,27.0,0.33299999999999996,0.0,0.0,,9.0,27.0,0.33299999999999996,0.33299999999999996,6.0,12.0,0.5,7.0,19.0,26.0,4.0,3.0,3.0,3.0,27.0,24.0
