Tm,Unnamed: 0,Year,Player,Pos,Age,G,GS,MP,PER,TS%,3PAr,FTr,ORB%,DRB%,TRB%,AST%,STL%,BLK%,TOV%,USG%,blanl,OWS,DWS,WS,WS/48,blank2,OBPM,DBPM,BPM,VORP,FG,FGA,FG%,3P,3PA,3P%,2P,2PA,2P%,eFG%,FT,FTA,FT%,ORB,DRB,TRB,AST,STL,BLK,TOV,PF,PTS
DET,12147,1995.0,Mike Peplowski,C,24.0,6.0,0.0,21.0,15.2,0.935,0.0,0.4,5.5,11.2,8.4,8.9,2.5,0.0,25.4,16.8,,0.0,0.0,0.1,0.142,,2.2,-2.0,0.2,0.0,5.0,5.0,1.0,0.0,0.0,,5.0,5.0,1.0,1.0,1.0,2.0,0.5,1.0,2.0,3.0,1.0,1.0,0.0,2.0,10.0,11.0
MIL,12650,1996.0,Mike Peplowski,C,25.0,5.0,0.0,12.0,19.2,0.5539999999999999,0.0,0.6,10.0,31.2,20.4,16.1,4.4,12.8,24.0,31.7,,0.0,0.0,0.0,0.048,,-4.2,8.4,4.2,0.0,3.0,5.0,0.6,0.0,0.0,,3.0,5.0,0.6,0.6,1.0,3.0,0.33299999999999996,1.0,3.0,4.0,1.0,1.0,2.0,2.0,6.0,7.0
SAC,11702,1994.0,Mike Peplowski,C,23.0,55.0,19.0,667.0,9.6,0.5489999999999999,0.006999999999999999,0.312,7.9,20.1,13.8,5.2,1.3,2.4,17.5,12.3,,0.3,0.7,0.9,0.066,,-3.7,0.6,-3.1,-0.2,76.0,141.0,0.539,0.0,1.0,0.0,76.0,140.0,0.5429999999999999,0.539,24.0,44.0,0.545,49.0,120.0,169.0,24.0,17.0,25.0,34.0,131.0,176.0
TOT,12648,1996.0,Mike Peplowski,C,25.0,7.0,0.0,17.0,9.8,0.5539999999999999,0.0,0.6,7.1,22.0,14.4,11.3,3.1,9.1,24.0,22.4,,0.0,0.0,0.0,0.036000000000000004,,-4.6,5.9,1.4,0.0,3.0,5.0,0.6,0.0,0.0,,3.0,5.0,0.6,0.6,1.0,3.0,0.33299999999999996,1.0,3.0,4.0,1.0,1.0,2.0,2.0,10.0,7.0
WSB,12649,1996.0,Mike Peplowski,C,25.0,2.0,0.0,5.0,-12.5,,,,0.0,0.0,0.0,0.0,0.0,0.0,,0.0,,0.0,0.0,0.0,0.01,,-5.5,0.2,-5.4,0.0,0.0,0.0,,0.0,0.0,,0.0,0.0,,,0.0,0.0,,0.0,0.0,0.0,0.0,0.0,0.0,0.0,4.0,0.0
