Tm,Unnamed: 0,Year,Player,Pos,Age,G,GS,MP,PER,TS%,3PAr,FTr,ORB%,DRB%,TRB%,AST%,STL%,BLK%,TOV%,USG%,blanl,OWS,DWS,WS,WS/48,blank2,OBPM,DBPM,BPM,VORP,FG,FGA,FG%,3P,3PA,3P%,2P,2PA,2P%,eFG%,FT,FTA,FT%,ORB,DRB,TRB,AST,STL,BLK,TOV,PF,PTS
MEM,16034,2003.0,Mike Batiste,PF,25.0,75.0,2.0,1248.0,12.2,0.47600000000000003,0.17300000000000001,0.188,7.5,15.6,11.6,6.9,1.7,0.9,12.0,20.7,,0.0,0.7,0.8,0.028999999999999998,,-2.2,-1.7,-3.9,-0.6,197.0,467.0,0.42200000000000004,18.0,81.0,0.222,179.0,386.0,0.46399999999999997,0.441,69.0,88.0,0.784,82.0,175.0,257.0,52.0,42.0,16.0,69.0,120.0,481.0
