Tm,Unnamed: 0,Year,Player,Pos,Age,G,GS,MP,PER,TS%,3PAr,FTr,ORB%,DRB%,TRB%,AST%,STL%,BLK%,TOV%,USG%,blanl,OWS,DWS,WS,WS/48,blank2,OBPM,DBPM,BPM,VORP,FG,FGA,FG%,3P,3PA,3P%,2P,2PA,2P%,eFG%,FT,FTA,FT%,ORB,DRB,TRB,AST,STL,BLK,TOV,PF,PTS
CHH,9717,1990.0,Mike Holton,PG,28.0,67.0,60.0,1696.0,12.3,0.539,0.027999999999999997,0.284,1.9,5.2,3.4,33.8,1.9,0.4,32.6,16.6,,0.9,0.4,1.3,0.038,,-1.6,-2.4,-4.1,-0.3,215.0,504.0,0.5379999999999999,3.0,14.0,0.214,212.0,490.0,0.5379999999999999,0.5379999999999999,120.0,143.0,0.8390000000000001,30.0,75.0,105.0,424.0,66.0,12.0,119.0,165.0,553.0
CHI,8064,1986.0,Mike Holton,PG,24.0,24.0,0.0,447.0,11.6,0.498,0.065,0.245,2.4,5.3,3.8,15.1,2.5,0.0,11.8,17.7,,0.3,0.1,0.4,0.04,,-0.8,-2.1,-2.9,-0.1,73.0,155.0,0.47100000000000003,1.0,10.0,0.1,72.0,145.0,0.49700000000000005,0.474,24.0,38.0,0.632,10.0,20.0,30.0,48.0,23.0,0.0,23.0,40.0,171.0
PHO,8063,1986.0,Mike Holton,SG,24.0,74.0,59.0,1761.0,8.9,0.49700000000000005,0.1,0.3,2.0,6.5,4.2,15.2,1.6,0.2,16.4,17.4,,-0.2,1.4,0.8,0.023,,-3.0,-0.9,-3.9,-0.2,257.0,576.0,0.446,14.0,45.0,0.311,243.0,531.0,0.45799999999999996,0.45799999999999996,96.0,118.0,0.8140000000000001,30.0,102.0,132.0,198.0,59.0,6.0,123.0,141.0,624.0
POR,8840,1988.0,Mike Holton,PG,26.0,82.0,2.0,1279.0,11.4,0.532,0.135,0.365,4.2,8.4,6.3,20.6,1.5,0.4,17.4,19.4,,1.3,1.1,2.3,0.087,,-1.3,-0.9,-2.2,0.0,163.0,353.0,0.462,7.0,23.0,0.304,160.0,338.0,0.473,0.466,107.0,129.0,0.8290000000000001,50.0,99.0,149.0,211.0,41.0,10.0,86.0,154.0,436.0
TOT,8062,1986.0,Mike Holton,PG-SG,24.0,28.0,0.0,512.0,10.1,0.47100000000000003,0.069,0.251,2.4,5.0,3.6,14.8,2.3,0.0,12.2,17.5,,0.0,0.2,0.2,0.019,,-1.8,-2.2,-4.0,-0.3,77.0,175.0,0.44,1.0,12.0,0.083,76.0,163.0,0.466,0.44299999999999995,28.0,44.0,0.636,11.0,22.0,33.0,55.0,25.0,0.0,27.0,47.0,183.0
