Tm,Unnamed: 0,Year,Player,Pos,Age,G,GS,MP,PER,TS%,3PAr,FTr,ORB%,DRB%,TRB%,AST%,STL%,BLK%,TOV%,USG%,blanl,OWS,DWS,WS,WS/48,blank2,OBPM,DBPM,BPM,VORP,FG,FGA,FG%,3P,3PA,3P%,2P,2PA,2P%,eFG%,FT,FTA,FT%,ORB,DRB,TRB,AST,STL,BLK,TOV,PF,PTS
BOS,15859,2002.0,Milt Palacio,PG,23.0,58.0,6.0,1141.0,12.3,0.556,0.252,0.37799999999999995,2.4,9.1,5.3,22.5,2.2,0.5,20.6,16.0,,1.1,0.7,1.8,0.076,,-1.8,-0.5,-3.5,-0.2,126.0,267.0,0.47200000000000003,12.0,36.0,0.353,114.0,231.0,0.494,0.494,78.0,92.0,0.848,25.0,77.0,102.0,151.0,48.0,3.0,80.0,83.0,342.0
CLE,16339,2003.0,Milt Palacio,PG,24.0,80.0,46.0,1976.0,8.2,0.466,0.095,0.22399999999999998,2.7,10.8,6.7,20.6,1.8,0.6,23.5,12.2,,-0.6,0.8,0.2,0.004,,-3.6,-0.7,-4.3,-1.1,162.0,388.0,0.418,8.0,37.0,0.21600000000000003,154.0,351.0,0.439,0.428,65.0,87.0,0.747,48.0,187.0,235.0,259.0,68.0,16.0,131.0,168.0,397.0
PHO,15860,2002.0,Milt Palacio,SG,23.0,28.0,1.0,272.0,8.2,0.44299999999999995,0.08900000000000001,0.29100000000000004,1.2,8.4,4.8,15.9,1.7,0.3,15.2,17.3,,-0.1,0.2,0.1,0.011000000000000001,,-4.7,-1.5,-6.2,-0.3,30.0,79.0,0.38,1.0,7.0,0.14300000000000002,29.0,72.0,0.40299999999999997,0.386,18.0,23.0,0.7829999999999999,3.0,20.0,23.0,29.0,9.0,1.0,16.0,23.0,79.0
TOR,17473,2005.0,Milt Palacio,PG,26.0,80.0,13.0,1533.0,12.5,0.507,0.087,0.395,1.9,8.3,4.9,28.8,1.9,0.7,21.0,16.8,,1.0,1.3,1.7,0.054000000000000006,,-2.2,-0.5,-4.0,-0.8,175.0,392.0,0.446,4.0,26.0,0.16699999999999998,173.0,380.0,0.455,0.449,115.0,155.0,0.742,26.0,108.0,134.0,279.0,48.0,13.0,104.0,126.0,467.0
TOT,15858,2002.0,Milt Palacio,PG-SG,23.0,69.0,1.0,790.0,9.7,0.46799999999999997,0.192,0.34600000000000003,1.5,8.9,5.1,16.5,2.0,0.4,14.0,16.4,,0.0,0.8,0.8,0.05,,-3.8,-0.9,-4.6,-0.5,82.0,214.0,0.38299999999999995,13.0,41.0,0.317,69.0,173.0,0.39899999999999997,0.414,54.0,74.0,0.73,11.0,62.0,73.0,83.0,30.0,4.0,40.0,61.0,231.0
UTA,18045,2006.0,Milt Palacio,PG,27.0,71.0,18.0,1376.0,9.9,0.47,0.04,0.37200000000000005,1.5,10.4,5.9,24.4,1.9,0.8,19.0,19.5,,-0.9,1.1,0.2,0.008,,-3.7,-1.3,-5.1,-1.1,171.0,403.0,0.424,1.0,16.0,0.063,170.0,387.0,0.439,0.426,98.0,150.0,0.653,17.0,117.0,134.0,190.0,47.0,14.0,110.0,125.0,441.0
VAN,14820,2000.0,Milt Palacio,PG,21.0,53.0,0.0,394.0,8.8,0.473,0.02,0.37799999999999995,5.1,10.4,7.7,19.7,2.7,0.0,27.8,18.3,,-0.5,0.2,-0.3,-0.040999999999999995,,-4.7,-1.2,-5.9,-0.4,43.0,98.0,0.439,0.0,2.0,0.0,43.0,96.0,0.44799999999999995,0.439,22.0,37.0,0.595,17.0,34.0,51.0,48.0,20.0,0.0,44.0,32.0,108.0
