Tm,Unnamed: 0,Year,Player,Pos,Age,G,GS,MP,PER,TS%,3PAr,FTr,ORB%,DRB%,TRB%,AST%,STL%,BLK%,TOV%,USG%,blanl,OWS,DWS,WS,WS/48,blank2,OBPM,DBPM,BPM,VORP,FG,FGA,FG%,3P,3PA,3P%,2P,2PA,2P%,eFG%,FT,FTA,FT%,ORB,DRB,TRB,AST,STL,BLK,TOV,PF,PTS
ATL,3571,1972.0,Milt Williams,PG,26.0,10.0,,127.0,14.3,0.509,,0.547,,,1.5,22.5,,,,,,0.2,0.1,0.2,0.08800000000000001,,,,,,23.0,53.0,0.434,,,,23.0,53.0,0.434,0.434,21.0,29.0,0.7240000000000001,,,4.0,20.0,,,,18.0,67.0
NYK,3304,1971.0,Milt Williams,PG,25.0,5.0,,13.0,11.4,0.862,,3.0,,,0.0,18.3,,,,,,0.1,0.0,0.1,0.266,,,,,,1.0,1.0,1.0,,,,1.0,1.0,1.0,1.0,2.0,3.0,0.667,,,0.0,2.0,,,,3.0,4.0
SEA,4087,1974.0,Milt Williams,PG,28.0,53.0,,505.0,11.9,0.467,,0.423,3.5,5.6,4.5,26.0,2.2,0.0,,,,0.1,0.3,0.4,0.036000000000000004,,-1.4,-2.0,-3.4,-0.2,62.0,149.0,0.41600000000000004,,,,62.0,149.0,0.41600000000000004,0.41600000000000004,41.0,63.0,0.6509999999999999,19.0,28.0,47.0,103.0,25.0,0.0,,82.0,165.0
