Tm,Unnamed: 0,Year,Player,Pos,Age,G,GS,MP,PER,TS%,3PAr,FTr,ORB%,DRB%,TRB%,AST%,STL%,BLK%,TOV%,USG%,blanl,OWS,DWS,WS,WS/48,blank2,OBPM,DBPM,BPM,VORP,FG,FGA,FG%,3P,3PA,3P%,2P,2PA,2P%,eFG%,FT,FTA,FT%,ORB,DRB,TRB,AST,STL,BLK,TOV,PF,PTS
GSW,10331,1991.0,Mitch Richmond*,SG,25.0,79.0,79.0,3027.0,17.8,0.5760000000000001,0.081,0.365,5.8,11.4,8.6,17.6,1.9,0.7,14.3,26.2,,5.2,1.9,7.1,0.113,,1.9,-0.8,1.0,2.3,703.0,1424.0,0.49700000000000005,40.0,115.0,0.36700000000000005,663.0,1309.0,0.508,0.51,410.0,506.0,0.866,158.0,310.0,468.0,334.0,126.0,34.0,269.0,223.0,1840.0
LAL,15896,2002.0,Mitch Richmond*,SG,36.0,64.0,2.0,709.0,10.7,0.488,0.251,0.17800000000000002,2.2,12.3,7.3,12.3,1.3,0.6,13.1,19.4,,0.1,0.8,0.9,0.062,,-2.7,-1.4,-4.0,-0.4,100.0,247.0,0.405,18.0,62.0,0.29,82.0,185.0,0.44299999999999995,0.441,42.0,44.0,0.955,14.0,80.0,94.0,57.0,18.0,6.0,40.0,61.0,260.0
SAC,13792,1998.0,Mitch Richmond*,SG,32.0,82.0,82.0,3172.0,21.6,0.591,0.376,0.386,2.6,10.4,6.6,21.3,2.2,0.7,13.1,29.4,,8.7,3.1,10.8,0.166,,5.2,-0.7,3.3,4.2,717.0,1578.0,0.474,225.0,515.0,0.43700000000000006,582.0,1197.0,0.495,0.529,457.0,531.0,0.866,70.0,288.0,357.0,411.0,125.0,34.0,247.0,233.0,2095.0
WAS,15386,2001.0,Mitch Richmond*,SG,35.0,74.0,69.0,2397.0,16.5,0.536,0.275,0.365,1.8,9.2,5.2,16.6,2.4,0.4,12.8,25.7,,3.8,1.4,5.2,0.10400000000000001,,1.9,-1.4,0.5,1.5,447.0,1049.0,0.426,93.0,241.0,0.386,354.0,808.0,0.44799999999999995,0.47,298.0,340.0,0.894,37.0,176.0,213.0,185.0,110.0,13.0,154.0,191.0,1285.0
