Tm,Unnamed: 0,Year,Player,Pos,Age,G,GS,MP,PER,TS%,3PAr,FTr,ORB%,DRB%,TRB%,AST%,STL%,BLK%,TOV%,USG%,blanl,OWS,DWS,WS,WS/48,blank2,OBPM,DBPM,BPM,VORP,FG,FGA,FG%,3P,3PA,3P%,2P,2PA,2P%,eFG%,FT,FTA,FT%,ORB,DRB,TRB,AST,STL,BLK,TOV,PF,PTS
NYK,4836,1977.0,Mo Layton,SG,28.0,56.0,,765.0,14.5,0.527,,0.264,1.5,4.8,3.2,26.8,1.2,0.4,,,,0.7,0.4,1.1,0.068,,0.0,-3.2,-3.2,-0.2,134.0,277.0,0.484,,,,134.0,277.0,0.484,0.484,58.0,73.0,0.795,11.0,36.0,47.0,154.0,21.0,6.0,,87.0,326.0
PHO,3709,1973.0,Mo Layton,SG,24.0,80.0,,1849.0,12.5,0.47700000000000004,,0.27399999999999997,,,4.2,19.4,,,,,,0.6,1.9,1.9,0.05,,,,,,304.0,717.0,0.431,,,,304.0,717.0,0.431,0.431,122.0,165.0,0.7559999999999999,,,164.0,247.0,,,,219.0,730.0
POR,3972,1974.0,Mo Layton,PG,25.0,22.0,,327.0,12.0,0.502,,0.23199999999999998,2.1,8.3,5.2,21.1,1.2,0.2,,,,0.1,0.0,0.1,0.018000000000000002,,-1.7,-3.3,-5.0,-0.2,55.0,112.0,0.491,,,,55.0,112.0,0.491,0.491,14.0,26.0,0.5379999999999999,7.0,26.0,33.0,51.0,9.0,1.0,,45.0,124.0
SAS,5211,1978.0,Mo Layton,PG,29.0,41.0,,498.0,11.6,0.524,,0.077,0.9,5.6,3.4,27.5,1.9,0.4,25.4,18.1,,0.0,0.3,0.3,0.031,,-2.5,-3.1,-5.6,-0.5,85.0,168.0,0.506,,,,85.0,168.0,0.506,0.506,12.0,13.0,0.9229999999999999,4.0,28.0,32.0,108.0,21.0,4.0,59.0,51.0,182.0
