Tm,Unnamed: 0,Year,Player,Pos,Age,G,GS,MP,PER,TS%,3PAr,FTr,ORB%,DRB%,TRB%,AST%,STL%,BLK%,TOV%,USG%,blanl,OWS,DWS,WS,WS/48,blank2,OBPM,DBPM,BPM,VORP,FG,FGA,FG%,3P,3PA,3P%,2P,2PA,2P%,eFG%,FT,FTA,FT%,ORB,DRB,TRB,AST,STL,BLK,TOV,PF,PTS
DEN,14454,1999.0,Monty Williams,SF,27.0,1.0,0.0,6.0,-7.6,0.174,0.0,1.0,0.0,0.0,0.0,0.0,0.0,0.0,0.0,21.7,,0.0,0.0,0.0,-0.341,,-14.0,-7.6,-21.7,0.0,0.0,2.0,0.0,0.0,0.0,,0.0,2.0,0.0,0.0,1.0,2.0,0.5,0.0,0.0,0.0,0.0,0.0,0.0,0.0,0.0,1.0
NYK,12811,1996.0,Monty Williams,SF,24.0,41.0,23.0,503.0,8.4,0.45799999999999996,0.06,0.364,17.7,14.9,16.2,15.3,2.1,0.6,21.5,22.9,,-0.1,0.8,0.3,0.032,,-3.8,1.5,-2.3,0.0,60.0,133.0,0.451,0.0,8.0,0.0,60.0,125.0,0.48,0.451,17.0,38.0,0.625,42.0,56.0,98.0,49.0,20.0,4.0,41.0,87.0,137.0
ORL,15993,2002.0,Monty Williams,SF,30.0,82.0,23.0,1501.0,14.7,0.575,0.036000000000000004,0.37,7.7,14.7,11.1,12.0,2.0,1.0,17.0,20.2,,1.6,1.6,3.1,0.107,,-0.5,0.1,-0.6,0.5,263.0,538.0,0.547,2.0,13.0,0.4,261.0,533.0,0.5529999999999999,0.547,123.0,166.0,0.741,96.0,157.0,250.0,106.0,49.0,17.0,109.0,187.0,651.0
PHI,16474,2003.0,Monty Williams,SF,31.0,21.0,2.0,276.0,12.5,0.489,0.025,0.4,5.0,14.3,9.6,15.0,2.3,1.4,15.3,18.1,,0.1,0.3,0.5,0.08,,-2.4,0.5,-2.0,0.0,34.0,80.0,0.425,0.0,2.0,0.0,34.0,78.0,0.436,0.425,24.0,32.0,0.75,12.0,33.0,45.0,26.0,12.0,5.0,17.0,33.0,92.0
SAS,13945,1998.0,Monty Williams,SF,26.0,72.0,26.0,1345.0,15.6,0.5429999999999999,0.022000000000000002,0.495,10.5,10.5,10.5,12.5,2.2,3.1,20.2,23.7,,0.6,1.9,2.3,0.086,,-1.1,0.7,-1.0,0.3,234.0,460.0,0.509,1.0,2.0,0.5,234.0,459.0,0.51,0.509,122.0,186.0,0.75,98.0,112.0,206.0,91.0,55.0,52.0,116.0,161.0,588.0
TOT,12810,1996.0,Monty Williams,SF,24.0,31.0,0.0,184.0,8.4,0.44299999999999995,0.015,0.294,12.9,12.0,12.4,6.8,1.7,0.8,19.0,23.4,,-0.3,0.3,-0.1,-0.018000000000000002,,-5.8,-1.0,-6.8,-0.2,27.0,68.0,0.397,0.0,1.0,0.0,27.0,67.0,0.40299999999999997,0.397,14.0,20.0,0.7,20.0,20.0,40.0,8.0,6.0,2.0,18.0,26.0,68.0
