Tm,Unnamed: 0,Year,Player,Pos,Age,G,GS,MP,PER,TS%,3PAr,FTr,ORB%,DRB%,TRB%,AST%,STL%,BLK%,TOV%,USG%,blanl,OWS,DWS,WS,WS/48,blank2,OBPM,DBPM,BPM,VORP,FG,FGA,FG%,3P,3PA,3P%,2P,2PA,2P%,eFG%,FT,FTA,FT%,ORB,DRB,TRB,AST,STL,BLK,TOV,PF,PTS
ORL,10882,1992.0,Morlon Wiley,PG,25.0,40.0,2.0,638.0,11.3,0.51,0.221,0.231,2.4,6.7,4.3,29.6,3.3,0.3,22.2,17.8,,-0.2,0.3,0.1,0.015,,-1.7,-1.2,-2.9,-0.2,92.0,208.0,0.442,17.0,46.0,0.5,75.0,162.0,0.46299999999999997,0.483,28.0,38.0,0.737,13.0,39.0,52.0,114.0,45.0,3.0,63.0,65.0,229.0
SAS,10883,1992.0,Morlon Wiley,PG,25.0,3.0,0.0,13.0,12.2,0.6,0.0,0.0,0.0,8.3,4.2,12.3,0.0,0.0,0.0,16.2,,0.0,0.0,0.0,0.162,,-0.4,-3.8,-4.2,0.0,3.0,5.0,0.6,0.0,0.0,,3.0,5.0,0.6,0.6,0.0,0.0,,0.0,1.0,1.0,1.0,0.0,0.0,0.0,3.0,6.0
MIA,11806,1994.0,Morlon Wiley,PG,27.0,4.0,0.0,34.0,4.2,0.43799999999999994,0.5,0.0,0.0,13.4,6.7,28.6,3.0,0.0,42.9,17.7,,-0.1,0.0,-0.1,-0.10400000000000001,,-7.2,-0.9,-8.1,-0.1,3.0,8.0,0.375,1.0,4.0,0.25,2.0,4.0,0.5,0.43799999999999994,0.0,0.0,,0.0,4.0,4.0,7.0,2.0,0.0,6.0,4.0,7.0
ATL,12266,1995.0,Morlon Wiley,PG,28.0,41.0,19.0,767.0,19.7,0.583,0.667,0.188,3.0,28.1,13.7,61.3,3.6,4.4,40.0,26.7,,0.4,0.6,1.1,0.067,,-1.8,2.6,0.3,0.0,71.0,160.0,0.5,15.0,51.0,0.368,57.0,122.0,1.0,0.583,21.0,30.0,0.7,22.0,51.0,73.0,166.0,43.0,3.0,52.0,73.0,177.0
DAL,12265,1995.0,Morlon Wiley,PG,28.0,51.0,13.0,641.0,13.5,0.563,0.6759999999999999,0.14,3.6,9.3,6.4,26.3,5.3,0.9,34.4,16.4,,0.8,0.5,1.1,0.127,,0.9,0.8,-0.8,0.1,70.0,173.0,0.423,39.0,103.0,0.387,40.0,90.0,0.5,0.5539999999999999,13.0,18.0,0.813,20.0,36.0,56.0,100.0,39.0,6.0,51.0,78.0,191.0
TOT,12264,1995.0,Morlon Wiley,PG,28.0,58.0,19.0,995.0,13.8,0.564,0.675,0.18100000000000002,3.0,10.0,5.5,26.6,4.8,0.3,37.0,14.2,,0.7,0.7,1.1,0.124,,0.8,0.4,-0.8,0.1,96.0,254.0,0.43,54.0,154.0,0.38,69.0,151.0,0.526,0.556,24.0,35.0,0.7,29.0,62.0,91.0,181.0,65.0,3.0,80.0,127.0,263.0
