Tm,Unnamed: 0,Year,Player,Pos,Age,G,GS,MP,PER,TS%,3PAr,FTr,ORB%,DRB%,TRB%,AST%,STL%,BLK%,TOV%,USG%,blanl,OWS,DWS,WS,WS/48,blank2,OBPM,DBPM,BPM,VORP,FG,FGA,FG%,3P,3PA,3P%,2P,2PA,2P%,eFG%,FT,FTA,FT%,ORB,DRB,TRB,AST,STL,BLK,TOV,PF,PTS
NYK,19816,2009.0,Mouhamed Sene,C,22.0,1.0,0.0,6.0,32.0,0.615,0.0,0.5,35.3,56.6,45.6,0.0,0.0,12.2,29.1,25.0,,0.0,0.0,0.0,0.207,,-8.4,-4.1,-12.4,0.0,1.0,2.0,0.5,0.0,0.0,,1.0,2.0,0.5,0.5,1.0,1.0,1.0,2.0,3.0,5.0,0.0,0.0,1.0,1.0,0.0,3.0
OKC,19815,2009.0,Mouhamed Sene,C,22.0,5.0,0.0,23.0,33.2,0.7759999999999999,0.0,1.286,14.8,30.6,22.5,0.0,2.2,6.4,21.5,26.8,,0.1,0.0,0.1,0.292,,-1.4,-3.8,-5.2,0.0,5.0,7.0,0.7140000000000001,0.0,0.0,,5.0,7.0,0.7140000000000001,0.7140000000000001,7.0,9.0,0.778,3.0,6.0,9.0,0.0,1.0,2.0,3.0,2.0,17.0
SEA,19213,2008.0,Mouhamed Sene,C,21.0,28.0,3.0,169.0,18.2,0.47600000000000003,0.0,0.708,12.3,20.8,16.0,2.6,0.9,8.1,15.1,22.0,,0.1,0.2,0.2,0.121,,-2.9,-0.8,-3.7,0.0,18.0,49.0,0.45799999999999996,0.0,0.0,,18.0,49.0,0.45799999999999996,0.45799999999999996,17.0,29.0,0.586,16.0,29.0,45.0,1.0,3.0,12.0,11.0,33.0,53.0
TOT,19814,2009.0,Mouhamed Sene,C,22.0,6.0,0.0,29.0,32.9,0.746,0.0,1.111,19.0,35.9,27.3,0.0,1.8,7.6,23.0,26.5,,0.1,0.1,0.2,0.27399999999999997,,-2.9,-3.9,-6.7,0.0,6.0,9.0,0.667,0.0,0.0,,6.0,9.0,0.667,0.667,8.0,10.0,0.8,5.0,9.0,14.0,0.0,1.0,3.0,4.0,2.0,20.0
