Tm,Unnamed: 0,Year,Player,Pos,Age,G,GS,MP,PER,TS%,3PAr,FTr,ORB%,DRB%,TRB%,AST%,STL%,BLK%,TOV%,USG%,blanl,OWS,DWS,WS,WS/48,blank2,OBPM,DBPM,BPM,VORP,FG,FGA,FG%,3P,3PA,3P%,2P,2PA,2P%,eFG%,FT,FTA,FT%,ORB,DRB,TRB,AST,STL,BLK,TOV,PF,PTS
POR,8229,1986.0,Mychal Thompson,PF,31.0,82.0,80.0,3129.0,19.2,0.561,0.002,0.429,10.2,23.4,16.4,17.8,1.5,3.5,18.9,23.3,,4.5,3.9,8.2,0.125,,1.6,2.3,3.6,4.0,681.0,1303.0,0.524,0.0,2.0,0.0,681.0,1303.0,0.525,0.524,307.0,449.0,0.684,258.0,663.0,921.0,380.0,84.0,170.0,281.0,270.0,1642.0
SAS,8614,1987.0,Mychal Thompson,PF,32.0,49.0,6.0,1210.0,14.6,0.49200000000000005,0.002,0.371,8.0,17.6,12.6,10.2,1.2,1.9,11.1,22.9,,0.6,1.0,1.6,0.063,,-2.2,-0.7,-2.9,-0.3,230.0,528.0,0.436,1.0,1.0,1.0,229.0,527.0,0.435,0.43700000000000006,144.0,196.0,0.735,91.0,185.0,276.0,87.0,31.0,41.0,77.0,117.0,605.0
TOT,8613,1987.0,Mychal Thompson,PF,32.0,82.0,7.0,1890.0,13.9,0.506,0.003,0.373,8.1,16.1,12.0,8.5,1.1,2.1,12.6,22.6,,0.8,1.8,2.6,0.066,,-2.4,-0.8,-3.2,-0.6,359.0,797.0,0.45,1.0,2.0,0.5,358.0,795.0,0.45,0.451,219.0,297.0,0.737,138.0,274.0,412.0,115.0,45.0,71.0,134.0,202.0,938.0
LAL,10388,1991.0,Mychal Thompson,PF,36.0,80.0,70.0,2007.0,14.6,0.593,0.009000000000000001,0.441,11.8,17.9,14.5,5.4,1.4,2.5,15.4,22.1,,2.8,2.4,5.2,0.126,,-0.5,0.4,-0.3,0.8,370.0,722.0,0.5589999999999999,0.0,3.0,0.0,370.0,719.0,0.56,0.5589999999999999,185.0,292.0,0.743,198.0,310.0,489.0,66.0,58.0,79.0,113.0,251.0,925.0
