Tm,Unnamed: 0,Year,Player,Pos,Age,G,GS,MP,PER,TS%,3PAr,FTr,ORB%,DRB%,TRB%,AST%,STL%,BLK%,TOV%,USG%,blanl,OWS,DWS,WS,WS/48,blank2,OBPM,DBPM,BPM,VORP,FG,FGA,FG%,3P,3PA,3P%,2P,2PA,2P%,eFG%,FT,FTA,FT%,ORB,DRB,TRB,AST,STL,BLK,TOV,PF,PTS
PHO,4065,1974.0,Neal Walk,C,25.0,82.0,,3114.0,19.1,0.525,,0.442,9.4,23.7,16.6,19.2,1.3,1.1,,,,4.3,3.2,7.1,0.159,,2.6,0.4,3.0,3.2,678.0,1455.0,0.479,,,,678.0,1455.0,0.479,0.479,279.0,355.0,0.7909999999999999,235.0,602.0,1006.0,331.0,73.0,57.0,,323.0,1635.0
NOJ,4335,1975.0,Neal Walk,C,26.0,37.0,,851.0,15.4,0.465,,0.223,8.3,23.0,15.4,18.0,1.5,1.2,,,,0.0,1.0,1.0,0.055,,-0.6,0.9,0.2,0.5,151.0,358.0,0.42200000000000004,,,,151.0,358.0,0.42200000000000004,0.42200000000000004,64.0,80.0,0.8,73.0,189.0,262.0,101.0,30.0,20.0,,122.0,366.0
TOT,4334,1975.0,Neal Walk,C,26.0,67.0,,1125.0,14.8,0.46399999999999997,,0.222,7.9,23.0,15.2,16.5,1.5,1.1,,,,-0.1,1.3,1.2,0.053,,-1.0,0.3,-0.7,0.4,198.0,473.0,0.419,,,,198.0,473.0,0.419,0.419,86.0,105.0,0.8190000000000001,91.0,248.0,339.0,123.0,37.0,23.0,,177.0,482.0
NYK,4965,1977.0,Neal Walk,C,28.0,82.0,,1340.0,14.5,0.516,,0.217,7.4,22.8,14.9,13.2,1.3,1.2,,,,0.2,1.5,1.7,0.07,,-1.1,-0.5,-1.6,0.1,262.0,607.0,0.491,,,,262.0,607.0,0.491,0.491,79.0,99.0,0.88,98.0,291.0,389.0,119.0,26.0,22.0,,209.0,603.0
