Tm,Unnamed: 0,Year,Player,Pos,Age,G,GS,MP,PER,TS%,3PAr,FTr,ORB%,DRB%,TRB%,AST%,STL%,BLK%,TOV%,USG%,blanl,OWS,DWS,WS,WS/48,blank2,OBPM,DBPM,BPM,VORP,FG,FGA,FG%,3P,3PA,3P%,2P,2PA,2P%,eFG%,FT,FTA,FT%,ORB,DRB,TRB,AST,STL,BLK,TOV,PF,PTS
PHO,11605,1994.0,Negele Knight,PG,26.0,64.0,35.0,888.0,12.1,0.51,0.081,0.38299999999999995,3.6,6.7,4.9,32.6,1.8,7.9,19.6,22.4,,0.0,0.6,0.6,0.04,,-1.9,-2.0,-4.3,0.0,131.0,317.0,0.475,6.0,25.0,0.308,125.0,310.0,0.485,0.484,71.0,118.0,0.779,28.0,51.0,71.0,191.0,24.0,7.0,76.0,83.0,339.0
SAS,11606,1994.0,Negele Knight,PG,26.0,64.0,18.0,1430.0,13.9,0.541,0.045,0.369,2.3,5.6,4.1,21.3,1.3,0.5,14.7,20.1,,2.2,1.0,3.3,0.109,,-0.3,-2.1,-2.4,-0.1,224.0,471.0,0.47600000000000003,4.0,21.0,0.19,220.0,450.0,0.489,0.48,141.0,174.0,0.81,28.0,75.0,103.0,197.0,34.0,10.0,94.0,120.0,593.0
DET,12063,1995.0,Negele Knight,PG,27.0,44.0,17.0,665.0,8.9,0.435,0.141,0.106,3.5,6.7,5.1,26.5,1.5,0.6,17.8,17.1,,-0.4,0.1,-0.3,-0.022000000000000002,,-3.9,-3.0,-6.9,-0.8,78.0,199.0,0.392,11.0,28.0,0.39299999999999996,67.0,171.0,0.392,0.42,14.0,21.0,0.667,20.0,38.0,58.0,116.0,20.0,5.0,45.0,65.0,181.0
POR,12062,1995.0,Negele Knight,PG,27.0,3.0,0.0,43.0,15.0,0.537,0.0,0.267,2.5,5.5,3.9,39.1,1.2,0.0,19.3,20.4,,0.1,0.0,0.1,0.11900000000000001,,-1.5,-4.2,-5.6,0.0,7.0,15.0,0.467,0.0,0.0,,7.0,15.0,0.467,0.467,4.0,4.0,1.0,1.0,2.0,3.0,11.0,1.0,0.0,4.0,5.0,18.0
TOT,12061,1995.0,Negele Knight,PG,27.0,65.0,18.0,1438.0,13.8,0.539,0.131,0.366,3.4,6.7,5.0,27.3,1.5,0.5,17.9,20.1,,2.2,1.0,3.2,0.10800000000000001,,-0.4,-2.1,-2.4,-0.2,225.0,475.0,0.474,11.0,28.0,0.39299999999999996,221.0,454.0,0.48700000000000004,0.478,141.0,174.0,0.81,28.0,75.0,103.0,197.0,34.0,11.0,94.0,121.0,595.0
TOR,14212,1999.0,Negele Knight,PG,31.0,6.0,0.0,56.0,2.4,0.41,0.125,0.5,2.0,10.5,6.2,22.5,1.0,0.0,41.8,13.6,,-0.1,0.0,-0.1,-0.11199999999999999,,-7.7,-2.9,-10.6,-0.1,3.0,8.0,0.375,0.0,1.0,0.0,3.0,7.0,0.429,0.375,2.0,4.0,0.5,1.0,5.0,6.0,8.0,1.0,0.0,7.0,5.0,8.0
