Tm,Unnamed: 0,Year,Player,Pos,Age,G,GS,MP,PER,TS%,3PAr,FTr,ORB%,DRB%,TRB%,AST%,STL%,BLK%,TOV%,USG%,blanl,OWS,DWS,WS,WS/48,blank2,OBPM,DBPM,BPM,VORP,FG,FGA,FG%,3P,3PA,3P%,2P,2PA,2P%,eFG%,FT,FTA,FT%,ORB,DRB,TRB,AST,STL,BLK,TOV,PF,PTS
NYK,2563,1968.0,Neil Johnson,PF,24.0,51.0,,522.0,10.5,0.43700000000000006,,0.503,,,,14.9,,,,,,-0.1,0.3,0.2,0.032,,,,,,59.0,171.0,0.415,,,,59.0,171.0,0.415,0.415,57.0,86.0,0.6629999999999999,,,167.0,38.0,,,,102.0,175.0
PHO,2953,1970.0,Neil Johnson,PF,26.0,80.0,,1319.0,13.1,0.52,,0.48100000000000004,,,,13.4,,,,,,1.7,0.5,2.2,0.08,,,,,,177.0,368.0,0.48100000000000004,,,,177.0,368.0,0.48100000000000004,0.48100000000000004,110.0,177.0,0.667,,,396.0,134.0,,,,214.0,464.0
