Tm,Unnamed: 0,Year,Player,Pos,Age,G,GS,MP,PER,TS%,3PAr,FTr,ORB%,DRB%,TRB%,AST%,STL%,BLK%,TOV%,USG%,blanl,OWS,DWS,WS,WS/48,blank2,OBPM,DBPM,BPM,VORP,FG,FGA,FG%,3P,3PA,3P%,2P,2PA,2P%,eFG%,FT,FTA,FT%,ORB,DRB,TRB,AST,STL,BLK,TOV,PF,PTS
GSW,3424,1972.0,Nick Jones,SG,26.0,65.0,,478.0,9.7,0.48200000000000004,,0.311,,,3.6,13.2,,,,,,0.2,0.5,0.7,0.073,,,,,,82.0,196.0,0.418,,,,82.0,196.0,0.418,0.418,51.0,61.0,0.836,,,39.0,45.0,,,,109.0,215.0
SDR,2565,1968.0,Nick Jones,PG,22.0,42.0,,603.0,9.9,0.433,,0.297,,,,19.4,,,,,,-0.3,0.5,0.2,0.013000000000000001,,,,,,86.0,232.0,0.371,,,,86.0,232.0,0.371,0.371,55.0,69.0,0.797,,,67.0,89.0,,,,84.0,227.0
SFW,3189,1971.0,Nick Jones,SG,25.0,81.0,,1183.0,11.4,0.47600000000000003,,0.289,,,4.1,13.9,,,,,,0.5,0.7,1.3,0.051,,,,,,225.0,523.0,0.43,,,,225.0,523.0,0.43,0.43,111.0,151.0,0.735,,,110.0,113.0,,,,192.0,561.0
