Tm,Unnamed: 0,Year,Player,Pos,Age,G,GS,MP,PER,TS%,3PAr,FTr,ORB%,DRB%,TRB%,AST%,STL%,BLK%,TOV%,USG%,blanl,OWS,DWS,WS,WS/48,blank2,OBPM,DBPM,BPM,VORP,FG,FGA,FG%,3P,3PA,3P%,2P,2PA,2P%,eFG%,FT,FTA,FT%,ORB,DRB,TRB,AST,STL,BLK,TOV,PF,PTS
CHI,5339,1978.0,Norm Van,PG,30.0,82.0,,3097.0,16.8,0.524,,0.48,4.3,9.8,7.6,30.5,2.7,0.5,25.7,12.4,,3.1,5.7,8.1,0.18100000000000002,,1.6,1.5,3.0,3.6,474.0,1064.0,0.456,,,,474.0,1064.0,0.456,0.456,288.0,370.0,0.792,138.0,272.0,438.0,636.0,162.0,26.0,200.0,298.0,1142.0
CIN,3549,1972.0,Norm Van,SG,24.0,82.0,,3324.0,16.2,0.494,,0.387,,,10.5,30.7,,,,,,3.0,3.0,6.0,0.086,,,,,,478.0,1138.0,0.42,,,,478.0,1138.0,0.42,0.42,359.0,440.0,0.816,,,583.0,832.0,,,,343.0,1315.0
MIL,5695,1979.0,Norm Van,PG,31.0,38.0,,555.0,11.0,0.536,,0.675,1.6,6.4,4.0,30.7,3.5,0.3,32.9,10.4,,0.5,0.6,1.1,0.09300000000000001,,-2.4,-0.7,-3.2,-0.2,30.0,77.0,0.39,,,,30.0,77.0,0.39,0.39,47.0,52.0,0.904,8.0,32.0,40.0,158.0,43.0,3.0,49.0,108.0,107.0
TOT,3548,1972.0,Norm Van,PG,24.0,79.0,,2415.0,16.0,0.507,,0.39399999999999996,,,7.1,29.8,,,,,,2.6,5.1,7.7,0.152,,,,,,334.0,761.0,0.439,,,,334.0,761.0,0.439,0.439,237.0,300.0,0.79,,,357.0,542.0,,,,239.0,905.0
