Tm,Unnamed: 0,Year,Player,Pos,Age,G,GS,MP,PER,TS%,3PAr,FTr,ORB%,DRB%,TRB%,AST%,STL%,BLK%,TOV%,USG%,blanl,OWS,DWS,WS,WS/48,blank2,OBPM,DBPM,BPM,VORP,FG,FGA,FG%,3P,3PA,3P%,2P,2PA,2P%,eFG%,FT,FTA,FT%,ORB,DRB,TRB,AST,STL,BLK,TOV,PF,PTS
MIA,22982,2015.0,Norris Cole,PG,26.0,82.0,23.0,2014.0,9.9,0.49700000000000005,0.348,0.18899999999999997,2.1,9.8,5.7,22.9,2.0,0.6,19.3,21.8,,-0.1,1.7,1.2,0.028999999999999998,,-2.1,-0.8,-2.9,-0.3,207.0,500.0,0.42100000000000004,60.0,174.0,0.35700000000000004,156.0,374.0,0.451,0.474,66.0,85.0,0.779,21.0,143.0,160.0,248.0,77.0,8.0,127.0,156.0,527.0
NOP,23614,2016.0,Norris Cole,PG,27.0,45.0,23.0,1198.0,12.6,0.52,0.294,0.139,0.9,13.5,7.0,22.0,1.5,0.8,13.3,21.7,,0.5,0.5,0.7,0.052000000000000005,,-0.5,-1.4,-3.1,-0.2,196.0,484.0,0.444,33.0,102.0,0.37799999999999995,163.0,382.0,0.47200000000000003,0.5,52.0,65.0,0.8,10.0,141.0,151.0,167.0,37.0,7.0,75.0,102.0,477.0
OKC,24198,2017.0,Norris Cole,PG,28.0,13.0,0.0,125.0,5.4,0.381,0.25,0.192,0.0,9.8,4.9,16.3,3.1,0.0,11.0,21.5,,-0.2,0.2,-0.1,-0.033,,-6.5,-1.7,-8.2,-0.2,16.0,52.0,0.308,3.0,13.0,0.231,13.0,39.0,0.33299999999999996,0.337,8.0,10.0,0.8,0.0,11.0,11.0,14.0,8.0,0.0,7.0,18.0,43.0
TOT,22981,2015.0,Norris Cole,PG,26.0,75.0,25.0,1831.0,10.9,0.483,0.315,0.145,0.9,9.3,5.1,22.2,1.6,0.7,14.3,17.5,,0.4,1.0,1.4,0.036000000000000004,,-1.5,-1.5,-3.0,-0.5,230.0,558.0,0.41200000000000003,55.0,176.0,0.313,175.0,382.0,0.45799999999999996,0.461,58.0,81.0,0.716,13.0,146.0,159.0,255.0,57.0,15.0,99.0,124.0,573.0
