Tm,Unnamed: 0,Year,Player,Pos,Age,G,GS,MP,PER,TS%,3PAr,FTr,ORB%,DRB%,TRB%,AST%,STL%,BLK%,TOV%,USG%,blanl,OWS,DWS,WS,WS/48,blank2,OBPM,DBPM,BPM,VORP,FG,FGA,FG%,3P,3PA,3P%,2P,2PA,2P%,eFG%,FT,FTA,FT%,ORB,DRB,TRB,AST,STL,BLK,TOV,PF,PTS
CHS,277,1950.0,Odie Spears,SF,24.0,68.0,,,,0.406,,0.297,,,,,,,,,,1.9,3.7,5.6,,,,,,,277.0,775.0,0.35700000000000004,,,,277.0,775.0,0.35700000000000004,0.35700000000000004,158.0,230.0,0.687,,,,159.0,,,,250.0,712.0
FTW,1117,1956.0,Odie Spears,SF,30.0,72.0,,1378.0,11.3,0.441,,0.429,,,,,,,,,,0.7,1.3,2.0,0.07,,,,,,166.0,468.0,0.355,,,,166.0,468.0,0.355,0.355,159.0,201.0,0.7909999999999999,,,231.0,121.0,,,,191.0,491.0
ROC,1009,1955.0,Odie Spears,SF,29.0,72.0,,1888.0,17.2,0.495,,0.49200000000000005,,,,,,,,,,3.7,2.6,5.2,0.177,,,,,,226.0,585.0,0.401,,,,226.0,585.0,0.401,0.401,220.0,271.0,0.8190000000000001,,,310.0,163.0,,,,252.0,672.0
TOT,1225,1957.0,Odie Spears,G,31.0,11.0,,118.0,,0.451,,0.579,,,,,,,,,,,,,,,,,,,12.0,38.0,0.316,,,,12.0,38.0,0.316,0.316,19.0,22.0,0.8640000000000001,,,15.0,7.0,,,,24.0,43.0
