Tm,Unnamed: 0,Year,Player,Pos,Age,G,GS,MP,PER,TS%,3PAr,FTr,ORB%,DRB%,TRB%,AST%,STL%,BLK%,TOV%,USG%,blanl,OWS,DWS,WS,WS/48,blank2,OBPM,DBPM,BPM,VORP,FG,FGA,FG%,3P,3PA,3P%,2P,2PA,2P%,eFG%,FT,FTA,FT%,ORB,DRB,TRB,AST,STL,BLK,TOV,PF,PTS
DET,11714,1994.0,Olden Polynice,C,29.0,67.0,36.0,1350.0,15.9,0.544,0.002,0.331,14.8,25.6,18.7,3.4,1.2,1.7,9.9,18.0,,1.7,1.5,2.9,0.102,,-1.3,-0.7,-2.1,0.0,222.0,429.0,0.547,0.0,1.0,0.0,222.0,428.0,0.5479999999999999,0.547,66.0,142.0,0.465,181.0,308.0,456.0,29.0,31.0,36.0,54.0,126.0,486.0
LAC,16914,2004.0,Olden Polynice,C,39.0,76.0,65.0,1834.0,13.1,0.5920000000000001,0.004,0.529,11.8,20.8,16.3,11.7,4.4,0.7,100.0,14.9,,1.9,2.6,4.5,0.12300000000000001,,-0.4,3.7,-0.3,0.5,244.0,470.0,0.579,0.0,1.0,0.0,244.0,469.0,0.581,0.579,125.0,201.0,0.622,195.0,341.0,536.0,46.0,45.0,20.0,83.0,165.0,613.0
SAC,13772,1998.0,Olden Polynice,C,33.0,82.0,82.0,2893.0,15.8,0.565,0.006,0.387,15.3,24.1,18.3,12.7,1.3,2.1,14.2,21.1,,3.3,3.4,6.7,0.126,,-0.6,0.6,0.0,1.3,442.0,967.0,0.544,1.0,6.0,1.0,442.0,961.0,0.5429999999999999,0.545,141.0,251.0,0.639,277.0,507.0,772.0,178.0,52.0,80.0,166.0,298.0,1025.0
SEA,14326,1999.0,Olden Polynice,C,34.0,82.0,47.0,1481.0,15.2,0.562,0.011000000000000001,0.622,14.2,22.2,17.2,4.7,2.1,2.2,20.0,17.8,,1.6,1.4,2.5,0.113,,-0.5,0.4,-1.2,0.2,169.0,358.0,0.545,1.0,2.0,1.0,168.0,357.0,0.545,0.545,101.0,158.0,0.639,184.0,241.0,425.0,43.0,37.0,30.0,81.0,215.0,397.0
TOT,11713,1994.0,Olden Polynice,C,29.0,79.0,65.0,2402.0,14.9,0.5760000000000001,0.003,0.447,13.4,23.8,18.5,2.8,1.0,1.8,11.5,15.1,,3.1,2.0,5.2,0.11800000000000001,,-0.4,-0.6,-1.2,0.4,346.0,662.0,0.56,0.0,2.0,0.0,346.0,660.0,0.561,0.56,146.0,252.0,0.579,299.0,510.0,809.0,42.0,43.0,67.0,88.0,192.0,789.0
UTA,15368,2001.0,Olden Polynice,C,36.0,82.0,79.0,1819.0,10.4,0.49700000000000005,0.005,0.226,12.3,18.8,15.2,3.2,0.9,3.9,15.0,14.8,,0.7,2.5,3.2,0.084,,-2.3,1.6,-0.7,0.6,206.0,415.0,0.51,1.0,2.0,0.5,206.0,414.0,0.51,0.511,28.0,90.0,0.311,166.0,287.0,453.0,37.0,30.0,84.0,78.0,260.0,435.0
