Tm,Unnamed: 0,Year,Player,Pos,Age,G,GS,MP,PER,TS%,3PAr,FTr,ORB%,DRB%,TRB%,AST%,STL%,BLK%,TOV%,USG%,blanl,OWS,DWS,WS,WS/48,blank2,OBPM,DBPM,BPM,VORP,FG,FGA,FG%,3P,3PA,3P%,2P,2PA,2P%,eFG%,FT,FTA,FT%,ORB,DRB,TRB,AST,STL,BLK,TOV,PF,PTS
POR,3956,1974.0,Ollie Johnson,SF,24.0,79.0,,2138.0,13.5,0.5429999999999999,,0.332,6.8,12.6,9.6,12.4,1.5,0.9,,,,3.5,0.7,4.1,0.09300000000000001,,-1.5,-0.3,-1.8,0.1,308.0,620.0,0.49700000000000005,,,,308.0,620.0,0.49700000000000005,0.49700000000000005,156.0,206.0,0.8190000000000001,116.0,208.0,417.0,200.0,60.0,30.0,,179.0,772.0
KCO,4227,1975.0,Ollie Johnson,SF,25.0,30.0,,508.0,11.3,0.55,,0.285,5.5,8.0,6.7,8.4,1.5,1.4,,,,0.6,0.4,1.0,0.098,,-1.9,-0.1,-1.9,0.0,64.0,130.0,0.49200000000000005,,,,64.0,130.0,0.49200000000000005,0.49200000000000005,33.0,37.0,0.892,27.0,39.0,66.0,30.0,17.0,13.0,,69.0,161.0
NOJ,4226,1975.0,Ollie Johnson,SF,25.0,43.0,,1159.0,10.8,0.511,,0.258,5.0,10.5,7.7,9.6,1.6,0.9,,,,0.8,0.8,1.6,0.065,,-2.6,0.8,-1.8,0.1,139.0,299.0,0.465,,,,139.0,299.0,0.465,0.465,62.0,77.0,0.805,60.0,117.0,177.0,80.0,42.0,20.0,,103.0,340.0
TOT,4225,1975.0,Ollie Johnson,SF,25.0,73.0,,1667.0,10.9,0.523,,0.266,5.2,9.7,7.4,9.3,1.6,1.1,,,,1.4,1.2,2.6,0.075,,-2.4,0.5,-1.8,0.1,203.0,429.0,0.473,,,,203.0,429.0,0.473,0.473,95.0,114.0,0.833,87.0,156.0,243.0,110.0,59.0,33.0,,172.0,501.0
KCK,4813,1977.0,Ollie Johnson,SF,27.0,81.0,,2150.0,13.5,0.552,,0.258,5.5,11.6,8.5,10.2,1.4,1.0,,,,3.4,1.4,4.8,0.107,,-0.5,-0.1,-0.7,0.7,348.0,678.0,0.513,,,,348.0,678.0,0.513,0.513,125.0,149.0,0.878,116.0,241.0,357.0,146.0,67.0,42.0,,217.0,821.0
ATL,5185,1978.0,Ollie Johnson,SF,28.0,82.0,,1704.0,13.9,0.514,,0.21,5.5,11.3,8.3,10.5,2.2,1.3,13.7,18.5,,1.7,1.9,3.6,0.102,,-0.5,0.5,0.0,0.8,292.0,619.0,0.47200000000000003,,,,292.0,619.0,0.47200000000000003,0.47200000000000003,111.0,130.0,0.8540000000000001,89.0,171.0,260.0,120.0,80.0,36.0,107.0,180.0,695.0
CHI,5892,1980.0,Ollie Johnson,SF,30.0,79.0,,1734.0,12.3,0.552,0.021,0.204,3.7,10.6,7.2,15.6,1.8,1.0,16.2,17.6,,1.6,1.4,3.1,0.085,,-0.9,0.1,-0.9,0.5,281.0,540.0,0.52,1.0,11.0,0.091,281.0,540.0,0.52,0.52,88.0,110.0,0.882,58.0,169.0,227.0,163.0,59.0,33.0,114.0,182.0,650.0
PHI,6614,1982.0,Ollie Johnson,SF,32.0,40.0,0.0,372.0,16.7,0.588,0.055999999999999994,0.196,5.5,12.9,8.3,11.8,4.1,1.2,18.6,21.3,,0.6,0.7,1.3,0.161,,-0.1,1.4,-0.3,0.2,87.0,158.0,0.551,1.0,6.0,0.33299999999999996,86.0,152.0,0.5660000000000001,0.5539999999999999,27.0,31.0,0.871,8.0,47.0,55.0,30.0,20.0,3.0,25.0,45.0,202.0
