Tm,Unnamed: 0,Year,Player,Pos,Age,G,GS,MP,PER,TS%,3PAr,FTr,ORB%,DRB%,TRB%,AST%,STL%,BLK%,TOV%,USG%,blanl,OWS,DWS,WS,WS/48,blank2,OBPM,DBPM,BPM,VORP,FG,FGA,FG%,3P,3PA,3P%,2P,2PA,2P%,eFG%,FT,FTA,FT%,ORB,DRB,TRB,AST,STL,BLK,TOV,PF,PTS
BOS,17864,2006.0,Orien Greene,PG,23.0,80.0,5.0,1235.0,6.4,0.449,0.158,0.26899999999999996,3.7,10.4,7.2,15.8,3.2,0.6,27.8,14.6,,-1.8,1.4,-0.3,-0.013000000000000001,,-4.6,1.1,-3.4,-0.4,100.0,253.0,0.395,9.0,40.0,0.225,91.0,213.0,0.42700000000000005,0.413,45.0,68.0,0.662,37.0,108.0,145.0,129.0,77.0,10.0,109.0,181.0,254.0
IND,18398,2007.0,Orien Greene,SG,24.0,41.0,0.0,254.0,6.5,0.43200000000000005,0.177,0.40299999999999997,5.4,14.9,10.0,13.6,3.5,1.2,27.7,17.8,,-0.6,0.4,-0.2,-0.034,,-6.0,2.0,-4.0,-0.1,23.0,62.0,0.371,2.0,11.0,0.182,21.0,51.0,0.41200000000000003,0.387,15.0,25.0,0.6,12.0,32.0,44.0,22.0,17.0,4.0,28.0,38.0,63.0
NJN,20758,2011.0,Orien Greene,SG,28.0,3.0,0.0,5.0,33.0,0.521,0.0,1.0,0.0,0.0,0.0,37.8,10.7,0.0,0.0,26.7,,0.0,0.0,0.0,0.293,,4.3,-1.9,2.4,0.0,1.0,2.0,0.5,0.0,0.0,,1.0,2.0,0.5,0.5,1.0,2.0,0.5,0.0,0.0,0.0,1.0,1.0,0.0,0.0,0.0,3.0
SAC,18958,2008.0,Orien Greene,SG,25.0,7.0,2.0,61.0,-3.3,0.273,0.091,0.0,0.0,11.4,5.8,6.8,2.5,1.3,38.9,13.2,,-0.3,0.1,-0.2,-0.18,,-10.8,1.0,-9.8,-0.1,3.0,11.0,0.273,0.0,1.0,0.0,3.0,10.0,0.3,0.273,0.0,0.0,,0.0,6.0,6.0,3.0,3.0,1.0,7.0,9.0,6.0
