Tm,Unnamed: 0,Year,Player,Pos,Age,G,GS,MP,PER,TS%,3PAr,FTr,ORB%,DRB%,TRB%,AST%,STL%,BLK%,TOV%,USG%,blanl,OWS,DWS,WS,WS/48,blank2,OBPM,DBPM,BPM,VORP,FG,FGA,FG%,3P,3PA,3P%,2P,2PA,2P%,eFG%,FT,FTA,FT%,ORB,DRB,TRB,AST,STL,BLK,TOV,PF,PTS
MIN,22553,2014.0,Othyus Jeffers,SG,28.0,2.0,0.0,13.0,1.7,0.532,1.0,2.0,0.0,25.8,12.6,0.0,0.0,0.0,34.7,9.4,,0.0,0.0,0.0,-0.02,,-8.3,-3.7,-12.0,0.0,0.0,1.0,0.0,0.0,1.0,0.0,0.0,0.0,,0.0,2.0,2.0,1.0,0.0,3.0,3.0,0.0,0.0,0.0,1.0,1.0,2.0
SAS,22552,2014.0,Othyus Jeffers,SG,28.0,4.0,1.0,34.0,8.9,0.595,0.2,0.4,3.5,28.4,14.5,18.6,0.0,0.0,25.0,23.0,,0.1,0.0,0.1,0.121,,-1.9,-0.6,-2.6,0.0,3.0,5.0,0.6,0.0,1.0,0.0,3.0,4.0,0.75,0.6,1.0,2.0,0.5,1.0,5.0,6.0,1.0,0.0,0.0,1.0,2.0,7.0
TOT,22551,2014.0,Othyus Jeffers,SG,28.0,17.0,1.0,322.0,13.3,0.58,0.33299999999999996,0.708,8.5,18.7,11.9,9.3,2.7,0.0,14.1,13.6,,0.4,0.3,0.7,0.09699999999999999,,-0.9,0.4,-0.5,0.1,31.0,65.0,0.5,1.0,4.0,0.25,30.0,61.0,0.75,0.5,30.0,46.0,0.75,25.0,42.0,67.0,20.0,17.0,0.0,14.0,32.0,93.0
UTA,20213,2010.0,Othyus Jeffers,SG,24.0,14.0,0.0,73.0,13.6,0.495,0.0,0.655,13.3,17.4,15.4,2.1,2.8,0.0,13.8,26.7,,0.0,0.1,0.1,0.067,,-5.0,-3.5,-8.5,-0.1,12.0,29.0,0.414,0.0,0.0,,12.0,29.0,0.414,0.414,13.0,19.0,0.684,8.0,11.0,19.0,1.0,4.0,0.0,6.0,10.0,37.0
WAS,20816,2011.0,Othyus Jeffers,SG,25.0,16.0,1.0,314.0,13.7,0.5529999999999999,0.065,0.742,8.8,15.1,11.8,9.0,2.8,0.0,13.6,13.4,,0.4,0.3,0.7,0.10400000000000001,,-0.6,0.4,-0.2,0.1,30.0,62.0,0.484,1.0,4.0,0.25,29.0,58.0,0.5,0.49200000000000005,30.0,46.0,0.652,25.0,40.0,65.0,19.0,17.0,0.0,13.0,31.0,91.0
