Tm,Unnamed: 0,Year,Player,Pos,Age,G,GS,MP,PER,TS%,3PAr,FTr,ORB%,DRB%,TRB%,AST%,STL%,BLK%,TOV%,USG%,blanl,OWS,DWS,WS,WS/48,blank2,OBPM,DBPM,BPM,VORP,FG,FGA,FG%,3P,3PA,3P%,2P,2PA,2P%,eFG%,FT,FTA,FT%,ORB,DRB,TRB,AST,STL,BLK,TOV,PF,PTS
BOS,9139,1989.0,Otis Birdsong,SG,33.0,13.0,0.0,108.0,7.0,0.502,0.083,0.055999999999999994,4.3,9.4,6.9,11.5,1.4,0.5,24.5,18.8,,-0.2,0.1,-0.1,-0.051,,-4.6,-1.7,-6.3,-0.1,18.0,36.0,0.5,1.0,3.0,0.33299999999999996,17.0,33.0,0.515,0.514,0.0,2.0,0.0,4.0,9.0,13.0,9.0,3.0,1.0,12.0,10.0,37.0
KCK,6101,1981.0,Otis Birdsong,SG,25.0,82.0,,2885.0,20.3,0.58,0.027000000000000003,0.348,6.6,7.0,6.8,14.4,2.2,0.4,11.7,26.8,,6.2,3.7,8.8,0.152,,3.8,-0.4,2.7,3.3,781.0,1546.0,0.544,10.0,36.0,0.28600000000000003,771.0,1510.0,0.551,0.547,317.0,455.0,0.725,176.0,178.0,354.0,281.0,136.0,22.0,200.0,255.0,1858.0
NJN,8706,1988.0,Otis Birdsong,SG,32.0,77.0,74.0,2395.0,18.1,0.534,0.034,0.278,4.3,7.5,5.3,19.3,2.2,0.5,16.4,26.7,,2.8,2.6,5.2,0.132,,2.1,-0.4,0.3,1.1,583.0,1147.0,0.513,9.0,25.0,0.364,578.0,1127.0,0.518,0.517,194.0,319.0,0.667,88.0,114.0,202.0,266.0,86.0,17.0,179.0,228.0,1365.0
