Tm,Unnamed: 0,Year,Player,Pos,Age,G,GS,MP,PER,TS%,3PAr,FTr,ORB%,DRB%,TRB%,AST%,STL%,BLK%,TOV%,USG%,blanl,OWS,DWS,WS,WS/48,blank2,OBPM,DBPM,BPM,VORP,FG,FGA,FG%,3P,3PA,3P%,2P,2PA,2P%,eFG%,FT,FTA,FT%,ORB,DRB,TRB,AST,STL,BLK,TOV,PF,PTS
DEN,9011,1988.0,Otis Smith,SG,24.0,28.0,6.0,191.0,11.1,0.451,0.025,0.301,10.0,11.3,10.6,17.5,1.2,1.8,17.7,24.5,,-0.1,0.2,0.1,0.022000000000000002,,-3.7,-1.9,-5.6,-0.2,37.0,93.0,0.418,0.0,2.0,0.0,37.0,93.0,0.429,0.418,21.0,28.0,0.75,17.0,17.0,34.0,22.0,5.0,6.0,19.0,30.0,95.0
GSW,9454,1989.0,Otis Smith,SG,25.0,80.0,12.0,1597.0,19.4,0.5670000000000001,0.07200000000000001,0.353,8.8,12.6,10.3,16.0,3.0,1.5,13.7,22.4,,2.6,1.8,3.5,0.124,,2.8,0.1,2.9,1.7,311.0,715.0,0.506,13.0,41.0,0.317,304.0,678.0,0.521,0.518,174.0,218.0,0.7979999999999999,128.0,202.0,330.0,144.0,88.0,40.0,129.0,165.0,803.0
ORL,10833,1992.0,Otis Smith,SG,28.0,75.0,39.0,1885.0,17.2,0.5429999999999999,0.066,0.33399999999999996,9.9,12.7,11.2,14.5,2.2,1.9,14.8,25.3,,2.5,1.7,3.5,0.09699999999999999,,1.4,0.3,1.5,1.6,407.0,902.0,0.49200000000000005,10.0,46.0,0.381,398.0,856.0,0.506,0.499,221.0,301.0,0.769,176.0,213.0,389.0,169.0,85.0,57.0,140.0,190.0,1044.0
TOT,9010,1988.0,Otis Smith,SG,24.0,72.0,18.0,1549.0,18.4,0.551,0.062,0.34600000000000003,8.7,8.9,8.8,15.0,2.8,1.6,12.3,22.6,,2.5,1.1,3.6,0.111,,2.0,-0.2,1.8,1.5,325.0,662.0,0.491,13.0,41.0,0.317,312.0,621.0,0.502,0.501,178.0,229.0,0.777,126.0,121.0,247.0,155.0,91.0,42.0,107.0,160.0,841.0
