Tm,Unnamed: 0,Year,Player,Pos,Age,G,GS,MP,PER,TS%,3PAr,FTr,ORB%,DRB%,TRB%,AST%,STL%,BLK%,TOV%,USG%,blanl,OWS,DWS,WS,WS/48,blank2,OBPM,DBPM,BPM,VORP,FG,FGA,FG%,3P,3PA,3P%,2P,2PA,2P%,eFG%,FT,FTA,FT%,ORB,DRB,TRB,AST,STL,BLK,TOV,PF,PTS
WAS,24538,2017.0,Otto Porter,SF,23.0,80.0,80.0,2605.0,17.3,0.628,0.425,0.20199999999999999,7.5,17.1,11.1,7.9,2.2,1.7,12.7,16.2,,6.5,2.9,9.4,0.17300000000000001,,3.0,1.0,3.9,3.9,414.0,803.0,0.516,148.0,341.0,0.434,266.0,462.0,0.5760000000000001,0.608,99.0,126.0,0.8320000000000001,118.0,397.0,515.0,121.0,116.0,41.0,70.0,193.0,1075.0
