Tm,Unnamed: 0,Year,Player,Pos,Age,G,GS,MP,PER,TS%,3PAr,FTr,ORB%,DRB%,TRB%,AST%,STL%,BLK%,TOV%,USG%,blanl,OWS,DWS,WS,WS/48,blank2,OBPM,DBPM,BPM,VORP,FG,FGA,FG%,3P,3PA,3P%,2P,2PA,2P%,eFG%,FT,FTA,FT%,ORB,DRB,TRB,AST,STL,BLK,TOV,PF,PTS
ATL,9344,1989.0,Pace Mannion,SF,28.0,5.0,0.0,18.0,1.9,0.33299999999999996,0.33299999999999996,0.0,0.0,12.3,6.1,14.8,5.4,0.0,33.3,20.4,,-0.1,0.0,-0.1,-0.165,,-8.8,1.9,-6.8,0.0,2.0,6.0,0.33299999999999996,0.0,2.0,0.0,2.0,4.0,0.5,0.33299999999999996,0.0,0.0,,0.0,2.0,2.0,2.0,2.0,0.0,3.0,2.0,4.0
DET,9343,1989.0,Pace Mannion,SF,28.0,5.0,0.0,14.0,14.4,1.0,0.0,0.0,0.0,23.1,12.1,0.0,3.6,0.0,0.0,6.1,,0.0,0.0,0.1,0.231,,-0.3,0.3,0.0,0.0,2.0,2.0,1.0,0.0,0.0,,2.0,2.0,1.0,1.0,0.0,0.0,,0.0,3.0,3.0,0.0,1.0,0.0,0.0,3.0,4.0
GSW,7404,1984.0,Pace Mannion,SF,23.0,57.0,0.0,469.0,8.5,0.444,0.10300000000000001,0.183,5.0,9.0,6.8,12.8,2.5,0.2,14.5,13.2,,0.0,0.4,0.4,0.04,,-3.1,-0.4,-3.5,-0.2,50.0,126.0,0.397,3.0,13.0,0.231,47.0,113.0,0.41600000000000004,0.409,18.0,23.0,0.7829999999999999,23.0,36.0,59.0,47.0,25.0,2.0,23.0,63.0,121.0
MIL,8896,1988.0,Pace Mannion,SF,27.0,35.0,1.0,477.0,8.0,0.45799999999999996,0.102,0.314,4.0,8.0,6.0,15.4,1.3,0.9,15.2,14.0,,0.0,0.4,0.3,0.032,,-3.2,-0.3,-3.5,-0.2,48.0,118.0,0.40700000000000003,2.0,12.0,0.16699999999999998,46.0,106.0,0.434,0.415,25.0,37.0,0.6759999999999999,17.0,34.0,51.0,55.0,13.0,7.0,24.0,53.0,123.0
NJN,8496,1987.0,Pace Mannion,SF,26.0,23.0,3.0,284.0,8.4,0.386,0.096,0.33,4.0,11.5,7.7,21.4,3.0,0.8,17.6,18.6,,-0.4,0.3,-0.2,-0.026000000000000002,,-4.1,0.6,-3.5,-0.1,31.0,94.0,0.33,3.0,9.0,0.33299999999999996,28.0,85.0,0.32899999999999996,0.34600000000000003,18.0,31.0,0.581,10.0,29.0,39.0,45.0,18.0,4.0,23.0,32.0,83.0
TOT,9342,1989.0,Pace Mannion,SF,28.0,10.0,0.0,32.0,7.3,0.5,0.25,0.0,0.0,17.0,8.7,8.3,4.6,0.0,27.3,14.1,,-0.1,0.1,0.0,0.008,,-5.1,1.2,-3.8,0.0,4.0,8.0,0.5,0.0,2.0,0.0,4.0,6.0,0.667,0.5,0.0,0.0,,0.0,5.0,5.0,2.0,3.0,0.0,3.0,5.0,8.0
UTA,8124,1986.0,Pace Mannion,SF,25.0,57.0,0.0,673.0,12.4,0.51,0.196,0.38299999999999995,6.7,8.9,6.6,19.3,3.8,0.9,19.8,19.0,,0.1,0.8,0.9,0.064,,-1.9,1.5,-1.1,0.0,97.0,214.0,0.45299999999999996,8.0,42.0,0.19,89.0,172.0,0.517,0.47200000000000003,53.0,82.0,0.696,26.0,56.0,82.0,55.0,32.0,5.0,41.0,68.0,255.0
