Tm,Unnamed: 0,Year,Player,Pos,Age,G,GS,MP,PER,TS%,3PAr,FTr,ORB%,DRB%,TRB%,AST%,STL%,BLK%,TOV%,USG%,blanl,OWS,DWS,WS,WS/48,blank2,OBPM,DBPM,BPM,VORP,FG,FGA,FG%,3P,3PA,3P%,2P,2PA,2P%,eFG%,FT,FTA,FT%,ORB,DRB,TRB,AST,STL,BLK,TOV,PF,PTS
SDR,3010,1970.0,Pat Riley*,SG,24.0,80.0,,1263.0,11.6,0.465,,0.306,,,,21.9,,,,,,0.0,1.2,1.0,0.065,,,,,,250.0,660.0,0.41700000000000004,,,,250.0,660.0,0.41700000000000004,0.41700000000000004,128.0,202.0,0.727,,,177.0,138.0,,,,205.0,628.0
LAL,4573,1976.0,Pat Riley*,SG,30.0,72.0,,1361.0,12.4,0.474,,0.34299999999999997,4.3,8.1,6.3,19.3,1.9,2.1,,,,0.2,1.1,1.3,0.067,,-1.9,-2.8,-5.0,-0.1,287.0,667.0,0.447,,,,287.0,667.0,0.447,0.447,110.0,144.0,0.7929999999999999,38.0,90.0,128.0,148.0,54.0,4.0,,173.0,684.0
PHO,4574,1976.0,Pat Riley*,SG,30.0,60.0,,790.0,7.6,0.434,,0.257,2.1,4.4,3.2,10.0,1.2,0.3,,,,-0.6,0.4,-0.3,-0.017,,-5.5,-3.0,-8.5,-1.3,112.0,288.0,0.389,,,,112.0,288.0,0.389,0.389,54.0,74.0,0.73,15.0,32.0,47.0,57.0,21.0,5.0,,107.0,278.0
TOT,4572,1976.0,Pat Riley*,SG,30.0,62.0,,813.0,7.6,0.431,,0.256,2.1,4.5,3.3,9.8,1.2,0.4,,,,-0.7,0.4,-0.3,-0.019,,-5.6,-3.1,-8.7,-1.4,117.0,301.0,0.389,,,,117.0,301.0,0.389,0.389,55.0,77.0,0.7140000000000001,16.0,34.0,50.0,57.0,22.0,6.0,,112.0,289.0
