Tm,Unnamed: 0,Year,Player,Pos,Age,G,GS,MP,PER,TS%,3PAr,FTr,ORB%,DRB%,TRB%,AST%,STL%,BLK%,TOV%,USG%,blanl,OWS,DWS,WS,WS/48,blank2,OBPM,DBPM,BPM,VORP,FG,FGA,FG%,3P,3PA,3P%,2P,2PA,2P%,eFG%,FT,FTA,FT%,ORB,DRB,TRB,AST,STL,BLK,TOV,PF,PTS
PHO,14123,1999.0,Pat Garrity,PF,22.0,39.0,9.0,538.0,13.0,0.557,0.106,0.32899999999999996,5.5,10.8,8.1,5.7,0.8,0.4,9.3,18.4,,0.9,0.2,1.1,0.10099999999999999,,-1.1,-3.0,-4.1,-0.3,85.0,170.0,0.5,7.0,18.0,0.389,78.0,152.0,0.513,0.521,40.0,56.0,0.7140000000000001,26.0,49.0,75.0,18.0,8.0,3.0,20.0,62.0,217.0
ORL,18924,2008.0,Pat Garrity,SF,31.0,82.0,53.0,2584.0,12.3,0.5529999999999999,0.547,0.257,5.5,13.6,9.3,7.8,1.3,0.9,17.1,20.4,,3.6,1.7,5.1,0.10099999999999999,,1.2,-0.6,0.1,1.3,327.0,767.0,0.441,169.0,407.0,0.433,179.0,388.0,0.465,0.537,85.0,111.0,0.889,77.0,261.0,338.0,121.0,62.0,28.0,85.0,255.0,884.0
