Tm,Unnamed: 0,Year,Player,Pos,Age,G,GS,MP,PER,TS%,3PAr,FTr,ORB%,DRB%,TRB%,AST%,STL%,BLK%,TOV%,USG%,blanl,OWS,DWS,WS,WS/48,blank2,OBPM,DBPM,BPM,VORP,FG,FGA,FG%,3P,3PA,3P%,2P,2PA,2P%,eFG%,FT,FTA,FT%,ORB,DRB,TRB,AST,STL,BLK,TOV,PF,PTS
POR,20901,2011.0,Patty Mills,PG,22.0,64.0,0.0,783.0,13.0,0.506,0.405,0.292,3.2,5.2,4.0,27.1,1.9,0.1,15.1,38.9,,0.2,0.5,0.7,0.044000000000000004,,-0.1,-3.5,-3.6,-0.1,135.0,328.0,0.41700000000000004,47.0,133.0,0.5,88.0,195.0,0.451,0.483,36.0,47.0,0.7659999999999999,19.0,32.0,51.0,109.0,27.0,1.0,62.0,63.0,353.0
SAS,24465,2017.0,Patty Mills,PG,28.0,81.0,8.0,1754.0,21.5,0.604,0.5720000000000001,0.129,3.0,10.3,6.2,25.9,2.3,0.4,16.0,28.4,,3.4,2.6,5.6,0.175,,4.3,-0.4,3.3,2.0,309.0,666.0,0.485,147.0,356.0,0.429,174.0,348.0,0.55,0.5770000000000001,73.0,82.0,1.0,34.0,135.0,169.0,280.0,68.0,9.0,101.0,114.0,826.0
