Tm,Unnamed: 0,Year,Player,Pos,Age,G,GS,MP,PER,TS%,3PAr,FTr,ORB%,DRB%,TRB%,AST%,STL%,BLK%,TOV%,USG%,blanl,OWS,DWS,WS,WS/48,blank2,OBPM,DBPM,BPM,VORP,FG,FGA,FG%,3P,3PA,3P%,2P,2PA,2P%,eFG%,FT,FTA,FT%,ORB,DRB,TRB,AST,STL,BLK,TOV,PF,PTS
CHI,23689,2016.0,Pau Gasol,PF,35.0,78.0,78.0,2681.0,22.7,0.55,0.069,0.317,9.2,28.7,18.6,21.7,0.9,4.7,12.8,24.7,,6.0,4.4,10.4,0.187,,0.7,3.5,4.0,3.5,570.0,1153.0,0.494,24.0,69.0,0.462,558.0,1127.0,0.495,0.5,294.0,366.0,0.8029999999999999,220.0,699.0,919.0,294.0,42.0,147.0,164.0,148.0,1446.0
LAL,22468,2014.0,Pau Gasol,PF,33.0,82.0,82.0,3037.0,24.0,0.639,0.048,0.441,11.4,25.9,17.1,19.9,0.9,3.5,13.7,26.4,,10.0,4.7,14.7,0.239,,3.5,3.0,5.4,5.6,593.0,1120.0,0.589,8.0,28.0,0.5,592.0,1117.0,0.59,0.589,354.0,439.0,0.823,268.0,568.0,836.0,284.0,52.0,130.0,157.0,203.0,1541.0
MEM,18926,2008.0,Pau Gasol,PF,27.0,82.0,82.0,3135.0,24.1,0.593,0.027000000000000003,0.528,9.4,24.2,16.3,23.7,1.1,4.5,15.0,26.8,,6.6,5.4,12.0,0.184,,2.6,3.1,5.1,5.6,600.0,1194.0,0.5379999999999999,4.0,15.0,0.273,597.0,1182.0,0.542,0.54,425.0,617.0,0.8190000000000001,238.0,528.0,730.0,371.0,46.0,169.0,235.0,220.0,1628.0
SAS,24274,2017.0,Pau Gasol,C,36.0,64.0,39.0,1627.0,20.2,0.578,0.172,0.305,7.6,26.8,17.4,14.7,0.8,3.5,10.6,21.3,,3.3,3.1,6.4,0.18899999999999997,,0.9,2.8,3.7,2.4,303.0,604.0,0.502,56.0,104.0,0.5379999999999999,247.0,500.0,0.494,0.5479999999999999,130.0,184.0,0.7070000000000001,107.0,394.0,501.0,150.0,24.0,70.0,81.0,110.0,792.0
TOT,18925,2008.0,Pau Gasol,C,27.0,66.0,66.0,2351.0,21.6,0.594,0.018000000000000002,0.40700000000000003,7.4,18.7,13.1,15.2,0.6,3.0,10.6,22.1,,6.4,2.1,8.4,0.172,,2.0,0.9,2.9,2.9,475.0,890.0,0.534,4.0,16.0,0.25,471.0,874.0,0.539,0.536,292.0,362.0,0.807,155.0,398.0,553.0,211.0,30.0,98.0,124.0,139.0,1246.0
