Tm,Unnamed: 0,Year,Player,Pos,Age,G,GS,MP,PER,TS%,3PAr,FTr,ORB%,DRB%,TRB%,AST%,STL%,BLK%,TOV%,USG%,blanl,OWS,DWS,WS,WS/48,blank2,OBPM,DBPM,BPM,VORP,FG,FGA,FG%,3P,3PA,3P%,2P,2PA,2P%,eFG%,FT,FTA,FT%,ORB,DRB,TRB,AST,STL,BLK,TOV,PF,PTS
GSW,11221,1993.0,Paul Pressey,SG,34.0,18.0,0.0,268.0,8.4,0.507,0.061,0.409,3.3,9.6,6.5,14.6,2.0,1.2,22.8,15.4,,-0.1,0.2,0.1,0.018000000000000002,,-3.7,-0.1,-3.8,-0.1,29.0,66.0,0.439,0.0,4.0,0.0,29.0,62.0,0.46799999999999997,0.439,21.0,27.0,0.778,8.0,23.0,31.0,30.0,11.0,5.0,23.0,36.0,79.0
MIL,9861,1990.0,Paul Pressey,SG,31.0,81.0,80.0,2876.0,18.6,0.5770000000000001,0.08900000000000001,0.532,7.0,13.6,10.1,30.4,3.1,1.7,23.0,20.9,,5.2,4.7,9.8,0.174,,2.8,2.8,5.3,5.0,480.0,928.0,0.523,16.0,55.0,0.35,473.0,908.0,0.528,0.525,317.0,418.0,0.8059999999999999,149.0,280.0,429.0,623.0,168.0,71.0,247.0,258.0,1284.0
SAS,10775,1992.0,Paul Pressey,SG,33.0,70.0,18.0,1683.0,11.4,0.545,0.134,0.312,3.5,10.4,6.8,24.2,1.9,1.5,26.3,15.2,,1.0,2.2,3.2,0.09,,-1.1,0.8,-0.6,0.6,201.0,426.0,0.47200000000000003,16.0,57.0,0.281,185.0,369.0,0.501,0.491,110.0,133.0,0.8270000000000001,50.0,126.0,176.0,271.0,63.0,32.0,130.0,174.0,528.0
