Tm,Unnamed: 0,Year,Player,Pos,Age,G,GS,MP,PER,TS%,3PAr,FTr,ORB%,DRB%,TRB%,AST%,STL%,BLK%,TOV%,USG%,blanl,OWS,DWS,WS,WS/48,blank2,OBPM,DBPM,BPM,VORP,FG,FGA,FG%,3P,3PA,3P%,2P,2PA,2P%,eFG%,FT,FTA,FT%,ORB,DRB,TRB,AST,STL,BLK,TOV,PF,PTS
ATL,16398,2003.0,Paul Shirley,PF,25.0,2.0,0.0,5.0,-28.0,0.0,0.0,0.0,0.0,21.9,11.4,0.0,0.0,0.0,0.0,36.7,,-0.1,0.0,-0.1,-0.823,,-32.3,-12.6,-44.9,-0.1,0.0,4.0,0.0,0.0,0.0,,0.0,4.0,0.0,0.0,0.0,0.0,,0.0,1.0,1.0,0.0,0.0,0.0,0.0,0.0,0.0
CHI,16954,2004.0,Paul Shirley,PF,26.0,7.0,0.0,86.0,4.6,0.43200000000000005,0.043,0.13,9.9,10.5,10.2,7.9,0.6,0.9,27.0,17.3,,-0.2,0.0,-0.1,-0.083,,-6.7,-1.3,-8.1,-0.1,10.0,23.0,0.435,0.0,1.0,0.0,10.0,22.0,0.455,0.435,1.0,3.0,0.33299999999999996,8.0,8.0,16.0,4.0,1.0,1.0,9.0,9.0,21.0
PHO,17537,2005.0,Paul Shirley,PF,27.0,9.0,0.0,30.0,9.9,0.47,0.0,0.364,3.7,3.4,3.6,14.7,0.0,0.0,7.3,20.0,,0.0,0.0,0.0,0.031,,-3.2,-4.5,-7.8,0.0,5.0,11.0,0.455,0.0,0.0,,5.0,11.0,0.455,0.455,2.0,4.0,0.5,1.0,1.0,2.0,3.0,0.0,0.0,1.0,3.0,12.0
