Tm,Unnamed: 0,Year,Player,Pos,Age,G,GS,MP,PER,TS%,3PAr,FTr,ORB%,DRB%,TRB%,AST%,STL%,BLK%,TOV%,USG%,blanl,OWS,DWS,WS,WS/48,blank2,OBPM,DBPM,BPM,VORP,FG,FGA,FG%,3P,3PA,3P%,2P,2PA,2P%,eFG%,FT,FTA,FT%,ORB,DRB,TRB,AST,STL,BLK,TOV,PF,PTS
MIA,9506,1989.0,Pearl Washington,PG,25.0,54.0,8.0,1065.0,13.0,0.475,0.036000000000000004,0.26899999999999996,5.0,8.1,6.5,32.3,3.3,0.2,22.0,21.2,,-0.6,1.0,0.5,0.021,,-1.9,-0.4,-2.4,-0.1,164.0,387.0,0.424,1.0,14.0,0.071,163.0,373.0,0.43700000000000006,0.425,82.0,104.0,0.7879999999999999,49.0,74.0,123.0,226.0,73.0,4.0,122.0,101.0,411.0
NJN,9066,1988.0,Pearl Washington,PG,24.0,72.0,61.0,1600.0,13.1,0.519,0.09,0.34600000000000003,4.4,6.5,5.0,27.3,3.2,0.3,22.8,23.6,,-0.4,1.2,0.7,0.025,,-1.1,-0.9,-2.1,0.0,257.0,547.0,0.478,11.0,49.0,0.22399999999999998,253.0,514.0,0.49200000000000005,0.48100000000000004,132.0,189.0,0.784,54.0,92.0,129.0,301.0,92.0,7.0,175.0,184.0,633.0
