Tm,Unnamed: 0,Year,Player,Pos,Age,G,GS,MP,PER,TS%,3PAr,FTr,ORB%,DRB%,TRB%,AST%,STL%,BLK%,TOV%,USG%,blanl,OWS,DWS,WS,WS/48,blank2,OBPM,DBPM,BPM,VORP,FG,FGA,FG%,3P,3PA,3P%,2P,2PA,2P%,eFG%,FT,FTA,FT%,ORB,DRB,TRB,AST,STL,BLK,TOV,PF,PTS
ATL,15408,2001.0,Pepe Sanchez,PG,23.0,5.0,0.0,34.0,-4.8,0.0,0.0,0.0,3.3,0.0,1.6,20.2,3.1,0.0,30.0,13.1,,-0.2,0.0,-0.2,-0.249,,-11.9,-1.4,-13.3,-0.1,0.0,7.0,0.0,0.0,0.0,,0.0,7.0,0.0,0.0,0.0,0.0,,1.0,0.0,1.0,5.0,2.0,0.0,3.0,3.0,0.0
DET,16389,2003.0,Pepe Sanchez,PG,25.0,9.0,0.0,37.0,11.0,0.0,0.0,0.0,12.6,6.5,9.6,31.9,7.5,0.0,28.6,9.1,,-0.1,0.1,0.0,0.042,,-4.0,5.7,1.6,0.0,0.0,5.0,0.0,0.0,0.0,,0.0,5.0,0.0,0.0,0.0,0.0,,4.0,2.0,6.0,8.0,5.0,0.0,2.0,3.0,0.0
PHI,15409,2001.0,Pepe Sanchez,PG,23.0,24.0,0.0,116.0,17.7,0.457,0.048,0.095,2.0,11.5,6.8,47.5,4.1,0.6,12.1,9.7,,0.3,0.2,0.5,0.212,,-0.2,-0.2,-0.4,0.0,9.0,21.0,0.429,0.0,1.0,0.0,9.0,20.0,0.45,0.429,2.0,2.0,1.0,2.0,12.0,14.0,36.0,9.0,1.0,3.0,18.0,20.0
TOT,15407,2001.0,Pepe Sanchez,PG,23.0,29.0,0.0,150.0,12.6,0.34600000000000003,0.036000000000000004,0.071,2.3,8.9,5.6,41.3,3.9,0.5,17.2,10.5,,0.1,0.2,0.3,0.107,,-2.8,-0.5,-3.4,-0.1,9.0,28.0,0.321,0.0,1.0,0.0,9.0,27.0,0.33299999999999996,0.321,2.0,2.0,1.0,3.0,12.0,15.0,41.0,11.0,1.0,6.0,21.0,20.0
