Tm,Unnamed: 0,Year,Player,Pos,Age,G,GS,MP,PER,TS%,3PAr,FTr,ORB%,DRB%,TRB%,AST%,STL%,BLK%,TOV%,USG%,blanl,OWS,DWS,WS,WS/48,blank2,OBPM,DBPM,BPM,VORP,FG,FGA,FG%,3P,3PA,3P%,2P,2PA,2P%,eFG%,FT,FTA,FT%,ORB,DRB,TRB,AST,STL,BLK,TOV,PF,PTS
CHI,8678,1987.0,Perry Young,SG,23.0,5.0,0.0,20.0,3.8,0.512,0.0,0.5,0.0,5.8,2.8,0.0,2.5,0.0,17.0,12.4,,0.0,0.0,0.0,0.005,,-6.5,-1.7,-8.1,0.0,2.0,4.0,0.5,0.0,0.0,,2.0,4.0,0.5,0.5,1.0,2.0,0.5,0.0,1.0,1.0,0.0,1.0,0.0,1.0,3.0,5.0
POR,8679,1987.0,Perry Young,SG,23.0,4.0,0.0,52.0,2.6,0.235,0.0,0.0,6.6,8.4,7.5,15.9,3.5,1.1,15.0,15.1,,-0.1,0.1,-0.1,-0.067,,-6.7,1.4,-5.2,0.0,4.0,17.0,0.235,0.0,0.0,,4.0,17.0,0.235,0.235,0.0,0.0,,3.0,4.0,7.0,7.0,4.0,1.0,3.0,11.0,8.0
TOT,8677,1987.0,Perry Young,SG,23.0,9.0,0.0,72.0,3.0,0.297,0.0,0.095,4.8,7.7,6.2,11.5,3.2,0.8,15.5,14.4,,-0.2,0.1,-0.1,-0.047,,-6.6,0.6,-6.0,-0.1,6.0,21.0,0.28600000000000003,0.0,0.0,,6.0,21.0,0.28600000000000003,0.28600000000000003,1.0,2.0,0.5,3.0,5.0,8.0,7.0,5.0,1.0,4.0,14.0,13.0
