Tm,Unnamed: 0,Year,Player,Pos,Age,G,GS,MP,PER,TS%,3PAr,FTr,ORB%,DRB%,TRB%,AST%,STL%,BLK%,TOV%,USG%,blanl,OWS,DWS,WS,WS/48,blank2,OBPM,DBPM,BPM,VORP,FG,FGA,FG%,3P,3PA,3P%,2P,2PA,2P%,eFG%,FT,FTA,FT%,ORB,DRB,TRB,AST,STL,BLK,TOV,PF,PTS
ATL,3981,1974.0,Pete Maravich*,SG,26.0,81.0,,3089.0,20.3,0.516,,0.40700000000000003,3.3,9.7,6.5,26.1,1.7,0.2,,,,5.7,2.5,7.6,0.125,,4.1,-1.9,2.2,3.1,819.0,1791.0,0.45799999999999996,,,,819.0,1791.0,0.45799999999999996,0.45799999999999996,485.0,606.0,0.826,98.0,276.0,374.0,546.0,111.0,13.0,,261.0,2107.0
BOS,5949,1980.0,Pete Maravich*,SG,32.0,26.0,4.0,442.0,15.6,0.547,0.016,0.221,2.6,6.9,4.8,10.4,1.0,0.3,11.9,27.9,,0.6,0.4,1.0,0.11,,-0.9,-3.3,-4.2,-0.2,123.0,249.0,0.494,3.0,4.0,0.75,120.0,245.0,0.49,0.5,50.0,55.0,0.909,10.0,28.0,38.0,29.0,9.0,2.0,37.0,49.0,299.0
NOJ,5581,1979.0,Pete Maravich*,SG,31.0,79.0,,3041.0,20.5,0.524,,0.371,3.2,11.9,7.4,28.2,2.2,0.5,15.3,30.1,,4.8,2.3,7.1,0.14400000000000002,,4.6,-0.6,3.7,3.4,886.0,2047.0,0.45899999999999996,,,,886.0,2047.0,0.45899999999999996,0.45899999999999996,501.0,600.0,0.87,93.0,329.0,422.0,488.0,120.0,23.0,248.0,227.0,2273.0
TOT,5947,1980.0,Pete Maravich*,SG,32.0,43.0,4.0,964.0,13.8,0.5,0.027999999999999997,0.193,2.1,7.0,4.6,13.8,1.2,0.4,12.2,28.9,,0.1,0.4,0.5,0.027000000000000003,,-2.0,-3.8,-5.8,-0.9,244.0,543.0,0.449,10.0,15.0,0.667,234.0,528.0,0.44299999999999995,0.45899999999999996,91.0,105.0,0.867,17.0,61.0,78.0,83.0,24.0,6.0,82.0,79.0,589.0
UTA,5948,1980.0,Pete Maravich*,SG,32.0,17.0,,522.0,12.4,0.45899999999999996,0.037000000000000005,0.17,1.6,7.1,4.5,16.6,1.4,0.4,12.5,29.7,,-0.5,0.0,-0.5,-0.043,,-3.0,-4.2,-7.2,-0.7,121.0,294.0,0.41200000000000003,7.0,11.0,0.636,114.0,283.0,0.40299999999999997,0.423,41.0,50.0,0.82,7.0,33.0,40.0,54.0,15.0,4.0,45.0,30.0,290.0
