Tm,Unnamed: 0,Year,Player,Pos,Age,G,GS,MP,PER,TS%,3PAr,FTr,ORB%,DRB%,TRB%,AST%,STL%,BLK%,TOV%,USG%,blanl,OWS,DWS,WS,WS/48,blank2,OBPM,DBPM,BPM,VORP,FG,FGA,FG%,3P,3PA,3P%,2P,2PA,2P%,eFG%,FT,FTA,FT%,ORB,DRB,TRB,AST,STL,BLK,TOV,PF,PTS
GSW,6030,1980.0,Phil Smith,SG,27.0,82.0,,2940.0,18.4,0.5379999999999999,0.032,0.341,4.7,8.7,6.5,19.6,2.6,0.6,14.7,24.1,,6.3,3.1,9.4,0.161,,3.2,0.2,2.6,3.2,659.0,1383.0,0.501,7.0,22.0,0.318,659.0,1383.0,0.501,0.501,323.0,410.0,0.812,133.0,243.0,376.0,393.0,108.0,29.0,266.0,227.0,1641.0
SDC,6756,1982.0,Phil Smith,SG,29.0,76.0,39.0,2378.0,16.2,0.535,0.042,0.29600000000000004,2.7,7.0,4.8,23.6,1.7,0.7,15.2,23.5,,3.8,1.0,4.8,0.09699999999999999,,1.3,-2.3,-1.0,0.6,519.0,1057.0,0.491,5.0,24.0,0.222,515.0,1039.0,0.496,0.493,237.0,313.0,0.757,49.0,107.0,156.0,372.0,84.0,19.0,176.0,231.0,1279.0
SEA,7137,1983.0,Phil Smith,SG,30.0,79.0,17.0,1238.0,11.7,0.509,0.02,0.33299999999999996,3.2,9.1,6.3,22.8,1.8,0.7,18.2,18.1,,0.4,1.2,1.7,0.083,,-2.0,0.6,-1.5,0.1,175.0,400.0,0.46799999999999997,3.0,8.0,0.375,172.0,392.0,0.475,0.46799999999999997,101.0,133.0,0.759,27.0,103.0,130.0,216.0,44.0,8.0,102.0,113.0,454.0
TOT,6755,1982.0,Phil Smith,SG,29.0,74.0,41.0,2042.0,12.2,0.494,0.035,0.293,2.9,7.6,5.2,20.7,1.6,0.7,15.3,20.3,,0.8,0.8,1.6,0.037000000000000005,,-1.2,-1.6,-2.8,-0.4,340.0,761.0,0.447,5.0,27.0,0.185,335.0,734.0,0.456,0.45,163.0,223.0,0.731,51.0,135.0,186.0,307.0,67.0,27.0,155.0,213.0,848.0
