Tm,Unnamed: 0,Year,Player,Pos,Age,G,GS,MP,PER,TS%,3PAr,FTr,ORB%,DRB%,TRB%,AST%,STL%,BLK%,TOV%,USG%,blanl,OWS,DWS,WS,WS/48,blank2,OBPM,DBPM,BPM,VORP,FG,FGA,FG%,3P,3PA,3P%,2P,2PA,2P%,eFG%,FT,FTA,FT%,ORB,DRB,TRB,AST,STL,BLK,TOV,PF,PTS
PHO,4523,1976.0,Phil Lumpkin,PG,24.0,34.0,,370.0,8.2,0.44799999999999995,,0.462,2.1,4.6,3.4,16.2,1.8,0.0,,,,0.0,0.2,0.2,0.022000000000000002,,-5.1,-1.5,-6.6,-0.4,22.0,65.0,0.33799999999999997,,,,22.0,65.0,0.33799999999999997,0.33799999999999997,26.0,30.0,0.867,7.0,16.0,23.0,48.0,15.0,0.0,,26.0,70.0
POR,4250,1975.0,Phil Lumpkin,PG,23.0,48.0,,792.0,11.5,0.488,,0.205,1.4,6.2,3.9,29.8,1.2,0.2,,,,0.2,0.3,0.5,0.031,,-2.5,-2.8,-5.4,-0.7,86.0,190.0,0.45299999999999996,,,,86.0,190.0,0.45299999999999996,0.45299999999999996,30.0,39.0,0.769,10.0,49.0,59.0,177.0,20.0,3.0,,80.0,202.0
