Tm,Unnamed: 0,Year,Player,Pos,Age,G,GS,MP,PER,TS%,3PAr,FTr,ORB%,DRB%,TRB%,AST%,STL%,BLK%,TOV%,USG%,blanl,OWS,DWS,WS,WS/48,blank2,OBPM,DBPM,BPM,VORP,FG,FGA,FG%,3P,3PA,3P%,2P,2PA,2P%,eFG%,FT,FTA,FT%,ORB,DRB,TRB,AST,STL,BLK,TOV,PF,PTS
CHI,4793,1977.0,Phil Hicks,SF,24.0,35.0,,255.0,13.5,0.502,,0.149,10.1,16.5,13.3,13.7,1.3,0.0,,,,0.2,0.3,0.5,0.102,,-1.2,-0.5,-1.7,0.0,41.0,87.0,0.47100000000000003,,,,41.0,87.0,0.47100000000000003,0.47100000000000003,11.0,13.0,0.846,25.0,40.0,65.0,23.0,7.0,0.0,,36.0,93.0
HOU,4792,1977.0,Phil Hicks,SF,24.0,2.0,,7.0,3.5,0.0,,0.0,16.2,0.0,7.8,16.0,6.8,0.0,,,,0.0,0.0,0.0,-0.256,,-7.7,3.3,-4.4,0.0,0.0,2.0,0.0,,,,0.0,2.0,0.0,0.0,0.0,0.0,,1.0,0.0,1.0,1.0,1.0,0.0,,1.0,0.0
TOT,4791,1977.0,Phil Hicks,SF,24.0,37.0,,262.0,13.2,0.491,,0.146,10.2,16.1,13.1,13.7,1.5,0.0,,,,0.2,0.3,0.5,0.09300000000000001,,-1.3,-0.4,-1.7,0.0,41.0,89.0,0.461,,,,41.0,89.0,0.461,0.461,11.0,13.0,0.846,26.0,40.0,66.0,24.0,8.0,0.0,,37.0,93.0
DEN,5522,1979.0,Phil Hicks,SF,26.0,20.0,,128.0,6.5,0.431,,0.11599999999999999,10.7,12.1,11.4,8.3,1.8,0.0,22.3,17.5,,-0.2,0.1,0.0,-0.013999999999999999,,-4.4,-1.0,-5.3,-0.1,18.0,43.0,0.419,,,,18.0,43.0,0.419,0.419,3.0,5.0,0.6,13.0,15.0,28.0,8.0,5.0,0.0,13.0,20.0,39.0
