Tm,Unnamed: 0,Year,Player,Pos,Age,G,GS,MP,PER,TS%,3PAr,FTr,ORB%,DRB%,TRB%,AST%,STL%,BLK%,TOV%,USG%,blanl,OWS,DWS,WS,WS/48,blank2,OBPM,DBPM,BPM,VORP,FG,FGA,FG%,3P,3PA,3P%,2P,2PA,2P%,eFG%,FT,FTA,FT%,ORB,DRB,TRB,AST,STL,BLK,TOV,PF,PTS
HOU,7655,1985.0,Phil Ford,PG,28.0,81.0,55.0,2020.0,10.4,0.5479999999999999,0.085,0.38299999999999995,1.5,9.2,5.2,24.5,1.3,0.2,23.6,12.8,,1.7,1.1,2.9,0.068,,-1.6,-1.3,-3.2,-0.3,236.0,470.0,0.502,2.0,15.0,0.133,234.0,455.0,0.514,0.504,98.0,117.0,0.889,28.0,109.0,137.0,410.0,59.0,8.0,135.0,243.0,572.0
KCK,6553,1982.0,Phil Ford,PG,25.0,82.0,65.0,2723.0,17.3,0.5529999999999999,0.049,0.4,1.3,6.1,3.6,35.5,2.9,0.1,21.5,23.3,,3.4,3.4,6.1,0.111,,1.2,-0.6,-0.3,1.2,489.0,1058.0,0.478,11.0,36.0,0.306,485.0,1035.0,0.485,0.484,346.0,423.0,0.831,33.0,149.0,182.0,681.0,174.0,6.0,323.0,245.0,1328.0
MIL,6931,1983.0,Phil Ford,PG,26.0,70.0,56.0,1447.0,10.6,0.519,0.02,0.276,1.4,5.7,3.6,23.4,1.5,0.1,19.7,16.4,,0.7,1.4,2.2,0.07200000000000001,,-2.1,-1.7,-3.7,-0.6,193.0,410.0,0.47100000000000003,1.0,8.0,0.125,192.0,402.0,0.478,0.47200000000000003,90.0,113.0,0.7959999999999999,18.0,78.0,96.0,252.0,46.0,3.0,113.0,168.0,477.0
NJN,6930,1983.0,Phil Ford,PG,26.0,7.0,7.0,163.0,9.1,0.596,0.028999999999999998,0.28600000000000003,0.0,4.8,2.4,30.4,1.7,0.0,34.8,14.6,,0.0,0.2,0.2,0.057,,-4.1,-3.0,-7.1,-0.2,20.0,35.0,0.5710000000000001,0.0,1.0,0.0,20.0,34.0,0.588,0.5710000000000001,7.0,10.0,0.7,0.0,7.0,7.0,38.0,6.0,0.0,21.0,22.0,47.0
TOT,6929,1983.0,Phil Ford,PG,26.0,77.0,63.0,1610.0,10.4,0.525,0.02,0.276,1.3,5.6,3.5,24.1,1.5,0.1,21.2,16.2,,0.7,1.6,2.4,0.07,,-2.3,-1.8,-4.1,-0.8,213.0,445.0,0.479,1.0,9.0,0.111,212.0,436.0,0.486,0.48,97.0,123.0,0.789,18.0,85.0,103.0,290.0,52.0,3.0,134.0,190.0,524.0
