Tm,Unnamed: 0,Year,Player,Pos,Age,G,GS,MP,PER,TS%,3PAr,FTr,ORB%,DRB%,TRB%,AST%,STL%,BLK%,TOV%,USG%,blanl,OWS,DWS,WS,WS/48,blank2,OBPM,DBPM,BPM,VORP,FG,FGA,FG%,3P,3PA,3P%,2P,2PA,2P%,eFG%,FT,FTA,FT%,ORB,DRB,TRB,AST,STL,BLK,TOV,PF,PTS
CLE,9271,1989.0,Phil Hubbard,SF,32.0,82.0,68.0,2249.0,16.0,0.578,0.01,0.601,12.6,18.8,15.4,9.4,2.2,0.3,21.1,21.7,,3.7,2.1,5.7,0.124,,1.4,0.4,1.3,1.9,415.0,822.0,0.531,0.0,5.0,0.0,415.0,818.0,0.534,0.531,371.0,494.0,0.7509999999999999,222.0,265.0,479.0,136.0,87.0,9.0,178.0,271.0,1201.0
DET,6595,1982.0,Phil Hubbard,SF,25.0,80.0,38.0,2289.0,15.4,0.544,0.006999999999999999,0.488,11.3,18.9,14.9,10.4,1.8,0.8,18.0,22.9,,1.8,2.7,4.5,0.094,,0.0,-0.2,-0.2,1.0,433.0,880.0,0.505,1.0,3.0,0.33299999999999996,432.0,877.0,0.509,0.505,294.0,426.0,0.75,236.0,350.0,586.0,150.0,80.0,20.0,229.0,317.0,1161.0
TOT,6594,1982.0,Phil Hubbard,SF,25.0,83.0,40.0,1839.0,13.4,0.535,0.006,0.42100000000000004,10.8,18.0,14.3,7.0,1.7,0.6,17.0,20.6,,0.9,1.7,2.6,0.069,,-1.2,-0.8,-2.0,0.0,326.0,665.0,0.49,0.0,4.0,0.0,326.0,661.0,0.493,0.49,191.0,280.0,0.682,187.0,286.0,473.0,91.0,65.0,19.0,161.0,292.0,843.0
