Tm,Unnamed: 0,Year,Player,Pos,Age,G,GS,MP,PER,TS%,3PAr,FTr,ORB%,DRB%,TRB%,AST%,STL%,BLK%,TOV%,USG%,blanl,OWS,DWS,WS,WS/48,blank2,OBPM,DBPM,BPM,VORP,FG,FGA,FG%,3P,3PA,3P%,2P,2PA,2P%,eFG%,FT,FTA,FT%,ORB,DRB,TRB,AST,STL,BLK,TOV,PF,PTS
BOS,23333,2015.0,Phil Pressey,PG,23.0,75.0,11.0,1132.0,11.8,0.45299999999999996,0.419,0.282,2.3,12.4,7.3,30.8,3.1,0.8,24.2,17.3,,0.0,1.1,0.8,0.06,,-2.3,0.0,-2.2,0.0,78.0,253.0,0.368,28.0,106.0,0.264,50.0,147.0,0.44,0.414,33.0,49.0,0.6729999999999999,20.0,85.0,105.0,241.0,68.0,6.0,87.0,97.0,213.0
PHI,23954,2016.0,Phil Pressey,PG,24.0,14.0,0.0,170.0,11.8,0.43700000000000006,0.23600000000000002,0.327,0.0,15.2,7.4,43.2,3.2,0.4,23.2,21.1,,-0.2,0.2,0.0,-0.013999999999999999,,-4.2,-1.5,-5.7,-0.2,21.0,55.0,0.382,4.0,13.0,0.308,17.0,42.0,0.405,0.418,9.0,18.0,0.5,0.0,23.0,23.0,46.0,11.0,1.0,19.0,14.0,55.0
PHO,23955,2016.0,Phil Pressey,PG,24.0,9.0,0.0,113.0,8.6,0.42200000000000004,0.217,0.304,2.8,4.9,3.8,37.0,3.0,2.2,34.9,15.1,,-0.2,0.1,-0.1,-0.022000000000000002,,-5.7,-1.6,-7.3,-0.2,9.0,23.0,0.391,0.0,5.0,0.0,9.0,18.0,0.5,0.391,4.0,7.0,0.5710000000000001,3.0,5.0,8.0,29.0,7.0,3.0,14.0,14.0,22.0
TOT,23953,2016.0,Phil Pressey,PG,24.0,23.0,0.0,283.0,10.6,0.433,0.231,0.321,1.1,11.1,6.0,40.7,3.1,1.1,27.0,18.7,,-0.4,0.3,-0.1,-0.017,,-4.8,-1.5,-6.4,-0.3,30.0,78.0,0.385,4.0,18.0,0.222,26.0,60.0,0.433,0.41,13.0,25.0,0.52,3.0,28.0,31.0,75.0,18.0,4.0,33.0,28.0,77.0
