Tm,Unnamed: 0,Year,Player,Pos,Age,G,GS,MP,PER,TS%,3PAr,FTr,ORB%,DRB%,TRB%,AST%,STL%,BLK%,TOV%,USG%,blanl,OWS,DWS,WS,WS/48,blank2,OBPM,DBPM,BPM,VORP,FG,FGA,FG%,3P,3PA,3P%,2P,2PA,2P%,eFG%,FT,FTA,FT%,ORB,DRB,TRB,AST,STL,BLK,TOV,PF,PTS
ATL,17232,2005.0,Predrag Drobnjak,C,29.0,71.0,1.0,1435.0,12.7,0.501,0.131,0.221,5.6,14.1,9.7,5.9,1.5,1.3,11.6,21.0,,0.4,0.5,1.0,0.032,,-2.6,-2.4,-5.0,-1.1,238.0,543.0,0.43799999999999994,25.0,71.0,0.35200000000000004,213.0,472.0,0.451,0.461,96.0,120.0,0.8,73.0,165.0,238.0,49.0,42.0,24.0,78.0,138.0,597.0
LAC,16646,2004.0,Predrag Drobnjak,C,28.0,61.0,14.0,949.0,12.6,0.45799999999999996,0.095,0.22699999999999998,6.4,17.2,11.8,7.4,1.2,1.8,10.3,21.7,,0.3,0.4,0.7,0.034,,-3.0,-2.4,-5.4,-0.8,149.0,379.0,0.39299999999999996,11.0,36.0,0.306,138.0,343.0,0.402,0.408,73.0,86.0,0.8490000000000001,54.0,142.0,196.0,39.0,22.0,24.0,48.0,85.0,382.0
SEA,16127,2003.0,Predrag Drobnjak,C,27.0,82.0,69.0,1984.0,12.7,0.49,0.10800000000000001,0.17600000000000002,7.7,14.2,11.0,7.7,1.3,2.0,10.3,21.4,,0.8,1.6,2.4,0.065,,-2.3,-1.0,-3.3,-0.6,325.0,789.0,0.461,30.0,85.0,0.353,295.0,704.0,0.46399999999999997,0.461,91.0,115.0,0.7909999999999999,111.0,209.0,320.0,86.0,48.0,38.0,65.0,180.0,771.0
