Tm,Unnamed: 0,Year,Player,Pos,Age,G,GS,MP,PER,TS%,3PAr,FTr,ORB%,DRB%,TRB%,AST%,STL%,BLK%,TOV%,USG%,blanl,OWS,DWS,WS,WS/48,blank2,OBPM,DBPM,BPM,VORP,FG,FGA,FG%,3P,3PA,3P%,2P,2PA,2P%,eFG%,FT,FTA,FT%,ORB,DRB,TRB,AST,STL,BLK,TOV,PF,PTS
MIN,16791,2004.0,Quincy Lewis,SF,26.0,14.0,0.0,65.0,4.1,0.4,0.25,0.0,1.9,10.0,6.1,4.7,1.7,2.2,13.0,16.7,,-0.1,0.1,0.0,-0.018000000000000002,,-6.2,-0.2,-6.4,-0.1,7.0,20.0,0.35,2.0,5.0,0.4,5.0,15.0,0.33299999999999996,0.4,0.0,0.0,,1.0,6.0,7.0,2.0,2.0,2.0,3.0,10.0,16.0
UTA,15768,2002.0,Quincy Lewis,SG,24.0,74.0,19.0,896.0,7.1,0.474,0.21100000000000002,0.174,6.4,10.0,7.7,12.4,2.5,2.0,17.4,18.9,,0.0,0.9,0.3,0.040999999999999995,,-2.5,-0.4,-3.3,-0.1,111.0,298.0,0.44799999999999995,23.0,63.0,0.365,88.0,235.0,0.488,0.45799999999999996,38.0,52.0,0.731,46.0,67.0,113.0,40.0,24.0,15.0,46.0,158.0,283.0
