Tm,Unnamed: 0,Year,Player,Pos,Age,G,GS,MP,PER,TS%,3PAr,FTr,ORB%,DRB%,TRB%,AST%,STL%,BLK%,TOV%,USG%,blanl,OWS,DWS,WS,WS/48,blank2,OBPM,DBPM,BPM,VORP,FG,FGA,FG%,3P,3PA,3P%,2P,2PA,2P%,eFG%,FT,FTA,FT%,ORB,DRB,TRB,AST,STL,BLK,TOV,PF,PTS
DEN,22642,2014.0,Quincy Miller,PF,21.0,52.0,16.0,789.0,8.6,0.45899999999999996,0.36700000000000005,0.215,4.9,15.2,10.1,16.8,1.9,3.0,14.6,23.1,,0.0,0.7,0.0,0.002,,-4.1,0.3,-3.8,0.0,94.0,256.0,0.36700000000000005,30.0,94.0,0.319,64.0,162.0,0.395,0.426,39.0,55.0,0.7090000000000001,36.0,111.0,147.0,26.0,22.0,32.0,48.0,70.0,257.0
DET,23261,2015.0,Quincy Miller,PF,22.0,4.0,0.0,58.0,3.6,0.3,0.55,0.0,3.6,11.7,7.5,12.7,0.9,2.7,9.1,16.8,,-0.1,0.0,-0.1,-0.07200000000000001,,-5.4,-0.5,-6.0,-0.1,5.0,20.0,0.25,2.0,11.0,0.182,3.0,9.0,0.33299999999999996,0.3,0.0,0.0,,2.0,6.0,8.0,5.0,1.0,2.0,2.0,5.0,12.0
SAC,23260,2015.0,Quincy Miller,PF,22.0,6.0,0.0,61.0,11.1,0.37200000000000005,0.389,0.611,3.9,18.0,11.2,7.1,5.0,3.9,11.6,18.7,,-0.1,0.1,0.0,0.01,,-4.5,3.0,-1.5,0.0,4.0,18.0,0.222,1.0,7.0,0.14300000000000002,3.0,11.0,0.273,0.25,8.0,11.0,0.727,2.0,10.0,12.0,3.0,6.0,3.0,3.0,4.0,17.0
TOT,23259,2015.0,Quincy Miller,PF,22.0,10.0,0.0,119.0,7.4,0.33799999999999997,0.474,0.289,3.7,14.9,9.4,9.8,3.0,3.3,10.5,17.8,,-0.2,0.2,-0.1,-0.03,,-5.0,1.3,-3.7,-0.1,9.0,38.0,0.237,3.0,18.0,0.16699999999999998,6.0,20.0,0.3,0.276,8.0,11.0,0.727,4.0,16.0,20.0,8.0,7.0,5.0,5.0,9.0,29.0
