Tm,Unnamed: 0,Year,Player,Pos,Age,G,GS,MP,PER,TS%,3PAr,FTr,ORB%,DRB%,TRB%,AST%,STL%,BLK%,TOV%,USG%,blanl,OWS,DWS,WS,WS/48,blank2,OBPM,DBPM,BPM,VORP,FG,FGA,FG%,3P,3PA,3P%,2P,2PA,2P%,eFG%,FT,FTA,FT%,ORB,DRB,TRB,AST,STL,BLK,TOV,PF,PTS
MEM,23327,2015.0,Quincy Pondexter,SG,26.0,64.0,8.0,1243.0,11.0,0.565,0.541,0.32899999999999996,6.3,8.6,7.3,11.0,1.5,0.8,14.2,18.0,,1.7,1.5,3.2,0.125,,0.5,0.1,0.6,0.8,128.0,299.0,0.452,60.0,152.0,0.395,86.0,166.0,0.518,0.528,59.0,75.0,0.8079999999999999,55.0,89.0,132.0,61.0,35.0,6.0,42.0,95.0,375.0
NOH,20960,2011.0,Quincy Pondexter,SF,22.0,66.0,6.0,734.0,8.5,0.48200000000000004,0.278,0.18899999999999997,3.8,10.8,7.3,5.9,1.3,1.1,7.6,13.7,,0.2,0.7,0.9,0.06,,-2.8,0.0,-2.8,-0.1,73.0,180.0,0.406,18.0,50.0,0.36,55.0,130.0,0.423,0.456,24.0,34.0,0.706,23.0,65.0,88.0,28.0,17.0,10.0,16.0,63.0,188.0
NOP,23328,2015.0,Quincy Pondexter,SF,26.0,45.0,28.0,1253.0,11.1,0.5920000000000001,0.5479999999999999,0.212,3.0,9.5,6.3,7.8,0.6,1.2,10.7,13.9,,1.9,0.4,2.3,0.08900000000000001,,1.3,-1.2,0.0,0.6,140.0,312.0,0.449,74.0,171.0,0.433,66.0,141.0,0.46799999999999997,0.5670000000000001,50.0,66.0,0.758,33.0,105.0,138.0,66.0,14.0,19.0,41.0,103.0,404.0
TOT,23326,2015.0,Quincy Pondexter,SF-SG,26.0,75.0,30.0,1793.0,9.9,0.55,0.546,0.215,3.4,9.0,6.2,7.7,0.6,1.0,9.4,13.8,,2.1,0.8,2.9,0.078,,0.5,-1.1,-0.7,0.6,188.0,447.0,0.42100000000000004,91.0,244.0,0.373,97.0,203.0,0.478,0.522,71.0,96.0,0.74,53.0,142.0,195.0,94.0,19.0,24.0,51.0,150.0,538.0
