Tm,Unnamed: 0,Year,Player,Pos,Age,G,GS,MP,PER,TS%,3PAr,FTr,ORB%,DRB%,TRB%,AST%,STL%,BLK%,TOV%,USG%,blanl,OWS,DWS,WS,WS/48,blank2,OBPM,DBPM,BPM,VORP,FG,FGA,FG%,3P,3PA,3P%,2P,2PA,2P%,eFG%,FT,FTA,FT%,ORB,DRB,TRB,AST,STL,BLK,TOV,PF,PTS
CHI,7994,1986.0,Quintin Dailey,SG,25.0,82.0,42.0,2449.0,18.1,0.531,0.027000000000000003,0.42100000000000004,4.5,8.9,6.7,20.3,2.1,0.4,15.3,35.1,,1.5,2.2,3.7,0.07200000000000001,,0.4,-1.2,-1.0,0.6,583.0,1229.0,0.474,7.0,32.0,0.233,579.0,1197.0,0.484,0.47600000000000003,321.0,396.0,0.823,87.0,174.0,260.0,280.0,109.0,11.0,220.0,248.0,1491.0
LAC,9185,1989.0,Quintin Dailey,SG,28.0,69.0,51.0,1722.0,16.8,0.511,0.02,0.415,5.0,8.4,6.4,15.5,2.6,0.5,12.1,32.2,,1.1,1.2,2.0,0.055999999999999994,,-0.3,-1.9,-2.5,-0.2,448.0,964.0,0.465,2.0,12.0,0.16699999999999998,447.0,955.0,0.46799999999999997,0.465,243.0,313.0,0.7759999999999999,69.0,135.0,204.0,154.0,90.0,8.0,123.0,152.0,1114.0
SEA,10551,1992.0,Quintin Dailey,SG,31.0,30.0,2.0,491.0,14.5,0.505,0.027000000000000003,0.43200000000000005,4.3,12.0,7.1,10.3,2.6,0.6,18.5,28.3,,0.2,0.2,0.3,0.054000000000000006,,-2.1,-1.6,-6.1,-0.2,97.0,240.0,0.47100000000000003,1.0,5.0,0.2,96.0,235.0,0.474,0.47100000000000003,52.0,66.0,0.813,18.0,33.0,51.0,34.0,12.0,1.0,34.0,63.0,247.0
