Tm,Unnamed: 0,Year,Player,Pos,Age,G,GS,MP,PER,TS%,3PAr,FTr,ORB%,DRB%,TRB%,AST%,STL%,BLK%,TOV%,USG%,blanl,OWS,DWS,WS,WS/48,blank2,OBPM,DBPM,BPM,VORP,FG,FGA,FG%,3P,3PA,3P%,2P,2PA,2P%,eFG%,FT,FTA,FT%,ORB,DRB,TRB,AST,STL,BLK,TOV,PF,PTS
BOS,23371,2015.0,Rajon Rondo,PG,28.0,81.0,81.0,2963.0,19.1,0.5429999999999999,0.257,0.409,4.8,22.3,12.9,52.5,3.6,0.5,25.8,21.7,,4.9,5.1,9.9,0.179,,2.2,2.7,4.5,4.3,459.0,904.0,0.508,26.0,90.0,0.313,442.0,824.0,0.536,0.517,175.0,282.0,0.647,100.0,316.0,416.0,794.0,189.0,13.0,246.0,198.0,1110.0
CHI,24561,2017.0,Rajon Rondo,PG,30.0,69.0,42.0,1843.0,13.6,0.461,0.237,0.08900000000000001,4.2,16.6,10.4,37.0,2.7,0.5,22.4,17.8,,-0.3,2.7,2.3,0.061,,-1.3,1.6,0.3,1.1,229.0,561.0,0.408,50.0,133.0,0.376,179.0,428.0,0.418,0.45299999999999996,30.0,50.0,0.6,73.0,282.0,355.0,461.0,99.0,11.0,168.0,144.0,538.0
DAL,23372,2015.0,Rajon Rondo,PG,28.0,46.0,46.0,1319.0,12.4,0.46,0.121,0.094,4.0,13.3,8.6,34.0,2.1,0.2,22.6,20.3,,-0.5,1.2,0.6,0.023,,-1.5,0.5,-1.0,0.3,194.0,445.0,0.436,19.0,54.0,0.35200000000000004,175.0,391.0,0.44799999999999995,0.457,19.0,42.0,0.452,48.0,160.0,208.0,301.0,54.0,4.0,135.0,111.0,426.0
SAC,23972,2016.0,Rajon Rondo,PG,29.0,72.0,72.0,2537.0,16.9,0.506,0.217,0.192,3.3,15.2,9.3,48.0,2.7,0.3,24.7,18.8,,2.3,2.3,4.6,0.087,,0.8,0.2,1.0,1.9,355.0,782.0,0.45399999999999996,62.0,170.0,0.365,293.0,612.0,0.479,0.494,87.0,150.0,0.58,77.0,358.0,435.0,839.0,141.0,10.0,278.0,175.0,859.0
TOT,23370,2015.0,Rajon Rondo,PG,28.0,68.0,68.0,2018.0,13.5,0.44799999999999995,0.133,0.121,3.9,16.4,10.1,39.3,2.3,0.3,23.6,19.5,,-0.7,2.3,1.6,0.037000000000000005,,-1.6,1.1,-0.5,0.8,275.0,645.0,0.426,27.0,86.0,0.314,248.0,559.0,0.444,0.447,31.0,78.0,0.397,73.0,300.0,373.0,538.0,91.0,7.0,210.0,153.0,608.0
