Tm,Unnamed: 0,Year,Player,Pos,Age,G,GS,MP,PER,TS%,3PAr,FTr,ORB%,DRB%,TRB%,AST%,STL%,BLK%,TOV%,USG%,blanl,OWS,DWS,WS,WS/48,blank2,OBPM,DBPM,BPM,VORP,FG,FGA,FG%,3P,3PA,3P%,2P,2PA,2P%,eFG%,FT,FTA,FT%,ORB,DRB,TRB,AST,STL,BLK,TOV,PF,PTS
ATL,10960,1993.0,Randy Breuer,C,32.0,12.0,0.0,107.0,11.1,0.48200000000000004,0.0,0.161,10.0,19.5,14.6,7.8,0.9,1.8,13.1,14.8,,0.0,0.1,0.1,0.052000000000000005,,-3.5,-0.5,-4.0,-0.1,15.0,31.0,0.484,0.0,0.0,,15.0,31.0,0.484,0.484,2.0,5.0,0.4,10.0,18.0,28.0,6.0,2.0,3.0,5.0,12.0,32.0
MIL,9583,1990.0,Randy Breuer,C,29.0,82.0,73.0,2258.0,15.3,0.5539999999999999,0.002,0.406,12.0,19.2,15.2,8.4,1.8,4.7,15.7,20.8,,2.4,3.3,5.1,0.133,,-0.9,2.6,1.4,1.6,390.0,788.0,0.511,0.0,1.0,0.0,390.0,788.0,0.511,0.511,188.0,286.0,0.7120000000000001,191.0,360.0,551.0,114.0,56.0,116.0,122.0,229.0,968.0
MIN,10499,1992.0,Randy Breuer,C,31.0,73.0,47.0,1505.0,14.3,0.48,0.003,0.278,9.5,19.1,13.3,10.6,1.3,5.0,12.8,21.3,,0.7,1.6,1.7,0.07,,-2.1,1.9,-0.2,0.5,212.0,510.0,0.46799999999999997,0.0,1.0,0.0,212.0,509.0,0.469,0.46799999999999997,94.0,142.0,0.662,114.0,231.0,345.0,89.0,35.0,99.0,69.0,133.0,518.0
SAC,11408,1994.0,Randy Breuer,C,33.0,26.0,3.0,247.0,5.4,0.295,0.038,0.5379999999999999,6.5,18.5,12.4,4.2,1.2,4.9,21.9,7.0,,-0.3,0.3,0.0,-0.006999999999999999,,-7.1,3.1,-3.9,-0.1,8.0,26.0,0.308,0.0,1.0,0.0,8.0,25.0,0.32,0.308,3.0,14.0,0.214,15.0,41.0,56.0,8.0,6.0,19.0,9.0,30.0,19.0
TOT,9582,1990.0,Randy Breuer,C,29.0,81.0,55.0,1879.0,13.0,0.462,0.001,0.27699999999999997,9.3,17.4,13.1,8.3,1.2,3.7,10.9,20.3,,-0.2,2.2,2.0,0.051,,-3.1,0.6,-2.5,-0.2,298.0,696.0,0.428,0.0,1.0,0.0,298.0,695.0,0.429,0.428,126.0,193.0,0.653,154.0,263.0,417.0,97.0,42.0,108.0,96.0,196.0,722.0
