Tm,Unnamed: 0,Year,Player,Pos,Age,G,GS,MP,PER,TS%,3PAr,FTr,ORB%,DRB%,TRB%,AST%,STL%,BLK%,TOV%,USG%,blanl,OWS,DWS,WS,WS/48,blank2,OBPM,DBPM,BPM,VORP,FG,FGA,FG%,3P,3PA,3P%,2P,2PA,2P%,eFG%,FT,FTA,FT%,ORB,DRB,TRB,AST,STL,BLK,TOV,PF,PTS
ATL,20312,2010.0,Randolph Morris,PF,24.0,28.0,0.0,124.0,14.6,0.586,0.0,0.659,9.3,26.6,17.9,3.3,2.1,1.8,27.2,24.1,,0.1,0.2,0.3,0.10800000000000001,,-4.5,-0.5,-6.6,-0.1,23.0,41.0,0.561,0.0,0.0,,23.0,41.0,0.561,0.561,16.0,27.0,1.0,10.0,28.0,38.0,2.0,5.0,3.0,12.0,34.0,62.0
NYK,19119,2008.0,Randolph Morris,C,22.0,18.0,2.0,181.0,4.3,0.396,0.0,1.0,7.3,21.4,12.2,3.2,2.4,1.8,18.8,19.8,,-0.1,0.1,-0.1,-0.061,,-7.7,1.6,-8.0,-0.1,21.0,58.0,0.36200000000000004,0.0,0.0,,21.0,58.0,0.36200000000000004,0.36200000000000004,14.0,29.0,0.483,12.0,25.0,37.0,2.0,4.0,2.0,9.0,37.0,56.0
