Tm,Unnamed: 0,Year,Player,Pos,Age,G,GS,MP,PER,TS%,3PAr,FTr,ORB%,DRB%,TRB%,AST%,STL%,BLK%,TOV%,USG%,blanl,OWS,DWS,WS,WS/48,blank2,OBPM,DBPM,BPM,VORP,FG,FGA,FG%,3P,3PA,3P%,2P,2PA,2P%,eFG%,FT,FTA,FT%,ORB,DRB,TRB,AST,STL,BLK,TOV,PF,PTS
MIN,19684,2009.0,Rashad McCants,SG,24.0,79.0,24.0,2020.0,14.6,0.55,0.424,0.32799999999999996,3.1,9.9,6.3,14.1,2.5,1.2,16.5,26.4,,0.9,1.4,1.7,0.057999999999999996,,1.4,-1.0,-1.1,0.5,428.0,944.0,0.45299999999999996,142.0,349.0,0.40700000000000003,286.0,595.0,0.49,0.529,116.0,155.0,0.748,50.0,156.0,206.0,162.0,66.0,22.0,172.0,234.0,1114.0
SAC,19685,2009.0,Rashad McCants,SG,24.0,24.0,1.0,465.0,17.2,0.5529999999999999,0.35700000000000004,0.306,2.5,9.4,5.9,13.7,2.2,1.3,7.9,23.3,,0.8,0.1,0.9,0.092,,1.4,-2.8,-1.3,0.1,87.0,196.0,0.444,25.0,70.0,0.35700000000000004,62.0,126.0,0.49200000000000005,0.508,47.0,60.0,0.7829999999999999,10.0,37.0,47.0,36.0,20.0,8.0,19.0,40.0,246.0
TOT,19683,2009.0,Rashad McCants,SG,24.0,58.0,3.0,1101.0,13.0,0.504,0.387,0.289,2.2,9.7,5.8,10.7,2.2,1.0,10.4,25.1,,0.0,0.5,0.6,0.025,,-0.9,-2.6,-3.5,-0.4,192.0,488.0,0.39299999999999996,63.0,189.0,0.33299999999999996,129.0,299.0,0.431,0.45799999999999996,107.0,141.0,0.759,21.0,89.0,110.0,68.0,47.0,14.0,64.0,103.0,554.0
