Tm,Unnamed: 0,Year,Player,Pos,Age,G,GS,MP,PER,TS%,3PAr,FTr,ORB%,DRB%,TRB%,AST%,STL%,BLK%,TOV%,USG%,blanl,OWS,DWS,WS,WS/48,blank2,OBPM,DBPM,BPM,VORP,FG,FGA,FG%,3P,3PA,3P%,2P,2PA,2P%,eFG%,FT,FTA,FT%,ORB,DRB,TRB,AST,STL,BLK,TOV,PF,PTS
ATL,8285,1986.0,Ray Williams,PG,31.0,19.0,13.0,367.0,13.7,0.484,0.077,0.336,5.7,7.8,6.8,25.5,3.7,0.2,20.0,22.8,,0.0,0.5,0.5,0.063,,-0.2,1.1,0.9,0.3,57.0,143.0,0.39899999999999997,4.0,11.0,0.364,53.0,132.0,0.402,0.413,41.0,48.0,0.8540000000000001,19.0,26.0,45.0,67.0,28.0,1.0,41.0,48.0,159.0
BOS,7905,1985.0,Ray Williams,PG,30.0,23.0,5.0,459.0,10.9,0.45,0.161,0.322,4.0,9.4,6.9,23.8,3.1,0.6,20.5,18.2,,-0.2,0.6,0.4,0.042,,-2.1,0.7,-1.4,0.1,55.0,143.0,0.385,6.0,23.0,0.261,49.0,120.0,0.408,0.406,31.0,46.0,0.674,16.0,41.0,57.0,90.0,30.0,5.0,42.0,56.0,147.0
KCK,7200,1983.0,Ray Williams,PG,28.0,72.0,68.0,2170.0,14.4,0.457,0.069,0.312,4.6,11.7,8.1,35.1,2.5,0.7,21.6,27.5,,-1.5,2.4,0.9,0.021,,-0.8,0.4,-0.4,0.9,419.0,1068.0,0.392,15.0,74.0,0.203,404.0,994.0,0.406,0.39899999999999997,256.0,333.0,0.769,93.0,234.0,327.0,569.0,120.0,26.0,335.0,248.0,1109.0
NJN,8662,1987.0,Ray Williams,SG,32.0,82.0,69.0,2732.0,19.0,0.527,0.09699999999999999,0.43799999999999994,5.3,8.7,6.7,33.7,3.7,0.9,22.9,29.9,,3.3,4.6,7.9,0.139,,2.4,1.5,3.9,4.1,639.0,1383.0,0.462,9.0,54.0,0.25,630.0,1329.0,0.474,0.465,387.0,465.0,0.857,117.0,208.0,325.0,488.0,199.0,43.0,290.0,302.0,1674.0
NYK,7545,1984.0,Ray Williams,SG,29.0,82.0,63.0,2742.0,21.6,0.546,0.086,0.33899999999999997,6.2,11.2,8.7,31.0,3.5,0.8,23.7,27.8,,6.0,4.1,8.2,0.152,,4.3,2.0,4.0,3.9,687.0,1384.0,0.496,25.0,81.0,0.309,680.0,1347.0,0.505,0.499,333.0,423.0,0.8270000000000001,149.0,263.0,412.0,512.0,185.0,37.0,285.0,295.0,1714.0
SAS,8286,1986.0,Ray Williams,PG,31.0,23.0,8.0,397.0,14.2,0.515,0.046,0.489,3.8,6.7,5.3,35.8,3.3,0.4,24.3,21.3,,0.2,0.4,0.6,0.071,,-1.2,-1.2,-2.4,0.0,50.0,131.0,0.382,2.0,6.0,0.33299999999999996,48.0,125.0,0.384,0.389,62.0,64.0,0.9690000000000001,13.0,24.0,37.0,111.0,28.0,3.0,51.0,64.0,164.0
TOT,8284,1986.0,Ray Williams,PG,31.0,47.0,21.0,827.0,13.5,0.491,0.062,0.41200000000000003,4.8,6.8,5.8,30.0,3.5,0.3,21.8,22.6,,0.0,1.0,1.0,0.057999999999999996,,-1.1,-0.2,-1.3,0.1,117.0,306.0,0.382,6.0,19.0,0.316,111.0,287.0,0.387,0.392,115.0,126.0,0.9129999999999999,35.0,51.0,86.0,187.0,61.0,4.0,101.0,124.0,355.0
