Tm,Unnamed: 0,Year,Player,Pos,Age,G,GS,MP,PER,TS%,3PAr,FTr,ORB%,DRB%,TRB%,AST%,STL%,BLK%,TOV%,USG%,blanl,OWS,DWS,WS,WS/48,blank2,OBPM,DBPM,BPM,VORP,FG,FGA,FG%,3P,3PA,3P%,2P,2PA,2P%,eFG%,FT,FTA,FT%,ORB,DRB,TRB,AST,STL,BLK,TOV,PF,PTS
BAL,3021,1970.0,Ray Scott,PF,31.0,82.0,,2924.0,17.5,0.48,,0.376,,,,10.8,,,,,,1.5,3.9,5.5,0.099,,,,,,490.0,1189.0,0.445,,,,490.0,1189.0,0.445,0.445,348.0,447.0,0.8029999999999999,,,1111.0,167.0,,,,252.0,1328.0
DET,2451,1967.0,Ray Scott,PF,28.0,80.0,,2964.0,17.1,0.47,,0.41200000000000003,,,,15.5,,,,,,1.9,3.4,5.3,0.096,,,,,,544.0,1309.0,0.41600000000000004,,,,544.0,1309.0,0.41600000000000004,0.41600000000000004,328.0,457.0,0.757,,,1078.0,244.0,,,,296.0,1411.0
TOT,2450,1967.0,Ray Scott,C-PF,28.0,72.0,,2446.0,14.6,0.449,,0.32,,,,9.0,,,,,,-0.4,2.8,2.4,0.047,,,,,,458.0,1144.0,0.4,,,,458.0,1144.0,0.4,0.4,256.0,366.0,0.6990000000000001,,,760.0,160.0,,,,215.0,1172.0
