Tm,Unnamed: 0,Year,Player,Pos,Age,G,GS,MP,PER,TS%,3PAr,FTr,ORB%,DRB%,TRB%,AST%,STL%,BLK%,TOV%,USG%,blanl,OWS,DWS,WS,WS/48,blank2,OBPM,DBPM,BPM,VORP,FG,FGA,FG%,3P,3PA,3P%,2P,2PA,2P%,eFG%,FT,FTA,FT%,ORB,DRB,TRB,AST,STL,BLK,TOV,PF,PTS
NJN,6772,1982.0,Ray Tolbert,PF,23.0,12.0,0.0,115.0,9.1,0.46299999999999997,0.023,0.182,10.7,15.9,13.3,9.8,1.6,1.0,20.2,20.7,,-0.1,0.2,0.0,0.012,,-4.3,0.2,-4.2,-0.1,20.0,44.0,0.455,0.0,1.0,0.0,20.0,43.0,0.465,0.455,4.0,8.0,0.5,11.0,16.0,27.0,8.0,4.0,2.0,12.0,19.0,44.0
SEA,7166,1983.0,Ray Tolbert,PF,24.0,52.0,2.0,712.0,10.5,0.535,0.011000000000000001,0.23199999999999998,8.9,15.0,11.3,7.0,1.0,1.8,19.6,17.1,,0.0,0.9,0.9,0.068,,-2.9,0.7,-2.2,0.0,100.0,190.0,0.526,0.0,2.0,0.0,100.0,188.0,0.532,0.526,24.0,44.0,0.556,46.0,105.0,151.0,31.0,16.0,24.0,51.0,97.0,224.0
DET,7506,1984.0,Ray Tolbert,PF,25.0,49.0,0.0,475.0,10.5,0.536,0.008,0.47600000000000003,9.7,17.5,12.0,6.7,1.2,3.1,17.6,17.8,,0.3,0.5,0.8,0.081,,-1.5,0.5,-1.0,0.1,64.0,124.0,0.529,0.0,1.0,0.0,64.0,123.0,0.5329999999999999,0.529,28.0,59.0,0.511,45.0,65.0,98.0,26.0,12.0,23.0,32.0,88.0,151.0
LAL,9039,1988.0,Ray Tolbert,PF,29.0,14.0,0.0,82.0,15.1,0.623,0.0,0.46399999999999997,13.1,14.5,13.8,8.6,1.8,2.1,24.6,22.8,,0.0,0.1,0.2,0.09,,-1.4,-0.3,-1.7,0.0,16.0,28.0,0.5710000000000001,0.0,0.0,,16.0,28.0,0.5710000000000001,0.5710000000000001,10.0,13.0,0.769,9.0,11.0,20.0,5.0,3.0,3.0,11.0,14.0,42.0
NYK,9038,1988.0,Ray Tolbert,PF,29.0,11.0,0.0,177.0,7.2,0.485,0.0,0.415,8.8,14.0,11.3,3.8,1.4,0.7,17.1,13.4,,0.0,0.2,0.1,0.04,,-3.9,0.1,-3.8,-0.1,19.0,41.0,0.46299999999999997,0.0,0.0,,19.0,41.0,0.46299999999999997,0.46299999999999997,9.0,17.0,0.529,14.0,21.0,35.0,5.0,5.0,2.0,10.0,25.0,47.0
TOT,9037,1988.0,Ray Tolbert,PF,29.0,73.0,2.0,1107.0,10.3,0.541,0.01,0.435,10.1,15.9,12.1,7.6,1.5,2.2,20.3,17.8,,0.0,1.3,1.1,0.057999999999999996,,-3.1,0.4,-3.1,-0.1,157.0,314.0,0.507,0.0,3.0,0.0,157.0,311.0,0.507,0.507,52.0,103.0,0.633,72.0,170.0,242.0,50.0,26.0,47.0,83.0,153.0,366.0
ATL,9485,1989.0,Ray Tolbert,PF,30.0,50.0,0.0,341.0,8.3,0.467,0.0,0.39399999999999996,9.7,18.5,14.1,6.3,1.9,2.3,24.1,17.3,,-0.4,0.5,0.0,0.005,,-4.9,0.9,-4.0,-0.2,40.0,94.0,0.426,0.0,0.0,,40.0,94.0,0.426,0.426,23.0,37.0,0.622,31.0,57.0,88.0,16.0,13.0,13.0,35.0,55.0,103.0
