Tm,Unnamed: 0,Year,Player,Pos,Age,G,GS,MP,PER,TS%,3PAr,FTr,ORB%,DRB%,TRB%,AST%,STL%,BLK%,TOV%,USG%,blanl,OWS,DWS,WS,WS/48,blank2,OBPM,DBPM,BPM,VORP,FG,FGA,FG%,3P,3PA,3P%,2P,2PA,2P%,eFG%,FT,FTA,FT%,ORB,DRB,TRB,AST,STL,BLK,TOV,PF,PTS
CHA,20081,2010.0,Raymond Felton,PG,25.0,82.0,81.0,3086.0,15.2,0.525,0.307,0.326,3.5,10.5,6.6,32.4,2.5,0.8,16.8,21.9,,2.5,4.0,6.5,0.11800000000000001,,0.7,1.1,1.6,2.4,442.0,1083.0,0.45899999999999996,103.0,312.0,0.385,383.0,876.0,0.475,0.494,260.0,325.0,0.805,77.0,256.0,310.0,583.0,126.0,30.0,230.0,191.0,1162.0
DEN,20707,2011.0,Raymond Felton,SG,26.0,21.0,0.0,663.0,14.7,0.523,0.299,0.294,1.4,11.3,6.5,31.1,2.1,0.0,16.3,18.5,,0.7,0.6,1.3,0.09699999999999999,,0.9,-0.5,0.4,0.4,88.0,204.0,0.431,28.0,61.0,0.45899999999999996,60.0,143.0,0.42,0.5,37.0,60.0,0.617,8.0,67.0,75.0,137.0,28.0,0.0,45.0,37.0,241.0
TOT,20705,2011.0,Raymond Felton,PG-SG,26.0,75.0,54.0,2737.0,16.6,0.524,0.327,0.24,2.0,9.2,5.6,35.8,2.3,0.3,16.6,21.6,,3.6,1.8,5.4,0.094,,2.0,-1.7,0.3,1.6,427.0,1005.0,0.425,116.0,329.0,0.353,311.0,676.0,0.46,0.483,194.0,241.0,0.805,48.0,221.0,269.0,625.0,125.0,11.0,221.0,150.0,1164.0
POR,21284,2012.0,Raymond Felton,PG,27.0,60.0,56.0,1906.0,13.4,0.491,0.316,0.193,1.6,7.6,4.6,33.3,2.2,0.4,19.6,20.8,,0.7,1.0,1.7,0.042,,-0.1,-1.8,-1.8,0.1,261.0,642.0,0.40700000000000003,62.0,203.0,0.305,199.0,439.0,0.45299999999999996,0.455,100.0,124.0,0.8059999999999999,27.0,122.0,149.0,390.0,78.0,10.0,170.0,122.0,684.0
NYK,22453,2014.0,Raymond Felton,PG,29.0,68.0,68.0,2313.0,17.3,0.524,0.335,0.226,3.1,8.6,5.7,37.3,2.3,1.2,16.7,22.6,,2.9,1.7,4.2,0.09300000000000001,,2.3,-0.8,0.3,1.3,377.0,882.0,0.42700000000000005,93.0,268.0,0.36,284.0,624.0,0.47100000000000003,0.48,157.0,181.0,0.867,54.0,154.0,197.0,488.0,97.0,27.0,176.0,157.0,948.0
DAL,23671,2016.0,Raymond Felton,PG,31.0,80.0,31.0,2192.0,12.4,0.502,0.321,0.258,1.8,11.1,6.5,21.9,2.0,1.2,13.8,20.7,,1.0,1.7,2.7,0.059000000000000004,,-1.1,0.2,-0.9,0.6,277.0,682.0,0.406,60.0,213.0,0.294,217.0,469.0,0.46299999999999997,0.45299999999999996,149.0,176.0,0.847,36.0,222.0,258.0,284.0,68.0,15.0,121.0,141.0,763.0
LAC,24258,2017.0,Raymond Felton,PG,32.0,80.0,11.0,1700.0,10.9,0.496,0.28,0.125,2.2,11.8,7.1,16.3,2.0,1.1,13.3,16.5,,0.2,1.8,2.0,0.055,,-1.8,0.9,-0.9,0.5,221.0,514.0,0.43,46.0,144.0,0.319,175.0,370.0,0.473,0.475,50.0,64.0,0.7809999999999999,33.0,184.0,217.0,191.0,67.0,22.0,83.0,125.0,538.0
