Tm,Unnamed: 0,Year,Player,Pos,Age,G,GS,MP,PER,TS%,3PAr,FTr,ORB%,DRB%,TRB%,AST%,STL%,BLK%,TOV%,USG%,blanl,OWS,DWS,WS,WS/48,blank2,OBPM,DBPM,BPM,VORP,FG,FGA,FG%,3P,3PA,3P%,2P,2PA,2P%,eFG%,FT,FTA,FT%,ORB,DRB,TRB,AST,STL,BLK,TOV,PF,PTS
CLE,13017,1997.0,Reggie Geary,PG,23.0,39.0,0.0,246.0,8.7,0.45399999999999996,0.36200000000000004,0.19,2.1,5.9,4.0,24.7,3.1,0.7,19.3,15.8,,-0.1,0.4,0.3,0.055999999999999994,,-3.7,-0.8,-4.4,-0.1,22.0,58.0,0.379,8.0,21.0,0.381,14.0,37.0,0.37799999999999995,0.44799999999999995,5.0,11.0,0.455,4.0,11.0,15.0,36.0,13.0,2.0,15.0,36.0,57.0
SAS,13586,1998.0,Reggie Geary,PG,24.0,62.0,2.0,685.0,6.8,0.392,0.237,0.331,3.4,7.6,5.6,16.6,2.9,1.2,17.8,16.1,,-0.9,1.2,0.3,0.023,,-4.3,1.5,-2.8,-0.1,56.0,169.0,0.331,12.0,40.0,0.3,44.0,129.0,0.341,0.36700000000000005,28.0,56.0,0.5,19.0,48.0,67.0,74.0,37.0,12.0,42.0,95.0,152.0
