Tm,Unnamed: 0,Year,Player,Pos,Age,G,GS,MP,PER,TS%,3PAr,FTr,ORB%,DRB%,TRB%,AST%,STL%,BLK%,TOV%,USG%,blanl,OWS,DWS,WS,WS/48,blank2,OBPM,DBPM,BPM,VORP,FG,FGA,FG%,3P,3PA,3P%,2P,2PA,2P%,eFG%,FT,FTA,FT%,ORB,DRB,TRB,AST,STL,BLK,TOV,PF,PTS
OKC,23151,2015.0,Reggie Jackson,PG,24.0,80.0,36.0,2277.0,15.6,0.531,0.39,0.2,3.4,15.6,9.6,24.5,2.6,1.0,17.3,22.6,,2.3,2.6,4.9,0.121,,0.7,-0.5,-0.4,0.9,403.0,916.0,0.45799999999999996,83.0,245.0,0.33899999999999997,320.0,671.0,0.5660000000000001,0.495,158.0,177.0,0.893,43.0,270.0,313.0,331.0,85.0,13.0,168.0,142.0,1047.0
TOT,23150,2015.0,Reggie Jackson,PG,24.0,77.0,40.0,2268.0,17.2,0.511,0.242,0.21899999999999997,2.6,12.9,7.8,34.8,1.4,0.3,14.6,24.6,,3.3,1.7,4.9,0.10400000000000001,,1.9,-1.2,0.8,1.6,432.0,996.0,0.434,72.0,241.0,0.299,360.0,755.0,0.47700000000000004,0.47,181.0,218.0,0.83,56.0,271.0,327.0,462.0,62.0,9.0,186.0,167.0,1117.0
DET,24364,2017.0,Reggie Jackson,PG,26.0,79.0,79.0,2424.0,19.8,0.535,0.272,0.271,3.4,12.7,7.9,51.2,1.2,0.4,17.0,29.1,,4.9,1.9,6.9,0.136,,3.9,-1.2,2.6,2.6,540.0,1244.0,0.436,118.0,334.0,0.359,422.0,910.0,0.46399999999999997,0.48200000000000004,291.0,337.0,0.868,58.0,195.0,253.0,492.0,59.0,11.0,223.0,187.0,1489.0
