Tm,Unnamed: 0,Year,Player,Pos,Age,G,GS,MP,PER,TS%,3PAr,FTr,ORB%,DRB%,TRB%,AST%,STL%,BLK%,TOV%,USG%,blanl,OWS,DWS,WS,WS/48,blank2,OBPM,DBPM,BPM,VORP,FG,FGA,FG%,3P,3PA,3P%,2P,2PA,2P%,eFG%,FT,FTA,FT%,ORB,DRB,TRB,AST,STL,BLK,TOV,PF,PTS
CLE,6617,1982.0,Reggie Johnson,PF,24.0,23.0,22.0,617.0,12.7,0.574,0.0,0.251,7.4,16.0,11.4,5.0,0.5,1.6,11.0,14.6,,0.9,0.2,1.1,0.085,,-0.8,-0.8,-1.6,0.1,94.0,175.0,0.537,0.0,0.0,,94.0,175.0,0.537,0.537,35.0,44.0,0.795,43.0,82.0,125.0,22.0,6.0,17.0,24.0,73.0,223.0
KCK,6990,1983.0,Reggie Johnson,SF,25.0,50.0,9.0,992.0,15.7,0.581,0.011000000000000001,0.282,8.2,19.9,13.5,6.4,1.2,2.0,14.7,19.5,,1.0,0.9,1.8,0.113,,-0.6,0.1,-0.5,0.3,178.0,355.0,0.556,1.0,4.0,0.25,177.0,351.0,0.5579999999999999,0.556,73.0,100.0,0.73,75.0,135.0,201.0,48.0,20.0,27.0,69.0,150.0,430.0
NJN,7351,1984.0,Reggie Johnson,PF,26.0,72.0,4.0,818.0,11.3,0.555,0.004,0.49200000000000005,7.3,12.1,9.6,6.5,1.4,1.3,15.9,18.0,,0.7,1.0,1.6,0.094,,-2.0,-0.3,-2.3,-0.1,127.0,256.0,0.496,0.0,1.0,0.0,127.0,255.0,0.498,0.496,92.0,126.0,0.73,53.0,85.0,138.0,40.0,24.0,18.0,59.0,141.0,346.0
PHI,6991,1983.0,Reggie Johnson,SF,25.0,29.0,8.0,549.0,7.4,0.478,0.0,0.195,6.4,10.7,8.6,5.4,0.7,1.7,17.3,14.6,,-0.1,0.6,0.6,0.05,,-3.0,0.4,-2.6,-0.1,69.0,154.0,0.44799999999999995,0.0,0.0,,69.0,154.0,0.44799999999999995,0.44799999999999995,22.0,30.0,0.733,32.0,58.0,90.0,23.0,8.0,17.0,35.0,82.0,160.0
SAS,6616,1982.0,Reggie Johnson,PF,24.0,79.0,17.0,1716.0,13.7,0.527,0.001,0.28300000000000003,9.1,20.0,14.6,6.5,1.2,1.7,14.5,20.7,,1.4,1.6,3.0,0.095,,-1.0,-0.7,-2.1,0.0,340.0,682.0,0.499,0.0,1.0,0.0,340.0,681.0,0.499,0.499,128.0,193.0,0.8,132.0,226.0,358.0,78.0,45.0,48.0,130.0,283.0,808.0
TOT,6989,1983.0,Reggie Johnson,SF,25.0,79.0,48.0,1904.0,14.2,0.561,0.008,0.255,7.9,18.6,13.1,6.0,0.8,1.8,15.5,17.7,,2.3,1.6,3.9,0.099,,-0.9,-0.3,-1.3,0.3,351.0,662.0,0.53,1.0,4.0,0.25,351.0,661.0,0.531,0.53,118.0,156.0,0.7559999999999999,140.0,311.0,451.0,73.0,33.0,60.0,104.0,257.0,820.0
