Tm,Unnamed: 0,Year,Player,Pos,Age,G,GS,MP,PER,TS%,3PAr,FTr,ORB%,DRB%,TRB%,AST%,STL%,BLK%,TOV%,USG%,blanl,OWS,DWS,WS,WS/48,blank2,OBPM,DBPM,BPM,VORP,FG,FGA,FG%,3P,3PA,3P%,2P,2PA,2P%,eFG%,FT,FTA,FT%,ORB,DRB,TRB,AST,STL,BLK,TOV,PF,PTS
ATL,15926,2002.0,Reggie Slater,PF,31.0,4.0,0.0,37.0,18.0,0.47200000000000003,0.0,0.6920000000000001,15.4,6.2,10.8,4.5,1.4,2.0,0.0,20.7,,0.1,0.0,0.1,0.145,,0.1,-3.0,-2.9,0.0,5.0,13.0,0.385,0.0,0.0,,5.0,13.0,0.385,0.385,6.0,9.0,0.667,5.0,2.0,7.0,1.0,1.0,1.0,0.0,2.0,16.0
DAL,12733,1996.0,Reggie Slater,PF,25.0,3.0,0.0,26.0,2.4,0.46299999999999997,0.0,0.182,3.7,17.7,10.1,0.0,0.0,0.0,20.2,23.8,,-0.1,0.0,-0.1,-0.126,,-11.8,-7.5,-19.3,-0.1,5.0,11.0,0.455,0.0,0.0,,5.0,11.0,0.455,0.455,1.0,2.0,0.5,1.0,4.0,5.0,0.0,0.0,0.0,3.0,6.0,11.0
DEN,12732,1996.0,Reggie Slater,PF,25.0,25.0,0.0,236.0,17.2,0.57,0.0,0.679,13.3,17.8,15.6,14.6,2.0,2.8,19.8,27.8,,0.1,0.3,0.4,0.081,,-2.0,0.1,-1.9,0.0,40.0,81.0,0.545,0.0,0.0,,40.0,81.0,0.545,0.545,40.0,55.0,0.727,21.0,36.0,57.0,12.0,7.0,3.0,26.0,47.0,120.0
MIN,16401,2003.0,Reggie Slater,PF,32.0,55.0,16.0,686.0,19.2,0.58,0.0,0.9,14.9,18.2,15.5,5.7,2.2,0.9,16.1,25.3,,1.2,0.7,1.8,0.18600000000000003,,1.4,-1.4,-1.9,0.0,90.0,175.0,0.54,0.0,0.0,,90.0,175.0,0.54,0.54,74.0,110.0,0.6729999999999999,78.0,108.0,186.0,26.0,18.0,9.0,43.0,126.0,254.0
NJN,15925,2002.0,Reggie Slater,PF,31.0,4.0,0.0,10.0,17.5,1.025,0.0,0.5,0.0,22.6,11.2,0.0,0.0,0.0,29.1,15.4,,0.0,0.0,0.0,0.16899999999999998,,-2.7,-5.1,-7.8,0.0,2.0,2.0,1.0,0.0,0.0,,2.0,2.0,1.0,1.0,1.0,1.0,1.0,0.0,2.0,2.0,0.0,0.0,0.0,1.0,1.0,5.0
POR,12731,1996.0,Reggie Slater,PF,25.0,4.0,0.0,20.0,8.8,0.6,0.0,0.0,0.0,17.0,8.5,0.0,2.6,7.5,37.5,17.5,,-0.1,0.0,0.0,-0.04,,-10.7,3.3,-7.5,0.0,3.0,5.0,0.6,0.0,0.0,,3.0,5.0,0.6,0.6,0.0,0.0,,0.0,3.0,3.0,0.0,1.0,2.0,3.0,1.0,6.0
TOR,14382,1999.0,Reggie Slater,PF,28.0,78.0,28.0,1662.0,17.8,0.5579999999999999,0.013000000000000001,1.0490000000000002,15.7,16.3,15.4,9.8,1.4,1.2,17.4,24.7,,1.3,0.3,1.5,0.095,,-0.9,-2.1,-3.1,-0.1,211.0,459.0,0.55,0.0,2.0,0.0,211.0,459.0,0.5579999999999999,0.55,203.0,322.0,0.63,134.0,171.0,305.0,74.0,45.0,30.0,102.0,201.0,625.0
TOT,15924,2002.0,Reggie Slater,PF,31.0,11.0,0.0,72.0,17.9,0.541,0.0,0.667,12.1,17.6,11.6,5.3,1.4,3.1,23.0,23.5,,0.1,0.1,0.1,0.15,,-0.5,-1.8,-4.0,0.0,14.0,27.0,0.519,0.0,0.0,,14.0,27.0,0.519,0.519,7.0,10.0,0.7,5.0,11.0,15.0,2.0,2.0,3.0,9.0,11.0,31.0
