Tm,Unnamed: 0,Year,Player,Pos,Age,G,GS,MP,PER,TS%,3PAr,FTr,ORB%,DRB%,TRB%,AST%,STL%,BLK%,TOV%,USG%,blanl,OWS,DWS,WS,WS/48,blank2,OBPM,DBPM,BPM,VORP,FG,FGA,FG%,3P,3PA,3P%,2P,2PA,2P%,eFG%,FT,FTA,FT%,ORB,DRB,TRB,AST,STL,BLK,TOV,PF,PTS
DEN,20540,2011.0,Renaldo Balkman,SF,26.0,53.0,10.0,780.0,16.8,0.604,0.389,0.444,13.2,23.9,15.1,10.6,4.5,3.4,22.5,14.9,,1.3,1.3,2.6,0.182,,0.5,4.0,2.7,0.9,110.0,197.0,0.5579999999999999,2.0,7.0,0.28600000000000003,108.0,190.0,0.568,0.563,42.0,65.0,0.75,86.0,117.0,203.0,34.0,47.0,23.0,35.0,98.0,264.0
TOT,20539,2011.0,Renaldo Balkman,SF,26.0,8.0,0.0,62.0,9.3,0.542,0.154,0.308,3.7,9.1,6.5,4.7,3.2,2.4,6.3,11.3,,0.1,0.1,0.1,0.114,,-1.9,1.0,-0.9,0.0,6.0,13.0,0.462,1.0,2.0,0.5,5.0,11.0,0.455,0.5,3.0,4.0,0.75,2.0,5.0,7.0,2.0,4.0,2.0,1.0,15.0,16.0
NYK,21153,2012.0,Renaldo Balkman,SF,27.0,68.0,1.0,1064.0,16.1,0.57,0.5,0.511,11.0,21.8,16.4,7.2,2.8,3.3,20.0,16.7,,1.1,1.7,2.8,0.142,,-1.0,2.4,1.4,0.9,139.0,275.0,0.505,5.0,27.0,0.5,134.0,248.0,0.609,0.531,51.0,95.0,0.727,97.0,197.0,294.0,44.0,57.0,44.0,49.0,146.0,334.0
