Tm,Unnamed: 0,Year,Player,Pos,Age,G,GS,MP,PER,TS%,3PAr,FTr,ORB%,DRB%,TRB%,AST%,STL%,BLK%,TOV%,USG%,blanl,OWS,DWS,WS,WS/48,blank2,OBPM,DBPM,BPM,VORP,FG,FGA,FG%,3P,3PA,3P%,2P,2PA,2P%,eFG%,FT,FTA,FT%,ORB,DRB,TRB,AST,STL,BLK,TOV,PF,PTS
CHH,10532,1992.0,Rex Chapman,SG,24.0,75.0,68.0,2219.0,15.1,0.527,0.161,0.306,3.5,9.0,5.8,22.1,1.7,0.8,13.8,27.1,,2.0,1.0,3.0,0.069,,1.1,-1.6,-0.5,0.8,526.0,1271.0,0.45,60.0,191.0,0.331,466.0,1080.0,0.469,0.47100000000000003,234.0,282.0,0.83,74.0,146.0,191.0,250.0,73.0,25.0,131.0,167.0,1267.0
MIA,12365,1996.0,Rex Chapman,SG,28.0,56.0,50.0,1865.0,13.0,0.539,0.496,0.166,1.4,7.5,4.5,15.4,1.3,0.4,9.8,19.7,,2.3,1.9,4.2,0.10800000000000001,,1.4,-0.8,0.6,1.2,289.0,679.0,0.426,125.0,337.0,0.371,164.0,342.0,0.48,0.518,83.0,113.0,0.735,22.0,123.0,145.0,166.0,45.0,10.0,79.0,117.0,786.0
PHO,14559,2000.0,Rex Chapman,SG,32.0,68.0,67.0,2263.0,15.2,0.551,0.419,0.244,1.6,9.9,5.8,16.3,1.6,0.6,10.5,23.1,,2.4,2.1,4.5,0.095,,1.8,-1.5,-0.2,0.8,408.0,956.0,0.44299999999999995,120.0,314.0,0.386,288.0,645.0,0.51,0.517,146.0,187.0,0.835,30.0,156.0,181.0,203.0,71.0,14.0,116.0,108.0,1082.0
TOT,10531,1992.0,Rex Chapman,PG-SG,24.0,22.0,11.0,567.0,12.1,0.49,0.115,0.21,1.9,9.3,5.5,22.1,1.3,0.8,14.0,22.9,,-0.1,0.2,0.1,0.01,,-1.8,-2.4,-4.2,-0.3,113.0,252.0,0.44799999999999995,8.0,29.0,0.276,105.0,223.0,0.47100000000000003,0.46399999999999997,36.0,53.0,0.679,10.0,48.0,58.0,89.0,15.0,8.0,45.0,51.0,270.0
WSB,11909,1995.0,Rex Chapman,SG,27.0,60.0,59.0,2025.0,16.9,0.5720000000000001,0.429,0.271,4.9,15.3,10.0,22.0,2.3,0.7,20.0,28.8,,4.2,0.8,3.9,0.092,,2.7,-1.7,-0.3,0.7,431.0,865.0,0.498,86.0,274.0,0.38799999999999996,367.0,700.0,0.524,0.535,168.0,206.0,0.862,57.0,90.0,146.0,185.0,67.0,15.0,117.0,119.0,1094.0
