Tm,Unnamed: 0,Year,Player,Pos,Age,G,GS,MP,PER,TS%,3PAr,FTr,ORB%,DRB%,TRB%,AST%,STL%,BLK%,TOV%,USG%,blanl,OWS,DWS,WS,WS/48,blank2,OBPM,DBPM,BPM,VORP,FG,FGA,FG%,3P,3PA,3P%,2P,2PA,2P%,eFG%,FT,FTA,FT%,ORB,DRB,TRB,AST,STL,BLK,TOV,PF,PTS
NJN,12783,1996.0,Rex Walters,SG,25.0,80.0,30.0,1435.0,16.2,0.623,0.418,0.29600000000000004,2.5,8.9,5.2,28.6,2.0,0.8,18.8,21.4,,0.8,0.8,1.6,0.149,,1.0,-2.0,-1.1,0.1,206.0,469.0,0.522,71.0,196.0,0.5,135.0,273.0,0.529,0.583,40.0,52.0,1.0,18.0,75.0,93.0,121.0,37.0,16.0,71.0,135.0,523.0
PHI,13914,1998.0,Rex Walters,SG,27.0,59.0,16.0,1041.0,13.2,0.5760000000000001,0.483,0.586,2.7,9.2,5.6,29.5,2.2,0.6,31.8,18.9,,1.5,0.1,1.6,0.076,,0.2,-2.7,-2.9,-0.1,148.0,325.0,0.455,57.0,148.0,0.385,91.0,177.0,0.5329999999999999,0.5429999999999999,49.0,62.0,1.0,21.0,86.0,107.0,113.0,28.0,4.0,61.0,75.0,402.0
TOT,13913,1998.0,Rex Walters,SG,27.0,44.0,8.0,610.0,12.8,0.612,0.446,0.528,2.5,9.2,5.9,28.4,2.1,0.5,29.2,17.9,,0.7,0.2,0.9,0.073,,-0.7,-2.2,-3.5,-0.1,61.0,148.0,0.45299999999999996,22.0,66.0,0.33299999999999996,39.0,82.0,0.581,0.509,42.0,52.0,0.929,13.0,42.0,55.0,106.0,25.0,4.0,41.0,53.0,186.0
MIA,14935,2000.0,Rex Walters,SG,29.0,33.0,13.0,506.0,14.2,0.659,0.4,0.45799999999999996,2.6,13.7,8.1,25.6,1.5,0.7,25.7,16.8,,0.2,0.5,0.5,0.134,,-0.9,-0.6,-1.5,0.0,38.0,95.0,0.542,12.0,38.0,0.375,33.0,71.0,0.625,0.604,19.0,23.0,0.826,10.0,40.0,50.0,65.0,10.0,3.0,32.0,63.0,101.0
