Tm,Unnamed: 0,Year,Player,Pos,Age,G,GS,MP,PER,TS%,3PAr,FTr,ORB%,DRB%,TRB%,AST%,STL%,BLK%,TOV%,USG%,blanl,OWS,DWS,WS,WS/48,blank2,OBPM,DBPM,BPM,VORP,FG,FGA,FG%,3P,3PA,3P%,2P,2PA,2P%,eFG%,FT,FTA,FT%,ORB,DRB,TRB,AST,STL,BLK,TOV,PF,PTS
WAS,15686,2002.0,Richard Hamilton,SG,23.0,78.0,57.0,2519.0,16.9,0.511,0.127,0.311,3.8,7.7,5.7,17.7,1.5,0.5,12.6,28.6,,3.4,0.6,4.0,0.087,,1.0,-2.8,-1.8,0.1,547.0,1249.0,0.43799999999999994,40.0,146.0,0.381,507.0,1103.0,0.46,0.45399999999999996,300.0,337.0,0.89,75.0,163.0,238.0,224.0,75.0,14.0,201.0,203.0,1411.0
DET,20761,2011.0,Richard Hamilton,SG,32.0,82.0,82.0,2926.0,18.7,0.5529999999999999,0.215,0.41100000000000003,3.9,10.5,7.1,23.9,2.0,0.5,13.9,31.3,,5.7,4.4,8.1,0.152,,2.9,0.1,2.5,2.8,649.0,1322.0,0.491,70.0,190.0,0.45799999999999996,594.0,1202.0,0.494,0.515,440.0,528.0,0.868,88.0,230.0,318.0,372.0,103.0,17.0,217.0,249.0,1612.0
CHI,21883,2013.0,Richard Hamilton,SG,34.0,50.0,45.0,1088.0,13.2,0.5,0.14800000000000002,0.162,3.3,7.2,5.3,21.0,1.2,0.3,14.2,25.0,,0.5,0.9,1.3,0.092,,-0.4,-1.7,-2.1,0.0,204.0,475.0,0.452,17.0,52.0,0.37,188.0,423.0,0.466,0.479,66.0,77.0,0.857,20.0,67.0,83.0,119.0,24.0,5.0,84.0,93.0,490.0
