Tm,Unnamed: 0,Year,Player,Pos,Age,G,GS,MP,PER,TS%,3PAr,FTr,ORB%,DRB%,TRB%,AST%,STL%,BLK%,TOV%,USG%,blanl,OWS,DWS,WS,WS/48,blank2,OBPM,DBPM,BPM,VORP,FG,FGA,FG%,3P,3PA,3P%,2P,2PA,2P%,eFG%,FT,FTA,FT%,ORB,DRB,TRB,AST,STL,BLK,TOV,PF,PTS
ATL,2927,1970.0,Richie Guerin*,SG,37.0,27.0,,472.0,13.5,0.526,,0.667,,,,25.8,,,,,,0.7,0.5,1.2,0.11900000000000001,,,,,,47.0,111.0,0.423,,,,47.0,111.0,0.423,0.423,57.0,74.0,1.0,,,59.0,99.0,,,,66.0,151.0
NYK,1991,1964.0,Richie Guerin*,SG,31.0,79.0,,3348.0,34.1,0.7140000000000001,,0.525,,,,,,,,,,9.2,3.0,12.1,0.488,,,,,,839.0,1897.0,0.688,,,,839.0,1897.0,0.688,0.688,625.0,762.0,0.848,,,628.0,539.0,,,,310.0,2303.0
STL,2393,1967.0,Richie Guerin*,SG,34.0,80.0,,2363.0,16.4,0.517,,0.505,,,,23.9,,,,,,3.7,2.4,6.0,0.162,,,,,,414.0,998.0,0.446,,,,414.0,998.0,0.446,0.446,362.0,446.0,0.8190000000000001,,,314.0,388.0,,,,271.0,1190.0
TOT,1990,1964.0,Richie Guerin*,SG,31.0,80.0,,2366.0,14.7,0.508,,0.501,,,,,,,,,,3.9,2.4,6.3,0.127,,,,,,351.0,846.0,0.415,,,,351.0,846.0,0.415,0.415,347.0,424.0,0.818,,,256.0,375.0,,,,276.0,1049.0
