Tm,Unnamed: 0,Year,Player,Pos,Age,G,GS,MP,PER,TS%,3PAr,FTr,ORB%,DRB%,TRB%,AST%,STL%,BLK%,TOV%,USG%,blanl,OWS,DWS,WS,WS/48,blank2,OBPM,DBPM,BPM,VORP,FG,FGA,FG%,3P,3PA,3P%,2P,2PA,2P%,eFG%,FT,FTA,FT%,ORB,DRB,TRB,AST,STL,BLK,TOV,PF,PTS
CLE,6788,1982.0,Richard Washington,PF,26.0,69.0,2.0,1505.0,14.1,0.494,0.017,0.21600000000000003,10.9,18.2,13.6,10.6,1.3,2.0,22.3,21.3,,0.8,1.2,2.0,0.065,,-1.2,-0.1,-1.3,0.3,289.0,630.0,0.45899999999999996,1.0,2.0,0.5,288.0,628.0,0.45899999999999996,0.46,102.0,136.0,0.75,133.0,236.0,369.0,113.0,41.0,54.0,108.0,246.0,681.0
DAL,6419,1981.0,Richard Washington,PF,25.0,11.0,,307.0,11.5,0.46799999999999997,0.0,0.19699999999999998,8.9,22.7,15.6,8.1,0.8,1.3,14.2,20.2,,-0.1,0.2,0.1,0.013000000000000001,,-3.3,-1.0,-4.3,-0.2,51.0,117.0,0.436,0.0,0.0,,51.0,117.0,0.436,0.436,17.0,23.0,0.7390000000000001,25.0,59.0,84.0,16.0,5.0,7.0,21.0,37.0,119.0
KCK,5703,1979.0,Richard Washington,PF,23.0,82.0,,2265.0,14.2,0.511,,0.39,8.9,25.6,16.2,7.4,1.9,2.2,23.8,20.0,,1.3,3.0,3.9,0.085,,-1.0,1.1,-0.6,0.8,446.0,1034.0,0.47700000000000004,,,,446.0,1034.0,0.47700000000000004,0.47700000000000004,177.0,254.0,0.754,201.0,497.0,698.0,118.0,74.0,90.0,191.0,324.0,1069.0
MIL,6057,1980.0,Richard Washington,PF,24.0,75.0,,1092.0,12.3,0.484,0.0,0.18100000000000002,9.7,17.5,13.7,6.7,1.1,2.4,12.2,18.8,,0.5,1.6,2.0,0.08900000000000001,,-2.4,0.0,-2.5,-0.1,197.0,421.0,0.46799999999999997,0.0,0.0,,197.0,421.0,0.46799999999999997,0.46799999999999997,46.0,76.0,0.605,95.0,181.0,276.0,55.0,26.0,48.0,63.0,166.0,440.0
TOT,6418,1981.0,Richard Washington,PF,25.0,80.0,,1812.0,13.6,0.49,0.003,0.213,9.2,19.0,13.9,10.2,1.2,1.9,13.6,21.1,,0.7,1.4,2.1,0.055999999999999994,,-1.6,-0.3,-1.8,0.1,340.0,747.0,0.455,1.0,2.0,0.5,339.0,745.0,0.455,0.456,119.0,159.0,0.748,158.0,295.0,453.0,129.0,46.0,61.0,129.0,283.0,800.0
