Tm,Unnamed: 0,Year,Player,Pos,Age,G,GS,MP,PER,TS%,3PAr,FTr,ORB%,DRB%,TRB%,AST%,STL%,BLK%,TOV%,USG%,blanl,OWS,DWS,WS,WS/48,blank2,OBPM,DBPM,BPM,VORP,FG,FGA,FG%,3P,3PA,3P%,2P,2PA,2P%,eFG%,FT,FTA,FT%,ORB,DRB,TRB,AST,STL,BLK,TOV,PF,PTS
DET,2799,1969.0,Rich Niemann,C,22.0,16.0,,123.0,11.6,0.467,,0.213,,,,9.7,,,,,,0.0,0.1,0.1,0.037000000000000005,,,,,,20.0,47.0,0.426,,,,20.0,47.0,0.426,0.426,8.0,10.0,0.8,,,41.0,9.0,,,,30.0,48.0
MIL,2800,1969.0,Rich Niemann,C,22.0,18.0,,149.0,12.2,0.45,,0.254,,,,6.4,,,,,,0.0,0.1,0.1,0.038,,,,,,24.0,59.0,0.40700000000000003,,,,24.0,59.0,0.40700000000000003,0.40700000000000003,11.0,15.0,0.733,,,59.0,7.0,,,,31.0,59.0
TOT,2798,1969.0,Rich Niemann,C,22.0,34.0,,272.0,11.9,0.457,,0.23600000000000002,,,,7.9,,,,,,0.0,0.2,0.2,0.038,,,,,,44.0,106.0,0.415,,,,44.0,106.0,0.415,0.415,19.0,25.0,0.76,,,100.0,16.0,,,,61.0,107.0
BOS,2998,1970.0,Rich Niemann,C,23.0,6.0,,18.0,6.5,0.51,,0.4,,,,13.7,,,,,,0.0,0.0,0.0,0.107,,,,,,2.0,5.0,0.4,,,,2.0,5.0,0.4,0.4,2.0,2.0,1.0,,,6.0,2.0,,,,10.0,6.0
