Tm,Unnamed: 0,Year,Player,Pos,Age,G,GS,MP,PER,TS%,3PAr,FTr,ORB%,DRB%,TRB%,AST%,STL%,BLK%,TOV%,USG%,blanl,OWS,DWS,WS,WS/48,blank2,OBPM,DBPM,BPM,VORP,FG,FGA,FG%,3P,3PA,3P%,2P,2PA,2P%,eFG%,FT,FTA,FT%,ORB,DRB,TRB,AST,STL,BLK,TOV,PF,PTS
SDC,6831,1983.0,Richard Anderson,C,22.0,78.0,5.0,1274.0,10.4,0.43700000000000006,0.044000000000000004,0.16,9.2,15.6,12.2,12.1,2.1,1.2,16.8,16.9,,-0.3,0.8,0.5,0.017,,-2.4,-0.2,-2.6,-0.2,174.0,431.0,0.40399999999999997,7.0,19.0,0.368,167.0,412.0,0.405,0.41200000000000003,48.0,69.0,0.696,111.0,161.0,272.0,120.0,57.0,26.0,93.0,170.0,403.0
DEN,7220,1984.0,Richard Anderson,PF,23.0,78.0,17.0,1380.0,14.6,0.47100000000000003,0.03,0.235,10.1,21.1,15.5,17.6,1.4,1.1,13.4,22.2,,0.3,1.0,1.3,0.044000000000000004,,-1.0,-0.5,-1.5,0.2,272.0,638.0,0.426,3.0,19.0,0.158,269.0,619.0,0.435,0.429,116.0,150.0,0.773,136.0,270.0,406.0,193.0,46.0,28.0,109.0,183.0,663.0
HOU,8691,1988.0,Richard Anderson,PF,27.0,51.0,0.0,312.0,22.9,0.5670000000000001,0.5770000000000001,0.209,17.8,19.1,16.8,15.4,1.1,0.6,11.1,22.4,,0.2,0.4,0.5,0.253,,7.7,-1.0,4.7,0.1,59.0,139.0,0.424,6.0,16.0,0.4,55.0,123.0,0.455,0.5379999999999999,22.0,29.0,0.8,24.0,55.0,79.0,33.0,7.0,3.0,19.0,37.0,144.0
TOT,8690,1988.0,Richard Anderson,PF,27.0,74.0,3.0,1350.0,11.1,0.474,0.342,0.175,7.3,17.0,12.1,10.4,1.8,0.7,11.4,15.6,,0.7,1.6,2.3,0.08199999999999999,,-0.7,0.5,-0.2,0.6,171.0,439.0,0.39,48.0,150.0,0.32,123.0,289.0,0.426,0.444,58.0,77.0,0.753,91.0,212.0,303.0,112.0,51.0,16.0,61.0,137.0,448.0
POR,9124,1989.0,Richard Anderson,PF,28.0,72.0,3.0,1297.0,12.0,0.509,0.405,0.174,6.8,17.5,11.9,11.4,1.9,0.7,12.9,15.4,,0.9,1.6,2.1,0.09300000000000001,,-0.7,0.6,-0.4,0.5,160.0,413.0,0.41700000000000004,49.0,141.0,0.348,118.0,278.0,0.46399999999999997,0.48700000000000004,54.0,72.0,0.8420000000000001,82.0,204.0,286.0,108.0,50.0,16.0,60.0,133.0,416.0
CHH,9556,1990.0,Richard Anderson,PF,29.0,54.0,2.0,604.0,13.3,0.522,0.474,0.109,5.9,18.8,11.9,13.4,1.6,0.9,10.5,17.4,,0.4,0.5,1.0,0.077,,0.0,-0.1,-0.1,0.3,88.0,211.0,0.41700000000000004,37.0,100.0,0.37,51.0,111.0,0.45899999999999996,0.505,18.0,23.0,0.7829999999999999,33.0,94.0,127.0,55.0,20.0,9.0,26.0,64.0,231.0
