Tm,Unnamed: 0,Year,Player,Pos,Age,G,GS,MP,PER,TS%,3PAr,FTr,ORB%,DRB%,TRB%,AST%,STL%,BLK%,TOV%,USG%,blanl,OWS,DWS,WS,WS/48,blank2,OBPM,DBPM,BPM,VORP,FG,FGA,FG%,3P,3PA,3P%,2P,2PA,2P%,eFG%,FT,FTA,FT%,ORB,DRB,TRB,AST,STL,BLK,TOV,PF,PTS
NJN,9092,1988.0,Ricky Wilson,PG,23.0,6.0,0.0,47.0,17.6,0.6629999999999999,0.091,1.0,2.4,0.0,1.2,19.3,6.2,0.0,20.2,17.8,,0.1,0.1,0.1,0.147,,0.5,-0.6,0.0,0.0,7.0,11.0,0.636,1.0,1.0,1.0,6.0,10.0,0.6,0.682,6.0,11.0,0.545,1.0,0.0,1.0,6.0,6.0,0.0,4.0,6.0,21.0
SAS,9093,1988.0,Ricky Wilson,PG,23.0,18.0,1.0,373.0,9.1,0.465,0.253,0.293,0.3,7.3,3.8,20.1,2.1,0.4,15.8,14.0,,0.0,0.1,0.1,0.017,,-2.7,-2.1,-4.8,-0.3,36.0,99.0,0.364,9.0,25.0,0.36,27.0,74.0,0.365,0.409,23.0,29.0,0.7929999999999999,1.0,25.0,26.0,63.0,17.0,3.0,21.0,34.0,104.0
TOT,9091,1988.0,Ricky Wilson,PG,23.0,24.0,1.0,420.0,10.0,0.49,0.23600000000000002,0.364,0.5,6.5,3.5,20.0,2.6,0.4,16.4,14.5,,0.1,0.2,0.3,0.032,,-2.3,-1.9,-4.2,-0.2,43.0,110.0,0.391,10.0,26.0,0.385,33.0,84.0,0.39299999999999996,0.436,29.0,40.0,0.725,2.0,25.0,27.0,69.0,23.0,3.0,25.0,40.0,125.0
