Tm,Unnamed: 0,Year,Player,Pos,Age,G,GS,MP,PER,TS%,3PAr,FTr,ORB%,DRB%,TRB%,AST%,STL%,BLK%,TOV%,USG%,blanl,OWS,DWS,WS,WS/48,blank2,OBPM,DBPM,BPM,VORP,FG,FGA,FG%,3P,3PA,3P%,2P,2PA,2P%,eFG%,FT,FTA,FT%,ORB,DRB,TRB,AST,STL,BLK,TOV,PF,PTS
DAL,23206,2015.0,Ricky Ledo,SG,22.0,11.0,0.0,33.0,12.7,0.506,0.5,0.33299999999999996,9.9,10.0,10.0,11.1,1.6,0.0,22.5,36.0,,0.0,0.0,0.0,0.024,,-1.6,-5.5,-7.2,0.0,6.0,17.0,0.353,3.0,8.0,0.375,3.0,9.0,0.33299999999999996,0.441,4.0,4.0,1.0,1.0,2.0,2.0,2.0,1.0,0.0,2.0,2.0,19.0
NYK,23207,2015.0,Ricky Ledo,SG,22.0,12.0,0.0,233.0,7.6,0.45,0.267,0.222,7.2,9.7,8.4,13.1,1.4,0.4,19.5,24.3,,-0.4,0.0,-0.4,-0.083,,-4.1,-2.9,-7.1,-0.3,32.0,90.0,0.35600000000000004,10.0,24.0,0.41700000000000004,22.0,66.0,0.33299999999999996,0.41100000000000003,15.0,20.0,0.75,15.0,19.0,34.0,18.0,6.0,1.0,24.0,20.0,89.0
TOT,23205,2015.0,Ricky Ledo,SG,22.0,17.0,0.0,244.0,6.3,0.426,0.281,0.22899999999999998,7.4,9.7,8.5,13.0,1.3,0.3,19.7,24.8,,-0.6,0.0,-0.6,-0.11199999999999999,,-4.9,-3.0,-7.9,-0.4,32.0,96.0,0.33299999999999996,10.0,27.0,0.37,22.0,69.0,0.319,0.385,16.0,22.0,0.727,16.0,20.0,36.0,19.0,6.0,1.0,26.0,21.0,90.0
