Tm,Unnamed: 0,Year,Player,Pos,Age,G,GS,MP,PER,TS%,3PAr,FTr,ORB%,DRB%,TRB%,AST%,STL%,BLK%,TOV%,USG%,blanl,OWS,DWS,WS,WS/48,blank2,OBPM,DBPM,BPM,VORP,FG,FGA,FG%,3P,3PA,3P%,2P,2PA,2P%,eFG%,FT,FTA,FT%,ORB,DRB,TRB,AST,STL,BLK,TOV,PF,PTS
BOS,13009,1997.0,Rick Fox,SF,27.0,82.0,81.0,2650.0,16.8,0.573,0.293,0.35,6.7,13.5,9.7,22.6,3.2,1.6,17.2,20.9,,3.3,2.2,5.2,0.128,,2.3,1.1,2.8,3.1,433.0,950.0,0.484,101.0,278.0,0.413,332.0,672.0,0.504,0.526,207.0,263.0,0.802,158.0,292.0,450.0,369.0,167.0,52.0,216.0,290.0,1174.0
LAL,16666,2004.0,Rick Fox,SF,34.0,82.0,82.0,2709.0,13.8,0.564,0.46399999999999997,0.298,4.6,14.3,9.4,18.1,1.9,1.2,19.4,20.3,,3.7,2.8,5.3,0.107,,1.9,0.9,1.3,2.2,363.0,771.0,0.47100000000000003,118.0,300.0,0.39299999999999996,277.0,506.0,0.547,0.536,171.0,230.0,0.8240000000000001,90.0,299.0,389.0,283.0,100.0,48.0,201.0,309.0,983.0
