Tm,Unnamed: 0,Year,Player,Pos,Age,G,GS,MP,PER,TS%,3PAr,FTr,ORB%,DRB%,TRB%,AST%,STL%,BLK%,TOV%,USG%,blanl,OWS,DWS,WS,WS/48,blank2,OBPM,DBPM,BPM,VORP,FG,FGA,FG%,3P,3PA,3P%,2P,2PA,2P%,eFG%,FT,FTA,FT%,ORB,DRB,TRB,AST,STL,BLK,TOV,PF,PTS
CLE,3771,1973.0,Rick Roberson,PF,25.0,63.0,,2207.0,13.6,0.485,,0.532,,,17.6,8.7,,,,,,0.9,3.2,3.6,0.08,,,,,,307.0,709.0,0.442,,,,307.0,709.0,0.442,0.442,215.0,366.0,0.5870000000000001,,,801.0,134.0,,,,251.0,823.0
KCK,4577,1976.0,Rick Roberson,C,28.0,74.0,,709.0,10.3,0.41700000000000004,,0.5720000000000001,10.5,23.2,16.8,10.1,1.2,1.3,,,,-0.7,0.8,0.0,0.002,,-4.3,-0.1,-4.4,-0.4,73.0,180.0,0.406,,,,73.0,180.0,0.406,0.406,42.0,103.0,0.408,74.0,159.0,233.0,53.0,18.0,17.0,,126.0,188.0
LAL,3249,1971.0,Rick Roberson,C,23.0,74.0,,2005.0,11.8,0.474,,0.475,,,15.0,6.4,,,,,,0.1,2.9,3.0,0.07200000000000001,,,,,,262.0,586.0,0.447,,,,262.0,586.0,0.447,0.447,120.0,212.0,0.615,,,672.0,92.0,,,,256.0,644.0
NOJ,4297,1975.0,Rick Roberson,C,27.0,16.0,,339.0,13.1,0.474,,0.37,11.2,24.1,17.4,9.8,0.9,1.3,,,,0.0,0.4,0.4,0.053,,-2.5,0.0,-2.5,0.0,48.0,108.0,0.444,,,,48.0,108.0,0.444,0.444,23.0,40.0,0.575,39.0,79.0,118.0,23.0,7.0,8.0,,49.0,119.0
POR,4035,1974.0,Rick Roberson,C,26.0,69.0,,2060.0,16.1,0.498,,0.396,12.2,22.7,17.4,8.8,1.4,1.4,,,,1.9,1.4,3.2,0.075,,0.0,-0.9,-0.9,0.6,364.0,797.0,0.457,,,,364.0,797.0,0.457,0.457,205.0,316.0,0.649,251.0,450.0,701.0,133.0,65.0,55.0,,252.0,933.0
