Tm,Unnamed: 0,Year,Player,Pos,Age,G,GS,MP,PER,TS%,3PAr,FTr,ORB%,DRB%,TRB%,AST%,STL%,BLK%,TOV%,USG%,blanl,OWS,DWS,WS,WS/48,blank2,OBPM,DBPM,BPM,VORP,FG,FGA,FG%,3P,3PA,3P%,2P,2PA,2P%,eFG%,FT,FTA,FT%,ORB,DRB,TRB,AST,STL,BLK,TOV,PF,PTS
CHI,6760,1982.0,Ricky Sobers,SG,29.0,82.0,6.0,2673.0,15.6,0.546,0.095,0.321,3.2,6.9,5.1,23.8,2.6,0.5,20.3,24.5,,2.2,1.9,3.8,0.10099999999999999,,0.6,-0.8,-1.1,0.5,470.0,1002.0,0.469,21.0,76.0,0.309,449.0,934.0,0.48100000000000004,0.48,231.0,254.0,0.935,75.0,167.0,242.0,426.0,136.0,18.0,282.0,294.0,1161.0
IND,5674,1979.0,Ricky Sobers,SG,26.0,81.0,,3019.0,15.4,0.523,,0.32799999999999996,4.3,7.8,5.5,27.7,2.5,0.4,20.1,22.8,,2.4,2.4,4.8,0.076,,0.9,-0.5,0.4,1.8,553.0,1221.0,0.46299999999999997,,,,553.0,1221.0,0.46299999999999997,0.46299999999999997,330.0,400.0,0.882,118.0,235.0,327.0,584.0,170.0,23.0,352.0,315.0,1436.0
PHO,4939,1977.0,Ricky Sobers,SG,24.0,79.0,,2005.0,16.5,0.557,,0.34700000000000003,4.6,10.1,7.4,18.1,2.5,0.4,,,,3.0,2.2,5.3,0.126,,1.9,-0.1,1.4,1.7,414.0,834.0,0.496,,,,414.0,834.0,0.496,0.496,243.0,289.0,0.841,82.0,179.0,259.0,238.0,106.0,14.0,,258.0,1071.0
SEA,8212,1986.0,Ricky Sobers,SG,33.0,78.0,12.0,1490.0,13.4,0.506,0.079,0.258,2.6,6.6,4.6,26.3,1.7,0.3,18.4,24.1,,1.1,1.1,2.2,0.081,,-0.8,-2.1,-2.9,-0.3,280.0,628.0,0.446,13.0,43.0,0.302,272.0,600.0,0.456,0.456,132.0,162.0,0.88,29.0,76.0,103.0,252.0,49.0,9.0,158.0,156.0,700.0
WSB,7485,1984.0,Ricky Sobers,SG,31.0,81.0,81.0,2624.0,13.2,0.524,0.10300000000000001,0.34600000000000003,2.7,5.7,4.0,22.6,2.2,0.6,19.3,23.6,,0.4,2.5,2.9,0.08,,-0.5,0.1,-0.5,0.6,508.0,1115.0,0.456,29.0,111.0,0.418,479.0,1004.0,0.47700000000000004,0.469,221.0,264.0,0.8370000000000001,51.0,128.0,179.0,377.0,117.0,17.0,222.0,278.0,1266.0
