Tm,Unnamed: 0,Year,Player,Pos,Age,G,GS,MP,PER,TS%,3PAr,FTr,ORB%,DRB%,TRB%,AST%,STL%,BLK%,TOV%,USG%,blanl,OWS,DWS,WS,WS/48,blank2,OBPM,DBPM,BPM,VORP,FG,FGA,FG%,3P,3PA,3P%,2P,2PA,2P%,eFG%,FT,FTA,FT%,ORB,DRB,TRB,AST,STL,BLK,TOV,PF,PTS
SFW,2355,1967.0,Rick Barry*,SF,22.0,80.0,,3175.0,24.2,0.531,,0.389,,,,13.6,,,,,,10.1,4.3,14.4,0.218,,,,,,1011.0,2240.0,0.451,,,,1011.0,2240.0,0.451,0.451,753.0,852.0,0.884,,,850.0,282.0,,,,297.0,2775.0
GSW,5028,1978.0,Rick Barry*,SF,33.0,82.0,,3235.0,23.5,0.515,,0.266,3.4,13.8,10.8,24.7,3.1,1.0,10.7,27.1,,8.9,5.1,12.7,0.188,,5.5,1.5,5.6,6.0,1028.0,2217.0,0.46399999999999997,,,,1028.0,2217.0,0.46399999999999997,0.46399999999999997,417.0,464.0,0.924,103.0,437.0,728.0,496.0,228.0,58.0,224.0,265.0,2450.0
HOU,5737,1980.0,Rick Barry*,SF,35.0,80.0,,2566.0,14.8,0.517,0.287,0.198,3.1,11.5,7.2,25.7,2.1,0.9,15.6,21.6,,2.9,1.3,4.2,0.09,,1.4,-0.6,0.6,1.2,461.0,1000.0,0.461,73.0,221.0,0.33,461.0,1000.0,0.461,0.469,160.0,169.0,0.9470000000000001,53.0,237.0,277.0,502.0,95.0,38.0,198.0,195.0,1082.0
