Tm,Unnamed: 0,Year,Player,Pos,Age,G,GS,MP,PER,TS%,3PAr,FTr,ORB%,DRB%,TRB%,AST%,STL%,BLK%,TOV%,USG%,blanl,OWS,DWS,WS,WS/48,blank2,OBPM,DBPM,BPM,VORP,FG,FGA,FG%,3P,3PA,3P%,2P,2PA,2P%,eFG%,FT,FTA,FT%,ORB,DRB,TRB,AST,STL,BLK,TOV,PF,PTS
HOU,22388,2014.0,Robert Covington,SF,23.0,7.0,0.0,34.0,15.0,0.5710000000000001,0.7859999999999999,0.0,6.9,9.3,8.2,0.0,2.9,0.0,6.7,19.3,,0.1,0.0,0.1,0.122,,1.3,-4.9,-3.6,0.0,6.0,14.0,0.429,4.0,11.0,0.364,2.0,3.0,0.667,0.5710000000000001,0.0,0.0,,2.0,3.0,5.0,0.0,2.0,0.0,1.0,3.0,16.0
PHI,24209,2017.0,Robert Covington,SF,26.0,70.0,67.0,2119.0,14.7,0.5539999999999999,0.677,0.287,4.8,20.9,12.0,9.8,2.9,2.6,15.3,21.8,,1.6,3.2,4.0,0.09699999999999999,,0.6,2.0,1.4,1.8,299.0,756.0,0.39899999999999997,170.0,482.0,0.374,155.0,320.0,0.484,0.506,178.0,217.0,0.8220000000000001,92.0,354.0,436.0,105.0,127.0,69.0,143.0,232.0,943.0
