Tm,Unnamed: 0,Year,Player,Pos,Age,G,GS,MP,PER,TS%,3PAr,FTr,ORB%,DRB%,TRB%,AST%,STL%,BLK%,TOV%,USG%,blanl,OWS,DWS,WS,WS/48,blank2,OBPM,DBPM,BPM,VORP,FG,FGA,FG%,3P,3PA,3P%,2P,2PA,2P%,eFG%,FT,FTA,FT%,ORB,DRB,TRB,AST,STL,BLK,TOV,PF,PTS
OKC,19847,2009.0,Robert Swift,C,23.0,26.0,10.0,343.0,11.5,0.551,0.0,0.225,6.9,23.2,14.9,4.0,0.7,3.7,9.3,11.1,,0.3,0.4,0.7,0.10400000000000001,,-3.9,0.8,-3.1,-0.1,37.0,71.0,0.521,0.0,0.0,,37.0,71.0,0.521,0.521,12.0,16.0,0.75,21.0,68.0,89.0,9.0,5.0,17.0,8.0,50.0,86.0
SEA,19244,2008.0,Robert Swift,C,22.0,47.0,20.0,987.0,12.7,0.536,0.0,0.818,11.3,21.1,16.2,4.2,2.5,7.6,35.9,15.0,,0.7,0.3,1.1,0.052000000000000005,,-2.9,3.1,-2.8,0.0,124.0,241.0,0.515,0.0,0.0,,124.0,241.0,0.515,0.515,53.0,91.0,1.0,94.0,170.0,264.0,8.0,15.0,56.0,49.0,142.0,301.0
