Tm,Unnamed: 0,Year,Player,Pos,Age,G,GS,MP,PER,TS%,3PAr,FTr,ORB%,DRB%,TRB%,AST%,STL%,BLK%,TOV%,USG%,blanl,OWS,DWS,WS,WS/48,blank2,OBPM,DBPM,BPM,VORP,FG,FGA,FG%,3P,3PA,3P%,2P,2PA,2P%,eFG%,FT,FTA,FT%,ORB,DRB,TRB,AST,STL,BLK,TOV,PF,PTS
BAL,2065,1964.0,Rod Thorn,SG,22.0,75.0,,2594.0,12.9,0.461,,0.348,,,,,,,,,,1.2,1.7,2.9,0.053,,,,,,411.0,1015.0,0.405,,,,411.0,1015.0,0.405,0.405,258.0,353.0,0.731,,,360.0,281.0,,,,187.0,1080.0
DET,2321,1966.0,Rod Thorn,SG,24.0,74.0,,1770.0,14.2,0.47600000000000003,,0.359,,,,12.7,,,,,,1.7,1.7,3.4,0.09300000000000001,,,,,,320.0,750.0,0.42700000000000005,,,,320.0,750.0,0.42700000000000005,0.42700000000000005,176.0,243.0,0.732,,,266.0,161.0,,,,122.0,816.0
SEA,3273,1971.0,Rod Thorn,SG,29.0,66.0,,1668.0,17.6,0.511,,0.5329999999999999,,,6.2,31.9,,,,,,2.7,0.8,3.5,0.11800000000000001,,,,,,377.0,835.0,0.47200000000000003,,,,377.0,835.0,0.47200000000000003,0.47200000000000003,252.0,342.0,0.737,,,265.0,230.0,,,,117.0,1006.0
STL,2460,1967.0,Rod Thorn,SG,25.0,67.0,,1166.0,14.7,0.493,,0.32799999999999996,,,,14.3,,,,,,1.3,0.8,2.1,0.086,,,,,,233.0,524.0,0.445,,,,233.0,524.0,0.445,0.445,125.0,172.0,0.727,,,160.0,118.0,,,,88.0,591.0
TOT,2320,1966.0,Rod Thorn,SG,24.0,73.0,,1739.0,12.1,0.469,,0.324,,,,11.7,,,,,,1.0,1.3,2.3,0.063,,,,,,306.0,728.0,0.42,,,,306.0,728.0,0.42,0.42,168.0,236.0,0.7120000000000001,,,210.0,145.0,,,,144.0,780.0
