Tm,Unnamed: 0,Year,Player,Pos,Age,G,GS,MP,PER,TS%,3PAr,FTr,ORB%,DRB%,TRB%,AST%,STL%,BLK%,TOV%,USG%,blanl,OWS,DWS,WS,WS/48,blank2,OBPM,DBPM,BPM,VORP,FG,FGA,FG%,3P,3PA,3P%,2P,2PA,2P%,eFG%,FT,FTA,FT%,ORB,DRB,TRB,AST,STL,BLK,TOV,PF,PTS
GSW,20613,2011.0,Rodney Carney,SF,26.0,25.0,1.0,331.0,10.7,0.526,0.34600000000000003,0.252,4.0,12.3,8.0,4.9,1.7,1.2,11.9,18.0,,0.1,0.2,0.3,0.038,,-2.6,-2.4,-4.9,-0.2,45.0,107.0,0.42100000000000004,17.0,37.0,0.45899999999999996,28.0,70.0,0.4,0.5,18.0,27.0,0.667,12.0,35.0,47.0,11.0,11.0,5.0,16.0,33.0,125.0
MEM,20614,2011.0,Rodney Carney,SF,26.0,2.0,0.0,5.0,20.4,0.33299999999999996,0.33299999999999996,0.0,23.7,0.0,12.0,0.0,10.4,0.0,0.0,27.1,,0.0,0.0,0.0,0.071,,0.4,-1.2,-0.8,0.0,1.0,3.0,0.33299999999999996,0.0,1.0,0.0,1.0,2.0,0.5,0.33299999999999996,0.0,0.0,,1.0,0.0,1.0,0.0,1.0,0.0,0.0,0.0,2.0
MIN,19437,2009.0,Rodney Carney,SG,24.0,67.0,6.0,1199.0,12.1,0.532,0.534,0.156,3.4,9.1,6.1,3.6,2.0,1.9,8.7,18.6,,0.7,0.8,1.5,0.059000000000000004,,-0.2,-1.2,-1.5,0.2,176.0,423.0,0.41600000000000004,79.0,226.0,0.35,97.0,197.0,0.49200000000000005,0.509,50.0,66.0,0.758,36.0,90.0,126.0,26.0,45.0,29.0,43.0,94.0,481.0
PHI,20019,2010.0,Rodney Carney,SG,25.0,70.0,35.0,1169.0,12.7,0.515,0.479,0.223,5.7,15.5,9.4,6.7,2.0,1.8,9.1,20.0,,0.9,1.2,1.6,0.08199999999999999,,-0.8,-1.0,-2.6,-0.1,182.0,392.0,0.46399999999999997,41.0,135.0,0.34700000000000003,157.0,320.0,0.491,0.496,55.0,87.0,0.825,50.0,111.0,149.0,37.0,39.0,23.0,43.0,118.0,442.0
TOT,20612,2011.0,Rodney Carney,SF,26.0,27.0,1.0,336.0,10.8,0.521,0.345,0.245,4.3,12.1,8.1,4.8,1.8,1.1,11.6,18.1,,0.1,0.2,0.3,0.038,,-2.5,-2.3,-4.9,-0.2,46.0,110.0,0.418,17.0,38.0,0.447,29.0,72.0,0.40299999999999997,0.495,18.0,27.0,0.667,13.0,35.0,48.0,11.0,12.0,5.0,16.0,33.0,127.0
