Tm,Unnamed: 0,Year,Player,Pos,Age,G,GS,MP,PER,TS%,3PAr,FTr,ORB%,DRB%,TRB%,AST%,STL%,BLK%,TOV%,USG%,blanl,OWS,DWS,WS,WS/48,blank2,OBPM,DBPM,BPM,VORP,FG,FGA,FG%,3P,3PA,3P%,2P,2PA,2P%,eFG%,FT,FTA,FT%,ORB,DRB,TRB,AST,STL,BLK,TOV,PF,PTS
CHI,11161,1993.0,Rodney McCray,SF,31.0,64.0,5.0,1019.0,7.6,0.489,0.025,0.255,5.8,12.3,8.9,10.1,0.6,1.0,18.9,11.9,,0.1,0.8,0.9,0.044000000000000004,,-3.6,-0.4,-4.0,-0.5,92.0,204.0,0.451,2.0,5.0,0.4,90.0,199.0,0.452,0.456,36.0,52.0,0.6920000000000001,53.0,105.0,158.0,81.0,12.0,15.0,53.0,99.0,222.0
DAL,10722,1992.0,Rodney McCray,SF,30.0,75.0,68.0,2561.0,14.6,0.551,0.13699999999999998,0.292,7.3,18.1,12.5,15.7,1.4,1.2,14.4,16.4,,3.1,2.3,5.3,0.1,,0.1,1.6,1.7,2.4,336.0,679.0,0.495,25.0,85.0,0.33299999999999996,323.0,640.0,0.505,0.504,159.0,198.0,0.8029999999999999,153.0,407.0,560.0,259.0,70.0,51.0,129.0,203.0,844.0
HOU,8904,1988.0,Rodney McCray,SF,26.0,82.0,82.0,3136.0,15.7,0.612,0.011000000000000001,0.502,9.1,15.4,12.3,18.7,1.4,1.4,17.9,17.1,,5.6,3.8,9.4,0.14400000000000002,,1.8,1.9,3.5,4.2,476.0,890.0,0.552,1.0,9.0,0.25,476.0,884.0,0.5579999999999999,0.552,306.0,393.0,0.785,232.0,399.0,631.0,434.0,90.0,75.0,208.0,215.0,1183.0
SAC,9810,1990.0,Rodney McCray,SF,28.0,82.0,82.0,3238.0,16.7,0.568,0.04,0.33399999999999996,6.7,16.6,11.7,17.4,1.1,1.3,16.8,18.3,,5.4,2.5,7.9,0.11800000000000001,,1.4,1.1,2.3,3.6,537.0,1043.0,0.515,11.0,42.0,0.262,526.0,1001.0,0.525,0.52,273.0,348.0,0.784,192.0,477.0,669.0,377.0,60.0,70.0,174.0,176.0,1358.0
