Tm,Unnamed: 0,Year,Player,Pos,Age,G,GS,MP,PER,TS%,3PAr,FTr,ORB%,DRB%,TRB%,AST%,STL%,BLK%,TOV%,USG%,blanl,OWS,DWS,WS,WS/48,blank2,OBPM,DBPM,BPM,VORP,FG,FGA,FG%,3P,3PA,3P%,2P,2PA,2P%,eFG%,FT,FTA,FT%,ORB,DRB,TRB,AST,STL,BLK,TOV,PF,PTS
MIL,20454,2010.0,Roko Ukic,PG,25.0,13.0,0.0,97.0,12.2,0.574,0.4,0.36700000000000005,0.0,3.7,1.8,20.0,0.5,0.0,14.7,19.1,,0.1,0.1,0.2,0.10099999999999999,,-1.5,-4.2,-5.7,-0.1,14.0,30.0,0.467,3.0,12.0,0.25,11.0,18.0,0.611,0.517,9.0,11.0,0.818,0.0,3.0,3.0,12.0,1.0,0.0,6.0,6.0,40.0
TOR,19871,2009.0,Roko Ukic,PG,24.0,72.0,0.0,890.0,9.8,0.43,0.191,0.185,3.6,6.3,4.9,27.2,1.8,0.2,14.6,21.3,,-0.8,0.4,-0.4,-0.019,,-2.9,-2.5,-5.4,-0.8,123.0,324.0,0.38,11.0,62.0,0.177,112.0,262.0,0.42700000000000005,0.397,44.0,60.0,0.733,27.0,48.0,75.0,153.0,30.0,2.0,60.0,77.0,301.0
