Tm,Unnamed: 0,Year,Player,Pos,Age,G,GS,MP,PER,TS%,3PAr,FTr,ORB%,DRB%,TRB%,AST%,STL%,BLK%,TOV%,USG%,blanl,OWS,DWS,WS,WS/48,blank2,OBPM,DBPM,BPM,VORP,FG,FGA,FG%,3P,3PA,3P%,2P,2PA,2P%,eFG%,FT,FTA,FT%,ORB,DRB,TRB,AST,STL,BLK,TOV,PF,PTS
MNL,1568,1960.0,Ron Sobie,PG,25.0,1.0,,13.0,-0.8,0.225,,0.25,,,,,,,,,,0.0,0.0,0.0,-0.121,,,,,,1.0,4.0,0.25,,,,1.0,4.0,0.25,0.25,0.0,1.0,0.0,,,2.0,2.0,,,,4.0,2.0
NYK,1567,1960.0,Ron Sobie,SG,25.0,71.0,,1399.0,14.9,0.489,,0.45,,,,,,,,,,2.8,1.0,3.6,0.124,,,,,,217.0,539.0,0.40299999999999997,,,,217.0,539.0,0.40299999999999997,0.40299999999999997,196.0,239.0,0.861,,,326.0,129.0,,,,158.0,630.0
TOT,1566,1960.0,Ron Sobie,PG,25.0,16.0,,234.0,11.1,0.42200000000000004,,0.34299999999999997,,,,,,,,,,0.0,0.1,0.1,0.016,,,,,,37.0,108.0,0.34299999999999997,,,,37.0,108.0,0.34299999999999997,0.34299999999999997,31.0,37.0,0.838,,,48.0,21.0,,,,32.0,105.0
