Tm,Unnamed: 0,Year,Player,Pos,Age,G,GS,MP,PER,TS%,3PAr,FTr,ORB%,DRB%,TRB%,AST%,STL%,BLK%,TOV%,USG%,blanl,OWS,DWS,WS,WS/48,blank2,OBPM,DBPM,BPM,VORP,FG,FGA,FG%,3P,3PA,3P%,2P,2PA,2P%,eFG%,FT,FTA,FT%,ORB,DRB,TRB,AST,STL,BLK,TOV,PF,PTS
NJN,9163,1989.0,Ron Cavenall,C,29.0,5.0,0.0,16.0,7.4,0.5770000000000001,0.0,1.6669999999999998,0.0,14.4,6.9,0.0,0.0,7.4,27.8,18.4,,0.0,0.0,0.0,-0.055,,-9.7,-0.6,-10.4,0.0,2.0,3.0,0.667,0.0,0.0,,2.0,3.0,0.667,0.667,2.0,5.0,0.4,0.0,2.0,2.0,0.0,0.0,2.0,2.0,2.0,6.0
NYK,7602,1985.0,Ron Cavenall,C,25.0,53.0,2.0,653.0,4.1,0.37799999999999995,0.0,0.45299999999999996,9.2,20.7,14.7,3.5,0.9,3.9,30.4,9.4,,-1.0,0.7,-0.2,-0.016,,-6.8,2.4,-4.4,-0.4,28.0,86.0,0.326,0.0,0.0,,28.0,86.0,0.326,0.326,22.0,39.0,0.564,53.0,113.0,166.0,19.0,12.0,42.0,45.0,123.0,78.0
