Tm,Unnamed: 0,Year,Player,Pos,Age,G,GS,MP,PER,TS%,3PAr,FTr,ORB%,DRB%,TRB%,AST%,STL%,BLK%,TOV%,USG%,blanl,OWS,DWS,WS,WS/48,blank2,OBPM,DBPM,BPM,VORP,FG,FGA,FG%,3P,3PA,3P%,2P,2PA,2P%,eFG%,FT,FTA,FT%,ORB,DRB,TRB,AST,STL,BLK,TOV,PF,PTS
HOU,4575,1976.0,Ron Riley,PF,25.0,77.0,,1578.0,11.4,0.452,,0.20600000000000002,9.7,21.6,15.7,11.0,1.7,2.8,,,,0.2,1.4,1.6,0.048,,-2.2,0.6,-1.8,0.1,196.0,470.0,0.41700000000000004,,,,196.0,470.0,0.41700000000000004,0.41700000000000004,71.0,97.0,0.732,137.0,243.0,380.0,130.0,56.0,22.0,,197.0,463.0
KCO,4031,1974.0,Ron Riley,PF,23.0,74.0,,1634.0,11.7,0.45899999999999996,,0.42100000000000004,8.0,26.5,17.2,6.6,0.8,0.6,,,,-0.2,0.2,0.0,0.005,,-4.4,-2.1,-6.5,-0.2,273.0,634.0,0.431,,,,273.0,634.0,0.431,0.431,79.0,116.0,0.6809999999999999,13.0,43.0,507.0,76.0,3.0,2.0,,226.0,625.0
TOT,4030,1974.0,Ron Riley,PF,23.0,48.0,,591.0,10.9,0.425,,0.188,8.7,23.0,15.9,8.3,1.4,2.2,,,,-0.5,0.7,0.2,0.013000000000000001,,-4.6,-0.2,-4.8,-0.4,81.0,202.0,0.401,,,,81.0,202.0,0.401,0.401,24.0,38.0,0.632,48.0,129.0,177.0,37.0,18.0,24.0,,95.0,186.0
