Tm,Unnamed: 0,Year,Player,Pos,Age,G,GS,MP,PER,TS%,3PAr,FTr,ORB%,DRB%,TRB%,AST%,STL%,BLK%,TOV%,USG%,blanl,OWS,DWS,WS,WS/48,blank2,OBPM,DBPM,BPM,VORP,FG,FGA,FG%,3P,3PA,3P%,2P,2PA,2P%,eFG%,FT,FTA,FT%,ORB,DRB,TRB,AST,STL,BLK,TOV,PF,PTS
CHI,16649,2004.0,Ronald Dupree,SF,23.0,47.0,8.0,893.0,9.7,0.445,0.032,0.37200000000000005,6.5,14.1,10.2,10.6,1.9,1.5,13.4,19.0,,-0.4,0.9,0.5,0.027999999999999997,,-3.9,0.3,-3.6,-0.4,111.0,282.0,0.39399999999999996,4.0,9.0,0.444,107.0,273.0,0.392,0.401,66.0,105.0,0.629,55.0,112.0,167.0,55.0,32.0,18.0,51.0,134.0,292.0
MIN,17808,2006.0,Ronald Dupree,SF,25.0,36.0,0.0,265.0,10.4,0.494,0.016,0.6509999999999999,9.8,12.4,11.1,8.8,2.4,0.0,14.7,17.0,,0.0,0.3,0.3,0.055999999999999994,,-2.7,-0.3,-3.1,-0.1,33.0,63.0,0.524,0.0,1.0,0.0,33.0,62.0,0.532,0.524,14.0,41.0,0.341,21.0,28.0,49.0,14.0,12.0,0.0,14.0,44.0,80.0
DET,18892,2008.0,Ronald Dupree,SF,27.0,47.0,0.0,472.0,11.8,0.515,0.016,0.37,8.5,15.2,11.8,8.7,2.9,1.6,13.0,19.2,,0.4,0.7,1.0,0.10400000000000001,,-2.9,1.1,-2.9,0.0,61.0,127.0,0.48,1.0,2.0,0.5,60.0,125.0,0.48,0.484,29.0,47.0,0.617,34.0,61.0,95.0,24.0,7.0,10.0,22.0,60.0,152.0
SEA,18893,2008.0,Ronald Dupree,SF,27.0,4.0,0.0,18.0,17.5,0.515,0.0,0.667,6.1,42.3,24.2,7.6,2.8,0.0,0.0,9.3,,0.0,0.0,0.1,0.183,,-3.7,2.0,-1.7,0.0,1.0,3.0,0.33299999999999996,0.0,0.0,,1.0,3.0,0.33299999999999996,0.33299999999999996,2.0,2.0,1.0,1.0,7.0,8.0,1.0,1.0,0.0,0.0,0.0,4.0
TOT,18891,2008.0,Ronald Dupree,SF,27.0,5.0,0.0,21.0,15.0,0.515,0.0,0.667,5.2,36.2,20.8,6.5,2.4,0.0,0.0,8.0,,0.0,0.0,0.1,0.159,,-4.0,1.9,-2.1,0.0,1.0,3.0,0.33299999999999996,0.0,0.0,,1.0,3.0,0.33299999999999996,0.33299999999999996,2.0,2.0,1.0,1.0,7.0,8.0,1.0,1.0,0.0,0.0,0.0,4.0
TOR,20683,2011.0,Ronald Dupree,SF,30.0,3.0,0.0,13.0,0.5,0.25,0.25,0.0,0.0,28.0,13.7,10.7,0.0,0.0,0.0,13.8,,0.0,0.0,0.0,-0.094,,-8.2,-2.5,-10.7,0.0,1.0,4.0,0.25,0.0,1.0,0.0,1.0,3.0,0.33299999999999996,0.25,0.0,0.0,,0.0,3.0,3.0,1.0,0.0,0.0,0.0,2.0,2.0
