Tm,Unnamed: 0,Year,Player,Pos,Age,G,GS,MP,PER,TS%,3PAr,FTr,ORB%,DRB%,TRB%,AST%,STL%,BLK%,TOV%,USG%,blanl,OWS,DWS,WS,WS/48,blank2,OBPM,DBPM,BPM,VORP,FG,FGA,FG%,3P,3PA,3P%,2P,2PA,2P%,eFG%,FT,FTA,FT%,ORB,DRB,TRB,AST,STL,BLK,TOV,PF,PTS
GSW,20450,2010.0,Ronny Turiaf,C,27.0,79.0,26.0,1696.0,14.5,0.574,0.008,0.534,6.8,17.7,12.2,13.9,1.3,6.9,21.4,12.4,,2.2,1.4,3.6,0.10099999999999999,,-1.5,3.1,1.7,1.6,186.0,366.0,0.5820000000000001,0.0,3.0,0.0,186.0,363.0,0.586,0.5820000000000001,98.0,124.0,0.79,88.0,272.0,360.0,166.0,34.0,168.0,70.0,243.0,470.0
LAC,22194,2013.0,Ronny Turiaf,C,30.0,65.0,0.0,701.0,9.4,0.485,0.0,0.649,7.8,17.9,12.9,6.8,1.4,4.2,18.9,10.0,,0.1,1.0,1.1,0.075,,-3.5,2.9,-0.5,0.3,49.0,97.0,0.505,0.0,0.0,,49.0,97.0,0.505,0.505,23.0,63.0,0.365,45.0,107.0,152.0,35.0,19.0,35.0,29.0,80.0,121.0
LAL,19265,2008.0,Ronny Turiaf,C,25.0,78.0,21.0,1458.0,15.5,0.586,0.004,0.9,9.6,19.0,13.9,12.7,1.0,5.5,14.3,16.7,,2.0,2.1,4.2,0.13699999999999998,,-1.2,2.6,1.1,1.1,188.0,397.0,0.5489999999999999,0.0,1.0,0.0,188.0,396.0,0.551,0.5489999999999999,140.0,186.0,0.753,95.0,211.0,306.0,128.0,28.0,108.0,72.0,202.0,516.0
MIA,21610,2012.0,Ronny Turiaf,C,29.0,13.0,5.0,221.0,12.6,0.5670000000000001,0.033,0.733,10.7,20.3,15.7,3.3,1.9,5.1,16.8,10.0,,0.3,0.5,0.7,0.158,,-2.0,3.3,1.2,0.2,16.0,30.0,0.5329999999999999,0.0,1.0,0.0,16.0,29.0,0.552,0.5329999999999999,13.0,22.0,0.591,19.0,39.0,58.0,5.0,8.0,14.0,8.0,32.0,45.0
MIN,23455,2015.0,Ronny Turiaf,C,32.0,31.0,10.0,606.0,13.9,0.578,0.0,0.467,9.6,22.0,15.6,14.0,0.7,6.3,15.7,10.7,,0.6,0.9,1.5,0.122,,-2.3,4.0,1.7,0.6,64.0,107.0,0.598,0.0,0.0,,64.0,107.0,0.598,0.598,21.0,50.0,0.42,55.0,119.0,174.0,24.0,8.0,50.0,24.0,65.0,149.0
NYK,21055,2011.0,Ronny Turiaf,C,28.0,64.0,21.0,1141.0,13.6,0.648,0.0,0.601,6.4,14.4,10.4,11.5,1.5,4.7,16.6,9.6,,2.1,1.1,3.2,0.134,,-0.5,2.5,2.0,1.2,103.0,163.0,0.632,0.0,0.0,,103.0,163.0,0.632,0.632,61.0,98.0,0.622,64.0,143.0,207.0,92.0,35.0,73.0,41.0,160.0,267.0
TOT,21608,2012.0,Ronny Turiaf,C,29.0,17.0,5.0,279.0,12.3,0.597,0.03,0.667,8.9,20.6,14.8,5.1,2.6,4.9,24.7,9.4,,0.2,0.6,0.8,0.13699999999999998,,-2.4,3.9,1.4,0.2,19.0,33.0,0.5760000000000001,0.0,1.0,0.0,19.0,32.0,0.594,0.5760000000000001,13.0,22.0,0.591,20.0,50.0,70.0,10.0,14.0,17.0,14.0,39.0,51.0
WAS,21609,2012.0,Ronny Turiaf,C,29.0,4.0,0.0,58.0,10.8,1.0,0.0,0.0,1.9,21.6,11.7,12.2,5.4,4.0,66.7,6.9,,-0.1,0.1,0.1,0.057,,-4.0,6.2,2.3,0.1,3.0,3.0,1.0,0.0,0.0,,3.0,3.0,1.0,1.0,0.0,0.0,,1.0,11.0,12.0,5.0,6.0,3.0,6.0,7.0,6.0
