Tm,Unnamed: 0,Year,Player,Pos,Age,G,GS,MP,PER,TS%,3PAr,FTr,ORB%,DRB%,TRB%,AST%,STL%,BLK%,TOV%,USG%,blanl,OWS,DWS,WS,WS/48,blank2,OBPM,DBPM,BPM,VORP,FG,FGA,FG%,3P,3PA,3P%,2P,2PA,2P%,eFG%,FT,FTA,FT%,ORB,DRB,TRB,AST,STL,BLK,TOV,PF,PTS
CHI,7385,1984.0,Ronnie Lester,PG,25.0,75.0,74.0,2252.0,13.8,0.565,0.027000000000000003,0.46299999999999997,4.3,9.4,6.4,34.3,2.1,0.5,24.1,18.6,,2.6,1.3,3.9,0.084,,0.3,-1.1,-0.8,0.7,329.0,657.0,0.501,4.0,8.0,0.5,325.0,649.0,0.501,0.504,208.0,256.0,0.909,75.0,138.0,213.0,362.0,80.0,14.0,185.0,158.0,870.0
LAL,8111,1986.0,Ronnie Lester,PG,27.0,32.0,1.0,278.0,11.9,0.555,0.057999999999999996,0.37799999999999995,1.8,8.2,5.3,32.8,2.5,0.7,41.0,18.6,,-0.1,0.3,0.2,0.039,,-3.7,-1.4,-5.0,-0.2,34.0,82.0,0.5,0.0,3.0,0.0,34.0,81.0,0.531,0.5,21.0,31.0,0.789,4.0,22.0,26.0,80.0,15.0,3.0,42.0,27.0,89.0
