Tm,Unnamed: 0,Year,Player,Pos,Age,G,GS,MP,PER,TS%,3PAr,FTr,ORB%,DRB%,TRB%,AST%,STL%,BLK%,TOV%,USG%,blanl,OWS,DWS,WS,WS/48,blank2,OBPM,DBPM,BPM,VORP,FG,FGA,FG%,3P,3PA,3P%,2P,2PA,2P%,eFG%,FT,FTA,FT%,ORB,DRB,TRB,AST,STL,BLK,TOV,PF,PTS
MIL,7534,1984.0,Rory White,SF,24.0,8.0,0.0,45.0,7.1,0.41700000000000004,0.0,0.294,13.1,7.3,10.1,3.1,2.2,1.3,20.7,22.7,,-0.1,0.1,-0.1,-0.062,,-6.5,-1.3,-7.8,-0.1,7.0,17.0,0.41200000000000003,0.0,0.0,,7.0,17.0,0.41200000000000003,0.41200000000000003,2.0,5.0,0.4,5.0,3.0,8.0,1.0,2.0,1.0,5.0,3.0,16.0
PHO,7533,1984.0,Rory White,SF,24.0,65.0,2.0,626.0,15.3,0.575,0.004,0.466,11.3,12.2,11.8,6.9,2.0,0.4,15.3,24.0,,0.8,0.7,1.5,0.11800000000000001,,-0.9,-2.1,-3.0,-0.1,127.0,234.0,0.5429999999999999,0.0,1.0,0.0,127.0,233.0,0.545,0.5429999999999999,70.0,109.0,0.642,47.0,58.0,105.0,30.0,16.0,2.0,51.0,54.0,324.0
SDC,7535,1984.0,Rory White,SF,24.0,6.0,0.0,19.0,7.6,0.444,0.0,0.0,12.0,11.9,11.9,0.0,0.0,0.0,10.0,21.0,,0.0,0.0,0.0,-0.02,,-5.3,-7.8,-13.1,-0.1,4.0,9.0,0.444,0.0,0.0,,4.0,9.0,0.444,0.444,0.0,0.0,,2.0,2.0,4.0,0.0,0.0,0.0,1.0,3.0,8.0
TOT,7532,1984.0,Rory White,SF,24.0,36.0,2.0,372.0,13.9,0.488,0.0,0.276,11.6,11.6,11.6,5.7,1.9,0.5,11.2,23.7,,0.0,0.4,0.4,0.05,,-2.0,-2.4,-4.4,-0.2,80.0,170.0,0.47100000000000003,0.0,0.0,,80.0,170.0,0.47100000000000003,0.47100000000000003,26.0,47.0,0.5529999999999999,37.0,37.0,74.0,15.0,15.0,3.0,24.0,31.0,186.0
LAC,8649,1987.0,Rory White,SF,27.0,80.0,35.0,1761.0,14.0,0.562,0.013000000000000001,0.466,9.7,9.8,9.8,7.7,2.0,1.0,20.6,20.0,,2.3,0.7,2.6,0.07,,0.0,-0.6,-2.1,-0.1,355.0,684.0,0.519,1.0,9.0,0.111,354.0,675.0,0.524,0.52,164.0,222.0,0.7390000000000001,94.0,104.0,195.0,79.0,74.0,20.0,95.0,161.0,875.0
