Tm,Unnamed: 0,Year,Player,Pos,Age,G,GS,MP,PER,TS%,3PAr,FTr,ORB%,DRB%,TRB%,AST%,STL%,BLK%,TOV%,USG%,blanl,OWS,DWS,WS,WS/48,blank2,OBPM,DBPM,BPM,VORP,FG,FGA,FG%,3P,3PA,3P%,2P,2PA,2P%,eFG%,FT,FTA,FT%,ORB,DRB,TRB,AST,STL,BLK,TOV,PF,PTS
CHI,4459,1976.0,Rowland Garrett,SF,25.0,70.0,,1183.0,16.7,0.516,,0.336,8.5,16.0,14.5,6.0,1.2,1.3,,,,1.6,1.5,3.1,0.126,,-1.5,-1.6,-3.1,-0.1,228.0,474.0,0.48100000000000004,,,,228.0,474.0,0.48100000000000004,0.48100000000000004,77.0,97.0,0.8640000000000001,80.0,167.0,247.0,43.0,24.0,13.0,,124.0,533.0
CLE,4758,1977.0,Rowland Garrett,SF,26.0,41.0,,216.0,15.0,0.47700000000000004,,0.237,8.3,14.7,10.0,7.2,3.7,0.8,,,,0.1,0.4,0.4,0.079,,-1.6,-1.4,-3.0,-0.1,51.0,127.0,0.43,,,,51.0,127.0,0.43,0.43,18.0,22.0,0.818,18.0,30.0,42.0,10.0,17.0,3.0,,36.0,117.0
MIL,4759,1977.0,Rowland Garrett,SF,26.0,33.0,,383.0,12.0,0.488,,0.19899999999999998,7.2,12.2,9.7,6.9,1.6,0.9,,,,0.2,0.2,0.4,0.055,,-2.4,-1.5,-3.9,-0.2,66.0,146.0,0.452,,,,66.0,146.0,0.452,0.452,23.0,29.0,0.7929999999999999,27.0,45.0,72.0,20.0,14.0,7.0,,50.0,155.0
TOT,4757,1977.0,Rowland Garrett,SF,26.0,62.0,,598.0,14.9,0.484,,0.252,8.0,14.3,11.0,6.1,2.2,0.9,,,,0.4,0.7,1.1,0.096,,-1.6,-1.7,-3.4,-0.2,108.0,258.0,0.444,,,,108.0,258.0,0.444,0.444,53.0,65.0,0.815,45.0,75.0,117.0,27.0,25.0,10.0,,80.0,269.0
