Tm,Unnamed: 0,Year,Player,Pos,Age,G,GS,MP,PER,TS%,3PAr,FTr,ORB%,DRB%,TRB%,AST%,STL%,BLK%,TOV%,USG%,blanl,OWS,DWS,WS,WS/48,blank2,OBPM,DBPM,BPM,VORP,FG,FGA,FG%,3P,3PA,3P%,2P,2PA,2P%,eFG%,FT,FTA,FT%,ORB,DRB,TRB,AST,STL,BLK,TOV,PF,PTS
DET,5860,1980.0,Roy Hamilton,PG,22.0,72.0,,1116.0,9.1,0.47200000000000003,0.006999999999999999,0.523,4.2,5.9,5.0,21.0,1.9,0.2,25.1,16.2,,-0.7,0.3,-0.4,-0.016,,-3.6,-2.1,-5.7,-1.1,115.0,287.0,0.401,0.0,2.0,0.0,115.0,285.0,0.40399999999999997,0.401,103.0,150.0,0.687,45.0,62.0,107.0,192.0,48.0,5.0,118.0,82.0,333.0
POR,6206,1981.0,Roy Hamilton,PG,23.0,1.0,,5.0,10.4,0.387,0.0,0.667,43.4,21.8,32.6,0.0,0.0,0.0,20.5,38.7,,0.0,0.0,0.0,-0.127,,-8.4,-14.4,-22.8,0.0,1.0,3.0,0.33299999999999996,0.0,0.0,,1.0,3.0,0.33299999999999996,0.33299999999999996,1.0,2.0,0.5,2.0,1.0,3.0,0.0,0.0,0.0,1.0,1.0,3.0
