Tm,Unnamed: 0,Year,Player,Pos,Age,G,GS,MP,PER,TS%,3PAr,FTr,ORB%,DRB%,TRB%,AST%,STL%,BLK%,TOV%,USG%,blanl,OWS,DWS,WS,WS/48,blank2,OBPM,DBPM,BPM,VORP,FG,FGA,FG%,3P,3PA,3P%,2P,2PA,2P%,eFG%,FT,FTA,FT%,ORB,DRB,TRB,AST,STL,BLK,TOV,PF,PTS
ATL,18449,2007.0,Royal Ivey,PG,25.0,73.0,66.0,978.0,9.6,0.496,0.11199999999999999,0.33799999999999997,3.7,9.9,6.0,20.0,2.5,0.7,20.3,16.2,,0.6,0.4,0.7,0.034,,-2.7,-1.3,-4.4,-0.3,116.0,264.0,0.44799999999999995,5.0,16.0,0.4,112.0,254.0,0.465,0.465,47.0,67.0,0.727,31.0,65.0,96.0,103.0,39.0,7.0,58.0,147.0,260.0
MIL,20195,2010.0,Royal Ivey,SG,28.0,75.0,20.0,1437.0,8.8,0.48700000000000004,0.39299999999999996,0.31,3.0,9.3,5.0,16.9,5.2,0.4,16.6,18.2,,0.4,0.2,0.5,0.018000000000000002,,-2.0,2.2,-2.7,0.0,149.0,378.0,0.39399999999999996,35.0,107.0,0.327,114.0,271.0,0.42100000000000004,0.44,85.0,117.0,0.726,38.0,80.0,118.0,160.0,45.0,7.0,75.0,166.0,418.0
OKC,22542,2014.0,Royal Ivey,SG,32.0,34.0,0.0,354.0,8.2,0.527,0.726,0.11,1.6,21.5,11.3,6.8,2.0,0.5,11.4,17.7,,0.1,0.3,0.2,0.06,,-1.9,-0.9,-3.0,0.0,26.0,73.0,0.42100000000000004,18.0,53.0,0.43799999999999994,9.0,22.0,0.409,0.513,2.0,8.0,1.0,2.0,23.0,24.0,10.0,14.0,1.0,9.0,36.0,71.0
PHI,21927,2013.0,Royal Ivey,SG,31.0,71.0,5.0,861.0,12.6,0.603,0.611,0.207,2.6,10.7,6.5,10.8,2.2,0.7,11.7,13.2,,0.5,0.8,1.0,0.11699999999999999,,0.3,-0.4,-1.0,0.1,69.0,208.0,0.473,39.0,114.0,0.5,30.0,94.0,0.452,0.5820000000000001,34.0,43.0,0.857,19.0,57.0,76.0,43.0,36.0,7.0,23.0,76.0,211.0
TOT,20193,2010.0,Royal Ivey,SG,28.0,44.0,0.0,326.0,11.0,0.527,0.42200000000000004,0.145,2.1,10.3,6.1,12.4,3.1,0.5,11.1,13.8,,0.2,0.3,0.6,0.086,,-1.1,-0.3,-1.4,0.0,35.0,83.0,0.42200000000000004,14.0,35.0,0.4,21.0,48.0,0.43799999999999994,0.506,9.0,12.0,0.75,6.0,28.0,34.0,27.0,19.0,2.0,11.0,39.0,93.0
