Tm,Unnamed: 0,Year,Player,Pos,Age,G,GS,MP,PER,TS%,3PAr,FTr,ORB%,DRB%,TRB%,AST%,STL%,BLK%,TOV%,USG%,blanl,OWS,DWS,WS,WS/48,blank2,OBPM,DBPM,BPM,VORP,FG,FGA,FG%,3P,3PA,3P%,2P,2PA,2P%,eFG%,FT,FTA,FT%,ORB,DRB,TRB,AST,STL,BLK,TOV,PF,PTS
POR,13208,1997.0,Ruben Nembhard,PG,24.0,2.0,0.0,19.0,10.9,0.5,0.25,0.0,0.0,0.0,0.0,48.3,8.3,0.0,38.5,30.8,,-0.1,0.0,0.0,-0.09300000000000001,,-8.0,-5.0,-13.1,-0.1,4.0,8.0,0.5,0.0,2.0,0.0,4.0,6.0,0.667,0.5,0.0,0.0,,0.0,0.0,0.0,5.0,3.0,0.0,5.0,3.0,8.0
TOT,13206,1997.0,Ruben Nembhard,SG-PG,24.0,10.0,0.0,113.0,13.3,0.483,0.162,0.27,3.5,5.2,4.4,24.2,4.2,0.0,16.2,20.1,,0.0,0.2,0.2,0.085,,-1.6,-1.3,-2.8,0.0,16.0,37.0,0.43200000000000005,0.0,6.0,0.0,16.0,31.0,0.516,0.43200000000000005,8.0,10.0,0.8,3.0,5.0,8.0,17.0,9.0,0.0,8.0,12.0,40.0
UTA,13207,1997.0,Ruben Nembhard,SG,24.0,8.0,0.0,94.0,13.8,0.479,0.138,0.345,4.2,6.3,5.3,19.3,3.4,0.0,8.2,18.0,,0.1,0.1,0.2,0.121,,-0.3,-0.5,-0.8,0.0,12.0,29.0,0.414,0.0,4.0,0.0,12.0,25.0,0.48,0.414,8.0,10.0,0.8,3.0,5.0,8.0,12.0,6.0,0.0,3.0,9.0,32.0
