Tm,Unnamed: 0,Year,Player,Pos,Age,G,GS,MP,PER,TS%,3PAr,FTr,ORB%,DRB%,TRB%,AST%,STL%,BLK%,TOV%,USG%,blanl,OWS,DWS,WS,WS/48,blank2,OBPM,DBPM,BPM,VORP,FG,FGA,FG%,3P,3PA,3P%,2P,2PA,2P%,eFG%,FT,FTA,FT%,ORB,DRB,TRB,AST,STL,BLK,TOV,PF,PTS
HOU,6406,1981.0,Rudy Tomjanovich,SF,32.0,81.0,,3227.0,20.5,0.5870000000000001,0.102,0.309,7.7,18.0,15.5,11.9,1.2,1.1,10.4,24.4,,10.8,4.6,12.8,0.191,,4.4,-0.6,3.8,4.7,788.0,1470.0,0.536,22.0,79.0,0.278,788.0,1470.0,0.536,0.536,385.0,454.0,0.848,230.0,512.0,938.0,250.0,89.0,66.0,138.0,230.0,1961.0
SDR,3275,1971.0,Rudy Tomjanovich,PF,22.0,77.0,,1062.0,12.2,0.419,,0.255,,,15.7,9.3,,,,,,-1.1,2.1,1.0,0.043,,,,,,168.0,439.0,0.38299999999999995,,,,168.0,439.0,0.38299999999999995,0.38299999999999995,73.0,112.0,0.652,,,381.0,73.0,,,,124.0,409.0
