Tm,Unnamed: 0,Year,Player,Pos,Age,G,GS,MP,PER,TS%,3PAr,FTr,ORB%,DRB%,TRB%,AST%,STL%,BLK%,TOV%,USG%,blanl,OWS,DWS,WS,WS/48,blank2,OBPM,DBPM,BPM,VORP,FG,FGA,FG%,3P,3PA,3P%,2P,2PA,2P%,eFG%,FT,FTA,FT%,ORB,DRB,TRB,AST,STL,BLK,TOV,PF,PTS
IND,7126,1983.0,Russ Schoene,PF,22.0,31.0,5.0,520.0,12.3,0.48200000000000004,0.013000000000000001,0.24100000000000002,8.7,12.4,10.5,7.0,1.1,1.5,12.2,21.7,,0.2,0.2,0.4,0.034,,-2.1,-2.6,-4.7,-0.4,101.0,228.0,0.44299999999999995,1.0,3.0,0.33299999999999996,100.0,225.0,0.444,0.445,40.0,55.0,0.727,44.0,57.0,101.0,27.0,12.0,14.0,35.0,74.0,243.0
PHI,7125,1983.0,Russ Schoene,PF,22.0,46.0,2.0,702.0,9.8,0.531,0.005,0.135,8.2,14.7,11.6,6.0,0.9,0.7,17.3,15.0,,0.4,0.9,1.3,0.08900000000000001,,-1.7,0.0,-1.7,0.1,106.0,207.0,0.512,0.0,1.0,0.0,106.0,206.0,0.515,0.512,21.0,28.0,0.75,52.0,102.0,154.0,32.0,13.0,9.0,46.0,118.0,233.0
TOT,7124,1983.0,Russ Schoene,PF,22.0,77.0,7.0,1222.0,10.9,0.505,0.009000000000000001,0.191,8.4,13.7,11.1,6.4,1.0,1.0,14.7,17.8,,0.6,1.1,1.7,0.066,,-1.9,-1.1,-3.0,-0.3,207.0,435.0,0.47600000000000003,1.0,4.0,0.25,206.0,431.0,0.478,0.47700000000000004,61.0,83.0,0.735,96.0,159.0,255.0,59.0,25.0,23.0,81.0,192.0,476.0
SEA,9433,1989.0,Russ Schoene,PF,28.0,81.0,2.0,973.0,13.5,0.502,0.315,0.242,9.8,16.0,11.9,8.0,2.3,1.9,16.7,22.2,,0.7,1.0,1.8,0.087,,-0.8,-0.9,-2.3,-0.1,208.0,454.0,0.45799999999999996,42.0,110.0,0.382,191.0,396.0,0.48200000000000004,0.47700000000000004,51.0,63.0,0.81,78.0,120.0,198.0,53.0,39.0,24.0,57.0,151.0,484.0
