Tm,Unnamed: 0,Year,Player,Pos,Age,G,GS,MP,PER,TS%,3PAr,FTr,ORB%,DRB%,TRB%,AST%,STL%,BLK%,TOV%,USG%,blanl,OWS,DWS,WS,WS/48,blank2,OBPM,DBPM,BPM,VORP,FG,FGA,FG%,3P,3PA,3P%,2P,2PA,2P%,eFG%,FT,FTA,FT%,ORB,DRB,TRB,AST,STL,BLK,TOV,PF,PTS
MIL,3975,1974.0,Russ Lee,SF,24.0,46.0,,277.0,15.5,0.445,,0.33899999999999997,10.5,13.8,12.3,17.7,3.0,0.0,,,,-0.1,0.4,0.3,0.055,,-0.7,-0.8,-1.5,0.0,49.0,127.0,0.40399999999999997,,,,49.0,127.0,0.40399999999999997,0.40399999999999997,32.0,43.0,0.7440000000000001,16.0,24.0,43.0,38.0,11.0,0.0,,36.0,130.0
NOJ,4246,1975.0,Russ Lee,SF,25.0,15.0,,139.0,13.1,0.396,,0.184,10.5,11.9,11.2,8.0,3.5,1.1,,,,-0.2,0.2,0.0,-0.016,,-3.7,-1.0,-4.7,-0.1,29.0,76.0,0.382,,,,29.0,76.0,0.382,0.382,7.0,14.0,0.5,15.0,16.0,31.0,7.0,11.0,3.0,,17.0,65.0
