Tm,Unnamed: 0,Year,Player,Pos,Age,G,GS,MP,PER,TS%,3PAr,FTr,ORB%,DRB%,TRB%,AST%,STL%,BLK%,TOV%,USG%,blanl,OWS,DWS,WS,WS/48,blank2,OBPM,DBPM,BPM,VORP,FG,FGA,FG%,3P,3PA,3P%,2P,2PA,2P%,eFG%,FT,FTA,FT%,ORB,DRB,TRB,AST,STL,BLK,TOV,PF,PTS
CHI,14737,2000.0,Rusty LaRue,PG,26.0,43.0,6.0,732.0,8.9,0.466,0.41,0.163,1.4,8.3,4.5,16.2,2.9,0.5,13.2,18.8,,0.0,0.5,0.3,0.04,,-2.9,-1.4,-4.3,-0.1,78.0,217.0,0.408,30.0,89.0,0.337,48.0,128.0,0.485,0.449,17.0,17.0,1.0,9.0,47.0,56.0,63.0,33.0,3.0,34.0,66.0,203.0
UTA,15766,2002.0,Rusty LaRue,PG,28.0,33.0,0.0,542.0,10.0,0.48200000000000004,0.27,0.18899999999999997,2.4,8.5,5.4,22.3,1.7,1.0,17.7,20.2,,0.0,0.3,0.3,0.027000000000000003,,-2.0,-2.2,-4.2,-0.3,73.0,185.0,0.395,17.0,50.0,0.34,56.0,135.0,0.415,0.441,30.0,35.0,0.857,11.0,38.0,49.0,71.0,17.0,7.0,43.0,58.0,193.0
GSW,16789,2004.0,Rusty LaRue,PG,30.0,4.0,0.0,22.0,3.1,0.515,0.33299999999999996,0.667,0.0,15.4,7.7,13.4,4.9,0.0,50.8,16.5,,-0.1,0.0,-0.1,-0.11699999999999999,,-8.7,2.7,-5.9,0.0,1.0,3.0,0.33299999999999996,1.0,1.0,1.0,0.0,2.0,0.0,0.5,1.0,2.0,0.5,0.0,3.0,3.0,2.0,2.0,0.0,4.0,2.0,4.0
