Tm,Unnamed: 0,Year,Player,Pos,Age,G,GS,MP,PER,TS%,3PAr,FTr,ORB%,DRB%,TRB%,AST%,STL%,BLK%,TOV%,USG%,blanl,OWS,DWS,WS,WS/48,blank2,OBPM,DBPM,BPM,VORP,FG,FGA,FG%,3P,3PA,3P%,2P,2PA,2P%,eFG%,FT,FTA,FT%,ORB,DRB,TRB,AST,STL,BLK,TOV,PF,PTS
BOS,18390,2007.0,Ryan Gomes,PF,24.0,73.0,60.0,2275.0,14.0,0.5479999999999999,0.057999999999999996,0.42,9.3,16.9,13.2,9.2,1.3,0.4,11.6,18.5,,2.5,1.7,4.2,0.10800000000000001,,-0.7,-0.5,-1.2,0.5,338.0,723.0,0.48700000000000004,16.0,42.0,0.381,322.0,681.0,0.491,0.49200000000000005,189.0,233.0,0.8109999999999999,125.0,282.0,407.0,119.0,48.0,13.0,105.0,169.0,881.0
LAC,21320,2012.0,Ryan Gomes,SF,29.0,76.0,62.0,2095.0,9.0,0.504,0.418,0.168,3.9,13.3,8.5,8.5,2.0,0.4,13.1,12.7,,1.3,1.2,2.5,0.057,,-1.0,-0.1,-1.1,0.5,207.0,505.0,0.41,72.0,211.0,0.341,135.0,294.0,0.45899999999999996,0.48100000000000004,61.0,85.0,0.727,61.0,193.0,254.0,118.0,62.0,12.0,55.0,159.0,547.0
MIN,20110,2010.0,Ryan Gomes,SF,27.0,82.0,76.0,2614.0,15.7,0.539,0.293,0.267,6.1,16.8,11.3,9.6,1.4,0.6,10.8,20.4,,3.6,1.3,4.8,0.096,,0.7,-0.9,-0.3,1.1,420.0,974.0,0.457,106.0,285.0,0.37200000000000005,333.0,689.0,0.491,0.49700000000000005,190.0,229.0,0.83,133.0,342.0,475.0,145.0,65.0,22.0,128.0,183.0,1092.0
OKC,22477,2014.0,Ryan Gomes,SF,31.0,5.0,0.0,34.0,0.2,0.375,0.25,0.0,0.0,12.7,6.6,4.1,0.0,0.0,11.1,11.7,,-0.1,0.0,0.0,-0.039,,-7.2,-2.4,-9.6,-0.1,3.0,8.0,0.375,0.0,2.0,0.0,3.0,6.0,0.5,0.375,0.0,0.0,,0.0,4.0,4.0,1.0,0.0,0.0,1.0,5.0,6.0
