Tm,Unnamed: 0,Year,Player,Pos,Age,G,GS,MP,PER,TS%,3PAr,FTr,ORB%,DRB%,TRB%,AST%,STL%,BLK%,TOV%,USG%,blanl,OWS,DWS,WS,WS/48,blank2,OBPM,DBPM,BPM,VORP,FG,FGA,FG%,3P,3PA,3P%,2P,2PA,2P%,eFG%,FT,FTA,FT%,ORB,DRB,TRB,AST,STL,BLK,TOV,PF,PTS
NJN,19358,2009.0,Ryan Anderson,PF,20.0,66.0,30.0,1312.0,13.6,0.532,0.46399999999999997,0.285,9.3,19.0,14.1,6.4,1.8,1.2,12.1,18.6,,1.3,1.2,2.5,0.09,,-0.1,-1.0,-1.1,0.3,160.0,407.0,0.39299999999999996,69.0,189.0,0.365,91.0,218.0,0.41700000000000004,0.478,98.0,116.0,0.845,104.0,207.0,311.0,52.0,44.0,20.0,63.0,157.0,487.0
ORL,21142,2012.0,Ryan Anderson,PF,23.0,64.0,61.0,1964.0,21.2,0.591,0.65,0.226,13.0,18.1,14.5,7.1,1.4,2.1,11.7,24.4,,7.0,2.5,8.9,0.21899999999999997,,5.9,0.2,4.6,3.3,332.0,757.0,0.439,166.0,422.0,0.39299999999999996,166.0,335.0,0.514,0.5579999999999999,150.0,171.0,0.877,224.0,247.0,471.0,54.0,50.0,38.0,57.0,146.0,980.0
NOH,21700,2013.0,Ryan Anderson,PF,24.0,81.0,22.0,2503.0,18.1,0.5479999999999999,0.5,0.161,8.9,15.9,12.4,6.9,0.9,1.0,7.5,24.0,,5.7,0.8,6.5,0.125,,4.1,-2.9,1.3,2.1,472.0,1115.0,0.423,213.0,557.0,0.382,259.0,558.0,0.46399999999999997,0.519,152.0,180.0,0.8440000000000001,191.0,328.0,519.0,97.0,42.0,31.0,97.0,179.0,1309.0
NOP,23536,2016.0,Ryan Anderson,PF,27.0,66.0,14.0,2008.0,18.8,0.5720000000000001,0.49200000000000005,0.245,9.5,15.2,10.9,6.1,1.0,1.0,8.0,24.7,,3.1,0.9,3.9,0.138,,4.3,-2.9,-0.1,0.4,397.0,929.0,0.43799999999999994,131.0,359.0,0.409,266.0,571.0,0.466,0.532,199.0,228.0,0.9520000000000001,131.0,265.0,396.0,73.0,38.0,25.0,90.0,113.0,1124.0
HOU,24114,2017.0,Ryan Anderson,PF,28.0,72.0,72.0,2116.0,13.5,0.583,0.655,0.19399999999999998,5.8,11.2,8.5,4.7,0.7,0.5,6.2,17.9,,4.0,1.1,5.2,0.11800000000000001,,1.8,-2.6,-0.8,0.6,323.0,773.0,0.418,204.0,506.0,0.40299999999999997,119.0,267.0,0.446,0.55,129.0,150.0,0.86,112.0,218.0,330.0,68.0,32.0,14.0,55.0,142.0,979.0
