Tm,Unnamed: 0,Year,Player,Pos,Age,G,GS,MP,PER,TS%,3PAr,FTr,ORB%,DRB%,TRB%,AST%,STL%,BLK%,TOV%,USG%,blanl,OWS,DWS,WS,WS/48,blank2,OBPM,DBPM,BPM,VORP,FG,FGA,FG%,3P,3PA,3P%,2P,2PA,2P%,eFG%,FT,FTA,FT%,ORB,DRB,TRB,AST,STL,BLK,TOV,PF,PTS
CIN,3433,1972.0,Sam Lacey,C,23.0,81.0,,2832.0,12.5,0.449,,0.203,,,16.9,8.4,,,,,,-0.9,2.2,1.2,0.023,,,,,,467.0,1117.0,0.42200000000000004,,,,467.0,1117.0,0.42200000000000004,0.42200000000000004,156.0,227.0,0.7040000000000001,,,968.0,173.0,,,,284.0,1090.0
CLE,7024,1983.0,Sam Lacey,C,34.0,60.0,33.0,1232.0,6.5,0.451,0.034,0.14,5.6,16.0,10.7,13.1,1.2,1.2,25.9,12.9,,-1.1,1.0,-0.1,-0.004,,-4.2,1.4,-2.8,-0.2,111.0,264.0,0.42,2.0,9.0,0.222,109.0,255.0,0.42700000000000005,0.424,29.0,37.0,0.784,62.0,169.0,231.0,118.0,29.0,25.0,98.0,209.0,253.0
KCK,6645,1982.0,Sam Lacey,C,33.0,82.0,1.0,3083.0,15.8,0.544,0.009000000000000001,0.4,7.4,27.0,17.0,26.4,4.7,3.1,25.4,16.1,,2.0,4.8,6.5,0.11900000000000001,,0.2,4.7,4.4,4.2,409.0,1019.0,0.6,1.0,5.0,0.2,409.0,1019.0,0.6,0.6,217.0,286.0,0.7859999999999999,218.0,806.0,1024.0,460.0,132.0,141.0,245.0,309.0,1035.0
KCO,4238,1975.0,Sam Lacey,C,26.0,81.0,,3378.0,17.5,0.513,,0.252,9.9,28.3,17.8,17.9,1.9,3.1,,,,3.2,6.3,7.7,0.11900000000000001,,0.7,4.8,4.3,4.9,471.0,994.0,0.47600000000000003,,,,471.0,994.0,0.47600000000000003,0.47600000000000003,185.0,247.0,0.754,293.0,921.0,1149.0,428.0,139.0,184.0,,283.0,1119.0
NJN,6646,1982.0,Sam Lacey,C,33.0,54.0,6.0,650.0,7.2,0.47100000000000003,0.006999999999999999,0.235,3.4,14.6,9.0,14.3,1.4,3.3,24.7,13.4,,-0.5,1.1,0.5,0.04,,-5.2,2.7,-2.5,-0.1,64.0,149.0,0.43,0.0,1.0,0.0,64.0,148.0,0.43200000000000005,0.43,27.0,35.0,0.7709999999999999,20.0,83.0,103.0,73.0,20.0,37.0,54.0,137.0,155.0
TOT,6644,1982.0,Sam Lacey,C,33.0,56.0,7.0,670.0,7.4,0.473,0.006,0.24,3.3,14.8,9.0,14.6,1.5,3.3,24.7,13.5,,-0.6,1.1,0.6,0.040999999999999995,,-5.2,2.8,-2.4,-0.1,67.0,154.0,0.435,0.0,1.0,0.0,67.0,153.0,0.43799999999999994,0.435,27.0,37.0,0.73,20.0,87.0,107.0,77.0,22.0,38.0,56.0,139.0,161.0
