Tm,Unnamed: 0,Year,Player,Pos,Age,G,GS,MP,PER,TS%,3PAr,FTr,ORB%,DRB%,TRB%,AST%,STL%,BLK%,TOV%,USG%,blanl,OWS,DWS,WS,WS/48,blank2,OBPM,DBPM,BPM,VORP,FG,FGA,FG%,3P,3PA,3P%,2P,2PA,2P%,eFG%,FT,FTA,FT%,ORB,DRB,TRB,AST,STL,BLK,TOV,PF,PTS
IND,22248,2013.0,Sam Young,SG,27.0,56.0,3.0,693.0,7.5,0.46399999999999997,0.35100000000000003,0.29100000000000004,4.3,15.3,9.9,9.4,1.2,0.9,16.5,13.2,,-0.2,1.1,0.9,0.062,,-3.8,1.0,-2.8,-0.1,58.0,148.0,0.392,16.0,52.0,0.308,42.0,96.0,0.43799999999999994,0.446,23.0,43.0,0.535,26.0,97.0,123.0,42.0,15.0,8.0,33.0,62.0,155.0
MEM,21675,2012.0,Sam Young,SF,26.0,80.0,46.0,1577.0,13.0,0.525,0.113,0.35200000000000004,6.8,13.4,10.0,6.9,2.4,1.2,14.1,22.1,,1.1,1.8,2.9,0.08800000000000001,,-1.6,0.3,-1.3,0.3,233.0,497.0,0.47200000000000003,17.0,56.0,0.34,216.0,444.0,0.486,0.489,136.0,175.0,0.833,77.0,147.0,201.0,71.0,68.0,23.0,94.0,120.0,595.0
PHI,21676,2012.0,Sam Young,SF,26.0,14.0,0.0,135.0,8.2,0.39899999999999997,0.182,0.318,4.9,12.4,8.6,6.5,2.4,2.2,12.2,19.9,,-0.2,0.2,0.0,0.01,,-5.7,0.7,-5.0,-0.1,13.0,44.0,0.295,5.0,8.0,0.625,8.0,36.0,0.222,0.35200000000000004,9.0,14.0,0.643,6.0,15.0,21.0,6.0,6.0,4.0,7.0,11.0,40.0
TOT,21674,2012.0,Sam Young,SF,26.0,35.0,2.0,375.0,9.7,0.41200000000000003,0.134,0.205,6.0,13.1,9.5,6.2,2.4,1.2,10.4,18.9,,-0.3,0.6,0.2,0.03,,-4.5,0.0,-4.5,-0.2,45.0,127.0,0.354,5.0,17.0,0.294,40.0,110.0,0.364,0.374,19.0,26.0,0.731,20.0,42.0,62.0,15.0,17.0,6.0,16.0,23.0,114.0
