Tm,Unnamed: 0,Year,Player,Pos,Age,G,GS,MP,PER,TS%,3PAr,FTr,ORB%,DRB%,TRB%,AST%,STL%,BLK%,TOV%,USG%,blanl,OWS,DWS,WS,WS/48,blank2,OBPM,DBPM,BPM,VORP,FG,FGA,FG%,3P,3PA,3P%,2P,2PA,2P%,eFG%,FT,FTA,FT%,ORB,DRB,TRB,AST,STL,BLK,TOV,PF,PTS
LAL,11882,1995.0,Sam Bowie,C,33.0,67.0,10.0,1225.0,13.6,0.535,0.040999999999999995,0.483,6.5,21.2,13.0,13.2,0.9,4.5,22.9,19.1,,0.4,1.4,1.1,0.073,,-3.0,2.3,-1.9,0.0,118.0,267.0,0.442,2.0,11.0,0.25,116.0,256.0,0.45299999999999996,0.446,72.0,89.0,0.867,72.0,216.0,288.0,118.0,21.0,80.0,91.0,182.0,306.0
NJN,10958,1993.0,Sam Bowie,C,31.0,79.0,65.0,2207.0,16.4,0.5,0.037000000000000005,0.45399999999999996,9.5,24.9,16.6,12.5,1.1,3.8,14.6,22.5,,2.2,3.3,4.7,0.10300000000000001,,-0.7,2.5,0.0,1.1,421.0,947.0,0.45,10.0,31.0,0.33299999999999996,413.0,922.0,0.451,0.451,294.0,379.0,0.779,206.0,484.0,690.0,186.0,43.0,128.0,150.0,226.0,1062.0
POR,9145,1989.0,Sam Bowie,C,27.0,76.0,62.0,2216.0,15.7,0.578,0.046,0.467,10.5,23.5,16.6,12.2,1.2,5.0,20.8,22.7,,2.2,3.5,5.7,0.12300000000000001,,-0.3,3.8,3.6,3.1,299.0,557.0,0.537,5.0,7.0,0.7140000000000001,299.0,557.0,0.537,0.537,160.0,225.0,0.711,207.0,449.0,656.0,215.0,55.0,203.0,172.0,278.0,758.0
