Tm,Unnamed: 0,Year,Player,Pos,Age,G,GS,MP,PER,TS%,3PAr,FTr,ORB%,DRB%,TRB%,AST%,STL%,BLK%,TOV%,USG%,blanl,OWS,DWS,WS,WS/48,blank2,OBPM,DBPM,BPM,VORP,FG,FGA,FG%,3P,3PA,3P%,2P,2PA,2P%,eFG%,FT,FTA,FT%,ORB,DRB,TRB,AST,STL,BLK,TOV,PF,PTS
SAS,11144,1993.0,Sam Mack,SF,22.0,40.0,0.0,267.0,13.7,0.495,0.18600000000000003,0.49200000000000005,8.1,12.3,10.3,8.5,2.6,1.2,13.3,27.3,,0.0,0.4,0.3,0.06,,-2.0,-1.5,-3.4,-0.1,47.0,118.0,0.39799999999999996,3.0,22.0,0.136,44.0,96.0,0.45799999999999996,0.41100000000000003,45.0,58.0,0.7759999999999999,18.0,30.0,48.0,15.0,14.0,5.0,22.0,44.0,142.0
HOU,14231,1999.0,Sam Mack,SF,28.0,52.0,20.0,904.0,17.7,0.624,0.645,0.163,2.7,10.5,6.8,14.3,1.7,0.7,13.0,18.3,,1.7,1.0,1.9,0.18,,4.4,-0.5,1.7,0.5,121.0,287.0,0.47100000000000003,54.0,142.0,0.405,67.0,152.0,0.59,0.602,39.0,46.0,0.848,20.0,86.0,106.0,79.0,29.0,9.0,42.0,75.0,335.0
TOT,14229,1999.0,Sam Mack,SF,28.0,44.0,15.0,1083.0,15.4,0.5760000000000001,0.57,0.151,1.6,8.6,5.1,9.3,1.7,0.3,7.5,19.0,,2.6,0.3,2.8,0.126,,2.9,-2.8,0.0,0.6,167.0,384.0,0.435,87.0,219.0,0.397,80.0,165.0,0.485,0.5479999999999999,51.0,58.0,0.879,14.0,81.0,95.0,55.0,35.0,4.0,33.0,94.0,472.0
VAN,14230,1999.0,Sam Mack,SF,28.0,57.0,54.0,1414.0,13.3,0.537,0.509,0.142,2.4,9.6,5.4,11.9,1.9,0.5,10.4,20.8,,1.3,0.0,1.1,0.079,,1.5,-3.0,-1.5,0.1,222.0,559.0,0.406,110.0,269.0,0.409,112.0,290.0,0.423,0.505,62.0,77.0,0.9329999999999999,30.0,103.0,133.0,101.0,41.0,11.0,69.0,117.0,616.0
GSW,14749,2000.0,Sam Mack,SF,29.0,23.0,5.0,333.0,8.0,0.436,0.525,0.16399999999999998,2.1,10.8,6.2,11.1,2.7,0.2,12.7,18.9,,-0.2,0.2,0.0,0.002,,-2.4,-2.0,-4.4,-0.2,37.0,122.0,0.303,21.0,64.0,0.32799999999999996,16.0,58.0,0.276,0.389,19.0,20.0,0.95,7.0,32.0,39.0,24.0,18.0,1.0,19.0,45.0,114.0
MIA,15777,2002.0,Sam Mack,SF,31.0,12.0,1.0,159.0,3.1,0.384,0.5710000000000001,0.14300000000000002,1.5,8.8,5.1,4.1,1.7,0.5,11.8,17.7,,-0.3,0.2,-0.1,-0.035,,-5.2,-1.2,-6.4,-0.2,14.0,49.0,0.28600000000000003,7.0,28.0,0.25,7.0,21.0,0.33299999999999996,0.35700000000000004,5.0,7.0,0.7140000000000001,2.0,12.0,14.0,4.0,5.0,1.0,7.0,17.0,40.0
