Tm,Unnamed: 0,Year,Player,Pos,Age,G,GS,MP,PER,TS%,3PAr,FTr,ORB%,DRB%,TRB%,AST%,STL%,BLK%,TOV%,USG%,blanl,OWS,DWS,WS,WS/48,blank2,OBPM,DBPM,BPM,VORP,FG,FGA,FG%,3P,3PA,3P%,2P,2PA,2P%,eFG%,FT,FTA,FT%,ORB,DRB,TRB,AST,STL,BLK,TOV,PF,PTS
GSW,14694,2000.0,Sam Jacobson,PG,24.0,49.0,5.0,663.0,11.1,0.556,0.11800000000000001,0.192,3.7,7.6,5.5,7.5,2.2,0.3,12.3,15.9,,0.7,0.2,0.9,0.065,,-1.6,-1.8,-3.4,-0.2,103.0,203.0,0.507,9.0,24.0,0.375,94.0,179.0,0.525,0.53,30.0,39.0,0.769,25.0,45.0,70.0,30.0,29.0,3.0,31.0,112.0,245.0
LAL,14693,2000.0,Sam Jacobson,PG,24.0,3.0,0.0,18.0,20.6,0.68,0.2,0.4,0.0,28.6,14.6,21.6,2.9,0.0,16.8,29.0,,0.0,0.0,0.0,0.185,,-2.8,-2.6,-6.3,0.0,5.0,9.0,0.6,0.0,1.0,0.0,5.0,9.0,0.75,0.6,2.0,2.0,1.0,0.0,3.0,3.0,2.0,1.0,0.0,2.0,2.0,10.0
MIN,15197,2001.0,Sam Jacobson,PG,25.0,14.0,0.0,59.0,10.7,0.518,0.0,0.16699999999999998,5.8,5.9,5.8,10.6,2.7,0.0,0.0,14.8,,0.1,0.0,0.2,0.147,,0.2,-1.6,-1.4,0.0,9.0,18.0,0.5,0.0,0.0,,9.0,18.0,0.5,0.5,2.0,3.0,0.667,3.0,3.0,6.0,4.0,3.0,0.0,0.0,19.0,20.0
TOT,14692,2000.0,Sam Jacobson,PG,24.0,52.0,5.0,681.0,11.1,0.5539999999999999,0.113,0.193,3.6,7.6,5.5,7.9,2.2,0.3,12.5,16.3,,0.7,0.2,0.9,0.063,,-1.7,-1.8,-3.5,-0.3,108.0,212.0,0.509,9.0,24.0,0.375,99.0,188.0,0.527,0.531,30.0,41.0,0.732,25.0,46.0,71.0,32.0,30.0,3.0,33.0,113.0,255.0
