Tm,Unnamed: 0,Year,Player,Pos,Age,G,GS,MP,PER,TS%,3PAr,FTr,ORB%,DRB%,TRB%,AST%,STL%,BLK%,TOV%,USG%,blanl,OWS,DWS,WS,WS/48,blank2,OBPM,DBPM,BPM,VORP,FG,FGA,FG%,3P,3PA,3P%,2P,2PA,2P%,eFG%,FT,FTA,FT%,ORB,DRB,TRB,AST,STL,BLK,TOV,PF,PTS
DAL,9851,1990.0,Sam Perkins,SF,28.0,82.0,80.0,2860.0,17.6,0.573,0.055999999999999994,0.48,9.2,20.9,14.9,10.0,1.9,1.9,12.2,20.0,,5.0,3.3,8.1,0.146,,1.5,1.4,2.9,3.3,461.0,959.0,0.503,19.0,54.0,0.35200000000000004,447.0,921.0,0.51,0.509,330.0,424.0,0.833,235.0,490.0,688.0,175.0,109.0,94.0,148.0,269.0,1234.0
IND,15358,2001.0,Sam Perkins,PF,39.0,81.0,41.0,1620.0,12.1,0.555,0.494,0.3,5.5,15.1,10.4,6.6,1.8,1.3,11.5,15.3,,1.9,1.6,3.5,0.10300000000000001,,0.9,0.4,0.4,1.0,184.0,441.0,0.41700000000000004,89.0,218.0,0.408,95.0,223.0,0.426,0.518,80.0,97.0,0.8420000000000001,64.0,225.0,289.0,68.0,33.0,33.0,63.0,136.0,537.0
LAL,11209,1993.0,Sam Perkins,PF,31.0,73.0,66.0,2504.0,17.6,0.5670000000000001,0.086,0.46299999999999997,9.2,19.4,13.6,11.8,1.4,2.0,10.8,19.7,,5.0,3.6,8.0,0.153,,1.6,1.7,2.3,2.7,368.0,803.0,0.495,18.0,69.0,0.281,350.0,734.0,0.515,0.507,304.0,372.0,0.8290000000000001,192.0,371.0,556.0,141.0,64.0,78.0,103.0,247.0,1041.0
SEA,13763,1998.0,Sam Perkins,PF,36.0,82.0,41.0,2356.0,17.0,0.606,0.47100000000000003,0.363,7.8,14.9,11.1,10.3,2.0,2.7,10.5,20.3,,5.9,3.5,8.5,0.17300000000000001,,2.8,0.4,2.6,2.7,346.0,797.0,0.511,136.0,363.0,0.452,242.0,509.0,0.526,0.5579999999999999,218.0,272.0,0.8170000000000001,120.0,302.0,398.0,135.0,83.0,49.0,103.0,197.0,1043.0
TOT,11208,1993.0,Sam Perkins,PF,31.0,79.0,62.0,2351.0,16.5,0.555,0.08900000000000001,0.382,7.9,17.8,12.8,9.7,1.3,2.2,10.4,18.8,,4.3,2.6,6.9,0.141,,0.6,0.6,1.2,1.9,381.0,799.0,0.47700000000000004,24.0,71.0,0.33799999999999997,357.0,728.0,0.49,0.49200000000000005,250.0,305.0,0.82,163.0,361.0,524.0,156.0,60.0,82.0,108.0,225.0,1036.0
