Tm,Unnamed: 0,Year,Player,Pos,Age,G,GS,MP,PER,TS%,3PAr,FTr,ORB%,DRB%,TRB%,AST%,STL%,BLK%,TOV%,USG%,blanl,OWS,DWS,WS,WS/48,blank2,OBPM,DBPM,BPM,VORP,FG,FGA,FG%,3P,3PA,3P%,2P,2PA,2P%,eFG%,FT,FTA,FT%,ORB,DRB,TRB,AST,STL,BLK,TOV,PF,PTS
DAL,22403,2014.0,Samuel Dalembert,C,32.0,80.0,68.0,1614.0,16.8,0.605,0.003,0.363,14.4,24.2,19.4,3.4,1.3,4.8,17.1,14.8,,2.9,2.1,4.9,0.147,,-0.9,1.5,0.6,1.1,214.0,377.0,0.568,0.0,1.0,0.0,214.0,376.0,0.569,0.568,101.0,137.0,0.737,200.0,341.0,541.0,38.0,41.0,94.0,90.0,210.0,529.0
HOU,21237,2012.0,Samuel Dalembert,C,30.0,65.0,45.0,1446.0,16.9,0.551,0.003,0.28600000000000003,12.6,24.1,18.3,3.6,1.3,5.7,15.6,16.6,,1.8,2.3,4.1,0.13699999999999998,,-2.1,2.4,0.3,0.8,200.0,395.0,0.506,0.0,1.0,0.0,200.0,394.0,0.508,0.506,90.0,113.0,0.7959999999999999,158.0,298.0,456.0,33.0,37.0,111.0,82.0,162.0,490.0
MIL,21799,2013.0,Samuel Dalembert,C,31.0,47.0,23.0,765.0,18.6,0.565,0.004,0.217,14.2,24.9,19.4,4.5,1.1,5.1,15.5,18.7,,0.9,1.2,2.2,0.13699999999999998,,-2.3,1.0,-1.2,0.1,137.0,253.0,0.542,1.0,1.0,1.0,136.0,252.0,0.54,0.5429999999999999,38.0,55.0,0.691,105.0,171.0,276.0,21.0,17.0,53.0,51.0,90.0,313.0
NYK,23001,2015.0,Samuel Dalembert,C,33.0,32.0,21.0,544.0,11.8,0.461,0.0,0.154,10.9,25.1,17.8,8.6,1.4,6.3,21.9,15.0,,-0.4,0.7,0.3,0.023,,-5.2,3.0,-2.2,0.0,57.0,130.0,0.43799999999999994,0.0,0.0,,57.0,130.0,0.43799999999999994,0.43799999999999994,14.0,20.0,0.7,53.0,115.0,168.0,29.0,14.0,41.0,39.0,70.0,128.0
PHI,20043,2010.0,Samuel Dalembert,C,28.0,82.0,82.0,2724.0,16.8,0.581,0.005,0.39799999999999996,16.2,30.7,21.8,4.8,1.8,6.9,20.0,18.6,,3.0,4.3,6.9,0.151,,-1.5,2.5,0.6,1.6,356.0,661.0,0.545,0.0,2.0,0.0,356.0,660.0,0.545,0.545,186.0,263.0,0.746,304.0,545.0,849.0,64.0,47.0,192.0,161.0,287.0,879.0
SAC,20655,2011.0,Samuel Dalembert,C,29.0,80.0,46.0,1938.0,14.1,0.509,0.004,0.261,12.1,26.9,19.3,5.3,0.9,4.3,17.3,17.1,,0.4,2.5,2.9,0.07200000000000001,,-3.6,1.6,-2.0,0.0,268.0,567.0,0.473,0.0,2.0,0.0,268.0,565.0,0.474,0.473,108.0,148.0,0.73,212.0,445.0,657.0,67.0,36.0,116.0,132.0,225.0,644.0
