Tm,Unnamed: 0,Year,Player,Pos,Age,G,GS,MP,PER,TS%,3PAr,FTr,ORB%,DRB%,TRB%,AST%,STL%,BLK%,TOV%,USG%,blanl,OWS,DWS,WS,WS/48,blank2,OBPM,DBPM,BPM,VORP,FG,FGA,FG%,3P,3PA,3P%,2P,2PA,2P%,eFG%,FT,FTA,FT%,ORB,DRB,TRB,AST,STL,BLK,TOV,PF,PTS
SAS,9424,1989.0,Scott Roth,SF,25.0,47.0,3.0,464.0,8.2,0.44799999999999995,0.07,0.531,4.5,8.9,6.6,13.5,1.9,0.5,15.8,17.5,,-0.2,0.3,0.1,0.01,,-4.4,-1.4,-5.8,-0.4,52.0,143.0,0.364,2.0,10.0,0.2,50.0,133.0,0.376,0.371,52.0,76.0,0.684,20.0,36.0,56.0,48.0,19.0,4.0,33.0,55.0,158.0
TOT,9422,1989.0,Scott Roth,SF,25.0,63.0,3.0,536.0,7.7,0.441,0.096,0.521,3.9,9.3,6.6,13.5,2.1,0.6,16.3,18.0,,-0.4,0.5,0.1,0.005,,-4.7,-1.1,-5.7,-0.5,59.0,167.0,0.353,3.0,16.0,0.188,56.0,151.0,0.371,0.36200000000000004,60.0,87.0,0.69,20.0,44.0,64.0,55.0,24.0,5.0,40.0,69.0,181.0
UTA,9423,1989.0,Scott Roth,SF,25.0,26.0,0.0,201.0,10.1,0.48200000000000004,0.25,0.45799999999999996,3.9,11.5,7.5,13.7,3.4,0.8,19.5,21.0,,0.0,0.3,0.3,0.078,,-2.5,1.2,-2.2,0.0,30.0,74.0,0.405,2.0,11.0,0.182,28.0,63.0,0.444,0.419,22.0,30.0,0.733,7.0,21.0,28.0,16.0,12.0,1.0,11.0,37.0,84.0
MIN,9886,1990.0,Scott Roth,SF,26.0,71.0,3.0,1061.0,11.7,0.478,0.124,0.479,3.6,9.4,6.3,17.4,2.5,0.4,14.3,24.6,,-0.2,1.0,0.7,0.034,,-2.2,-1.6,-3.8,-0.5,159.0,420.0,0.379,18.0,52.0,0.34600000000000003,141.0,368.0,0.38299999999999995,0.4,150.0,201.0,0.746,34.0,78.0,112.0,115.0,51.0,6.0,85.0,144.0,486.0
