Tm,Unnamed: 0,Year,Player,Pos,Age,G,GS,MP,PER,TS%,3PAr,FTr,ORB%,DRB%,TRB%,AST%,STL%,BLK%,TOV%,USG%,blanl,OWS,DWS,WS,WS/48,blank2,OBPM,DBPM,BPM,VORP,FG,FGA,FG%,3P,3PA,3P%,2P,2PA,2P%,eFG%,FT,FTA,FT%,ORB,DRB,TRB,AST,STL,BLK,TOV,PF,PTS
IND,9446,1989.0,Scott Skiles,PG,24.0,80.0,13.0,1571.0,12.5,0.54,0.17,0.326,1.6,8.5,5.3,34.2,2.0,0.2,25.9,18.2,,0.5,0.8,1.3,0.04,,-1.5,-2.1,-3.7,-0.7,198.0,442.0,0.44799999999999995,20.0,75.0,0.3,178.0,367.0,0.485,0.47100000000000003,130.0,144.0,0.903,21.0,128.0,149.0,390.0,64.0,3.0,177.0,151.0,546.0
MIL,8591,1987.0,Scott Skiles,PG,22.0,13.0,0.0,205.0,6.2,0.364,0.226,0.19399999999999998,3.2,11.0,7.1,27.9,1.2,0.3,23.8,17.6,,-0.4,0.2,-0.2,-0.05,,-5.3,-1.1,-6.4,-0.2,18.0,62.0,0.29,3.0,14.0,0.214,15.0,48.0,0.313,0.315,10.0,12.0,0.833,6.0,20.0,26.0,45.0,5.0,1.0,21.0,18.0,49.0
ORL,11756,1994.0,Scott Skiles,PG,29.0,82.0,78.0,3086.0,17.8,0.581,0.28800000000000003,0.364,2.2,10.1,5.7,36.7,1.6,0.2,20.6,21.8,,5.6,2.4,8.0,0.125,,3.3,-1.2,1.6,2.5,462.0,1039.0,0.467,93.0,250.0,0.41200000000000003,369.0,811.0,0.512,0.512,340.0,377.0,0.902,57.0,238.0,290.0,735.0,89.0,5.0,267.0,244.0,1357.0
PHI,12729,1996.0,Scott Skiles,PG,31.0,10.0,9.0,236.0,9.0,0.513,0.596,0.175,0.5,7.5,3.9,25.8,1.5,0.0,20.7,14.7,,0.1,0.0,0.1,0.013999999999999999,,-2.1,-3.8,-6.0,-0.2,20.0,57.0,0.35100000000000003,15.0,34.0,0.441,5.0,23.0,0.217,0.48200000000000004,8.0,10.0,0.8,1.0,15.0,16.0,38.0,7.0,0.0,16.0,21.0,63.0
WSB,12208,1995.0,Scott Skiles,PG,30.0,62.0,62.0,2077.0,15.7,0.599,0.391,0.34600000000000003,1.4,7.6,4.4,32.4,1.7,0.2,20.4,17.8,,3.7,0.7,4.5,0.10300000000000001,,1.7,-2.7,-0.9,0.6,265.0,583.0,0.455,96.0,228.0,0.42100000000000004,169.0,355.0,0.47600000000000003,0.537,179.0,202.0,0.8859999999999999,26.0,133.0,159.0,452.0,70.0,6.0,172.0,135.0,805.0
