Tm,Unnamed: 0,Year,Player,Pos,Age,G,GS,MP,PER,TS%,3PAr,FTr,ORB%,DRB%,TRB%,AST%,STL%,BLK%,TOV%,USG%,blanl,OWS,DWS,WS,WS/48,blank2,OBPM,DBPM,BPM,VORP,FG,FGA,FG%,3P,3PA,3P%,2P,2PA,2P%,eFG%,FT,FTA,FT%,ORB,DRB,TRB,AST,STL,BLK,TOV,PF,PTS
CHI,6303,1981.0,Scott May,SF,26.0,72.0,,2369.0,17.2,0.5489999999999999,0.006999999999999999,0.441,9.1,13.5,10.8,13.2,2.5,0.5,24.9,23.7,,2.6,2.9,5.4,0.127,,0.2,0.1,-0.7,0.8,431.0,955.0,0.488,0.0,4.0,0.0,431.0,955.0,0.488,0.488,188.0,227.0,0.8370000000000001,141.0,296.0,437.0,145.0,78.0,17.0,125.0,185.0,1050.0
MIL,6675,1982.0,Scott May,SF,27.0,65.0,7.0,1187.0,16.7,0.581,0.01,0.46299999999999997,8.5,12.4,10.5,15.6,2.0,0.3,15.5,20.6,,2.4,1.8,4.2,0.171,,1.2,0.1,1.3,1.0,212.0,417.0,0.508,0.0,4.0,0.0,212.0,413.0,0.513,0.508,159.0,193.0,0.8240000000000001,85.0,133.0,218.0,133.0,50.0,6.0,92.0,151.0,583.0
DET,7048,1983.0,Scott May,SF,28.0,9.0,1.0,155.0,9.9,0.498,0.0,0.42,6.6,11.0,8.7,10.0,1.5,0.7,18.0,18.0,,0.0,0.1,0.1,0.045,,-2.9,-1.2,-4.1,-0.1,21.0,50.0,0.42,0.0,0.0,,21.0,50.0,0.42,0.42,17.0,21.0,0.81,10.0,16.0,26.0,12.0,5.0,2.0,13.0,24.0,59.0
