Tm,Unnamed: 0,Year,Player,Pos,Age,G,GS,MP,PER,TS%,3PAr,FTr,ORB%,DRB%,TRB%,AST%,STL%,BLK%,TOV%,USG%,blanl,OWS,DWS,WS,WS/48,blank2,OBPM,DBPM,BPM,VORP,FG,FGA,FG%,3P,3PA,3P%,2P,2PA,2P%,eFG%,FT,FTA,FT%,ORB,DRB,TRB,AST,STL,BLK,TOV,PF,PTS
HOU,18583,2007.0,Scott Padgett,PF,30.0,66.0,5.0,942.0,15.6,0.552,0.5920000000000001,0.22399999999999998,10.5,19.6,15.0,9.5,1.9,1.8,12.9,17.7,,1.2,1.6,2.8,0.17,,0.4,1.4,1.5,0.8,98.0,233.0,0.44299999999999995,50.0,126.0,0.431,48.0,107.0,0.451,0.528,29.0,40.0,0.75,47.0,138.0,185.0,55.0,33.0,13.0,30.0,119.0,275.0
MEM,18584,2007.0,Scott Padgett,PF,30.0,7.0,0.0,33.0,0.9,0.127,0.5710000000000001,0.28600000000000003,18.1,14.5,16.3,0.0,1.6,0.0,11.3,12.1,,-0.1,0.0,-0.1,-0.14,,-7.1,-5.3,-12.4,-0.1,1.0,7.0,0.14300000000000002,0.0,4.0,0.0,1.0,3.0,0.33299999999999996,0.14300000000000002,0.0,2.0,0.0,5.0,4.0,9.0,0.0,1.0,0.0,1.0,2.0,2.0
NJN,18044,2006.0,Scott Padgett,PF,29.0,62.0,1.0,718.0,12.5,0.489,0.602,0.16899999999999998,9.0,18.1,13.5,9.5,2.1,1.4,8.9,15.5,,0.6,1.3,1.8,0.12300000000000001,,-0.7,1.1,0.4,0.4,71.0,201.0,0.353,42.0,121.0,0.34700000000000003,29.0,80.0,0.363,0.45799999999999996,27.0,34.0,0.794,56.0,109.0,165.0,41.0,28.0,12.0,21.0,90.0,211.0
TOT,18582,2007.0,Scott Padgett,PF,30.0,31.0,0.0,231.0,4.9,0.373,0.589,0.23199999999999998,8.1,18.9,13.5,5.3,1.1,1.0,12.7,14.2,,-0.3,0.4,0.1,0.019,,-5.0,-0.2,-5.2,-0.2,16.0,56.0,0.28600000000000003,8.0,33.0,0.242,8.0,23.0,0.348,0.35700000000000004,6.0,13.0,0.462,16.0,38.0,54.0,8.0,5.0,3.0,9.0,35.0,46.0
UTA,16338,2003.0,Scott Padgett,PF,26.0,82.0,9.0,1321.0,17.6,0.568,0.314,0.465,18.9,19.1,19.0,11.0,2.5,1.9,16.2,22.4,,2.3,1.5,3.5,0.158,,1.7,0.1,0.9,1.0,188.0,423.0,0.47600000000000003,49.0,133.0,0.556,139.0,290.0,0.493,0.5379999999999999,81.0,107.0,0.757,111.0,189.0,285.0,86.0,43.0,24.0,70.0,148.0,500.0
