Tm,Unnamed: 0,Year,Player,Pos,Age,G,GS,MP,PER,TS%,3PAr,FTr,ORB%,DRB%,TRB%,AST%,STL%,BLK%,TOV%,USG%,blanl,OWS,DWS,WS,WS/48,blank2,OBPM,DBPM,BPM,VORP,FG,FGA,FG%,3P,3PA,3P%,2P,2PA,2P%,eFG%,FT,FTA,FT%,ORB,DRB,TRB,AST,STL,BLK,TOV,PF,PTS
BOS,8645,1987.0,Scott Wedman,SF,34.0,79.0,19.0,1402.0,12.7,0.515,0.079,0.146,6.2,11.7,8.6,11.1,1.8,1.4,12.8,20.2,,1.2,1.8,2.7,0.09300000000000001,,-0.7,-0.6,-2.2,-0.1,286.0,605.0,0.478,17.0,48.0,0.5,269.0,557.0,0.483,0.49700000000000005,45.0,68.0,0.8290000000000001,66.0,126.0,192.0,94.0,38.0,22.0,54.0,127.0,634.0
CLE,7186,1983.0,Scott Wedman,SF,30.0,54.0,39.0,1638.0,13.7,0.514,0.039,0.153,8.3,12.9,10.5,11.6,2.2,0.5,13.2,23.1,,0.8,0.9,1.6,0.055999999999999994,,0.0,0.5,0.4,1.0,280.0,589.0,0.48,9.0,23.0,0.409,271.0,566.0,0.483,0.488,66.0,90.0,0.8440000000000001,128.0,176.0,304.0,133.0,73.0,14.0,94.0,189.0,634.0
KCK,6422,1981.0,Scott Wedman,SF,28.0,82.0,,2968.0,16.9,0.5720000000000001,0.054000000000000006,0.258,6.8,14.2,10.4,11.7,1.7,1.1,10.8,24.1,,6.0,3.4,8.6,0.165,,2.3,0.7,2.3,2.7,685.0,1437.0,0.534,25.0,77.0,0.325,660.0,1360.0,0.534,0.534,221.0,271.0,0.87,199.0,407.0,606.0,227.0,103.0,46.0,161.0,294.0,1535.0
KCO,4350,1975.0,Scott Wedman,SF,22.0,80.0,,2554.0,12.0,0.505,,0.21100000000000002,8.2,11.7,10.0,7.4,1.5,0.6,,,,2.5,2.3,4.8,0.091,,-1.1,0.2,-0.8,0.8,375.0,806.0,0.465,,,,375.0,806.0,0.465,0.465,139.0,170.0,0.818,202.0,288.0,490.0,129.0,81.0,27.0,,270.0,889.0
TOT,7185,1983.0,Scott Wedman,SF,30.0,75.0,35.0,1793.0,12.7,0.505,0.040999999999999995,0.136,6.0,11.7,8.8,10.2,1.1,0.5,13.1,22.1,,0.9,1.3,2.2,0.057999999999999996,,-0.6,-1.0,-1.6,0.2,374.0,788.0,0.475,10.0,32.0,0.313,364.0,756.0,0.48100000000000004,0.48100000000000004,85.0,107.0,0.794,98.0,184.0,282.0,117.0,43.0,17.0,126.0,228.0,843.0
