Tm,Unnamed: 0,Year,Player,Pos,Age,G,GS,MP,PER,TS%,3PAr,FTr,ORB%,DRB%,TRB%,AST%,STL%,BLK%,TOV%,USG%,blanl,OWS,DWS,WS,WS/48,blank2,OBPM,DBPM,BPM,VORP,FG,FGA,FG%,3P,3PA,3P%,2P,2PA,2P%,eFG%,FT,FTA,FT%,ORB,DRB,TRB,AST,STL,BLK,TOV,PF,PTS
DET,11492,1994.0,Sean Elliott,SF,25.0,73.0,73.0,2409.0,11.3,0.51,0.11,0.21899999999999997,3.1,9.1,6.0,12.5,1.1,0.7,13.0,18.1,,1.0,0.4,1.4,0.027999999999999997,,-1.4,-0.9,-2.3,-0.2,360.0,791.0,0.455,26.0,87.0,0.299,334.0,704.0,0.474,0.47200000000000003,139.0,173.0,0.8029999999999999,68.0,195.0,263.0,197.0,54.0,27.0,129.0,174.0,885.0
SAS,15112,2001.0,Sean Elliott,SF,32.0,82.0,82.0,3120.0,16.3,0.5870000000000001,0.381,0.42200000000000004,7.2,13.4,8.3,15.5,1.6,1.4,14.5,23.4,,5.8,3.7,8.8,0.147,,2.4,0.8,2.1,2.9,525.0,1127.0,0.494,161.0,392.0,0.426,489.0,958.0,0.51,0.537,326.0,423.0,0.866,143.0,327.0,456.0,265.0,84.0,38.0,198.0,216.0,1537.0
