Tm,Unnamed: 0,Year,Player,Pos,Age,G,GS,MP,PER,TS%,3PAr,FTr,ORB%,DRB%,TRB%,AST%,STL%,BLK%,TOV%,USG%,blanl,OWS,DWS,WS,WS/48,blank2,OBPM,DBPM,BPM,VORP,FG,FGA,FG%,3P,3PA,3P%,2P,2PA,2P%,eFG%,FT,FTA,FT%,ORB,DRB,TRB,AST,STL,BLK,TOV,PF,PTS
GSW,16785,2004.0,Sean Lampley,SF,24.0,10.0,0.0,63.0,21.6,0.672,0.0,0.6,3.6,16.1,9.8,6.1,0.0,1.1,10.6,20.7,,0.2,0.0,0.2,0.18899999999999997,,0.1,-3.3,-3.2,0.0,13.0,20.0,0.65,0.0,0.0,,13.0,20.0,0.65,0.65,8.0,12.0,0.667,2.0,9.0,11.0,2.0,0.0,1.0,3.0,2.0,34.0
MIA,16251,2003.0,Sean Lampley,SF,23.0,35.0,0.0,487.0,12.4,0.512,0.031,0.636,6.0,13.9,9.8,11.3,0.8,0.5,13.2,18.4,,0.4,0.4,0.9,0.084,,-2.5,-0.7,-3.2,-0.1,56.0,129.0,0.434,0.0,4.0,0.0,56.0,125.0,0.44799999999999995,0.434,57.0,82.0,0.695,26.0,57.0,83.0,31.0,7.0,3.0,25.0,43.0,169.0
