Tm,Unnamed: 0,Year,Player,Pos,Age,G,GS,MP,PER,TS%,3PAr,FTr,ORB%,DRB%,TRB%,AST%,STL%,BLK%,TOV%,USG%,blanl,OWS,DWS,WS,WS/48,blank2,OBPM,DBPM,BPM,VORP,FG,FGA,FG%,3P,3PA,3P%,2P,2PA,2P%,eFG%,FT,FTA,FT%,ORB,DRB,TRB,AST,STL,BLK,TOV,PF,PTS
ATL,9944,1990.0,Sedric Toney,PG,27.0,32.0,0.0,286.0,10.1,0.53,0.18100000000000002,0.34700000000000003,1.2,9.2,4.6,23.9,2.0,0.0,28.7,17.8,,0.2,0.0,0.3,0.047,,-1.6,-1.5,-5.3,-0.1,30.0,72.0,0.41700000000000004,7.0,13.0,0.5379999999999999,23.0,59.0,0.39,0.465,21.0,25.0,1.0,3.0,11.0,14.0,52.0,10.0,0.0,21.0,35.0,88.0
CLE,11787,1994.0,Sedric Toney,PG,31.0,12.0,0.0,64.0,-0.9,0.233,0.083,0.16699999999999998,1.8,3.6,2.7,22.7,0.0,0.0,28.0,12.5,,-0.2,0.0,-0.2,-0.11699999999999999,,-9.2,-4.0,-13.2,-0.2,2.0,12.0,0.16699999999999998,0.0,1.0,0.0,2.0,11.0,0.182,0.16699999999999998,2.0,2.0,1.0,1.0,2.0,3.0,11.0,0.0,0.0,5.0,8.0,6.0
IND,9487,1989.0,Sedric Toney,PG,26.0,2.0,0.0,9.0,-14.9,0.184,0.6,0.2,13.1,11.7,12.3,0.0,0.0,0.0,26.9,34.6,,-0.1,0.0,-0.1,-0.586,,-18.6,-10.2,-28.8,-0.1,1.0,5.0,0.2,0.0,3.0,0.0,1.0,2.0,0.5,0.2,0.0,1.0,0.0,1.0,1.0,2.0,0.0,0.0,0.0,2.0,1.0,2.0
NYK,9041,1988.0,Sedric Toney,PG,25.0,21.0,0.0,139.0,12.8,0.539,0.292,0.22899999999999998,2.4,4.3,3.3,24.7,3.1,0.4,18.5,18.9,,0.1,0.2,0.3,0.099,,-0.6,-1.7,-2.3,0.0,21.0,48.0,0.43799999999999994,5.0,14.0,0.35700000000000004,16.0,34.0,0.47100000000000003,0.49,10.0,11.0,0.909,3.0,5.0,8.0,24.0,9.0,1.0,12.0,20.0,57.0
PHO,8238,1986.0,Sedric Toney,PG,23.0,10.0,0.0,206.0,8.8,0.519,0.16899999999999998,0.508,1.7,10.7,6.4,16.6,1.1,0.0,20.8,17.6,,-0.1,0.1,0.1,0.018000000000000002,,-3.4,-1.7,-5.1,-0.2,26.0,59.0,0.441,3.0,10.0,0.3,23.0,49.0,0.469,0.466,20.0,30.0,0.667,3.0,20.0,23.0,26.0,5.0,0.0,19.0,18.0,75.0
SAC,9945,1990.0,Sedric Toney,PG,27.0,32.0,9.0,682.0,7.1,0.43200000000000005,0.281,0.326,1.8,5.8,3.8,23.8,1.7,0.0,20.4,16.2,,-0.6,0.3,-0.3,-0.021,,-4.0,-2.3,-6.3,-0.7,57.0,178.0,0.32,16.0,50.0,0.32,41.0,128.0,0.32,0.365,46.0,58.0,0.7929999999999999,11.0,35.0,46.0,122.0,23.0,0.0,52.0,71.0,176.0
TOT,9943,1990.0,Sedric Toney,PG,27.0,64.0,9.0,968.0,8.0,0.502,0.252,0.47,1.6,10.6,6.2,23.8,1.7,0.0,21.6,17.7,,-0.2,0.4,0.0,-0.001,,-3.3,-1.6,-5.9,-0.2,87.0,250.0,0.424,23.0,63.0,0.365,64.0,187.0,0.446,0.447,67.0,83.0,0.807,14.0,46.0,60.0,174.0,33.0,0.0,73.0,106.0,264.0
