Tm,Unnamed: 0,Year,Player,Pos,Age,G,GS,MP,PER,TS%,3PAr,FTr,ORB%,DRB%,TRB%,AST%,STL%,BLK%,TOV%,USG%,blanl,OWS,DWS,WS,WS/48,blank2,OBPM,DBPM,BPM,VORP,FG,FGA,FG%,3P,3PA,3P%,2P,2PA,2P%,eFG%,FT,FTA,FT%,ORB,DRB,TRB,AST,STL,BLK,TOV,PF,PTS
BOS,20691,2011.0,Semih Erden,C,24.0,37.0,7.0,531.0,10.8,0.621,0.0,0.557,7.6,16.6,12.4,5.5,1.3,3.1,20.9,13.8,,0.4,1.0,1.4,0.128,,-2.7,2.8,0.1,0.3,58.0,97.0,0.598,0.0,0.0,,58.0,97.0,0.598,0.598,34.0,54.0,0.63,31.0,76.0,107.0,19.0,13.0,21.0,32.0,92.0,150.0
CLE,21273,2012.0,Semih Erden,C,25.0,28.0,9.0,333.0,9.9,0.5379999999999999,0.0,0.5539999999999999,10.5,18.5,12.3,4.6,1.6,3.6,14.8,14.6,,0.2,0.2,0.4,0.057,,-3.7,0.1,-4.7,-0.1,39.0,74.0,0.527,0.0,0.0,,39.0,74.0,0.527,0.527,21.0,41.0,0.833,20.0,52.0,72.0,9.0,10.0,5.0,16.0,60.0,99.0
TOT,20690,2011.0,Semih Erden,C,24.0,41.0,8.0,595.0,10.3,0.593,0.0,0.541,7.9,15.8,12.1,5.1,1.3,3.1,19.8,13.7,,0.3,1.1,1.4,0.115,,-3.0,2.5,-0.5,0.2,62.0,111.0,0.5589999999999999,0.0,0.0,,62.0,111.0,0.5589999999999999,0.5589999999999999,39.0,60.0,0.65,37.0,81.0,118.0,20.0,15.0,24.0,34.0,104.0,163.0
