Tm,Unnamed: 0,Year,Player,Pos,Age,G,GS,MP,PER,TS%,3PAr,FTr,ORB%,DRB%,TRB%,AST%,STL%,BLK%,TOV%,USG%,blanl,OWS,DWS,WS,WS/48,blank2,OBPM,DBPM,BPM,VORP,FG,FGA,FG%,3P,3PA,3P%,2P,2PA,2P%,eFG%,FT,FTA,FT%,ORB,DRB,TRB,AST,STL,BLK,TOV,PF,PTS
OKC,23771,2016.0,Serge Ibaka,PF,26.0,82.0,81.0,2666.0,19.6,0.612,0.261,0.298,13.2,21.9,17.2,5.2,1.0,9.8,14.2,19.8,,5.3,4.4,9.6,0.18100000000000002,,0.2,3.8,3.0,2.6,524.0,978.0,0.573,77.0,205.0,0.5,501.0,918.0,0.591,0.586,156.0,199.0,0.836,224.0,485.0,709.0,85.0,39.0,242.0,125.0,267.0,1227.0
ORL,24351,2017.0,Serge Ibaka,PF,27.0,56.0,56.0,1710.0,17.5,0.569,0.304,0.129,6.2,18.5,12.2,5.9,1.0,4.3,8.2,20.8,,2.1,1.7,3.8,0.10800000000000001,,-0.1,0.4,0.3,1.0,343.0,703.0,0.488,83.0,214.0,0.38799999999999996,260.0,489.0,0.532,0.547,77.0,91.0,0.846,100.0,282.0,382.0,60.0,34.0,91.0,66.0,139.0,846.0
TOR,24352,2017.0,Serge Ibaka,PF,27.0,23.0,23.0,712.0,13.8,0.556,0.369,0.122,4.6,20.1,12.4,3.3,0.5,4.0,11.7,20.9,,0.4,0.8,1.3,0.085,,-1.5,-0.5,-2.1,0.0,128.0,279.0,0.45899999999999996,41.0,103.0,0.39799999999999996,87.0,176.0,0.494,0.532,30.0,34.0,0.882,29.0,127.0,156.0,15.0,7.0,33.0,39.0,76.0,327.0
TOT,24350,2017.0,Serge Ibaka,PF,27.0,79.0,79.0,2422.0,16.4,0.5660000000000001,0.32299999999999995,0.127,5.7,19.0,12.2,5.2,0.8,4.2,9.2,20.9,,2.5,2.6,5.1,0.10099999999999999,,-0.5,0.1,-0.4,1.0,471.0,982.0,0.48,124.0,317.0,0.391,347.0,665.0,0.522,0.5429999999999999,107.0,125.0,0.856,129.0,409.0,538.0,75.0,41.0,124.0,105.0,215.0,1173.0
