Tm,Unnamed: 0,Year,Player,Pos,Age,G,GS,MP,PER,TS%,3PAr,FTr,ORB%,DRB%,TRB%,AST%,STL%,BLK%,TOV%,USG%,blanl,OWS,DWS,WS,WS/48,blank2,OBPM,DBPM,BPM,VORP,FG,FGA,FG%,3P,3PA,3P%,2P,2PA,2P%,eFG%,FT,FTA,FT%,ORB,DRB,TRB,AST,STL,BLK,TOV,PF,PTS
CLE,22576,2014.0,Sergey Karasev,SF,20.0,22.0,1.0,156.0,2.3,0.47,0.5429999999999999,0.28600000000000003,0.0,11.8,5.8,5.6,1.0,0.5,21.8,14.4,,-0.2,0.1,-0.1,-0.040999999999999995,,-5.9,-1.6,-7.5,-0.2,12.0,35.0,0.34299999999999997,4.0,19.0,0.21100000000000002,8.0,16.0,0.5,0.4,9.0,10.0,0.9,0.0,16.0,16.0,6.0,3.0,1.0,11.0,22.0,37.0
BRK,23814,2016.0,Sergey Karasev,SG,22.0,40.0,16.0,555.0,10.5,0.562,0.5,0.37799999999999995,4.5,14.3,8.2,12.3,2.1,0.4,20.3,14.4,,0.3,0.4,0.7,0.061,,-0.7,-0.5,-1.2,0.1,54.0,134.0,0.405,16.0,54.0,0.297,38.0,80.0,0.514,0.48,29.0,38.0,0.929,22.0,50.0,66.0,46.0,23.0,2.0,24.0,45.0,153.0
