Tm,Unnamed: 0,Year,Player,Pos,Age,G,GS,MP,PER,TS%,3PAr,FTr,ORB%,DRB%,TRB%,AST%,STL%,BLK%,TOV%,USG%,blanl,OWS,DWS,WS,WS/48,blank2,OBPM,DBPM,BPM,VORP,FG,FGA,FG%,3P,3PA,3P%,2P,2PA,2P%,eFG%,FT,FTA,FT%,ORB,DRB,TRB,AST,STL,BLK,TOV,PF,PTS
CLE,22401,2014.0,Seth Curry,PG,23.0,1.0,0.0,9.0,19.9,0.5,0.33299999999999996,0.0,0.0,12.8,6.2,0.0,11.5,0.0,0.0,14.9,,0.0,0.0,0.0,0.187,,-0.9,4.8,3.9,0.0,1.0,3.0,0.33299999999999996,1.0,1.0,1.0,0.0,2.0,0.0,0.5,0.0,0.0,,0.0,1.0,1.0,0.0,2.0,0.0,0.0,0.0,3.0
DAL,24215,2017.0,Seth Curry,PG,26.0,70.0,42.0,2029.0,15.5,0.601,0.45799999999999996,0.142,1.4,9.2,5.1,15.9,2.0,0.3,11.0,19.5,,2.9,1.7,4.6,0.109,,1.8,-0.4,1.4,1.7,338.0,703.0,0.48100000000000004,137.0,322.0,0.425,201.0,381.0,0.528,0.578,85.0,100.0,0.85,25.0,153.0,178.0,188.0,79.0,7.0,92.0,126.0,898.0
MEM,22400,2014.0,Seth Curry,PG,23.0,1.0,0.0,4.0,0.0,,,,0.0,0.0,0.0,0.0,0.0,0.0,,0.0,,0.0,0.0,0.0,0.006,,-5.8,0.6,-5.2,0.0,0.0,0.0,,0.0,0.0,,0.0,0.0,,,0.0,0.0,,0.0,0.0,0.0,0.0,0.0,0.0,0.0,0.0,0.0
PHO,22999,2015.0,Seth Curry,PG,24.0,2.0,0.0,8.0,-11.4,0.0,0.33299999999999996,0.0,0.0,27.7,13.7,15.6,0.0,0.0,0.0,16.5,,-0.1,0.0,0.0,-0.298,,-14.3,-1.6,-15.9,0.0,0.0,3.0,0.0,0.0,1.0,0.0,0.0,2.0,0.0,0.0,0.0,0.0,,0.0,2.0,2.0,1.0,0.0,0.0,0.0,2.0,0.0
SAC,23632,2016.0,Seth Curry,PG,25.0,44.0,9.0,692.0,13.8,0.603,0.496,0.24100000000000002,1.4,7.9,4.7,14.2,1.5,0.4,12.7,17.4,,1.2,0.2,1.4,0.09699999999999999,,0.9,-2.4,-1.5,0.1,102.0,224.0,0.455,50.0,111.0,0.45,52.0,113.0,0.46,0.5670000000000001,45.0,54.0,0.833,9.0,51.0,60.0,67.0,22.0,3.0,36.0,41.0,299.0
TOT,22399,2014.0,Seth Curry,PG,23.0,2.0,0.0,13.0,13.8,0.5,0.33299999999999996,0.0,0.0,8.8,4.3,0.0,7.9,0.0,0.0,10.3,,0.0,0.0,0.0,0.131,,-2.4,3.5,1.1,0.0,1.0,3.0,0.33299999999999996,1.0,1.0,1.0,0.0,2.0,0.0,0.5,0.0,0.0,,0.0,1.0,1.0,0.0,2.0,0.0,0.0,0.0,3.0
