Tm,Unnamed: 0,Year,Player,Pos,Age,G,GS,MP,PER,TS%,3PAr,FTr,ORB%,DRB%,TRB%,AST%,STL%,BLK%,TOV%,USG%,blanl,OWS,DWS,WS,WS/48,blank2,OBPM,DBPM,BPM,VORP,FG,FGA,FG%,3P,3PA,3P%,2P,2PA,2P%,eFG%,FT,FTA,FT%,ORB,DRB,TRB,AST,STL,BLK,TOV,PF,PTS
ATL,3397,1972.0,Shaler Halimon,SF,26.0,1.0,,4.0,-4.5,,,,,,0.0,0.0,,,,,,0.0,0.0,0.0,0.006999999999999999,,,,,,0.0,0.0,,,,,0.0,0.0,,,0.0,0.0,,,,0.0,0.0,,,,1.0,0.0
CHI,3162,1971.0,Shaler Halimon,SG,25.0,38.0,,517.0,11.4,0.436,,0.299,,,4.1,20.9,,,,,,-0.2,0.5,0.0,-0.001,,,,,,96.0,244.0,0.39299999999999996,,,,96.0,244.0,0.39299999999999996,0.39299999999999996,49.0,73.0,0.6709999999999999,,,68.0,69.0,,,,58.0,241.0
PHI,2732,1969.0,Shaler Halimon,SF,23.0,50.0,,350.0,13.2,0.44299999999999995,,0.163,,,,7.4,,,,,,-0.1,0.4,0.3,0.034,,,,,,88.0,196.0,0.449,,,,88.0,196.0,0.449,0.449,10.0,32.0,0.313,,,86.0,18.0,,,,34.0,186.0
POR,3163,1971.0,Shaler Halimon,SF,25.0,79.0,,1629.0,12.2,0.418,,0.20800000000000002,,,11.1,17.1,,,,,,-1.9,1.7,-0.2,-0.005,,,,,,300.0,775.0,0.387,,,,300.0,775.0,0.387,0.387,107.0,161.0,0.665,,,415.0,211.0,,,,178.0,707.0
TOT,3161,1971.0,Shaler Halimon,SF-SG,25.0,81.0,,1652.0,12.0,0.415,,0.207,,,11.0,17.1,,,,,,-2.0,1.7,-0.3,-0.009000000000000001,,,,,,301.0,783.0,0.384,,,,301.0,783.0,0.384,0.384,107.0,162.0,0.66,,,417.0,215.0,,,,183.0,709.0
