Tm,Unnamed: 0,Year,Player,Pos,Age,G,GS,MP,PER,TS%,3PAr,FTr,ORB%,DRB%,TRB%,AST%,STL%,BLK%,TOV%,USG%,blanl,OWS,DWS,WS,WS/48,blank2,OBPM,DBPM,BPM,VORP,FG,FGA,FG%,3P,3PA,3P%,2P,2PA,2P%,eFG%,FT,FTA,FT%,ORB,DRB,TRB,AST,STL,BLK,TOV,PF,PTS
ORL,12633,1996.0,Shaquille O'Neal*,C,23.0,81.0,81.0,3224.0,28.6,0.605,0.003,0.5529999999999999,13.5,27.1,20.6,15.9,1.3,5.7,15.9,32.8,,12.1,6.0,16.9,0.252,,5.4,2.8,6.6,7.1,953.0,1594.0,0.599,1.0,5.0,0.5,953.0,1589.0,0.6,0.599,471.0,854.0,0.5920000000000001,384.0,780.0,1122.0,214.0,76.0,286.0,307.0,321.0,2377.0
LAL,16874,2004.0,Shaquille O'Neal*,C,31.0,79.0,79.0,3163.0,30.6,0.602,0.004,0.713,13.1,25.9,18.8,19.3,1.2,5.8,13.5,32.9,,11.7,7.0,18.6,0.28300000000000003,,6.2,3.5,9.7,9.3,956.0,1665.0,0.584,0.0,4.0,0.0,956.0,1664.0,0.584,0.584,499.0,972.0,0.622,336.0,742.0,1078.0,299.0,47.0,239.0,223.0,256.0,2344.0
MIA,19146,2008.0,Shaquille O'Neal*,C,35.0,73.0,73.0,2492.0,27.0,0.586,0.0,0.6990000000000001,12.4,23.1,17.8,15.7,1.1,5.0,19.4,30.5,,6.4,4.6,11.0,0.21100000000000002,,3.3,2.3,5.6,4.7,658.0,1095.0,0.601,0.0,0.0,,658.0,1095.0,0.601,0.601,353.0,765.0,0.494,253.0,507.0,760.0,200.0,36.0,171.0,203.0,262.0,1669.0
TOT,19145,2008.0,Shaquille O'Neal*,C,35.0,61.0,61.0,1748.0,17.1,0.589,0.0,0.606,11.4,24.8,18.4,9.1,0.9,3.7,20.4,23.5,,0.6,2.3,2.8,0.078,,-2.0,1.3,-0.7,0.6,331.0,558.0,0.593,0.0,0.0,,331.0,558.0,0.593,0.593,170.0,338.0,0.503,166.0,388.0,554.0,93.0,32.0,88.0,181.0,228.0,832.0
PHO,19741,2009.0,Shaquille O'Neal*,C,36.0,75.0,75.0,2252.0,22.3,0.623,0.001,0.6990000000000001,10.3,29.8,20.8,8.9,1.1,3.5,21.7,24.2,,5.6,2.2,7.8,0.166,,1.7,1.4,2.0,2.3,512.0,841.0,0.611,0.0,1.0,0.0,512.0,840.0,0.611,0.611,309.0,519.0,0.595,187.0,446.0,633.0,126.0,49.0,108.0,168.0,253.0,1333.0
CLE,20332,2010.0,Shaquille O'Neal*,C,37.0,53.0,53.0,1240.0,17.9,0.565,0.002,0.488,9.4,24.0,17.0,11.3,0.6,3.9,15.7,25.1,,0.9,2.1,3.1,0.11900000000000001,,-1.9,1.4,-0.5,0.5,262.0,463.0,0.5660000000000001,0.0,1.0,0.0,262.0,462.0,0.5670000000000001,0.5660000000000001,112.0,226.0,0.496,93.0,262.0,355.0,80.0,15.0,62.0,105.0,169.0,636.0
BOS,20931,2011.0,Shaquille O'Neal*,C,38.0,37.0,36.0,752.0,17.4,0.659,0.0,0.652,8.3,20.1,14.6,5.9,1.1,4.4,17.8,20.1,,1.1,1.6,2.7,0.174,,-1.1,2.6,1.5,0.7,134.0,201.0,0.667,0.0,0.0,,134.0,201.0,0.667,0.667,73.0,131.0,0.557,48.0,130.0,178.0,26.0,16.0,42.0,56.0,120.0,341.0
