Tm,Unnamed: 0,Year,Player,Pos,Age,G,GS,MP,PER,TS%,3PAr,FTr,ORB%,DRB%,TRB%,AST%,STL%,BLK%,TOV%,USG%,blanl,OWS,DWS,WS,WS/48,blank2,OBPM,DBPM,BPM,VORP,FG,FGA,FG%,3P,3PA,3P%,2P,2PA,2P%,eFG%,FT,FTA,FT%,ORB,DRB,TRB,AST,STL,BLK,TOV,PF,PTS
PHI,12835,1996.0,Sharone Wright,C,23.0,79.0,49.0,2044.0,14.5,0.518,0.01,0.484,12.3,18.3,15.2,4.3,1.1,3.7,14.8,23.0,,0.3,1.9,1.7,0.04,,-3.2,-0.8,-4.1,-0.9,361.0,776.0,0.47700000000000004,0.0,8.0,0.0,361.0,768.0,0.47700000000000004,0.47700000000000004,182.0,282.0,0.645,191.0,281.0,472.0,48.0,37.0,104.0,151.0,246.0,904.0
TOR,13957,1998.0,Sharone Wright,C,25.0,60.0,28.0,1009.0,17.3,0.565,0.023,0.57,9.5,21.2,11.5,15.5,1.0,4.0,16.8,27.8,,0.3,0.7,0.4,0.065,,-1.8,-1.7,-5.1,-0.1,161.0,403.0,0.508,1.0,3.0,0.33299999999999996,161.0,402.0,0.512,0.512,68.0,133.0,0.685,79.0,107.0,186.0,28.0,15.0,50.0,93.0,146.0,390.0
TOT,12834,1996.0,Sharone Wright,C,23.0,57.0,38.0,1434.0,15.1,0.53,0.006,0.506,11.7,17.2,14.4,4.8,1.1,2.5,14.8,22.8,,0.6,0.7,1.3,0.043,,-2.9,-2.1,-5.0,-1.1,248.0,512.0,0.484,1.0,3.0,0.33299999999999996,247.0,509.0,0.485,0.485,167.0,259.0,0.645,148.0,208.0,356.0,38.0,30.0,49.0,109.0,163.0,664.0
