Tm,Unnamed: 0,Year,Player,Pos,Age,G,GS,MP,PER,TS%,3PAr,FTr,ORB%,DRB%,TRB%,AST%,STL%,BLK%,TOV%,USG%,blanl,OWS,DWS,WS,WS/48,blank2,OBPM,DBPM,BPM,VORP,FG,FGA,FG%,3P,3PA,3P%,2P,2PA,2P%,eFG%,FT,FTA,FT%,ORB,DRB,TRB,AST,STL,BLK,TOV,PF,PTS
BOS,23350,2015.0,Shavlik Randolph,PF,31.0,16.0,0.0,198.0,15.9,0.5589999999999999,0.1,0.563,17.3,35.6,26.3,5.9,2.1,3.1,14.3,20.8,,0.3,0.4,0.7,0.159,,-2.0,0.4,-1.6,0.0,28.0,48.0,0.583,0.0,1.0,0.0,28.0,48.0,0.583,0.583,11.0,27.0,0.5,28.0,42.0,70.0,4.0,8.0,7.0,10.0,38.0,67.0
MIA,20367,2010.0,Shavlik Randolph,PF,26.0,3.0,0.0,47.0,4.9,0.33299999999999996,0.0,0.0,17.6,14.9,16.3,0.0,1.1,1.7,11.8,17.0,,-0.1,0.1,0.0,-0.015,,-7.8,-3.8,-11.7,-0.1,5.0,15.0,0.33299999999999996,0.0,0.0,,5.0,15.0,0.33299999999999996,0.33299999999999996,0.0,0.0,,7.0,6.0,13.0,0.0,1.0,1.0,2.0,9.0,10.0
PHI,19185,2008.0,Shavlik Randolph,PF,24.0,57.0,6.0,487.0,15.6,0.511,0.0,0.732,39.2,23.4,24.2,17.8,2.1,8.9,14.1,26.7,,0.5,0.5,1.1,0.105,,-0.5,4.4,3.9,0.0,44.0,97.0,0.479,0.0,0.0,,44.0,97.0,0.479,0.479,43.0,71.0,0.606,55.0,78.0,133.0,19.0,19.0,12.0,21.0,83.0,131.0
PHO,23349,2015.0,Shavlik Randolph,PF,31.0,16.0,0.0,101.0,7.7,0.531,0.16,0.7859999999999999,12.9,21.2,14.8,4.0,2.0,1.5,21.0,13.7,,0.0,0.1,0.1,0.06,,-4.7,-0.1,-5.3,-0.1,7.0,25.0,0.5,0.0,4.0,0.0,7.0,21.0,0.5,0.5,6.0,11.0,0.545,12.0,18.0,26.0,3.0,4.0,2.0,5.0,15.0,20.0
POR,20368,2010.0,Shavlik Randolph,PF,26.0,10.0,0.0,37.0,19.4,0.61,0.077,0.667,33.0,27.3,30.2,28.6,0.0,2.1,28.9,38.6,,0.0,0.0,0.0,0.040999999999999995,,-3.8,-3.0,-8.5,0.0,8.0,13.0,0.615,1.0,1.0,1.0,7.0,12.0,0.583,0.654,2.0,4.0,1.0,10.0,8.0,18.0,1.0,0.0,1.0,6.0,4.0,18.0
TOT,23348,2015.0,Shavlik Randolph,PF,31.0,21.0,0.0,126.0,7.2,0.371,0.14300000000000002,0.34299999999999997,15.6,19.3,16.5,4.4,2.0,1.8,13.7,19.5,,-0.1,0.2,0.0,-0.004,,-5.8,0.0,-5.8,-0.1,9.0,35.0,0.33299999999999996,0.0,5.0,0.0,9.0,30.0,0.33299999999999996,0.33299999999999996,6.0,12.0,1.0,16.0,22.0,38.0,4.0,5.0,3.0,3.0,16.0,24.0
