Tm,Unnamed: 0,Year,Player,Pos,Age,G,GS,MP,PER,TS%,3PAr,FTr,ORB%,DRB%,TRB%,AST%,STL%,BLK%,TOV%,USG%,blanl,OWS,DWS,WS,WS/48,blank2,OBPM,DBPM,BPM,VORP,FG,FGA,FG%,3P,3PA,3P%,2P,2PA,2P%,eFG%,FT,FTA,FT%,ORB,DRB,TRB,AST,STL,BLK,TOV,PF,PTS
MIL,13261,1997.0,Shawn Respert,SG,24.0,62.0,0.0,845.0,10.8,0.488,0.474,0.368,4.4,6.8,5.4,14.2,2.0,0.4,26.6,19.1,,0.2,0.3,0.5,0.027000000000000003,,-0.9,-2.3,-3.2,-0.1,113.0,292.0,0.387,42.0,122.0,0.344,71.0,170.0,0.5,0.45899999999999996,35.0,42.0,1.0,28.0,46.0,74.0,68.0,32.0,4.0,42.0,67.0,303.0
DAL,13788,1998.0,Shawn Respert,SG,25.0,10.0,0.0,215.0,10.3,0.47100000000000003,0.31,0.083,3.5,10.6,7.0,14.2,1.2,0.0,14.7,21.7,,-0.2,0.1,-0.1,-0.017,,-2.6,-3.0,-5.6,-0.2,36.0,84.0,0.429,6.0,26.0,0.231,30.0,58.0,0.517,0.46399999999999997,4.0,7.0,0.5710000000000001,7.0,20.0,27.0,17.0,5.0,0.0,15.0,17.0,82.0
TOR,13787,1998.0,Shawn Respert,SG,25.0,47.0,4.0,696.0,13.0,0.5670000000000001,0.4,0.267,4.7,7.2,5.9,12.9,2.6,0.4,14.1,17.0,,1.0,0.3,0.9,0.095,,-0.1,-2.0,-2.3,0.0,94.0,209.0,0.45,25.0,67.0,0.396,69.0,142.0,0.486,0.521,44.0,54.0,0.8440000000000001,30.0,43.0,73.0,44.0,29.0,2.0,33.0,58.0,257.0
TOT,13786,1998.0,Shawn Respert,SG,25.0,57.0,4.0,911.0,12.3,0.551,0.41,0.281,4.4,8.0,6.1,13.1,2.1,0.3,16.1,17.9,,0.8,0.2,0.8,0.068,,-0.7,-2.3,-3.3,-0.2,130.0,293.0,0.444,31.0,93.0,0.35100000000000003,99.0,200.0,0.495,0.49700000000000005,48.0,61.0,0.872,37.0,63.0,100.0,61.0,34.0,2.0,48.0,75.0,339.0
PHO,14341,1999.0,Shawn Respert,SG,26.0,12.0,1.0,99.0,11.4,0.45799999999999996,0.361,0.278,2.3,13.2,7.7,13.2,2.7,0.0,11.0,21.2,,0.0,0.1,0.1,0.046,,-2.1,-1.9,-4.1,-0.1,13.0,36.0,0.361,4.0,13.0,0.308,9.0,23.0,0.391,0.41700000000000004,7.0,10.0,0.7,2.0,11.0,13.0,8.0,5.0,0.0,5.0,10.0,37.0
