Tm,Unnamed: 0,Year,Player,Pos,Age,G,GS,MP,PER,TS%,3PAr,FTr,ORB%,DRB%,TRB%,AST%,STL%,BLK%,TOV%,USG%,blanl,OWS,DWS,WS,WS/48,blank2,OBPM,DBPM,BPM,VORP,FG,FGA,FG%,3P,3PA,3P%,2P,2PA,2P%,eFG%,FT,FTA,FT%,ORB,DRB,TRB,AST,STL,BLK,TOV,PF,PTS
PHI,22008,2013.0,Shelvin Mack,SG,22.0,4.0,0.0,7.0,-6.4,0.5,0.5,0.0,0.0,0.0,0.0,22.6,0.0,0.0,50.0,26.3,,-0.1,0.0,-0.1,-0.348,,-15.1,-9.0,-24.1,0.0,1.0,2.0,0.5,0.0,1.0,0.0,1.0,1.0,1.0,0.5,0.0,0.0,,0.0,0.0,0.0,1.0,0.0,0.0,2.0,1.0,2.0
WAS,22007,2013.0,Shelvin Mack,PG,22.0,64.0,2.0,779.0,11.9,0.46799999999999997,0.325,0.268,2.3,11.7,6.7,26.3,2.2,0.2,16.4,16.9,,0.2,0.5,0.7,0.052000000000000005,,-2.1,-0.4,-3.0,0.0,88.0,220.0,0.4,12.0,42.0,0.308,76.0,178.0,0.444,0.45,42.0,59.0,0.7120000000000001,12.0,80.0,92.0,131.0,28.0,2.0,48.0,50.0,230.0
ATL,23852,2016.0,Shelvin Mack,PG,25.0,73.0,11.0,1490.0,15.4,0.5770000000000001,0.435,0.16699999999999998,1.6,11.9,6.7,36.9,2.2,0.2,21.0,28.5,,1.2,1.2,2.3,0.075,,-0.7,-1.7,-2.4,0.0,209.0,501.0,0.488,62.0,184.0,0.4,147.0,317.0,0.551,0.5710000000000001,64.0,74.0,0.865,21.0,139.0,160.0,271.0,50.0,2.0,89.0,100.0,544.0
TOT,23851,2016.0,Shelvin Mack,PG-SG,25.0,52.0,27.0,1058.0,13.6,0.537,0.389,0.147,1.4,12.5,7.0,30.6,1.9,0.2,20.4,23.3,,0.2,1.2,1.3,0.061,,-0.5,-0.8,-1.2,0.2,182.0,415.0,0.46,39.0,125.0,0.36700000000000005,143.0,290.0,0.519,0.532,45.0,61.0,0.738,13.0,115.0,128.0,187.0,34.0,3.0,95.0,72.0,448.0
UTA,24433,2017.0,Shelvin Mack,PG,26.0,55.0,27.0,1205.0,13.2,0.52,0.315,0.20199999999999999,2.0,12.6,7.0,29.3,1.8,0.3,19.2,22.2,,0.2,1.5,1.4,0.064,,-0.3,-0.1,-0.8,0.3,170.0,381.0,0.446,37.0,120.0,0.35700000000000004,133.0,261.0,0.51,0.498,53.0,77.0,0.735,20.0,108.0,128.0,154.0,42.0,3.0,90.0,100.0,430.0
