Tm,Unnamed: 0,Year,Player,Pos,Age,G,GS,MP,PER,TS%,3PAr,FTr,ORB%,DRB%,TRB%,AST%,STL%,BLK%,TOV%,USG%,blanl,OWS,DWS,WS,WS/48,blank2,OBPM,DBPM,BPM,VORP,FG,FGA,FG%,3P,3PA,3P%,2P,2PA,2P%,eFG%,FT,FTA,FT%,ORB,DRB,TRB,AST,STL,BLK,TOV,PF,PTS
CHP,1754,1962.0,Slick Leonard*,PG,29.0,70.0,,2464.0,12.2,0.436,,0.32899999999999996,,,,,,,,,,-0.1,1.3,1.2,0.024,,,,,,423.0,1128.0,0.375,,,,423.0,1128.0,0.375,0.375,279.0,371.0,0.752,,,199.0,378.0,,,,186.0,1125.0
CHZ,1880,1963.0,Slick Leonard*,PG,30.0,32.0,,879.0,8.1,0.402,,0.34700000000000003,,,,,,,,,,-0.7,0.2,-0.5,-0.026000000000000002,,,,,,84.0,245.0,0.34299999999999997,,,,84.0,245.0,0.34299999999999997,0.34299999999999997,59.0,85.0,0.6940000000000001,,,68.0,143.0,,,,84.0,227.0
LAL,1644,1961.0,Slick Leonard*,PG,28.0,55.0,,600.0,8.1,0.384,,0.483,,,,,,,,,,-0.6,0.6,0.1,0.006,,,,,,61.0,207.0,0.295,,,,61.0,207.0,0.295,0.295,71.0,100.0,0.71,,,70.0,81.0,,,,70.0,193.0
MNL,1520,1960.0,Slick Leonard*,PG,27.0,73.0,,2074.0,11.4,0.42700000000000005,,0.33799999999999997,,,,,,,,,,0.4,2.0,1.5,0.044000000000000004,,,,,,303.0,867.0,0.373,,,,303.0,867.0,0.373,0.373,205.0,268.0,0.772,,,245.0,252.0,,,,171.0,792.0
