Tm,Unnamed: 0,Year,Player,Pos,Age,G,GS,MP,PER,TS%,3PAr,FTr,ORB%,DRB%,TRB%,AST%,STL%,BLK%,TOV%,USG%,blanl,OWS,DWS,WS,WS/48,blank2,OBPM,DBPM,BPM,VORP,FG,FGA,FG%,3P,3PA,3P%,2P,2PA,2P%,eFG%,FT,FTA,FT%,ORB,DRB,TRB,AST,STL,BLK,TOV,PF,PTS
ATL,7907,1985.0,Sly Williams,SF,27.0,34.0,20.0,867.0,12.9,0.48,0.079,0.40399999999999997,8.3,15.3,11.1,16.1,2.7,0.5,15.2,25.5,,-0.4,1.0,0.5,0.03,,-1.8,0.1,-1.7,0.1,167.0,380.0,0.439,4.0,15.0,0.267,163.0,365.0,0.447,0.445,79.0,123.0,0.7829999999999999,45.0,123.0,168.0,94.0,28.0,8.0,78.0,83.0,417.0
BOS,8288,1986.0,Sly Williams,SF,28.0,6.0,0.0,54.0,-0.6,0.32299999999999995,0.19,0.5710000000000001,15.3,15.3,15.3,4.4,0.9,1.0,21.0,25.3,,-0.2,0.1,-0.2,-0.136,,-8.6,-2.7,-11.3,-0.1,5.0,21.0,0.23800000000000002,0.0,4.0,0.0,5.0,17.0,0.294,0.23800000000000002,7.0,12.0,0.583,7.0,8.0,15.0,2.0,1.0,1.0,7.0,15.0,17.0
NYK,7204,1983.0,Sly Williams,SF,25.0,68.0,27.0,1976.0,18.6,0.59,0.028999999999999998,0.4,12.6,16.8,12.3,16.0,2.8,0.8,14.9,27.5,,2.9,2.7,5.1,0.133,,2.5,1.4,2.4,2.2,349.0,708.0,0.556,2.0,19.0,0.25,347.0,700.0,0.561,0.557,185.0,268.0,0.757,159.0,257.0,416.0,180.0,116.0,18.0,141.0,199.0,885.0
