Tm,Unnamed: 0,Year,Player,Pos,Age,G,GS,MP,PER,TS%,3PAr,FTr,ORB%,DRB%,TRB%,AST%,STL%,BLK%,TOV%,USG%,blanl,OWS,DWS,WS,WS/48,blank2,OBPM,DBPM,BPM,VORP,FG,FGA,FG%,3P,3PA,3P%,2P,2PA,2P%,eFG%,FT,FTA,FT%,ORB,DRB,TRB,AST,STL,BLK,TOV,PF,PTS
ATL,19635,2009.0,Solomon Jones,PF,24.0,63.0,8.0,675.0,12.3,0.655,0.067,0.667,15.3,18.4,16.9,3.4,1.1,4.9,22.1,15.6,,1.2,0.7,1.9,0.138,,-2.0,0.6,-1.4,0.1,67.0,128.0,0.604,1.0,2.0,0.5,66.0,127.0,0.606,0.608,59.0,75.0,0.787,52.0,90.0,142.0,15.0,11.0,42.0,27.0,125.0,189.0
IND,20841,2011.0,Solomon Jones,C,26.0,52.0,2.0,675.0,9.9,0.499,0.017,0.512,9.5,15.1,11.9,8.5,1.2,3.9,19.1,16.1,,0.0,0.8,0.8,0.057999999999999996,,-4.1,1.6,-2.6,-0.1,78.0,176.0,0.44299999999999995,0.0,3.0,0.0,78.0,173.0,0.451,0.44299999999999995,51.0,71.0,0.718,51.0,93.0,144.0,32.0,14.0,37.0,40.0,125.0,207.0
LAC,21425,2012.0,Solomon Jones,PF,27.0,10.0,0.0,96.0,5.3,0.294,0.0,0.625,13.5,7.5,10.5,2.8,2.2,4.3,32.9,7.3,,-0.1,0.1,0.0,0.008,,-4.5,3.4,-1.1,0.0,1.0,8.0,0.125,0.0,0.0,,1.0,8.0,0.125,0.125,4.0,5.0,0.8,11.0,6.0,17.0,2.0,4.0,5.0,5.0,12.0,6.0
NOH,21426,2012.0,Solomon Jones,C,27.0,11.0,1.0,196.0,11.0,0.501,0.0,0.34,13.0,12.0,12.5,5.9,1.4,2.5,17.6,17.8,,0.1,0.2,0.2,0.059000000000000004,,-2.5,0.1,-2.4,0.0,23.0,53.0,0.434,0.0,0.0,,23.0,53.0,0.434,0.434,15.0,18.0,0.833,21.0,20.0,41.0,7.0,5.0,6.0,13.0,31.0,61.0
NYK,21962,2013.0,Solomon Jones,PF,28.0,2.0,1.0,26.0,-5.7,0.0,0.0,0.0,4.4,9.3,6.8,0.0,0.0,3.3,75.0,7.2,,-0.1,0.0,-0.1,-0.172,,-11.7,1.2,-10.5,-0.1,0.0,1.0,0.0,0.0,0.0,,0.0,1.0,0.0,0.0,0.0,0.0,,1.0,2.0,3.0,0.0,0.0,1.0,3.0,3.0,0.0
ORL,22570,2014.0,Solomon Jones,PF,29.0,11.0,0.0,85.0,5.8,0.373,0.0,0.235,10.6,10.7,10.7,3.4,1.2,1.8,9.6,11.1,,0.0,0.1,0.0,0.013000000000000001,,-5.3,-0.2,-5.5,-0.1,6.0,17.0,0.353,0.0,0.0,,6.0,17.0,0.353,0.353,2.0,4.0,0.5,8.0,8.0,16.0,2.0,2.0,2.0,2.0,12.0,14.0
TOT,21424,2012.0,Solomon Jones,C-PF,27.0,21.0,1.0,292.0,9.1,0.47100000000000003,0.0,0.377,13.1,10.5,11.8,4.9,1.7,3.1,20.2,14.4,,0.0,0.3,0.3,0.042,,-3.2,1.2,-2.0,0.0,24.0,61.0,0.39299999999999996,0.0,0.0,,24.0,61.0,0.39299999999999996,0.39299999999999996,19.0,23.0,0.826,32.0,26.0,58.0,9.0,9.0,11.0,18.0,43.0,67.0
