Tm,Unnamed: 0,Year,Player,Pos,Age,G,GS,MP,PER,TS%,3PAr,FTr,ORB%,DRB%,TRB%,AST%,STL%,BLK%,TOV%,USG%,blanl,OWS,DWS,WS,WS/48,blank2,OBPM,DBPM,BPM,VORP,FG,FGA,FG%,3P,3PA,3P%,2P,2PA,2P%,eFG%,FT,FTA,FT%,ORB,DRB,TRB,AST,STL,BLK,TOV,PF,PTS
ATL,19446,2009.0,Speedy Claxton,PG,30.0,42.0,31.0,1054.0,7.3,0.363,0.10099999999999999,0.28600000000000003,1.4,8.0,4.6,32.4,3.6,0.3,19.8,24.6,,0.0,1.0,0.0,-0.034,,-4.6,-0.5,-5.1,-0.1,91.0,278.0,0.327,6.0,28.0,0.214,85.0,250.0,0.34,0.33799999999999997,33.0,60.0,0.55,12.0,69.0,81.0,185.0,72.0,4.0,75.0,131.0,221.0
GSW,17190,2005.0,Speedy Claxton,PG,26.0,60.0,44.0,1595.0,17.3,0.509,0.10400000000000001,0.42700000000000005,2.7,9.2,5.5,30.9,3.3,0.4,14.1,20.9,,2.6,1.6,4.2,0.127,,0.8,0.1,0.9,1.2,224.0,524.0,0.431,10.0,52.0,0.192,220.0,502.0,0.45899999999999996,0.441,182.0,224.0,0.813,38.0,121.0,156.0,286.0,97.0,9.0,102.0,154.0,634.0
NOH,17191,2005.0,Speedy Claxton,PG,26.0,16.0,3.0,365.0,13.4,0.42200000000000004,0.08199999999999999,0.373,1.6,8.8,5.0,42.3,3.3,0.4,17.4,19.7,,-0.2,0.4,0.2,0.027000000000000003,,-2.5,-1.4,-3.9,-0.2,41.0,110.0,0.373,1.0,9.0,0.111,40.0,101.0,0.396,0.377,25.0,41.0,0.61,5.0,26.0,31.0,88.0,22.0,2.0,27.0,30.0,108.0
NOK,17767,2006.0,Speedy Claxton,PG,27.0,71.0,3.0,2019.0,16.1,0.49700000000000005,0.086,0.435,2.2,9.3,5.7,29.8,2.9,0.2,14.9,23.8,,1.1,2.0,3.0,0.07200000000000001,,0.4,-0.3,0.1,1.0,304.0,736.0,0.413,17.0,63.0,0.27,287.0,673.0,0.426,0.425,246.0,320.0,0.769,39.0,154.0,193.0,339.0,108.0,6.0,154.0,177.0,871.0
PHI,15600,2002.0,Speedy Claxton,PG,23.0,67.0,18.0,1528.0,12.6,0.469,0.073,0.301,3.5,8.4,5.9,21.9,3.4,0.3,15.7,18.2,,0.4,2.4,2.8,0.087,,-1.6,1.0,-0.7,0.5,181.0,452.0,0.4,4.0,33.0,0.121,177.0,419.0,0.42200000000000004,0.405,114.0,136.0,0.838,46.0,114.0,160.0,198.0,95.0,6.0,95.0,145.0,480.0
SAS,16094,2003.0,Speedy Claxton,PG,24.0,30.0,0.0,471.0,15.9,0.509,0.076,0.39299999999999996,5.7,8.0,6.9,26.9,2.5,1.0,17.1,20.2,,0.6,0.6,1.2,0.125,,-0.1,0.2,0.1,0.2,67.0,145.0,0.462,0.0,11.0,0.0,67.0,134.0,0.5,0.462,39.0,57.0,0.684,22.0,34.0,56.0,75.0,22.0,7.0,35.0,43.0,173.0
TOT,17189,2005.0,Speedy Claxton,PG,26.0,62.0,47.0,1866.0,15.8,0.493,0.1,0.41600000000000004,2.1,9.1,5.4,33.1,3.0,0.3,14.1,20.1,,1.9,1.8,3.7,0.096,,-0.2,-0.4,-0.5,0.7,257.0,611.0,0.42100000000000004,11.0,61.0,0.18,246.0,550.0,0.447,0.43,187.0,254.0,0.736,37.0,147.0,184.0,374.0,109.0,8.0,119.0,184.0,712.0
