Tm,Unnamed: 0,Year,Player,Pos,Age,G,GS,MP,PER,TS%,3PAr,FTr,ORB%,DRB%,TRB%,AST%,STL%,BLK%,TOV%,USG%,blanl,OWS,DWS,WS,WS/48,blank2,OBPM,DBPM,BPM,VORP,FG,FGA,FG%,3P,3PA,3P%,2P,2PA,2P%,eFG%,FT,FTA,FT%,ORB,DRB,TRB,AST,STL,BLK,TOV,PF,PTS
LAL,5865,1980.0,Spencer Haywood*,PF,30.0,76.0,,1544.0,13.9,0.54,0.006999999999999999,0.349,10.2,13.9,12.2,7.6,1.0,1.9,16.4,21.2,,1.4,1.7,3.1,0.095,,-1.3,-1.1,-2.4,-0.2,288.0,591.0,0.48700000000000004,1.0,4.0,0.25,287.0,587.0,0.489,0.488,159.0,206.0,0.772,132.0,214.0,346.0,93.0,35.0,57.0,134.0,197.0,736.0
NOJ,5518,1979.0,Spencer Haywood*,PF,29.0,34.0,,1338.0,17.7,0.537,,0.21,8.0,15.6,11.9,8.4,1.0,1.9,12.9,24.9,,1.5,1.2,2.7,0.096,,0.5,-0.9,-0.4,0.6,346.0,696.0,0.49700000000000005,,,,346.0,696.0,0.49700000000000005,0.49700000000000005,124.0,146.0,0.8490000000000001,106.0,221.0,327.0,71.0,30.0,53.0,113.0,128.0,816.0
NYK,5517,1979.0,Spencer Haywood*,PF,29.0,78.0,,2892.0,17.2,0.528,,0.32899999999999996,8.4,23.3,15.6,9.9,0.9,2.1,13.3,25.3,,3.5,3.4,6.8,0.114,,-0.4,-0.7,-1.2,0.3,605.0,1360.0,0.489,,,,605.0,1360.0,0.489,0.489,339.0,448.0,0.8320000000000001,234.0,644.0,878.0,126.0,53.0,80.0,140.0,255.0,1549.0
SEA,4209,1975.0,Spencer Haywood*,PF,25.0,77.0,,3259.0,22.7,0.532,,0.377,9.7,23.1,16.1,11.6,1.0,2.2,,,,8.8,3.5,10.2,0.153,,2.2,0.4,2.6,3.5,889.0,1868.0,0.47600000000000003,,,,889.0,1868.0,0.47600000000000003,0.47600000000000003,480.0,586.0,0.8390000000000001,318.0,689.0,1007.0,240.0,65.0,108.0,,213.0,2251.0
TOT,5516,1979.0,Spencer Haywood*,PF,29.0,68.0,,2361.0,16.8,0.5329999999999999,,0.242,7.5,15.3,11.5,8.2,0.8,1.8,13.0,25.1,,2.5,1.8,4.3,0.087,,0.0,-1.4,-1.4,0.3,595.0,1205.0,0.494,,,,595.0,1205.0,0.494,0.494,231.0,292.0,0.7909999999999999,172.0,361.0,533.0,127.0,40.0,82.0,200.0,236.0,1421.0
WSB,6960,1983.0,Spencer Haywood*,PF,33.0,76.0,63.0,2086.0,13.2,0.535,0.004,0.314,10.9,15.3,13.1,5.7,1.0,2.0,16.1,22.4,,0.4,3.2,3.6,0.083,,-2.2,0.3,-1.9,0.1,395.0,829.0,0.47600000000000003,0.0,3.0,0.0,395.0,826.0,0.478,0.47600000000000003,219.0,260.0,0.8420000000000001,144.0,278.0,422.0,64.0,45.0,68.0,175.0,249.0,1009.0
