Tm,Unnamed: 0,Year,Player,Pos,Age,G,GS,MP,PER,TS%,3PAr,FTr,ORB%,DRB%,TRB%,AST%,STL%,BLK%,TOV%,USG%,blanl,OWS,DWS,WS,WS/48,blank2,OBPM,DBPM,BPM,VORP,FG,FGA,FG%,3P,3PA,3P%,2P,2PA,2P%,eFG%,FT,FTA,FT%,ORB,DRB,TRB,AST,STL,BLK,TOV,PF,PTS
CHI,11600,1994.0,Stacey King,PF,27.0,82.0,15.0,1777.0,13.8,0.562,0.018000000000000002,0.504,11.2,17.9,14.4,10.5,1.8,2.2,18.5,19.6,,2.2,1.4,3.6,0.11800000000000001,,-0.8,1.0,-2.0,0.0,267.0,530.0,0.506,2.0,6.0,0.4,267.0,529.0,0.507,0.508,194.0,267.0,0.753,169.0,215.0,384.0,87.0,38.0,58.0,119.0,215.0,728.0
MIN,12056,1995.0,Stacey King,PF,28.0,50.0,15.0,792.0,12.9,0.518,0.005,0.488,9.3,17.0,12.8,6.1,1.6,3.7,19.9,20.9,,0.0,0.6,0.4,0.042,,-2.8,0.2,-2.6,-0.1,99.0,212.0,0.467,0.0,1.0,0.0,99.0,211.0,0.469,0.467,68.0,102.0,0.687,54.0,111.0,165.0,26.0,24.0,30.0,64.0,126.0,266.0
MIA,12540,1996.0,Stacey King,PF,29.0,15.0,0.0,156.0,2.0,0.48100000000000004,0.0,0.222,6.9,10.2,8.6,2.1,2.4,1.0,31.3,16.8,,-0.4,0.2,-0.2,-0.054000000000000006,,-7.8,0.9,-6.9,-0.2,17.0,36.0,0.47200000000000003,0.0,0.0,,17.0,36.0,0.47200000000000003,0.47200000000000003,4.0,8.0,0.5,9.0,14.0,23.0,2.0,7.0,2.0,18.0,39.0,38.0
BOS,13111,1997.0,Stacey King,C,30.0,5.0,0.0,33.0,16.0,0.721,0.0,0.429,3.2,30.2,15.7,4.9,0.0,2.3,10.7,12.1,,0.1,0.0,0.1,0.139,,-3.1,-2.3,-5.3,0.0,5.0,7.0,0.7140000000000001,0.0,0.0,,5.0,7.0,0.7140000000000001,0.7140000000000001,2.0,3.0,0.667,1.0,8.0,9.0,1.0,0.0,1.0,1.0,3.0,12.0
DAL,13112,1997.0,Stacey King,C,30.0,6.0,0.0,70.0,3.7,0.358,0.0,0.267,16.3,13.5,14.9,0.0,1.5,0.0,23.0,14.3,,-0.2,0.0,-0.1,-0.07200000000000001,,-8.0,-4.1,-12.1,-0.2,6.0,15.0,0.4,0.0,0.0,,6.0,15.0,0.4,0.4,0.0,4.0,0.0,10.0,8.0,18.0,0.0,2.0,0.0,5.0,11.0,12.0
TOT,13110,1997.0,Stacey King,C,30.0,49.0,30.0,1053.0,11.6,0.48,0.006,0.39899999999999997,12.1,18.8,15.2,8.3,1.5,2.6,19.3,20.2,,-0.1,1.3,0.9,0.040999999999999995,,-3.5,0.6,-2.9,-0.2,146.0,341.0,0.5,0.0,2.0,0.0,146.0,339.0,0.5,0.5,93.0,136.0,0.684,90.0,151.0,241.0,58.0,31.0,42.0,83.0,121.0,385.0
