Tm,Unnamed: 0,Year,Player,Pos,Age,G,GS,MP,PER,TS%,3PAr,FTr,ORB%,DRB%,TRB%,AST%,STL%,BLK%,TOV%,USG%,blanl,OWS,DWS,WS,WS/48,blank2,OBPM,DBPM,BPM,VORP,FG,FGA,FG%,3P,3PA,3P%,2P,2PA,2P%,eFG%,FT,FTA,FT%,ORB,DRB,TRB,AST,STL,BLK,TOV,PF,PTS
BAL,3715,1973.0,Stan Love,PF,23.0,74.0,,1327.0,14.0,0.491,,0.261,,,14.1,6.3,,,,,,0.9,1.6,2.2,0.10099999999999999,,,,,,242.0,536.0,0.451,,,,242.0,536.0,0.451,0.451,103.0,140.0,0.79,,,338.0,52.0,,,,202.0,587.0
LAL,4249,1975.0,Stan Love,PF,25.0,51.0,,698.0,14.7,0.486,,0.34,7.4,14.6,11.1,9.5,1.7,1.5,,,,0.1,0.9,0.7,0.054000000000000006,,-1.8,-0.7,-3.6,-0.2,119.0,278.0,0.43799999999999994,,,,119.0,278.0,0.43799999999999994,0.43799999999999994,49.0,66.0,0.7659999999999999,54.0,116.0,170.0,48.0,28.0,20.0,,132.0,287.0
