Tm,Unnamed: 0,Year,Player,Pos,Age,G,GS,MP,PER,TS%,3PAr,FTr,ORB%,DRB%,TRB%,AST%,STL%,BLK%,TOV%,USG%,blanl,OWS,DWS,WS,WS/48,blank2,OBPM,DBPM,BPM,VORP,FG,FGA,FG%,3P,3PA,3P%,2P,2PA,2P%,eFG%,FT,FTA,FT%,ORB,DRB,TRB,AST,STL,BLK,TOV,PF,PTS
DAL,6352,1981.0,Stan Pietkiewicz,SG,24.0,36.0,,431.0,13.5,0.503,0.361,0.105,3.3,7.7,5.4,25.5,1.7,0.3,10.9,15.1,,0.6,0.1,0.7,0.077,,0.5,-2.6,-2.1,0.0,55.0,133.0,0.414,19.0,48.0,0.396,36.0,85.0,0.424,0.485,11.0,14.0,0.7859999999999999,13.0,28.0,41.0,75.0,15.0,2.0,17.0,26.0,140.0
SDC,6351,1981.0,Stan Pietkiewicz,SG,24.0,50.0,,577.0,14.3,0.5720000000000001,0.201,0.257,4.7,20.0,10.0,22.2,2.1,0.4,50.0,17.3,,0.8,0.1,1.0,0.08,,0.3,-0.8,-2.5,-0.1,91.0,179.0,0.508,9.0,36.0,0.25,82.0,143.0,0.573,0.534,37.0,46.0,1.0,26.0,19.0,45.0,94.0,25.0,4.0,51.0,52.0,228.0
TOT,6350,1981.0,Stan Pietkiewicz,SG,24.0,42.0,,461.0,12.3,0.499,0.348,0.10099999999999999,3.1,7.4,5.2,24.4,1.6,0.2,13.2,15.0,,0.5,0.1,0.6,0.057999999999999996,,-0.2,-2.6,-2.9,-0.1,57.0,138.0,0.413,19.0,48.0,0.396,38.0,90.0,0.42200000000000004,0.48200000000000004,11.0,14.0,0.7859999999999999,13.0,29.0,42.0,77.0,15.0,2.0,22.0,28.0,144.0
