Tm,Unnamed: 0,Year,Player,Pos,Age,G,GS,MP,PER,TS%,3PAr,FTr,ORB%,DRB%,TRB%,AST%,STL%,BLK%,TOV%,USG%,blanl,OWS,DWS,WS,WS/48,blank2,OBPM,DBPM,BPM,VORP,FG,FGA,FG%,3P,3PA,3P%,2P,2PA,2P%,eFG%,FT,FTA,FT%,ORB,DRB,TRB,AST,STL,BLK,TOV,PF,PTS
CHI,13661,1998.0,Steve Kerr,PG,32.0,82.0,0.0,2036.0,15.6,0.667,0.507,0.174,1.8,6.5,3.9,15.2,1.9,0.3,8.4,14.7,,6.0,2.3,8.3,0.20800000000000002,,3.3,-0.8,2.5,2.1,287.0,577.0,0.5329999999999999,122.0,237.0,0.524,235.0,453.0,0.604,0.6509999999999999,83.0,97.0,0.929,29.0,105.0,131.0,210.0,75.0,5.0,57.0,114.0,709.0
CLE,11112,1993.0,Steve Kerr,PG,27.0,78.0,20.0,1664.0,17.5,0.612,0.33299999999999996,0.23800000000000002,1.9,18.8,9.8,36.2,2.5,0.7,15.5,15.0,,2.1,1.1,3.2,0.168,,1.6,-0.4,0.1,0.5,192.0,432.0,0.511,73.0,144.0,0.507,119.0,288.0,0.625,0.578,63.0,73.0,1.0,14.0,86.0,98.0,248.0,45.0,10.0,74.0,59.0,520.0
ORL,11113,1993.0,Steve Kerr,SG,27.0,47.0,0.0,440.0,8.6,0.501,0.214,0.196,1.4,8.0,4.9,18.9,0.9,0.1,17.0,14.4,,0.1,0.3,0.4,0.047,,-3.0,-1.8,-4.7,-0.3,48.0,112.0,0.429,6.0,24.0,0.25,42.0,88.0,0.47700000000000004,0.455,20.0,22.0,0.909,5.0,33.0,38.0,59.0,8.0,1.0,25.0,34.0,122.0
PHO,9299,1989.0,Steve Kerr,PG,23.0,26.0,0.0,157.0,12.7,0.54,0.37,0.196,2.1,9.1,5.8,18.6,2.0,0.0,10.7,14.1,,0.2,0.2,0.4,0.12300000000000001,,0.4,-0.8,-0.4,0.1,20.0,46.0,0.435,8.0,17.0,0.47100000000000003,12.0,29.0,0.414,0.522,6.0,9.0,0.667,3.0,14.0,17.0,24.0,7.0,0.0,6.0,12.0,54.0
POR,15753,2002.0,Steve Kerr,PG,36.0,65.0,0.0,775.0,12.3,0.573,0.304,0.184,0.9,8.3,4.6,13.0,0.9,0.1,9.3,15.2,,1.5,0.4,1.8,0.114,,-0.4,-2.6,-3.0,-0.2,102.0,217.0,0.47,26.0,66.0,0.39399999999999996,76.0,151.0,0.503,0.53,39.0,40.0,0.975,6.0,54.0,60.0,63.0,13.0,1.0,24.0,49.0,269.0
SAS,16242,2003.0,Steve Kerr,PG,37.0,75.0,1.0,952.0,11.4,0.564,0.484,0.201,1.5,6.5,4.0,14.1,1.7,0.3,11.4,14.9,,1.3,0.9,2.2,0.111,,0.0,-0.1,-0.9,0.2,110.0,256.0,0.43200000000000005,49.0,124.0,0.516,61.0,132.0,0.462,0.541,31.0,35.0,0.9329999999999999,12.0,48.0,60.0,70.0,27.0,3.0,35.0,49.0,299.0
TOT,11111,1993.0,Steve Kerr,SG-PG,27.0,52.0,0.0,481.0,9.4,0.505,0.213,0.19699999999999998,1.2,8.9,5.3,20.4,1.0,0.1,16.9,14.3,,0.2,0.4,0.6,0.057,,-2.8,-1.7,-4.4,-0.3,53.0,122.0,0.434,6.0,26.0,0.231,47.0,96.0,0.49,0.45899999999999996,22.0,24.0,0.917,5.0,40.0,45.0,70.0,10.0,1.0,27.0,36.0,134.0
