Tm,Unnamed: 0,Year,Player,Pos,Age,G,GS,MP,PER,TS%,3PAr,FTr,ORB%,DRB%,TRB%,AST%,STL%,BLK%,TOV%,USG%,blanl,OWS,DWS,WS,WS/48,blank2,OBPM,DBPM,BPM,VORP,FG,FGA,FG%,3P,3PA,3P%,2P,2PA,2P%,eFG%,FT,FTA,FT%,ORB,DRB,TRB,AST,STL,BLK,TOV,PF,PTS
DEN,19001,2008.0,Steven Hunter,C,26.0,19.0,2.0,120.0,8.6,0.53,0.0,0.7140000000000001,9.2,16.8,13.1,0.0,0.0,3.5,16.0,15.5,,0.0,0.1,0.1,0.043,,-6.6,-3.9,-10.5,-0.3,15.0,28.0,0.536,0.0,0.0,,15.0,28.0,0.536,0.536,9.0,20.0,0.45,10.0,19.0,29.0,0.0,0.0,6.0,7.0,20.0,39.0
MEM,20184,2010.0,Steven Hunter,C,28.0,21.0,0.0,158.0,11.6,0.45,0.0,0.8370000000000001,13.3,17.8,15.5,0.0,0.3,4.8,13.3,18.8,,-0.1,0.1,0.1,0.018000000000000002,,-6.6,-4.2,-10.9,-0.4,17.0,43.0,0.395,0.0,0.0,,17.0,43.0,0.395,0.395,19.0,36.0,0.528,18.0,24.0,42.0,0.0,1.0,10.0,9.0,10.0,53.0
ORL,16736,2004.0,Steven Hunter,C,22.0,59.0,23.0,789.0,13.4,0.531,0.0,0.639,9.5,17.0,12.2,2.4,1.0,6.7,13.5,17.7,,0.5,0.5,1.0,0.099,,-3.2,0.9,-2.3,0.0,82.0,155.0,0.544,0.0,0.0,,82.0,155.0,0.544,0.544,55.0,94.0,0.585,54.0,116.0,170.0,12.0,9.0,73.0,29.0,101.0,189.0
PHI,18440,2007.0,Steven Hunter,PF,25.0,70.0,41.0,1605.0,13.9,0.598,0.0,0.474,9.8,16.5,12.5,2.6,0.5,4.4,15.4,14.4,,1.5,1.5,2.8,0.09,,-2.4,0.5,-1.9,0.1,188.0,326.0,0.601,0.0,0.0,,188.0,326.0,0.601,0.601,74.0,151.0,0.514,114.0,221.0,335.0,26.0,13.0,76.0,65.0,137.0,450.0
PHO,17326,2005.0,Steven Hunter,C,23.0,76.0,3.0,1046.0,14.7,0.596,0.005,0.741,10.5,12.6,11.6,1.7,0.2,6.4,13.1,14.0,,1.7,1.0,2.6,0.121,,-1.5,1.0,-0.5,0.4,135.0,220.0,0.614,0.0,1.0,0.0,135.0,219.0,0.616,0.614,78.0,163.0,0.479,98.0,129.0,227.0,13.0,4.0,102.0,44.0,131.0,348.0
