Tm,Unnamed: 0,Year,Player,Pos,Age,G,GS,MP,PER,TS%,3PAr,FTr,ORB%,DRB%,TRB%,AST%,STL%,BLK%,TOV%,USG%,blanl,OWS,DWS,WS,WS/48,blank2,OBPM,DBPM,BPM,VORP,FG,FGA,FG%,3P,3PA,3P%,2P,2PA,2P%,eFG%,FT,FTA,FT%,ORB,DRB,TRB,AST,STL,BLK,TOV,PF,PTS
ATL,14386,1999.0,Steve Smith,SG,29.0,80.0,80.0,2857.0,18.8,0.563,0.414,0.41700000000000004,5.7,8.9,6.7,20.2,1.5,0.9,13.4,26.4,,8.4,2.6,10.2,0.171,,4.5,-0.2,3.2,3.7,494.0,1145.0,0.444,140.0,423.0,0.35100000000000003,392.0,825.0,0.493,0.496,389.0,455.0,0.855,133.0,202.0,326.0,305.0,75.0,32.0,176.0,219.0,1464.0
CHA,17549,2005.0,Steve Smith,SG,35.0,37.0,1.0,636.0,14.8,0.578,0.413,0.353,2.2,6.8,4.4,15.0,1.0,0.8,8.7,19.2,,1.5,0.2,1.7,0.128,,2.1,-2.9,-0.8,0.2,93.0,218.0,0.42700000000000005,38.0,90.0,0.42200000000000004,55.0,128.0,0.43,0.514,67.0,77.0,0.87,13.0,36.0,49.0,57.0,12.0,7.0,24.0,74.0,291.0
MIA,17550,2005.0,Steve Smith,SG,35.0,78.0,77.0,2776.0,19.5,0.552,0.5,0.759,7.4,13.8,8.2,27.3,1.7,1.2,17.6,30.4,,6.2,1.9,8.1,0.153,,4.1,-0.7,2.8,3.4,491.0,1076.0,0.456,91.0,262.0,0.402,400.0,814.0,0.529,0.499,273.0,327.0,0.835,156.0,196.0,352.0,394.0,84.0,35.0,202.0,217.0,1346.0
NOH,16961,2004.0,Steve Smith,SG,34.0,71.0,4.0,929.0,11.8,0.5429999999999999,0.365,0.28300000000000003,3.2,6.8,5.0,10.6,0.9,0.5,11.3,18.3,,1.5,0.4,1.9,0.099,,-0.7,-2.9,-3.6,-0.4,119.0,293.0,0.406,43.0,107.0,0.402,76.0,186.0,0.409,0.48,77.0,83.0,0.9279999999999999,27.0,54.0,81.0,56.0,15.0,6.0,42.0,91.0,358.0
POR,15420,2001.0,Steve Smith,SG,31.0,82.0,81.0,2689.0,17.3,0.5870000000000001,0.292,0.44,5.7,8.4,6.8,13.6,1.4,0.9,12.7,20.0,,7.7,2.7,10.4,0.18600000000000003,,3.6,-0.4,3.2,3.6,420.0,900.0,0.467,96.0,241.0,0.39799999999999996,324.0,659.0,0.504,0.52,309.0,347.0,0.89,123.0,190.0,313.0,213.0,71.0,31.0,137.0,214.0,1225.0
SAS,16405,2003.0,Steve Smith,SG,33.0,77.0,76.0,2211.0,13.9,0.588,0.405,0.392,2.5,8.4,5.6,11.5,1.4,0.6,12.4,18.3,,4.0,2.4,6.4,0.139,,1.7,-0.5,1.3,1.8,310.0,682.0,0.455,116.0,246.0,0.47200000000000003,194.0,436.0,0.445,0.54,159.0,181.0,0.878,45.0,148.0,193.0,151.0,54.0,15.0,108.0,158.0,895.0
TOT,17548,2005.0,Steve Smith,SG,35.0,80.0,61.0,2665.0,16.1,0.5589999999999999,0.423,0.369,4.4,7.9,6.0,17.4,1.2,0.9,11.7,22.5,,5.3,2.4,7.8,0.14,,2.6,-1.2,1.3,2.2,428.0,1005.0,0.426,137.0,416.0,0.39,291.0,589.0,0.494,0.494,312.0,371.0,0.863,104.0,172.0,276.0,274.0,62.0,33.0,155.0,225.0,1305.0
