Tm,Unnamed: 0,Year,Player,Pos,Age,G,GS,MP,PER,TS%,3PAr,FTr,ORB%,DRB%,TRB%,AST%,STL%,BLK%,TOV%,USG%,blanl,OWS,DWS,WS,WS/48,blank2,OBPM,DBPM,BPM,VORP,FG,FGA,FG%,3P,3PA,3P%,2P,2PA,2P%,eFG%,FT,FTA,FT%,ORB,DRB,TRB,AST,STL,BLK,TOV,PF,PTS
BOS,5200,1978.0,Steve Kuberski,SF,30.0,82.0,,1867.0,12.4,0.527,,0.302,9.7,35.5,21.8,6.7,3.2,0.6,33.3,16.6,,1.2,2.7,2.6,0.12,,-1.6,-0.6,-2.2,-0.1,313.0,745.0,0.467,,,,313.0,745.0,0.467,0.467,133.0,183.0,0.895,96.0,148.0,538.0,78.0,11.0,11.0,2.0,198.0,759.0
BUF,4511,1976.0,Steve Kuberski,SF,28.0,10.0,,85.0,7.8,0.46399999999999997,,0.17600000000000002,5.1,25.0,15.4,4.4,0.5,1.2,,,,0.0,0.1,0.1,0.043,,-7.0,-0.3,-7.3,-0.1,7.0,17.0,0.41200000000000003,,,,7.0,17.0,0.41200000000000003,0.41200000000000003,3.0,3.0,1.0,4.0,21.0,25.0,3.0,1.0,2.0,,10.0,17.0
MIL,4236,1975.0,Steve Kuberski,SF,27.0,59.0,,517.0,11.6,0.457,,0.35200000000000004,10.9,13.9,12.4,9.0,1.0,0.3,,,,0.2,0.4,0.6,0.055999999999999994,,-2.4,-1.4,-3.9,-0.2,62.0,159.0,0.39,,,,62.0,159.0,0.39,0.39,44.0,56.0,0.7859999999999999,52.0,71.0,123.0,35.0,11.0,3.0,,59.0,168.0
TOT,4510,1976.0,Steve Kuberski,C-SF,28.0,70.0,,967.0,12.0,0.523,,0.271,9.2,17.3,13.2,6.5,0.6,0.7,,,,1.2,1.1,2.3,0.113,,-2.1,-0.6,-2.7,-0.2,135.0,291.0,0.46399999999999997,,,,135.0,291.0,0.46399999999999997,0.46399999999999997,71.0,79.0,0.899,90.0,169.0,259.0,47.0,12.0,13.0,,133.0,341.0
