Tm,Unnamed: 0,Year,Player,Pos,Age,G,GS,MP,PER,TS%,3PAr,FTr,ORB%,DRB%,TRB%,AST%,STL%,BLK%,TOV%,USG%,blanl,OWS,DWS,WS,WS/48,blank2,OBPM,DBPM,BPM,VORP,FG,FGA,FG%,3P,3PA,3P%,2P,2PA,2P%,eFG%,FT,FTA,FT%,ORB,DRB,TRB,AST,STL,BLK,TOV,PF,PTS
MIA,9240,1989.0,Sylvester Gray,SF,21.0,55.0,15.0,1220.0,11.2,0.47100000000000003,0.01,0.392,10.4,16.2,13.2,14.2,1.4,1.3,17.9,18.9,,-0.4,1.1,0.7,0.027999999999999997,,-2.6,0.5,-2.1,0.0,167.0,398.0,0.42,1.0,4.0,0.25,166.0,394.0,0.42100000000000004,0.42100000000000004,105.0,156.0,0.6729999999999999,117.0,169.0,286.0,117.0,36.0,25.0,102.0,144.0,440.0
