Tm,Unnamed: 0,Year,Player,Pos,Age,G,GS,MP,PER,TS%,3PAr,FTr,ORB%,DRB%,TRB%,AST%,STL%,BLK%,TOV%,USG%,blanl,OWS,DWS,WS,WS/48,blank2,OBPM,DBPM,BPM,VORP,FG,FGA,FG%,3P,3PA,3P%,2P,2PA,2P%,eFG%,FT,FTA,FT%,ORB,DRB,TRB,AST,STL,BLK,TOV,PF,PTS
DEN,10115,1991.0,T.R. Dunn,SG,35.0,82.0,82.0,2705.0,12.1,0.5589999999999999,0.085,0.42700000000000005,9.3,15.1,11.9,12.4,3.0,1.0,18.3,12.1,,2.9,3.1,4.9,0.102,,1.2,3.2,2.6,3.1,258.0,527.0,0.512,1.0,4.0,0.25,258.0,526.0,0.513,0.512,153.0,215.0,0.9,231.0,384.0,615.0,228.0,173.0,36.0,123.0,233.0,669.0
PHO,9207,1989.0,T.R. Dunn,SG,33.0,34.0,1.0,321.0,7.0,0.41,0.0,0.34299999999999997,10.4,9.5,9.9,8.5,1.7,0.2,13.0,5.7,,0.3,0.3,0.6,0.08800000000000001,,-1.2,2.0,0.9,0.2,12.0,35.0,0.34299999999999997,0.0,0.0,,12.0,35.0,0.34299999999999997,0.34299999999999997,9.0,12.0,0.75,30.0,30.0,60.0,25.0,12.0,1.0,6.0,35.0,33.0
POR,5823,1980.0,T.R. Dunn,SG,24.0,82.0,,1841.0,12.5,0.496,0.005,0.28800000000000003,8.7,12.3,10.5,10.9,2.8,1.0,13.2,15.4,,1.7,2.3,3.7,0.099,,-0.7,1.5,0.4,1.1,246.0,551.0,0.44799999999999995,0.0,3.0,0.0,246.0,549.0,0.44799999999999995,0.44799999999999995,122.0,158.0,0.772,145.0,199.0,344.0,147.0,102.0,31.0,93.0,166.0,614.0
