Tm,Unnamed: 0,Year,Player,Pos,Age,G,GS,MP,PER,TS%,3PAr,FTr,ORB%,DRB%,TRB%,AST%,STL%,BLK%,TOV%,USG%,blanl,OWS,DWS,WS,WS/48,blank2,OBPM,DBPM,BPM,VORP,FG,FGA,FG%,3P,3PA,3P%,2P,2PA,2P%,eFG%,FT,FTA,FT%,ORB,DRB,TRB,AST,STL,BLK,TOV,PF,PTS
BOS,6537,1982.0,Terry Duerod,SG,25.0,32.0,0.0,146.0,14.3,0.499,0.13699999999999998,0.192,4.6,6.6,5.7,11.9,2.1,0.4,11.2,31.8,,0.1,0.1,0.2,0.071,,-1.8,-2.9,-4.8,-0.1,34.0,77.0,0.442,6.0,10.0,0.6,34.0,76.0,0.447,0.452,13.0,14.0,0.929,6.0,9.0,15.0,12.0,5.0,1.0,10.0,9.0,79.0
DAL,6170,1981.0,Terry Duerod,SF,24.0,18.0,,337.0,13.7,0.486,0.037000000000000005,0.168,4.9,8.4,6.6,15.1,1.7,0.7,12.6,24.6,,-0.1,0.1,0.0,0.004,,-1.4,-2.3,-3.7,-0.1,74.0,161.0,0.46,2.0,6.0,0.33299999999999996,72.0,155.0,0.465,0.466,18.0,27.0,0.667,15.0,24.0,39.0,30.0,12.0,4.0,25.0,19.0,168.0
DET,5821,1980.0,Terry Duerod,SG,23.0,67.0,,1331.0,11.7,0.498,0.08900000000000001,0.11,2.3,5.5,3.9,12.4,1.4,0.4,11.2,20.4,,0.6,0.2,0.7,0.026000000000000002,,-1.5,-3.3,-4.8,-1.0,282.0,598.0,0.47200000000000003,15.0,53.0,0.28300000000000003,267.0,545.0,0.49,0.484,45.0,66.0,0.682,29.0,69.0,98.0,117.0,41.0,11.0,79.0,102.0,624.0
GSW,6909,1983.0,Terry Duerod,SG,26.0,5.0,0.0,49.0,4.2,0.474,0.0,0.0,0.0,6.9,3.3,13.9,1.9,1.1,32.1,22.4,,-0.2,0.0,-0.2,-0.149,,-8.4,-2.2,-10.6,-0.1,9.0,19.0,0.474,0.0,0.0,,9.0,19.0,0.474,0.474,0.0,0.0,,0.0,3.0,3.0,5.0,2.0,1.0,9.0,5.0,18.0
TOT,6169,1981.0,Terry Duerod,SG-SF,24.0,50.0,0.0,451.0,13.8,0.49,0.068,0.175,4.2,7.0,5.5,13.3,1.8,0.5,12.2,26.4,,0.0,0.2,0.2,0.018000000000000002,,-1.6,-3.1,-4.7,-0.3,104.0,234.0,0.444,8.0,16.0,0.5,96.0,218.0,0.44,0.462,31.0,41.0,0.7559999999999999,17.0,27.0,44.0,36.0,17.0,4.0,35.0,27.0,247.0
