Tm,Unnamed: 0,Year,Player,Pos,Age,G,GS,MP,PER,TS%,3PAr,FTr,ORB%,DRB%,TRB%,AST%,STL%,BLK%,TOV%,USG%,blanl,OWS,DWS,WS,WS/48,blank2,OBPM,DBPM,BPM,VORP,FG,FGA,FG%,3P,3PA,3P%,2P,2PA,2P%,eFG%,FT,FTA,FT%,ORB,DRB,TRB,AST,STL,BLK,TOV,PF,PTS
BOS,22241,2013.0,Terrence Williams,SF,25.0,24.0,0.0,318.0,12.3,0.518,0.155,0.21600000000000003,1.5,14.4,8.2,19.7,1.8,0.5,17.2,19.1,,-0.1,0.4,0.3,0.046,,-3.2,-0.3,-3.5,-0.1,48.0,97.0,0.495,5.0,15.0,0.33299999999999996,43.0,82.0,0.524,0.521,9.0,21.0,0.429,4.0,40.0,44.0,38.0,11.0,2.0,22.0,13.0,110.0
HOU,21665,2012.0,Terrence Williams,SG,24.0,12.0,0.0,181.0,8.6,0.434,0.33299999999999996,0.262,1.3,18.9,10.1,13.2,2.4,0.4,14.6,28.8,,-0.2,0.1,-0.1,-0.019,,-4.8,-1.2,-5.9,-0.1,20.0,57.0,0.35100000000000003,8.0,19.0,0.42100000000000004,12.0,38.0,0.375,0.42100000000000004,9.0,12.0,0.818,2.0,26.0,28.0,10.0,4.0,1.0,10.0,16.0,54.0
NJN,21114,2011.0,Terrence Williams,SG,23.0,78.0,9.0,1764.0,11.5,0.45899999999999996,0.16399999999999998,0.221,2.9,20.6,11.4,25.6,1.3,0.4,24.4,23.1,,-0.6,1.3,-0.3,-0.006999999999999999,,-3.2,-0.6,-3.8,-0.2,261.0,651.0,0.401,31.0,100.0,0.33299999999999996,230.0,551.0,0.41700000000000004,0.425,103.0,144.0,0.715,46.0,302.0,348.0,223.0,43.0,10.0,124.0,126.0,656.0
SAC,21666,2012.0,Terrence Williams,SG,24.0,18.0,0.0,369.0,16.5,0.51,0.191,0.24100000000000002,3.1,19.7,11.0,24.6,2.2,1.2,17.5,22.2,,0.2,0.2,0.4,0.052000000000000005,,-0.7,-0.1,-0.8,0.1,65.0,141.0,0.461,8.0,27.0,0.29600000000000004,57.0,114.0,0.5,0.489,21.0,34.0,0.618,11.0,63.0,74.0,55.0,16.0,6.0,33.0,19.0,159.0
TOT,21664,2012.0,Terrence Williams,SG,24.0,30.0,0.0,550.0,13.1,0.488,0.23199999999999998,0.23199999999999998,2.5,19.3,10.3,22.0,1.9,0.9,21.0,24.7,,-0.1,0.4,0.3,0.028999999999999998,,-2.1,-0.5,-2.5,-0.1,85.0,198.0,0.429,16.0,46.0,0.348,69.0,152.0,0.45399999999999996,0.47,27.0,46.0,0.667,13.0,89.0,102.0,65.0,20.0,7.0,43.0,35.0,213.0
