Tm,Unnamed: 0,Year,Player,Pos,Age,G,GS,MP,PER,TS%,3PAr,FTr,ORB%,DRB%,TRB%,AST%,STL%,BLK%,TOV%,USG%,blanl,OWS,DWS,WS,WS/48,blank2,OBPM,DBPM,BPM,VORP,FG,FGA,FG%,3P,3PA,3P%,2P,2PA,2P%,eFG%,FT,FTA,FT%,ORB,DRB,TRB,AST,STL,BLK,TOV,PF,PTS
CHA,17551,2005.0,Theron Smith,SF,24.0,33.0,5.0,510.0,5.2,0.36700000000000005,0.08800000000000001,0.11800000000000001,8.3,18.2,13.0,8.3,0.6,0.6,15.9,14.8,,-0.7,0.3,-0.4,-0.04,,-5.7,-0.6,-6.2,-0.5,44.0,136.0,0.324,3.0,12.0,0.25,41.0,124.0,0.331,0.335,14.0,16.0,0.875,39.0,77.0,116.0,28.0,6.0,4.0,27.0,58.0,105.0
MEM,16962,2004.0,Theron Smith,SF,23.0,20.0,0.0,178.0,8.4,0.473,0.27899999999999997,0.18600000000000003,8.2,18.0,13.0,6.0,1.5,2.0,23.1,15.3,,-0.1,0.2,0.1,0.019,,-4.2,0.3,-3.9,-0.1,16.0,43.0,0.37200000000000005,6.0,12.0,0.5,10.0,31.0,0.32299999999999995,0.442,6.0,8.0,0.75,13.0,28.0,41.0,7.0,5.0,5.0,14.0,18.0,44.0
