Tm,Unnamed: 0,Year,Player,Pos,Age,G,GS,MP,PER,TS%,3PAr,FTr,ORB%,DRB%,TRB%,AST%,STL%,BLK%,TOV%,USG%,blanl,OWS,DWS,WS,WS/48,blank2,OBPM,DBPM,BPM,VORP,FG,FGA,FG%,3P,3PA,3P%,2P,2PA,2P%,eFG%,FT,FTA,FT%,ORB,DRB,TRB,AST,STL,BLK,TOV,PF,PTS
TOT,10473,1992.0,Thurl Bailey,PF,30.0,84.0,18.0,2104.0,14.5,0.498,0.002,0.32299999999999995,6.3,19.5,12.8,5.5,0.8,3.3,10.2,21.5,,0.8,1.8,2.6,0.059000000000000004,,-3.0,-0.8,-3.8,-1.0,368.0,836.0,0.44,0.0,2.0,0.0,368.0,834.0,0.441,0.44,215.0,270.0,0.7959999999999999,122.0,363.0,485.0,78.0,35.0,117.0,108.0,160.0,951.0
MIN,11385,1994.0,Thurl Bailey,PF,32.0,79.0,18.0,1777.0,15.2,0.56,0.004,0.327,6.1,19.7,12.6,7.9,0.9,3.4,10.6,21.9,,1.9,1.4,2.6,0.09699999999999999,,-1.3,-1.1,-2.5,-0.2,329.0,735.0,0.51,0.0,2.0,0.0,329.0,734.0,0.512,0.51,171.0,215.0,0.838,99.0,308.0,407.0,61.0,30.0,102.0,87.0,129.0,829.0
UTA,13981,1999.0,Thurl Bailey,SF,37.0,82.0,68.0,2804.0,16.3,0.547,0.011000000000000001,0.545,8.7,18.1,13.5,9.7,1.1,3.9,14.4,25.5,,2.7,4.1,6.8,0.11599999999999999,,-0.7,1.5,0.4,1.7,633.0,1286.0,0.512,2.0,8.0,1.0,632.0,1283.0,0.512,0.512,363.0,440.0,0.8420000000000001,153.0,397.0,531.0,158.0,53.0,125.0,208.0,215.0,1604.0
