Tm,Unnamed: 0,Year,Player,Pos,Age,G,GS,MP,PER,TS%,3PAr,FTr,ORB%,DRB%,TRB%,AST%,STL%,BLK%,TOV%,USG%,blanl,OWS,DWS,WS,WS/48,blank2,OBPM,DBPM,BPM,VORP,FG,FGA,FG%,3P,3PA,3P%,2P,2PA,2P%,eFG%,FT,FTA,FT%,ORB,DRB,TRB,AST,STL,BLK,TOV,PF,PTS
CHH,15198,2001.0,Tim James,SF,24.0,30.0,0.0,197.0,5.8,0.387,0.057999999999999996,0.26899999999999996,8.7,11.5,10.1,6.5,0.5,1.9,12.1,15.5,,-0.1,0.2,0.1,0.022000000000000002,,-5.8,-1.0,-6.8,-0.2,16.0,52.0,0.308,1.0,3.0,0.33299999999999996,15.0,49.0,0.306,0.317,12.0,14.0,0.857,15.0,20.0,35.0,8.0,2.0,5.0,8.0,27.0,45.0
MIA,14695,2000.0,Tim James,SF,23.0,4.0,0.0,23.0,12.6,0.359,0.0,0.214,15.9,4.8,10.1,16.3,0.0,9.5,11.5,35.1,,-0.1,0.0,-0.1,-0.105,,-6.3,0.4,-5.9,0.0,5.0,14.0,0.35700000000000004,0.0,0.0,,5.0,14.0,0.35700000000000004,0.35700000000000004,1.0,3.0,0.33299999999999996,3.0,1.0,4.0,2.0,0.0,3.0,2.0,1.0,11.0
PHI,15733,2002.0,Tim James,SF,25.0,9.0,0.0,41.0,4.8,0.384,0.0,0.462,14.0,5.5,9.7,4.1,0.0,1.9,16.1,20.8,,-0.1,0.0,-0.1,-0.064,,-6.5,-2.9,-9.4,-0.1,5.0,13.0,0.385,0.0,0.0,,5.0,13.0,0.385,0.385,2.0,6.0,0.33299999999999996,5.0,2.0,7.0,1.0,0.0,1.0,3.0,5.0,12.0
