Tm,Unnamed: 0,Year,Player,Pos,Age,G,GS,MP,PER,TS%,3PAr,FTr,ORB%,DRB%,TRB%,AST%,STL%,BLK%,TOV%,USG%,blanl,OWS,DWS,WS,WS/48,blank2,OBPM,DBPM,BPM,VORP,FG,FGA,FG%,3P,3PA,3P%,2P,2PA,2P%,eFG%,FT,FTA,FT%,ORB,DRB,TRB,AST,STL,BLK,TOV,PF,PTS
SEA,8133,1986.0,Tim McCormick,C,23.0,78.0,42.0,1705.0,14.7,0.618,0.005,0.55,10.7,18.7,14.6,7.4,0.5,1.2,16.6,18.8,,2.8,1.8,4.6,0.128,,-0.4,-0.1,-0.5,0.7,269.0,483.0,0.57,1.0,2.0,0.5,269.0,482.0,0.57,0.5710000000000001,188.0,263.0,0.715,146.0,263.0,403.0,83.0,19.0,33.0,114.0,219.0,726.0
NJN,8903,1988.0,Tim McCormick,C,25.0,47.0,38.0,1513.0,14.4,0.569,0.004,0.318,7.2,17.9,12.4,9.7,0.6,0.6,11.6,18.3,,2.1,1.0,3.1,0.09699999999999999,,-0.1,-0.6,-0.7,0.5,277.0,510.0,0.5429999999999999,0.0,2.0,0.0,277.0,508.0,0.545,0.5429999999999999,108.0,162.0,0.667,97.0,226.0,323.0,92.0,18.0,15.0,76.0,159.0,662.0
PHI,8902,1988.0,Tim McCormick,C,25.0,81.0,79.0,2817.0,12.9,0.593,0.006,0.486,9.4,18.4,13.9,6.3,1.2,1.3,17.8,15.3,,3.7,2.4,6.0,0.102,,-0.4,0.1,-0.7,0.9,391.0,718.0,0.545,0.0,4.0,0.0,391.0,714.0,0.5479999999999999,0.545,251.0,349.0,0.7190000000000001,180.0,431.0,611.0,114.0,36.0,64.0,153.0,270.0,1033.0
TOT,8901,1988.0,Tim McCormick,C,25.0,70.0,55.0,2114.0,13.4,0.5660000000000001,0.003,0.332,7.8,18.1,12.8,8.7,0.7,0.7,13.0,17.0,,2.5,1.4,3.9,0.08900000000000001,,-0.5,-0.4,-0.9,0.6,348.0,648.0,0.537,0.0,2.0,0.0,348.0,646.0,0.539,0.537,145.0,215.0,0.674,146.0,321.0,467.0,118.0,32.0,23.0,111.0,234.0,841.0
HOU,9809,1990.0,Tim McCormick,C,27.0,81.0,0.0,1257.0,9.3,0.521,0.011000000000000001,0.655,7.6,17.0,12.3,5.9,1.2,1.1,21.1,16.6,,0.6,1.4,2.0,0.075,,-2.9,-0.4,-3.3,-0.2,169.0,351.0,0.48100000000000004,0.0,4.0,0.0,169.0,347.0,0.48700000000000004,0.48100000000000004,87.0,129.0,0.674,87.0,174.0,261.0,54.0,18.0,24.0,68.0,193.0,425.0
ATL,10261,1991.0,Tim McCormick,C,28.0,56.0,7.0,689.0,11.9,0.556,0.016,0.48100000000000004,8.6,17.9,13.1,6.5,0.8,1.2,16.6,16.3,,0.6,0.5,1.1,0.075,,-2.2,-1.1,-3.3,-0.2,93.0,187.0,0.49700000000000005,0.0,3.0,0.0,93.0,184.0,0.505,0.49700000000000005,66.0,90.0,0.733,56.0,109.0,165.0,32.0,11.0,14.0,45.0,91.0,252.0
NYK,10721,1992.0,Tim McCormick,C,29.0,22.0,0.0,108.0,12.8,0.49700000000000005,0.0,0.636,15.0,21.0,18.0,11.8,1.0,0.0,15.9,20.3,,0.1,0.2,0.2,0.10800000000000001,,-2.0,-0.3,-2.3,0.0,14.0,33.0,0.424,0.0,0.0,,14.0,33.0,0.424,0.424,14.0,21.0,0.667,14.0,20.0,34.0,9.0,2.0,0.0,8.0,18.0,42.0
