Tm,Unnamed: 0,Year,Player,Pos,Age,G,GS,MP,PER,TS%,3PAr,FTr,ORB%,DRB%,TRB%,AST%,STL%,BLK%,TOV%,USG%,blanl,OWS,DWS,WS,WS/48,blank2,OBPM,DBPM,BPM,VORP,FG,FGA,FG%,3P,3PA,3P%,2P,2PA,2P%,eFG%,FT,FTA,FT%,ORB,DRB,TRB,AST,STL,BLK,TOV,PF,PTS
BOS,6832,1983.0,Tiny Archibald*,PG,34.0,80.0,80.0,2864.0,15.3,0.5820000000000001,0.043,0.5479999999999999,2.3,5.4,3.8,31.9,1.7,0.4,21.8,21.3,,5.9,2.9,8.9,0.14800000000000002,,1.1,-1.1,0.0,1.5,383.0,794.0,0.499,6.0,24.0,0.375,382.0,776.0,0.505,0.499,361.0,435.0,0.83,59.0,140.0,197.0,671.0,106.0,18.0,265.0,218.0,1131.0
CIN,3323,1972.0,Tiny Archibald*,PG,23.0,82.0,,3272.0,23.0,0.5720000000000001,,0.545,,,3.8,33.2,,,,,,11.8,1.7,12.9,0.18899999999999997,,,,,,734.0,1511.0,0.486,,,,734.0,1511.0,0.486,0.486,677.0,824.0,0.8220000000000001,,,242.0,701.0,,,,218.0,2145.0
KCK,4381,1976.0,Tiny Archibald*,PG,27.0,78.0,,3184.0,20.1,0.521,,0.395,2.1,4.7,3.4,31.1,1.8,0.2,,,,6.7,1.3,8.0,0.121,,4.8,-2.6,2.3,3.4,717.0,1583.0,0.45299999999999996,,,,717.0,1583.0,0.45299999999999996,0.45299999999999996,501.0,625.0,0.802,67.0,146.0,213.0,615.0,126.0,15.0,,169.0,1935.0
KCO,4108,1975.0,Tiny Archibald*,PG,26.0,82.0,,3681.0,25.2,0.555,,0.45,1.7,5.6,3.5,38.9,2.0,0.3,,,,13.9,2.2,14.2,0.18600000000000003,,6.1,-2.3,3.6,4.6,1028.0,2106.0,0.488,,,,1028.0,2106.0,0.488,0.488,663.0,783.0,0.872,48.0,174.0,223.0,910.0,119.0,7.0,,207.0,2719.0
MIL,7221,1984.0,Tiny Archibald*,PG,35.0,46.0,46.0,1038.0,10.6,0.526,0.065,0.36200000000000004,1.8,6.3,4.2,21.1,1.6,0.0,19.4,16.3,,0.3,1.1,1.4,0.065,,-2.1,-1.0,-3.1,-0.3,136.0,279.0,0.48700000000000004,4.0,18.0,0.222,132.0,261.0,0.506,0.495,64.0,101.0,0.634,16.0,60.0,76.0,160.0,33.0,0.0,78.0,78.0,340.0
NYN,4656,1977.0,Tiny Archibald*,PG,28.0,34.0,,1277.0,19.4,0.52,,0.44799999999999995,1.7,4.8,3.2,33.8,2.1,0.5,,,,1.8,1.0,2.8,0.10400000000000001,,4.1,-1.9,2.2,1.4,250.0,560.0,0.446,,,,250.0,560.0,0.446,0.446,197.0,251.0,0.785,22.0,58.0,80.0,254.0,59.0,11.0,,77.0,697.0
