Tm,Unnamed: 0,Year,Player,Pos,Age,G,GS,MP,PER,TS%,3PAr,FTr,ORB%,DRB%,TRB%,AST%,STL%,BLK%,TOV%,USG%,blanl,OWS,DWS,WS,WS/48,blank2,OBPM,DBPM,BPM,VORP,FG,FGA,FG%,3P,3PA,3P%,2P,2PA,2P%,eFG%,FT,FTA,FT%,ORB,DRB,TRB,AST,STL,BLK,TOV,PF,PTS
MIL,21895,2013.0,Tobias Harris,SF,20.0,42.0,14.0,479.0,14.2,0.54,0.183,0.32,6.7,16.8,11.6,7.4,1.4,1.6,13.9,20.6,,0.4,0.4,0.9,0.087,,-2.0,-1.4,-3.5,-0.2,79.0,169.0,0.467,7.0,23.0,0.33299999999999996,73.0,146.0,0.5,0.491,44.0,54.0,0.885,30.0,71.0,101.0,22.0,13.0,7.0,31.0,45.0,208.0
ORL,23730,2016.0,Tobias Harris,SF,23.0,68.0,63.0,2369.0,17.0,0.551,0.27899999999999997,0.341,6.5,20.6,13.3,9.6,1.5,2.9,11.4,23.1,,3.0,1.8,4.8,0.107,,0.4,0.4,0.3,1.0,442.0,949.0,0.466,87.0,239.0,0.364,355.0,710.0,0.523,0.512,197.0,245.0,0.807,88.0,357.0,430.0,124.0,69.0,37.0,115.0,143.0,1164.0
TOT,23729,2016.0,Tobias Harris,SF-PF,23.0,76.0,74.0,2513.0,16.2,0.56,0.26899999999999996,0.273,6.2,18.6,12.4,10.6,1.3,2.6,10.3,22.1,,4.1,2.5,6.6,0.126,,0.7,0.4,1.0,1.9,417.0,889.0,0.469,80.0,239.0,0.335,337.0,650.0,0.518,0.514,202.0,243.0,0.831,96.0,414.0,510.0,169.0,65.0,44.0,108.0,153.0,1116.0
DET,24314,2017.0,Tobias Harris,PF,24.0,82.0,48.0,2567.0,18.2,0.5770000000000001,0.295,0.259,2.9,18.0,10.2,12.9,1.2,1.3,7.6,21.7,,4.0,2.8,6.9,0.174,,1.9,0.4,2.3,2.1,511.0,1063.0,0.48100000000000004,109.0,314.0,0.375,402.0,749.0,0.537,0.532,190.0,226.0,0.9109999999999999,63.0,353.0,416.0,142.0,60.0,39.0,95.0,133.0,1321.0
