Tm,Unnamed: 0,Year,Player,Pos,Age,G,GS,MP,PER,TS%,3PAr,FTr,ORB%,DRB%,TRB%,AST%,STL%,BLK%,TOV%,USG%,blanl,OWS,DWS,WS,WS/48,blank2,OBPM,DBPM,BPM,VORP,FG,FGA,FG%,3P,3PA,3P%,2P,2PA,2P%,eFG%,FT,FTA,FT%,ORB,DRB,TRB,AST,STL,BLK,TOV,PF,PTS
BOS,2415,1967.0,Toby Kimball,PF,24.0,38.0,,222.0,16.9,0.423,,0.41200000000000003,,,,7.4,,,,,,-0.2,0.6,0.4,0.09699999999999999,,,,,,35.0,97.0,0.361,,,,35.0,97.0,0.361,0.361,27.0,40.0,0.675,,,146.0,13.0,,,,42.0,97.0
KCO,3701,1973.0,Toby Kimball,PF,30.0,67.0,,643.0,11.6,0.473,,0.305,,,15.5,5.5,,,,,,0.2,0.1,0.2,0.018000000000000002,,,,,,96.0,220.0,0.436,,,,96.0,220.0,0.436,0.436,44.0,67.0,0.657,,,191.0,27.0,,,,86.0,236.0
MIL,3427,1972.0,Toby Kimball,PF,29.0,74.0,,971.0,10.7,0.48700000000000004,,0.354,,,15.5,7.2,,,,,,0.4,1.6,2.0,0.09699999999999999,,,,,,107.0,229.0,0.467,,,,107.0,229.0,0.467,0.467,44.0,81.0,0.5429999999999999,,,312.0,60.0,,,,137.0,258.0
NOJ,4232,1975.0,Toby Kimball,PF,32.0,3.0,,90.0,7.3,0.38299999999999995,,0.304,8.6,20.7,14.5,5.9,1.0,0.0,,,,-0.1,0.1,0.0,-0.012,,-6.3,-0.7,-7.1,-0.1,7.0,23.0,0.304,,,,7.0,23.0,0.304,0.304,6.0,7.0,0.857,8.0,18.0,26.0,4.0,2.0,0.0,,12.0,20.0
PHI,3961,1974.0,Toby Kimball,PF,31.0,75.0,,1592.0,13.9,0.52,,0.406,10.7,23.1,16.6,6.5,1.4,0.7,,,,1.5,1.9,3.4,0.10400000000000001,,-1.9,0.1,-1.8,0.1,216.0,456.0,0.474,,,,216.0,456.0,0.474,0.474,127.0,185.0,0.6859999999999999,185.0,367.0,552.0,73.0,49.0,23.0,,199.0,559.0
SDR,3193,1971.0,Toby Kimball,PF,28.0,81.0,,2519.0,12.9,0.461,,0.466,,,16.1,7.7,,,,,,0.2,2.9,3.2,0.091,,,,,,354.0,894.0,0.445,,,,354.0,894.0,0.445,0.445,181.0,306.0,0.5920000000000001,,,947.0,147.0,,,,273.0,889.0
