Tm,Unnamed: 0,Year,Player,Pos,Age,G,GS,MP,PER,TS%,3PAr,FTr,ORB%,DRB%,TRB%,AST%,STL%,BLK%,TOV%,USG%,blanl,OWS,DWS,WS,WS/48,blank2,OBPM,DBPM,BPM,VORP,FG,FGA,FG%,3P,3PA,3P%,2P,2PA,2P%,eFG%,FT,FTA,FT%,ORB,DRB,TRB,AST,STL,BLK,TOV,PF,PTS
DEN,11138,1993.0,Todd Lichti,SG,26.0,79.0,25.0,1326.0,13.6,0.5329999999999999,0.124,0.37,4.9,9.5,7.2,11.7,2.3,0.9,14.4,20.2,,0.9,1.3,1.8,0.078,,0.0,-0.6,-1.2,0.2,250.0,514.0,0.486,14.0,47.0,0.33299999999999996,250.0,500.0,0.5,0.486,130.0,174.0,0.855,49.0,102.0,151.0,116.0,55.0,13.0,95.0,145.0,630.0
BOS,11623,1994.0,Todd Lichti,SG,27.0,4.0,0.0,48.0,16.7,0.47100000000000003,0.0,1.0,4.7,14.2,9.4,17.6,5.2,1.3,13.0,20.9,,0.0,0.1,0.1,0.08199999999999999,,-1.6,2.4,0.8,0.0,6.0,14.0,0.429,0.0,0.0,,6.0,14.0,0.429,0.429,7.0,14.0,0.5,2.0,6.0,8.0,6.0,5.0,1.0,3.0,4.0,19.0
GSW,11622,1994.0,Todd Lichti,SG,27.0,5.0,0.0,58.0,13.0,0.47200000000000003,0.071,0.39299999999999996,5.7,12.8,9.3,7.2,0.0,0.0,0.0,23.4,,0.1,0.0,0.2,0.124,,-1.9,-5.5,-7.3,-0.1,10.0,28.0,0.35700000000000004,2.0,2.0,1.0,8.0,26.0,0.308,0.39299999999999996,9.0,11.0,0.818,3.0,7.0,10.0,3.0,0.0,0.0,0.0,9.0,31.0
ORL,11621,1994.0,Todd Lichti,SG,27.0,4.0,0.0,20.0,13.8,0.444,0.0,0.0,17.0,5.6,11.2,15.5,5.0,0.0,18.2,23.5,,0.0,0.0,0.0,0.036000000000000004,,-0.7,0.7,0.1,0.0,4.0,9.0,0.444,0.0,0.0,,4.0,9.0,0.444,0.444,0.0,0.0,,3.0,1.0,4.0,2.0,2.0,0.0,2.0,3.0,8.0
TOT,11620,1994.0,Todd Lichti,SG,27.0,13.0,0.0,126.0,14.5,0.46799999999999997,0.039,0.49,7.1,12.2,9.7,12.5,2.8,0.5,7.5,22.4,,0.1,0.1,0.2,0.094,,-1.6,-1.5,-3.0,0.0,20.0,51.0,0.392,2.0,2.0,1.0,18.0,49.0,0.36700000000000005,0.41200000000000003,16.0,25.0,0.64,8.0,14.0,22.0,11.0,7.0,1.0,5.0,16.0,58.0
