Tm,Unnamed: 0,Year,Player,Pos,Age,G,GS,MP,PER,TS%,3PAr,FTr,ORB%,DRB%,TRB%,AST%,STL%,BLK%,TOV%,USG%,blanl,OWS,DWS,WS,WS/48,blank2,OBPM,DBPM,BPM,VORP,FG,FGA,FG%,3P,3PA,3P%,2P,2PA,2P%,eFG%,FT,FTA,FT%,ORB,DRB,TRB,AST,STL,BLK,TOV,PF,PTS
SEA,4694,1977.0,Tom Burleson,C,24.0,82.0,,2647.0,17.8,0.5329999999999999,,0.462,10.1,22.7,15.7,9.6,1.8,4.2,,,,5.0,3.2,8.2,0.14800000000000002,,1.3,1.5,2.4,3.0,496.0,1032.0,0.48100000000000004,,,,496.0,1032.0,0.48100000000000004,0.48100000000000004,291.0,388.0,0.75,258.0,484.0,742.0,180.0,74.0,153.0,,273.0,1283.0
KCK,5772,1980.0,Tom Burleson,C,27.0,76.0,,1525.0,16.5,0.522,0.028999999999999998,0.494,11.4,23.7,16.5,11.3,1.8,3.5,17.1,21.5,,2.2,2.0,4.3,0.14,,0.2,1.6,1.9,1.5,228.0,525.0,0.45899999999999996,0.0,3.0,0.0,228.0,525.0,0.45899999999999996,0.45899999999999996,197.0,248.0,0.794,170.0,312.0,482.0,131.0,62.0,81.0,123.0,259.0,653.0
ATL,6120,1981.0,Tom Burleson,C,28.0,31.0,,363.0,8.5,0.436,0.0,0.414,13.7,16.0,14.9,4.6,1.1,3.1,17.0,16.1,,-0.2,0.3,0.2,0.021,,-3.5,0.0,-3.6,-0.1,41.0,99.0,0.414,0.0,0.0,,41.0,99.0,0.414,0.414,20.0,41.0,0.488,44.0,50.0,94.0,12.0,8.0,19.0,24.0,73.0,102.0
