Tm,Unnamed: 0,Year,Player,Pos,Age,G,GS,MP,PER,TS%,3PAr,FTr,ORB%,DRB%,TRB%,AST%,STL%,BLK%,TOV%,USG%,blanl,OWS,DWS,WS,WS/48,blank2,OBPM,DBPM,BPM,VORP,FG,FGA,FG%,3P,3PA,3P%,2P,2PA,2P%,eFG%,FT,FTA,FT%,ORB,DRB,TRB,AST,STL,BLK,TOV,PF,PTS
DET,7085,1983.0,Tom Owens,C,33.0,49.0,4.0,725.0,8.7,0.46799999999999997,0.0,0.344,9.3,17.6,13.3,7.6,0.8,1.0,17.8,14.3,,0.0,0.6,0.6,0.040999999999999995,,-3.4,-0.6,-4.0,-0.4,81.0,192.0,0.42200000000000004,0.0,0.0,,81.0,192.0,0.42200000000000004,0.42200000000000004,45.0,66.0,0.682,66.0,120.0,186.0,44.0,12.0,14.0,48.0,115.0,207.0
HOU,4892,1977.0,Tom Owens,C,27.0,46.0,,462.0,13.8,0.5579999999999999,,0.563,11.5,21.7,16.8,5.2,0.4,1.5,,,,0.6,0.3,0.9,0.094,,-0.5,-2.3,-2.8,-0.1,68.0,135.0,0.504,,,,68.0,135.0,0.504,0.504,52.0,76.0,0.684,47.0,95.0,142.0,18.0,4.0,13.0,,96.0,188.0
IND,6709,1982.0,Tom Owens,PF,32.0,74.0,40.0,1599.0,14.9,0.53,0.003,0.355,9.4,16.0,12.6,12.2,1.2,1.3,15.7,22.7,,1.1,2.1,3.2,0.095,,-0.7,0.2,-0.5,0.6,299.0,636.0,0.47,1.0,2.0,0.5,298.0,634.0,0.47,0.47100000000000003,181.0,226.0,0.8009999999999999,142.0,230.0,372.0,127.0,41.0,37.0,137.0,259.0,780.0
POR,6342,1981.0,Tom Owens,PF,31.0,82.0,,2791.0,19.9,0.597,0.006,0.435,12.1,20.6,16.4,15.9,1.0,1.4,16.6,22.9,,7.4,3.0,10.4,0.179,,3.5,0.5,3.9,4.1,600.0,1095.0,0.5479999999999999,1.0,4.0,0.5,600.0,1095.0,0.5479999999999999,0.5479999999999999,320.0,403.0,0.794,263.0,477.0,740.0,301.0,59.0,58.0,247.0,329.0,1520.0
