Tm,Unnamed: 0,Year,Player,Pos,Age,G,GS,MP,PER,TS%,3PAr,FTr,ORB%,DRB%,TRB%,AST%,STL%,BLK%,TOV%,USG%,blanl,OWS,DWS,WS,WS/48,blank2,OBPM,DBPM,BPM,VORP,FG,FGA,FG%,3P,3PA,3P%,2P,2PA,2P%,eFG%,FT,FTA,FT%,ORB,DRB,TRB,AST,STL,BLK,TOV,PF,PTS
BAL,2865,1969.0,Tom Workman,F-C,24.0,21.0,,86.0,14.1,0.43700000000000006,,0.5,,,,3.3,,,,,,0.0,0.1,0.1,0.040999999999999995,,,,,,22.0,54.0,0.40700000000000003,,,,22.0,54.0,0.40700000000000003,0.40700000000000003,9.0,15.0,1.0,,,27.0,2.0,,,,16.0,53.0
DET,3067,1970.0,Tom Workman,F-C,25.0,2.0,,6.0,-7.9,0.0,,0.0,,,,0.0,,,,,,0.0,0.0,0.0,-0.2,,,,,,0.0,1.0,0.0,,,,0.0,1.0,0.0,0.0,0.0,0.0,,,,0.0,0.0,,,,1.0,0.0
STL,2657,1968.0,Tom Workman,F-C,23.0,19.0,,85.0,19.6,0.5770000000000001,,0.579,,,,5.4,,,,,,0.3,0.1,0.4,0.223,,,,,,19.0,38.0,0.5,,,,19.0,38.0,0.5,0.5,17.0,22.0,0.773,,,24.0,3.0,,,,14.0,55.0
TOT,2656,1968.0,Tom Workman,F-C,23.0,20.0,,95.0,17.0,0.5589999999999999,,0.575,,,,4.8,,,,,,0.3,0.1,0.4,0.18600000000000003,,,,,,19.0,40.0,0.475,,,,19.0,40.0,0.475,0.475,18.0,23.0,0.7829999999999999,,,25.0,3.0,,,,17.0,56.0
