Tm,Unnamed: 0,Year,Player,Pos,Age,G,GS,MP,PER,TS%,3PAr,FTr,ORB%,DRB%,TRB%,AST%,STL%,BLK%,TOV%,USG%,blanl,OWS,DWS,WS,WS/48,blank2,OBPM,DBPM,BPM,VORP,FG,FGA,FG%,3P,3PA,3P%,2P,2PA,2P%,eFG%,FT,FTA,FT%,ORB,DRB,TRB,AST,STL,BLK,TOV,PF,PTS
ATL,4789,1977.0,Tom Henderson,PG,25.0,81.0,,2900.0,15.2,0.49200000000000005,,0.371,2.2,7.8,4.9,34.8,2.3,0.3,,,,1.1,1.4,2.4,0.063,,0.5,-0.8,-0.4,0.6,469.0,1136.0,0.433,,,,469.0,1136.0,0.433,0.433,216.0,305.0,0.75,58.0,207.0,265.0,386.0,137.0,10.0,,195.0,1154.0
HOU,6962,1983.0,Tom Henderson,SG,31.0,75.0,23.0,1721.0,11.5,0.51,0.009000000000000001,0.37200000000000005,2.4,7.4,4.7,27.0,2.2,0.2,22.2,17.1,,1.2,0.9,2.1,0.059000000000000004,,-1.7,-1.1,-2.9,-0.4,183.0,403.0,0.47700000000000004,0.0,3.0,0.0,183.0,401.0,0.48,0.47700000000000004,105.0,150.0,0.821,34.0,105.0,138.0,307.0,55.0,7.0,105.0,120.0,471.0
TOT,4788,1977.0,Tom Henderson,PG,25.0,87.0,,2791.0,15.0,0.506,,0.379,1.6,7.4,4.5,29.7,2.3,0.3,,,,2.5,2.2,4.7,0.08,,0.5,-0.4,0.1,1.5,371.0,826.0,0.449,,,,371.0,826.0,0.449,0.449,233.0,313.0,0.7440000000000001,43.0,196.0,239.0,598.0,138.0,17.0,,148.0,975.0
WSB,5520,1979.0,Tom Henderson,PG,27.0,75.0,,2315.0,14.7,0.523,,0.389,2.8,7.4,4.8,24.5,2.2,0.4,18.0,17.6,,2.7,1.8,4.5,0.10300000000000001,,0.5,0.3,0.7,0.9,339.0,784.0,0.469,,,,339.0,784.0,0.469,0.469,179.0,240.0,0.8,66.0,127.0,193.0,419.0,93.0,15.0,195.0,131.0,857.0
