Tm,Unnamed: 0,Year,Player,Pos,Age,G,GS,MP,PER,TS%,3PAr,FTr,ORB%,DRB%,TRB%,AST%,STL%,BLK%,TOV%,USG%,blanl,OWS,DWS,WS,WS/48,blank2,OBPM,DBPM,BPM,VORP,FG,FGA,FG%,3P,3PA,3P%,2P,2PA,2P%,eFG%,FT,FTA,FT%,ORB,DRB,TRB,AST,STL,BLK,TOV,PF,PTS
ATL,7056,1983.0,Tom McMillen,C,30.0,82.0,23.0,1792.0,14.2,0.5589999999999999,0.012,0.314,9.8,17.7,13.5,11.2,1.6,1.3,16.1,18.8,,2.2,2.0,3.9,0.128,,-0.3,0.4,0.1,0.7,291.0,572.0,0.509,1.0,6.0,0.33299999999999996,290.0,569.0,0.51,0.51,140.0,170.0,0.8909999999999999,151.0,265.0,416.0,129.0,36.0,32.0,124.0,233.0,723.0
BUF,4866,1977.0,Tom McMillen,C,24.0,50.0,,708.0,13.9,0.5379999999999999,,0.391,10.8,17.4,13.7,13.0,0.4,0.4,,,,0.4,0.6,0.8,0.08800000000000001,,-0.9,-1.1,-3.4,-0.1,96.0,222.0,0.489,,,,96.0,222.0,0.489,0.489,41.0,54.0,0.759,64.0,122.0,186.0,69.0,7.0,6.0,,87.0,233.0
NYK,4867,1977.0,Tom McMillen,C,24.0,56.0,,1222.0,12.7,0.518,,0.185,7.4,19.5,13.6,5.6,0.4,0.2,,,,1.0,0.9,2.0,0.077,,-2.1,-1.8,-3.9,-0.6,229.0,471.0,0.486,,,,229.0,471.0,0.486,0.486,70.0,87.0,0.805,85.0,232.0,317.0,51.0,10.0,4.0,,134.0,528.0
TOT,4865,1977.0,Tom McMillen,C,24.0,76.0,,1492.0,12.9,0.522,,0.218,8.0,18.9,13.6,6.2,0.3,0.2,,,,1.4,1.0,2.5,0.079,,-1.9,-1.9,-3.8,-0.7,274.0,563.0,0.48700000000000004,,,,274.0,563.0,0.48700000000000004,0.48700000000000004,96.0,123.0,0.78,114.0,275.0,389.0,67.0,11.0,6.0,,163.0,644.0
WSB,8142,1986.0,Tom McMillen,C,33.0,69.0,21.0,1547.0,12.3,0.555,0.013000000000000001,0.349,5.8,12.1,9.0,8.4,0.5,0.8,12.0,19.3,,1.4,1.4,2.7,0.09,,-1.5,-1.2,-2.7,-0.2,252.0,534.0,0.49700000000000005,1.0,6.0,0.16699999999999998,252.0,529.0,0.501,0.498,127.0,156.0,0.83,64.0,146.0,210.0,73.0,14.0,17.0,70.0,163.0,616.0
