Tm,Unnamed: 0,Year,Player,Pos,Age,G,GS,MP,PER,TS%,3PAr,FTr,ORB%,DRB%,TRB%,AST%,STL%,BLK%,TOV%,USG%,blanl,OWS,DWS,WS,WS/48,blank2,OBPM,DBPM,BPM,VORP,FG,FGA,FG%,3P,3PA,3P%,2P,2PA,2P%,eFG%,FT,FTA,FT%,ORB,DRB,TRB,AST,STL,BLK,TOV,PF,PTS
ATL,15421,2001.0,Tony Smith,SG,32.0,6.0,0.0,78.0,3.8,0.35600000000000004,0.087,0.087,2.8,1.4,2.1,20.5,4.7,0.0,27.4,18.8,,-0.3,0.1,-0.2,-0.11,,-6.7,-0.7,-7.4,-0.1,8.0,23.0,0.348,0.0,2.0,0.0,8.0,21.0,0.381,0.348,1.0,2.0,0.5,2.0,1.0,3.0,10.0,7.0,0.0,9.0,12.0,17.0
CHH,13323,1997.0,Tony Smith,PG,28.0,69.0,39.0,1291.0,9.4,0.47700000000000004,0.294,0.175,3.7,5.1,4.4,17.9,2.0,1.1,16.7,15.9,,0.0,0.6,0.6,0.024,,-1.9,-1.3,-3.1,-0.4,138.0,337.0,0.409,32.0,99.0,0.32299999999999995,106.0,238.0,0.445,0.457,38.0,59.0,0.644,38.0,56.0,94.0,150.0,48.0,19.0,73.0,110.0,346.0
LAL,12219,1995.0,Tony Smith,SG,26.0,73.0,31.0,1617.0,15.2,0.53,0.294,0.298,6.9,7.5,6.6,27.6,3.3,1.0,22.0,20.0,,1.2,0.8,1.7,0.098,,-0.1,-0.2,-0.5,0.3,272.0,617.0,0.484,32.0,91.0,0.35200000000000004,256.0,567.0,0.496,0.48700000000000004,85.0,119.0,0.7559999999999999,106.0,89.0,195.0,148.0,59.0,14.0,76.0,128.0,645.0
MIA,12745,1996.0,Tony Smith,SG,27.0,25.0,1.0,410.0,11.0,0.519,0.386,0.08900000000000001,1.7,9.2,5.5,26.7,2.1,1.0,19.9,14.5,,0.2,0.6,0.8,0.091,,-1.7,0.1,-1.6,0.0,46.0,101.0,0.455,13.0,39.0,0.33299999999999996,33.0,62.0,0.532,0.52,4.0,9.0,0.444,6.0,33.0,39.0,68.0,16.0,5.0,26.0,46.0,109.0
MIL,13851,1998.0,Tony Smith,PG,29.0,7.0,0.0,80.0,6.4,0.369,0.16699999999999998,0.16699999999999998,6.0,4.6,5.3,19.8,3.3,1.8,25.9,19.8,,-0.2,0.1,-0.1,-0.08800000000000001,,-5.8,0.1,-5.7,-0.1,8.0,24.0,0.33299999999999996,0.0,4.0,0.0,8.0,20.0,0.4,0.33299999999999996,3.0,4.0,0.75,4.0,3.0,7.0,10.0,5.0,2.0,9.0,7.0,19.0
PHO,12744,1996.0,Tony Smith,SG,27.0,34.0,2.0,528.0,12.2,0.499,0.445,0.214,5.3,6.9,6.1,24.7,2.0,0.7,17.4,19.3,,0.2,0.3,0.5,0.045,,0.2,-2.1,-1.8,0.0,70.0,173.0,0.405,25.0,77.0,0.325,45.0,96.0,0.469,0.47700000000000004,24.0,37.0,0.649,24.0,32.0,56.0,86.0,21.0,5.0,40.0,60.0,189.0
TOT,12743,1996.0,Tony Smith,SG,27.0,59.0,3.0,938.0,11.7,0.506,0.423,0.168,3.8,7.9,5.9,25.6,2.1,0.8,18.3,17.2,,0.4,0.9,1.3,0.065,,-0.6,-1.1,-1.7,0.1,116.0,274.0,0.423,38.0,116.0,0.32799999999999996,78.0,158.0,0.494,0.493,28.0,46.0,0.609,30.0,65.0,95.0,154.0,37.0,10.0,66.0,106.0,298.0
