Tm,Unnamed: 0,Year,Player,Pos,Age,G,GS,MP,PER,TS%,3PAr,FTr,ORB%,DRB%,TRB%,AST%,STL%,BLK%,TOV%,USG%,blanl,OWS,DWS,WS,WS/48,blank2,OBPM,DBPM,BPM,VORP,FG,FGA,FG%,3P,3PA,3P%,2P,2PA,2P%,eFG%,FT,FTA,FT%,ORB,DRB,TRB,AST,STL,BLK,TOV,PF,PTS
BOS,19928,2010.0,Tony Allen,SG,28.0,77.0,34.0,1373.0,17.0,0.596,0.147,0.517,8.0,13.6,10.2,13.1,3.5,2.1,19.1,22.1,,1.2,2.8,2.7,0.111,,0.0,2.6,1.1,0.6,184.0,389.0,0.514,18.0,57.0,0.387,172.0,356.0,0.5529999999999999,0.529,138.0,181.0,0.784,85.0,136.0,221.0,114.0,76.0,24.0,109.0,168.0,494.0
MEM,24106,2017.0,Tony Allen,SG,35.0,79.0,79.0,2109.0,18.3,0.562,0.114,0.391,9.6,14.1,11.7,11.7,4.5,2.4,16.2,20.1,,2.0,4.1,5.1,0.152,,0.7,3.7,3.6,2.2,284.0,638.0,0.51,15.0,54.0,0.35700000000000004,281.0,614.0,0.527,0.514,140.0,187.0,0.8,166.0,242.0,391.0,104.0,129.0,44.0,100.0,211.0,705.0
