Tm,Unnamed: 0,Year,Player,Pos,Age,G,GS,MP,PER,TS%,3PAr,FTr,ORB%,DRB%,TRB%,AST%,STL%,BLK%,TOV%,USG%,blanl,OWS,DWS,WS,WS/48,blank2,OBPM,DBPM,BPM,VORP,FG,FGA,FG%,3P,3PA,3P%,2P,2PA,2P%,eFG%,FT,FTA,FT%,ORB,DRB,TRB,AST,STL,BLK,TOV,PF,PTS
CHI,9077,1988.0,Tony White,PG,22.0,2.0,0.0,2.0,0.0,,,,0.0,0.0,0.0,0.0,0.0,0.0,,0.0,,0.0,0.0,0.0,0.012,,-6.6,0.4,-6.2,0.0,0.0,0.0,,0.0,0.0,,0.0,0.0,,,0.0,0.0,,0.0,0.0,0.0,0.0,0.0,0.0,0.0,0.0,0.0
GSW,9079,1988.0,Tony White,PG,22.0,35.0,0.0,462.0,11.3,0.493,0.025,0.20199999999999999,2.6,4.2,3.4,15.8,1.9,0.3,13.3,22.4,,-0.1,0.1,0.0,-0.004,,-2.8,-3.5,-6.3,-0.5,94.0,203.0,0.46299999999999997,0.0,5.0,0.0,94.0,198.0,0.475,0.46299999999999997,30.0,41.0,0.732,11.0,17.0,28.0,49.0,19.0,2.0,34.0,43.0,218.0
NYK,9078,1988.0,Tony White,PG,22.0,12.0,0.0,117.0,1.7,0.41600000000000004,0.022000000000000002,0.28300000000000003,0.9,2.0,1.5,12.1,0.4,0.0,20.1,22.4,,-0.3,0.0,-0.3,-0.10800000000000001,,-8.2,-4.3,-12.4,-0.3,17.0,46.0,0.37,0.0,1.0,0.0,17.0,45.0,0.37799999999999995,0.37,9.0,13.0,0.6920000000000001,1.0,2.0,3.0,10.0,1.0,0.0,13.0,14.0,43.0
TOT,9076,1988.0,Tony White,PG,22.0,49.0,0.0,581.0,9.4,0.478,0.024,0.217,2.2,3.8,3.0,15.0,1.6,0.2,14.7,22.3,,-0.4,0.1,-0.3,-0.025,,-3.9,-3.6,-7.5,-0.8,111.0,249.0,0.446,0.0,6.0,0.0,111.0,243.0,0.457,0.446,39.0,54.0,0.722,12.0,19.0,31.0,59.0,20.0,2.0,47.0,57.0,261.0
