Tm,Unnamed: 0,Year,Player,Pos,Age,G,GS,MP,PER,TS%,3PAr,FTr,ORB%,DRB%,TRB%,AST%,STL%,BLK%,TOV%,USG%,blanl,OWS,DWS,WS,WS/48,blank2,OBPM,DBPM,BPM,VORP,FG,FGA,FG%,3P,3PA,3P%,2P,2PA,2P%,eFG%,FT,FTA,FT%,ORB,DRB,TRB,AST,STL,BLK,TOV,PF,PTS
HOU,17148,2005.0,Torraye Braggs,PF,28.0,11.0,0.0,132.0,11.6,0.511,0.0,0.429,34.9,23.7,29.2,7.7,1.7,1.2,26.5,17.7,,0.0,0.2,0.2,0.073,,-3.6,1.0,-2.6,0.0,13.0,28.0,0.46399999999999997,0.0,0.0,,13.0,28.0,0.46399999999999997,0.46399999999999997,8.0,12.0,0.667,15.0,19.0,34.0,6.0,4.0,2.0,12.0,21.0,34.0
TOT,16556,2004.0,Torraye Braggs,PF,27.0,15.0,0.0,154.0,9.5,0.522,0.0,0.364,14.3,15.3,14.9,7.8,1.4,1.0,25.4,15.8,,0.0,0.2,0.2,0.07,,-3.2,0.4,-2.7,0.0,16.0,33.0,0.485,0.0,0.0,,16.0,33.0,0.485,0.485,8.0,12.0,0.667,18.0,21.0,39.0,7.0,4.0,2.0,13.0,29.0,40.0
WAS,16558,2004.0,Torraye Braggs,PF,27.0,4.0,0.0,22.0,7.7,0.6,0.0,0.0,14.9,10.5,12.7,8.1,0.0,0.0,16.7,12.1,,0.0,0.0,0.0,0.094,,-0.5,-3.0,-3.5,0.0,3.0,5.0,0.6,0.0,0.0,,3.0,5.0,0.6,0.6,0.0,0.0,,3.0,2.0,5.0,1.0,0.0,0.0,1.0,8.0,6.0
