Tm,Unnamed: 0,Year,Player,Pos,Age,G,GS,MP,PER,TS%,3PAr,FTr,ORB%,DRB%,TRB%,AST%,STL%,BLK%,TOV%,USG%,blanl,OWS,DWS,WS,WS/48,blank2,OBPM,DBPM,BPM,VORP,FG,FGA,FG%,3P,3PA,3P%,2P,2PA,2P%,eFG%,FT,FTA,FT%,ORB,DRB,TRB,AST,STL,BLK,TOV,PF,PTS
ATL,21474,2012.0,Tracy McGrady,SF,32.0,52.0,0.0,837.0,13.6,0.51,0.14300000000000002,0.359,3.3,18.2,10.8,20.8,1.0,1.4,16.5,18.0,,0.5,1.1,1.6,0.094,,-2.4,0.6,-1.7,0.1,101.0,231.0,0.43700000000000006,15.0,33.0,0.455,86.0,198.0,0.434,0.47,56.0,83.0,0.675,23.0,131.0,154.0,110.0,16.0,15.0,53.0,35.0,273.0
DET,20891,2011.0,Tracy McGrady,SG,31.0,72.0,39.0,1686.0,14.9,0.503,0.171,0.251,3.4,15.4,9.1,23.6,2.1,1.6,15.2,18.6,,1.0,1.1,2.1,0.061,,-0.5,0.2,-0.3,0.7,227.0,514.0,0.442,30.0,88.0,0.341,197.0,426.0,0.462,0.47100000000000003,90.0,129.0,0.698,49.0,202.0,251.0,252.0,66.0,34.0,102.0,101.0,574.0
HOU,20288,2010.0,Tracy McGrady,SG,30.0,78.0,78.0,3182.0,23.2,0.526,0.262,0.336,3.1,17.2,10.3,37.5,2.3,3.2,11.2,35.0,,6.5,5.4,12.0,0.18,,4.9,1.9,6.8,7.0,715.0,1660.0,0.431,142.0,435.0,0.5,573.0,1225.0,0.46799999999999997,0.474,431.0,557.0,0.8009999999999999,71.0,413.0,484.0,458.0,135.0,52.0,213.0,167.0,2003.0
NYK,20289,2010.0,Tracy McGrady,SG,30.0,24.0,24.0,627.0,12.2,0.469,0.287,0.264,3.9,12.4,8.1,22.7,1.2,1.4,15.1,20.5,,-0.1,0.3,0.2,0.016,,-2.0,-1.1,-3.1,-0.2,84.0,216.0,0.389,15.0,62.0,0.242,69.0,154.0,0.44799999999999995,0.424,43.0,57.0,0.754,22.0,67.0,89.0,93.0,15.0,12.0,43.0,38.0,226.0
ORL,16822,2004.0,Tracy McGrady,SG,24.0,77.0,77.0,3087.0,30.3,0.564,0.32799999999999996,0.4,6.7,17.3,11.5,30.0,2.2,2.8,9.4,35.2,,13.2,3.9,16.1,0.262,,9.8,0.9,9.7,8.7,829.0,1813.0,0.457,174.0,513.0,0.386,729.0,1558.0,0.48100000000000004,0.505,576.0,726.0,0.7959999999999999,192.0,447.0,597.0,411.0,124.0,118.0,198.0,160.0,2407.0
TOR,14770,2000.0,Tracy McGrady,SF,20.0,79.0,34.0,2462.0,20.6,0.509,0.10300000000000001,0.408,12.4,16.7,14.6,19.1,2.5,4.5,15.0,24.3,,3.7,2.9,6.6,0.14300000000000002,,1.8,2.2,4.0,3.2,459.0,1018.0,0.451,18.0,65.0,0.341,441.0,953.0,0.46299999999999997,0.467,277.0,392.0,0.726,188.0,313.0,501.0,263.0,90.0,151.0,160.0,201.0,1213.0
TOT,20287,2010.0,Tracy McGrady,SG,30.0,30.0,24.0,673.0,12.2,0.466,0.272,0.268,3.7,12.4,7.9,22.6,1.1,1.5,14.3,20.6,,0.0,0.3,0.3,0.018000000000000002,,-2.2,-1.2,-3.3,-0.2,91.0,235.0,0.387,16.0,64.0,0.25,75.0,171.0,0.439,0.42100000000000004,47.0,63.0,0.746,22.0,72.0,94.0,99.0,15.0,14.0,44.0,40.0,245.0
