Tm,Unnamed: 0,Year,Player,Pos,Age,G,GS,MP,PER,TS%,3PAr,FTr,ORB%,DRB%,TRB%,AST%,STL%,BLK%,TOV%,USG%,blanl,OWS,DWS,WS,WS/48,blank2,OBPM,DBPM,BPM,VORP,FG,FGA,FG%,3P,3PA,3P%,2P,2PA,2P%,eFG%,FT,FTA,FT%,ORB,DRB,TRB,AST,STL,BLK,TOV,PF,PTS
LAC,20341,2010.0,Travis Outlaw,SF,25.0,23.0,6.0,499.0,12.6,0.512,0.41100000000000003,0.19399999999999998,4.6,14.7,9.6,8.4,1.1,1.3,9.3,19.5,,0.3,0.3,0.6,0.057999999999999996,,-1.0,-1.5,-2.6,-0.1,72.0,180.0,0.4,28.0,74.0,0.37799999999999995,44.0,106.0,0.415,0.478,28.0,35.0,0.8,20.0,63.0,83.0,26.0,11.0,9.0,20.0,30.0,200.0
NJN,20936,2011.0,Travis Outlaw,SF,26.0,82.0,55.0,2358.0,8.8,0.469,0.345,0.23399999999999999,2.6,14.0,8.1,5.8,0.8,1.2,8.1,17.3,,-0.4,1.2,0.8,0.016,,-2.6,-0.9,-3.6,-0.9,274.0,731.0,0.375,76.0,252.0,0.302,198.0,479.0,0.413,0.42700000000000005,132.0,171.0,0.772,54.0,271.0,325.0,84.0,34.0,36.0,71.0,148.0,756.0
POR,20340,2010.0,Travis Outlaw,SF,25.0,82.0,11.0,2246.0,16.4,0.541,0.307,0.5710000000000001,12.6,15.0,12.5,9.3,2.9,3.9,11.5,26.0,,3.0,2.3,5.3,0.113,,0.1,0.7,-0.4,0.9,417.0,964.0,0.498,89.0,236.0,0.4,377.0,863.0,0.502,0.506,218.0,294.0,0.875,96.0,280.0,376.0,106.0,61.0,74.0,107.0,173.0,1092.0
SAC,22690,2014.0,Travis Outlaw,SF,29.0,63.0,5.0,1065.0,13.0,0.5,0.359,0.294,4.3,14.2,8.9,7.7,1.9,3.1,9.3,21.9,,0.8,0.6,1.4,0.062,,-1.5,-0.9,-2.5,-0.1,130.0,326.0,0.418,41.0,117.0,0.35,89.0,209.0,0.47200000000000003,0.462,42.0,52.0,0.8079999999999999,36.0,132.0,168.0,48.0,20.0,21.0,26.0,94.0,343.0
TOT,20339,2010.0,Travis Outlaw,SF,25.0,34.0,6.0,730.0,13.3,0.503,0.374,0.21,5.3,14.3,9.8,7.6,1.3,1.8,9.4,21.4,,0.4,0.6,0.9,0.062,,-1.2,-1.4,-2.5,-0.1,110.0,281.0,0.391,40.0,105.0,0.381,70.0,176.0,0.39799999999999996,0.46299999999999997,49.0,59.0,0.831,33.0,88.0,121.0,34.0,18.0,17.0,32.0,43.0,309.0
