Tm,Unnamed: 0,Year,Player,Pos,Age,G,GS,MP,PER,TS%,3PAr,FTr,ORB%,DRB%,TRB%,AST%,STL%,BLK%,TOV%,USG%,blanl,OWS,DWS,WS,WS/48,blank2,OBPM,DBPM,BPM,VORP,FG,FGA,FG%,3P,3PA,3P%,2P,2PA,2P%,eFG%,FT,FTA,FT%,ORB,DRB,TRB,AST,STL,BLK,TOV,PF,PTS
ATL,11158,1993.0,Travis Mays,PG,24.0,49.0,9.0,787.0,10.1,0.5710000000000001,0.429,0.265,3.2,4.9,3.7,13.2,1.3,0.2,16.8,23.1,,0.1,0.2,0.3,0.02,,-1.9,-3.4,-5.3,0.0,129.0,309.0,0.429,29.0,84.0,0.5,100.0,225.0,0.444,0.536,54.0,82.0,1.0,20.0,33.0,53.0,72.0,21.0,3.0,51.0,59.0,341.0
SAC,10259,1991.0,Travis Mays,PG,22.0,64.0,55.0,2145.0,12.3,0.526,0.272,0.457,2.8,6.7,4.7,18.3,1.9,0.3,15.5,21.0,,0.8,1.3,2.1,0.047,,-0.1,-1.4,-1.5,0.2,294.0,724.0,0.406,72.0,197.0,0.365,222.0,527.0,0.42100000000000004,0.456,255.0,331.0,0.77,54.0,124.0,178.0,253.0,81.0,11.0,159.0,169.0,915.0
