Tm,Unnamed: 0,Year,Player,Pos,Age,G,GS,MP,PER,TS%,3PAr,FTr,ORB%,DRB%,TRB%,AST%,STL%,BLK%,TOV%,USG%,blanl,OWS,DWS,WS,WS/48,blank2,OBPM,DBPM,BPM,VORP,FG,FGA,FG%,3P,3PA,3P%,2P,2PA,2P%,eFG%,FT,FTA,FT%,ORB,DRB,TRB,AST,STL,BLK,TOV,PF,PTS
BOS,13667,1998.0,Travis Knight,C,23.0,74.0,21.0,1503.0,13.6,0.499,0.126,0.235,10.5,18.8,14.3,10.9,1.8,4.3,15.3,16.4,,1.1,1.9,3.0,0.096,,-1.6,2.0,0.4,0.9,193.0,438.0,0.441,15.0,55.0,0.273,178.0,383.0,0.465,0.45799999999999996,81.0,103.0,0.7859999999999999,146.0,219.0,365.0,104.0,54.0,82.0,87.0,253.0,482.0
LAL,14726,2000.0,Travis Knight,C,25.0,71.0,23.0,1156.0,14.1,0.546,0.008,0.364,13.0,21.4,16.9,9.3,2.1,3.9,19.7,16.7,,1.4,1.8,3.3,0.13699999999999998,,-1.7,2.3,0.5,0.5,140.0,275.0,0.515,0.0,1.0,0.0,140.0,275.0,0.519,0.515,62.0,100.0,0.759,130.0,189.0,319.0,39.0,31.0,58.0,49.0,170.0,342.0
NYK,16247,2003.0,Travis Knight,C,28.0,49.0,0.0,429.0,8.3,0.424,0.019,0.34,13.0,18.4,14.1,7.4,1.5,3.5,18.1,16.2,,0.0,0.5,0.2,0.04,,-4.4,1.8,-3.2,-0.1,41.0,113.0,0.385,0.0,1.0,0.0,41.0,113.0,0.391,0.385,16.0,21.0,0.769,48.0,56.0,104.0,14.0,11.0,11.0,27.0,95.0,98.0
