Tm,Unnamed: 0,Year,Player,Pos,Age,G,GS,MP,PER,TS%,3PAr,FTr,ORB%,DRB%,TRB%,AST%,STL%,BLK%,TOV%,USG%,blanl,OWS,DWS,WS,WS/48,blank2,OBPM,DBPM,BPM,VORP,FG,FGA,FG%,3P,3PA,3P%,2P,2PA,2P%,eFG%,FT,FTA,FT%,ORB,DRB,TRB,AST,STL,BLK,TOV,PF,PTS
PHI,12711,1996.0,Trevor Ruffin,PG,25.0,61.0,23.0,1551.0,14.8,0.534,0.43799999999999994,0.281,1.5,8.5,4.9,32.2,1.4,0.1,17.0,25.3,,1.2,0.0,1.2,0.037000000000000005,,1.5,-4.2,-2.7,-0.3,263.0,648.0,0.406,104.0,284.0,0.366,159.0,364.0,0.43700000000000006,0.486,148.0,182.0,0.813,21.0,111.0,132.0,269.0,43.0,2.0,149.0,132.0,778.0
PHO,12193,1995.0,Trevor Ruffin,PG,24.0,49.0,1.0,319.0,15.5,0.545,0.503,0.193,2.9,5.4,4.1,25.8,2.2,0.5,18.0,35.4,,-0.1,0.2,0.1,0.009000000000000001,,1.7,-4.8,-3.1,-0.1,84.0,197.0,0.426,38.0,99.0,0.384,46.0,98.0,0.469,0.523,27.0,38.0,0.711,8.0,15.0,23.0,48.0,14.0,2.0,47.0,52.0,233.0
