Tm,Unnamed: 0,Year,Player,Pos,Age,G,GS,MP,PER,TS%,3PAr,FTr,ORB%,DRB%,TRB%,AST%,STL%,BLK%,TOV%,USG%,blanl,OWS,DWS,WS,WS/48,blank2,OBPM,DBPM,BPM,VORP,FG,FGA,FG%,3P,3PA,3P%,2P,2PA,2P%,eFG%,FT,FTA,FT%,ORB,DRB,TRB,AST,STL,BLK,TOV,PF,PTS
HOU,24674,2017.0,Troy Williams,SF,22.0,6.0,3.0,139.0,12.8,0.616,0.47700000000000004,0.159,7.1,11.8,9.4,6.4,1.0,0.6,11.3,16.2,,0.2,0.1,0.3,0.11599999999999999,,0.4,-2.1,-1.7,0.0,22.0,44.0,0.5,8.0,21.0,0.381,14.0,23.0,0.609,0.591,6.0,7.0,0.857,9.0,15.0,24.0,6.0,3.0,1.0,6.0,18.0,58.0
MEM,24673,2017.0,Troy Williams,SF,22.0,24.0,13.0,418.0,7.6,0.474,0.33299999999999996,0.203,1.6,11.0,6.2,7.2,3.0,2.1,16.8,17.5,,-0.6,0.6,0.0,0.001,,-4.7,1.6,-3.1,-0.1,51.0,123.0,0.415,10.0,41.0,0.244,41.0,82.0,0.5,0.455,15.0,25.0,0.6,6.0,39.0,45.0,19.0,24.0,9.0,27.0,42.0,127.0
TOT,24672,2017.0,Troy Williams,SF,22.0,30.0,16.0,557.0,8.9,0.511,0.371,0.192,3.0,11.2,7.0,7.0,2.5,1.7,15.4,17.2,,-0.4,0.7,0.3,0.03,,-3.4,0.7,-2.7,-0.1,73.0,167.0,0.43700000000000006,18.0,62.0,0.29,55.0,105.0,0.524,0.491,21.0,32.0,0.6559999999999999,15.0,54.0,69.0,25.0,27.0,10.0,33.0,60.0,185.0
