Tm,Unnamed: 0,Year,Player,Pos,Age,G,GS,MP,PER,TS%,3PAr,FTr,ORB%,DRB%,TRB%,AST%,STL%,BLK%,TOV%,USG%,blanl,OWS,DWS,WS,WS/48,blank2,OBPM,DBPM,BPM,VORP,FG,FGA,FG%,3P,3PA,3P%,2P,2PA,2P%,eFG%,FT,FTA,FT%,ORB,DRB,TRB,AST,STL,BLK,TOV,PF,PTS
LAC,15322,2001.0,Tyrone Nesby,SG,25.0,73.0,39.0,2317.0,17.0,0.5429999999999999,0.374,0.32799999999999996,5.7,11.5,8.0,11.3,3.2,1.2,10.3,21.1,,2.7,0.4,3.1,0.11699999999999999,,2.4,-0.2,2.2,1.4,364.0,915.0,0.449,94.0,281.0,0.365,270.0,634.0,0.47600000000000003,0.493,151.0,191.0,0.7909999999999999,82.0,193.0,275.0,121.0,77.0,31.0,102.0,205.0,973.0
TOT,15321,2001.0,Tyrone Nesby,SF-SG,25.0,62.0,34.0,1556.0,8.9,0.444,0.34,0.2,3.8,9.2,6.5,8.2,1.7,0.9,10.1,18.5,,-0.2,0.5,0.3,0.008,,-1.5,-1.7,-3.2,-0.5,189.0,530.0,0.35700000000000004,49.0,180.0,0.272,140.0,350.0,0.4,0.40299999999999997,85.0,106.0,0.802,51.0,122.0,173.0,76.0,51.0,20.0,65.0,155.0,512.0
WAS,15834,2002.0,Tyrone Nesby,SF,26.0,70.0,22.0,1498.0,13.1,0.48,0.32899999999999996,0.221,8.1,16.7,12.3,9.8,2.2,1.1,11.0,18.2,,1.4,1.6,2.9,0.094,,-0.5,0.9,0.4,0.9,183.0,421.0,0.435,39.0,134.0,0.29100000000000004,170.0,374.0,0.455,0.45,67.0,93.0,0.807,105.0,213.0,318.0,91.0,61.0,22.0,55.0,164.0,443.0
