Tm,Unnamed: 0,Year,Player,Pos,Age,G,GS,MP,PER,TS%,3PAr,FTr,ORB%,DRB%,TRB%,AST%,STL%,BLK%,TOV%,USG%,blanl,OWS,DWS,WS,WS/48,blank2,OBPM,DBPM,BPM,VORP,FG,FGA,FG%,3P,3PA,3P%,2P,2PA,2P%,eFG%,FT,FTA,FT%,ORB,DRB,TRB,AST,STL,BLK,TOV,PF,PTS
CHA,20026,2010.0,Tyson Chandler,C,27.0,51.0,27.0,1163.0,12.5,0.643,0.0,0.826,12.0,21.0,16.6,2.2,0.8,3.9,26.0,14.0,,0.9,2.0,2.9,0.12,,-3.2,1.6,-1.6,0.1,109.0,190.0,0.574,0.0,0.0,,109.0,190.0,0.574,0.574,115.0,157.0,0.732,114.0,206.0,320.0,16.0,17.0,55.0,91.0,138.0,333.0
CHI,17763,2006.0,Tyson Chandler,PF,23.0,80.0,68.0,2189.0,16.4,0.5670000000000001,0.006,0.802,14.4,27.0,19.8,6.8,1.6,5.0,25.1,18.1,,2.8,5.5,8.3,0.183,,-1.5,4.9,3.1,2.8,257.0,484.0,0.565,0.0,2.0,0.0,257.0,484.0,0.5670000000000001,0.565,226.0,336.0,0.6729999999999999,265.0,514.0,775.0,81.0,69.0,141.0,135.0,298.0,691.0
DAL,22971,2015.0,Tyson Chandler,C,32.0,75.0,75.0,2286.0,20.1,0.6970000000000001,0.0,0.725,14.1,27.4,20.7,5.3,0.9,3.2,16.0,14.2,,7.2,3.5,10.3,0.218,,1.9,2.3,4.2,3.6,293.0,440.0,0.6659999999999999,0.0,0.0,,293.0,440.0,0.6659999999999999,0.6659999999999999,216.0,295.0,0.732,294.0,570.0,864.0,84.0,42.0,91.0,105.0,240.0,771.0
NOH,19444,2009.0,Tyson Chandler,C,26.0,79.0,79.0,2783.0,17.5,0.632,0.002,0.488,13.7,26.1,19.5,4.4,0.9,3.3,17.0,14.5,,5.9,4.1,10.0,0.172,,0.5,1.9,2.4,3.1,377.0,605.0,0.623,0.0,1.0,0.0,377.0,604.0,0.624,0.623,175.0,295.0,0.593,322.0,606.0,928.0,81.0,45.0,84.0,136.0,243.0,929.0
NOK,18311,2007.0,Tyson Chandler,C,24.0,73.0,73.0,2525.0,17.0,0.62,0.002,0.429,14.3,27.3,20.7,4.1,0.8,4.1,18.5,12.3,,4.1,3.8,7.9,0.15,,-0.3,2.8,2.5,2.9,292.0,468.0,0.624,0.0,1.0,0.0,292.0,467.0,0.625,0.624,106.0,201.0,0.527,320.0,584.0,904.0,66.0,37.0,129.0,126.0,244.0,690.0
NYK,22372,2014.0,Tyson Chandler,C,31.0,66.0,66.0,2164.0,18.9,0.708,0.006,0.887,14.1,27.0,19.0,5.5,1.4,3.4,17.1,13.0,,6.7,3.6,9.5,0.22,,1.7,2.8,4.1,3.2,255.0,400.0,0.679,0.0,2.0,0.0,255.0,400.0,0.6829999999999999,0.679,217.0,315.0,0.6940000000000001,269.0,434.0,703.0,62.0,56.0,89.0,102.0,188.0,699.0
PHO,24191,2017.0,Tyson Chandler,C,34.0,66.0,60.0,1618.0,16.6,0.703,0.003,0.545,12.6,33.1,22.6,6.0,1.2,2.2,19.3,12.7,,2.7,1.6,4.0,0.149,,-0.7,1.3,-0.4,0.6,183.0,314.0,0.6709999999999999,0.0,1.0,0.0,183.0,313.0,0.6709999999999999,0.6709999999999999,106.0,171.0,0.7340000000000001,175.0,401.0,576.0,64.0,36.0,44.0,93.0,145.0,472.0
