Tm,Unnamed: 0,Year,Player,Pos,Age,G,GS,MP,PER,TS%,3PAr,FTr,ORB%,DRB%,TRB%,AST%,STL%,BLK%,TOV%,USG%,blanl,OWS,DWS,WS,WS/48,blank2,OBPM,DBPM,BPM,VORP,FG,FGA,FG%,3P,3PA,3P%,2P,2PA,2P%,eFG%,FT,FTA,FT%,ORB,DRB,TRB,AST,STL,BLK,TOV,PF,PTS
BOS,13553,1998.0,Tyus Edney,PG,24.0,52.0,7.0,623.0,17.8,0.523,0.046,0.514,3.5,7.2,5.2,36.3,4.2,0.1,19.9,23.0,,0.8,0.7,1.4,0.11199999999999999,,-0.2,-1.6,-1.8,0.0,93.0,216.0,0.431,3.0,10.0,0.3,90.0,206.0,0.43700000000000006,0.43799999999999994,88.0,111.0,0.7929999999999999,20.0,35.0,55.0,139.0,51.0,1.0,66.0,69.0,277.0
IND,15104,2001.0,Tyus Edney,PG,27.0,24.0,0.0,263.0,16.6,0.49,0.066,0.429,2.2,7.9,5.2,35.7,3.5,0.0,18.8,23.6,,0.2,0.3,0.5,0.08800000000000001,,-1.3,-1.5,-2.7,0.0,35.0,91.0,0.385,1.0,6.0,0.16699999999999998,34.0,85.0,0.4,0.39,35.0,39.0,0.897,5.0,19.0,24.0,54.0,17.0,0.0,25.0,17.0,106.0
SAC,12984,1997.0,Tyus Edney,PG,23.0,80.0,60.0,2481.0,12.7,0.505,0.195,0.55,2.9,6.8,4.8,31.5,2.3,0.1,18.7,19.5,,2.0,1.2,3.3,0.064,,-0.2,-1.9,-2.2,-0.1,305.0,740.0,0.41200000000000003,53.0,144.0,0.368,252.0,596.0,0.423,0.44799999999999995,197.0,252.0,0.823,63.0,138.0,201.0,491.0,89.0,3.0,192.0,203.0,860.0
