Tm,Unnamed: 0,Year,Player,Pos,Age,G,GS,MP,PER,TS%,3PAr,FTr,ORB%,DRB%,TRB%,AST%,STL%,BLK%,TOV%,USG%,blanl,OWS,DWS,WS,WS/48,blank2,OBPM,DBPM,BPM,VORP,FG,FGA,FG%,3P,3PA,3P%,2P,2PA,2P%,eFG%,FT,FTA,FT%,ORB,DRB,TRB,AST,STL,BLK,TOV,PF,PTS
IND,11975,1995.0,Vern Fleming,PG,32.0,82.0,82.0,2876.0,17.5,0.573,0.065,0.479,6.2,11.7,7.8,30.8,2.2,0.4,19.6,21.5,,5.6,3.2,8.4,0.14800000000000002,,2.4,1.0,3.0,3.5,467.0,922.0,0.531,12.0,36.0,0.353,455.0,918.0,0.539,0.534,263.0,353.0,0.802,148.0,284.0,386.0,610.0,131.0,18.0,208.0,232.0,1176.0
NJN,12441,1996.0,Vern Fleming,PG,33.0,77.0,3.0,1747.0,11.3,0.49,0.053,0.33799999999999997,3.0,7.8,5.4,24.6,1.2,0.2,16.9,18.1,,0.5,1.1,1.6,0.044000000000000004,,-2.1,-1.5,-3.6,-0.7,227.0,524.0,0.433,3.0,28.0,0.107,224.0,496.0,0.452,0.436,133.0,177.0,0.7509999999999999,49.0,121.0,170.0,255.0,41.0,5.0,122.0,115.0,590.0
