Tm,Unnamed: 0,Year,Player,Pos,Age,G,GS,MP,PER,TS%,3PAr,FTr,ORB%,DRB%,TRB%,AST%,STL%,BLK%,TOV%,USG%,blanl,OWS,DWS,WS,WS/48,blank2,OBPM,DBPM,BPM,VORP,FG,FGA,FG%,3P,3PA,3P%,2P,2PA,2P%,eFG%,FT,FTA,FT%,ORB,DRB,TRB,AST,STL,BLK,TOV,PF,PTS
CIN,1393,1959.0,Vern Hatton,G,23.0,22.0,,657.0,5.2,0.36200000000000004,,0.24600000000000002,,,,,,,,,,-0.8,0.2,-0.6,-0.046,,,,,,66.0,207.0,0.319,,,,66.0,207.0,0.319,0.319,34.0,51.0,0.667,,,81.0,30.0,,,,55.0,166.0
PHW,1621,1961.0,Vern Hatton,SG,25.0,67.0,,1049.0,14.5,0.445,,0.256,,,,,,,,,,0.3,1.3,0.9,0.095,,,,,,127.0,356.0,0.39299999999999996,,,,127.0,356.0,0.39299999999999996,0.39299999999999996,53.0,87.0,0.821,,,159.0,82.0,,,,61.0,307.0
TOT,1731,1962.0,Vern Hatton,PG,26.0,64.0,,1109.0,9.0,0.41700000000000004,,0.37799999999999995,,,,,,,,,,-0.5,0.7,0.3,0.011000000000000001,,,,,,149.0,418.0,0.35600000000000004,,,,149.0,418.0,0.35600000000000004,0.35600000000000004,98.0,125.0,0.784,,,178.0,99.0,,,,111.0,375.0
