Tm,Unnamed: 0,Year,Player,Pos,Age,G,GS,MP,PER,TS%,3PAr,FTr,ORB%,DRB%,TRB%,AST%,STL%,BLK%,TOV%,USG%,blanl,OWS,DWS,WS,WS/48,blank2,OBPM,DBPM,BPM,VORP,FG,FGA,FG%,3P,3PA,3P%,2P,2PA,2P%,eFG%,FT,FTA,FT%,ORB,DRB,TRB,AST,STL,BLK,TOV,PF,PTS
DET,15510,2002.0,Victor Alexander,C,32.0,15.0,0.0,97.0,9.2,0.36700000000000005,0.039,0.157,8.6,26.6,17.6,11.5,0.0,0.7,8.4,28.9,,-0.3,0.1,-0.1,-0.073,,-7.9,-3.5,-11.4,-0.2,18.0,51.0,0.353,0.0,2.0,0.0,18.0,49.0,0.36700000000000005,0.353,4.0,8.0,0.5,7.0,22.0,29.0,6.0,0.0,1.0,5.0,6.0,40.0
GSW,11847,1995.0,Victor Alexander,C,25.0,80.0,59.0,1753.0,14.3,0.561,0.055999999999999994,0.325,9.5,18.4,13.6,7.8,1.5,2.7,14.8,20.2,,1.6,1.4,3.0,0.09,,-1.2,-0.3,-1.8,0.1,344.0,667.0,0.53,10.0,25.0,0.455,334.0,645.0,0.54,0.532,111.0,162.0,0.691,132.0,288.0,420.0,93.0,45.0,62.0,120.0,218.0,809.0
