Tm,Unnamed: 0,Year,Player,Pos,Age,G,GS,MP,PER,TS%,3PAr,FTr,ORB%,DRB%,TRB%,AST%,STL%,BLK%,TOV%,USG%,blanl,OWS,DWS,WS,WS/48,blank2,OBPM,DBPM,BPM,VORP,FG,FGA,FG%,3P,3PA,3P%,2P,2PA,2P%,eFG%,FT,FTA,FT%,ORB,DRB,TRB,AST,STL,BLK,TOV,PF,PTS
ORL,23928,2016.0,Victor Oladipo,SG,23.0,80.0,71.0,2573.0,16.7,0.534,0.29100000000000004,0.34,2.2,14.0,8.0,21.9,2.7,1.9,19.2,25.2,,2.2,2.8,4.9,0.099,,1.0,0.8,1.8,2.3,473.0,1086.0,0.43799999999999994,98.0,282.0,0.348,389.0,838.0,0.475,0.489,262.0,320.0,0.83,51.0,297.0,345.0,327.0,129.0,54.0,256.0,210.0,1292.0
OKC,24510,2017.0,Victor Oladipo,SG,24.0,67.0,67.0,2222.0,13.6,0.534,0.37799999999999995,0.165,1.9,12.6,7.2,12.5,1.7,0.8,10.6,21.4,,1.7,2.3,4.0,0.085,,-0.4,-0.9,-1.3,0.4,412.0,932.0,0.442,127.0,352.0,0.361,285.0,580.0,0.491,0.51,116.0,154.0,0.753,39.0,252.0,291.0,176.0,78.0,21.0,119.0,155.0,1067.0
