Tm,Unnamed: 0,Year,Player,Pos,Age,G,GS,MP,PER,TS%,3PAr,FTr,ORB%,DRB%,TRB%,AST%,STL%,BLK%,TOV%,USG%,blanl,OWS,DWS,WS,WS/48,blank2,OBPM,DBPM,BPM,VORP,FG,FGA,FG%,3P,3PA,3P%,2P,2PA,2P%,eFG%,FT,FTA,FT%,ORB,DRB,TRB,AST,STL,BLK,TOV,PF,PTS
DAL,22368,2014.0,Vince Carter,SG,37.0,81.0,40.0,2093.0,17.8,0.5710000000000001,0.467,0.261,4.0,14.4,8.9,16.5,1.9,1.6,12.4,23.1,,3.9,2.0,6.0,0.13699999999999998,,3.3,0.6,2.9,2.6,372.0,855.0,0.435,162.0,399.0,0.406,210.0,456.0,0.461,0.53,182.0,223.0,0.826,67.0,276.0,334.0,212.0,74.0,44.0,108.0,226.0,1088.0
MEM,24184,2017.0,Vince Carter,SG,40.0,73.0,15.0,1799.0,12.7,0.542,0.604,0.245,3.4,13.6,8.3,11.5,2.1,1.9,9.1,19.9,,1.9,2.1,4.0,0.106,,0.1,0.9,1.0,1.4,193.0,490.0,0.39399999999999996,112.0,296.0,0.37799999999999995,81.0,194.0,0.425,0.508,88.0,115.0,0.833,36.0,191.0,227.0,133.0,60.0,36.0,50.0,163.0,586.0
NJN,19442,2009.0,Vince Carter,SG,32.0,82.0,82.0,3126.0,24.5,0.5589999999999999,0.29100000000000004,0.396,5.4,14.2,9.3,27.6,2.0,1.5,10.9,32.9,,7.4,4.4,10.5,0.184,,6.4,0.5,6.7,4.8,726.0,1598.0,0.462,156.0,437.0,0.425,570.0,1161.0,0.491,0.505,480.0,601.0,0.8170000000000001,135.0,378.0,492.0,393.0,94.0,53.0,217.0,266.0,2070.0
ORL,20623,2011.0,Vince Carter,SG,34.0,75.0,74.0,2310.0,17.1,0.557,0.319,0.301,2.0,13.5,7.9,17.8,1.6,0.6,10.7,25.2,,4.4,3.0,7.4,0.154,,1.9,0.6,1.9,2.2,434.0,1015.0,0.47,119.0,324.0,0.36700000000000005,315.0,691.0,0.521,0.521,257.0,306.0,0.84,33.0,260.0,293.0,236.0,53.0,18.0,106.0,189.0,1244.0
PHO,20624,2011.0,Vince Carter,SG,34.0,51.0,41.0,1387.0,14.2,0.516,0.389,0.157,3.6,11.8,7.7,9.6,1.7,0.9,7.5,23.5,,0.9,0.8,1.7,0.06,,0.8,-1.2,-0.4,0.5,264.0,625.0,0.42200000000000004,89.0,243.0,0.366,175.0,382.0,0.45799999999999996,0.494,72.0,98.0,0.735,43.0,142.0,185.0,82.0,47.0,17.0,54.0,123.0,689.0
TOR,17178,2005.0,Vince Carter,SG,28.0,82.0,82.0,3126.0,25.0,0.551,0.24,0.35,6.5,12.6,9.3,28.0,2.1,3.3,12.0,32.5,,10.3,3.4,12.9,0.20800000000000002,,7.7,0.1,7.0,6.8,788.0,1696.0,0.467,162.0,397.0,0.408,693.0,1460.0,0.493,0.509,436.0,551.0,0.8059999999999999,176.0,326.0,476.0,348.0,114.0,92.0,223.0,263.0,2107.0
TOT,20622,2011.0,Vince Carter,SG,34.0,77.0,76.0,2828.0,22.9,0.541,0.36,0.299,4.4,12.6,8.4,25.7,2.1,1.3,8.8,31.6,,5.9,3.5,9.4,0.159,,5.3,0.0,5.3,5.2,696.0,1541.0,0.452,127.0,321.0,0.406,569.0,1228.0,0.479,0.502,367.0,460.0,0.7979999999999999,106.0,295.0,401.0,327.0,109.0,48.0,168.0,243.0,1886.0
