Tm,Unnamed: 0,Year,Player,Pos,Age,G,GS,MP,PER,TS%,3PAr,FTr,ORB%,DRB%,TRB%,AST%,STL%,BLK%,TOV%,USG%,blanl,OWS,DWS,WS,WS/48,blank2,OBPM,DBPM,BPM,VORP,FG,FGA,FG%,3P,3PA,3P%,2P,2PA,2P%,eFG%,FT,FTA,FT%,ORB,DRB,TRB,AST,STL,BLK,TOV,PF,PTS
GSW,15092,2001.0,Vinny Del,PG,34.0,29.0,1.0,396.0,6.9,0.397,0.1,0.17800000000000002,1.0,7.9,4.2,23.5,0.8,0.0,13.4,11.9,,0.0,-0.1,0.0,-0.005,,-4.8,-3.7,-8.4,-0.6,30.0,90.0,0.33299999999999996,1.0,9.0,0.111,29.0,81.0,0.358,0.33899999999999997,16.0,16.0,1.0,4.0,27.0,31.0,62.0,6.0,0.0,15.0,36.0,77.0
MIL,14598,2000.0,Vinny Del,PG,33.0,67.0,7.0,1211.0,12.3,0.51,0.111,0.185,1.6,9.6,5.6,25.5,1.7,0.2,15.9,15.2,,1.3,0.6,1.6,0.07,,-0.9,-1.3,-2.2,-0.1,153.0,325.0,0.47100000000000003,13.0,30.0,0.433,145.0,301.0,0.48200000000000004,0.483,40.0,50.0,0.897,14.0,98.0,107.0,174.0,36.0,3.0,55.0,81.0,349.0
PHO,15628,2002.0,Vinny Del,PG,35.0,36.0,0.0,526.0,14.7,0.5660000000000001,0.027999999999999997,0.19399999999999998,1.7,9.4,5.5,54.3,2.0,0.4,10.8,29.9,,1.0,0.7,1.7,0.153,,-0.9,-0.1,-1.0,0.1,76.0,144.0,0.528,0.0,4.0,0.0,76.0,140.0,0.5429999999999999,0.528,25.0,28.0,0.893,8.0,43.0,51.0,64.0,20.0,3.0,19.0,42.0,177.0
SAC,9635,1990.0,Vinny Del,SG,23.0,80.0,29.0,1858.0,12.7,0.52,0.05,0.24100000000000002,3.3,9.6,6.0,19.9,2.0,0.5,13.5,19.1,,1.5,1.2,2.5,0.077,,-1.2,-0.6,-1.8,0.1,297.0,643.0,0.475,10.0,32.0,0.313,287.0,611.0,0.48200000000000004,0.48100000000000004,135.0,155.0,0.871,48.0,159.0,198.0,250.0,65.0,14.0,111.0,182.0,739.0
SAS,13540,1998.0,Vinny Del,SG,31.0,82.0,82.0,2766.0,15.6,0.564,0.21100000000000002,0.272,2.0,10.3,6.1,27.6,1.7,0.4,16.0,19.3,,5.2,3.2,8.3,0.14400000000000002,,1.5,0.3,1.6,2.5,478.0,962.0,0.507,66.0,162.0,0.436,421.0,812.0,0.522,0.529,178.0,214.0,0.868,39.0,236.0,272.0,320.0,85.0,14.0,102.0,179.0,1191.0
TOT,15091,2001.0,Vinny Del,PG,34.0,65.0,1.0,922.0,11.3,0.501,0.055999999999999994,0.188,1.4,8.8,4.9,21.7,1.5,0.2,11.8,13.6,,1.0,0.6,1.6,0.085,,-2.5,-1.6,-4.2,-0.5,106.0,234.0,0.45299999999999996,1.0,13.0,0.077,105.0,221.0,0.475,0.455,41.0,44.0,0.932,12.0,70.0,82.0,126.0,26.0,3.0,34.0,78.0,254.0
