Tm,Unnamed: 0,Year,Player,Pos,Age,G,GS,MP,PER,TS%,3PAr,FTr,ORB%,DRB%,TRB%,AST%,STL%,BLK%,TOV%,USG%,blanl,OWS,DWS,WS,WS/48,blank2,OBPM,DBPM,BPM,VORP,FG,FGA,FG%,3P,3PA,3P%,2P,2PA,2P%,eFG%,FT,FTA,FT%,ORB,DRB,TRB,AST,STL,BLK,TOV,PF,PTS
CHH,13545,1998.0,Vlade Divac,C,29.0,81.0,80.0,2840.0,19.4,0.539,0.055,0.35100000000000003,12.4,22.2,17.3,17.5,2.5,4.7,16.7,19.1,,3.4,3.9,7.3,0.157,,1.4,4.0,5.2,4.8,418.0,847.0,0.498,11.0,47.0,0.23399999999999999,407.0,800.0,0.509,0.501,177.0,259.0,0.691,241.0,484.0,725.0,301.0,103.0,180.0,193.0,277.0,1024.0
LAL,17228,2005.0,Vlade Divac,C,36.0,82.0,81.0,2807.0,20.5,0.606,0.092,0.43799999999999994,15.7,24.0,18.2,23.1,2.9,4.3,27.8,20.6,,5.3,4.8,9.5,0.17300000000000001,,1.7,3.6,5.3,5.1,485.0,957.0,0.565,21.0,75.0,0.35700000000000004,475.0,904.0,0.57,0.569,297.0,382.0,0.777,282.0,569.0,851.0,329.0,128.0,174.0,214.0,311.0,1277.0
SAC,16639,2004.0,Vlade Divac,C,35.0,82.0,81.0,2420.0,18.0,0.552,0.077,0.475,9.5,21.5,15.0,28.7,2.1,2.9,18.1,20.1,,3.5,4.4,7.4,0.147,,0.8,3.6,3.4,3.3,384.0,764.0,0.503,11.0,43.0,0.28600000000000003,377.0,741.0,0.511,0.507,242.0,350.0,0.713,207.0,482.0,673.0,432.0,103.0,105.0,192.0,251.0,1005.0
