Tm,Unnamed: 0,Year,Player,Pos,Age,G,GS,MP,PER,TS%,3PAr,FTr,ORB%,DRB%,TRB%,AST%,STL%,BLK%,TOV%,USG%,blanl,OWS,DWS,WS,WS/48,blank2,OBPM,DBPM,BPM,VORP,FG,FGA,FG%,3P,3PA,3P%,2P,2PA,2P%,eFG%,FT,FTA,FT%,ORB,DRB,TRB,AST,STL,BLK,TOV,PF,PTS
BOS,18672,2007.0,Wally Szczerbiak,SF,29.0,32.0,31.0,1174.0,17.2,0.586,0.273,0.325,4.4,11.2,6.5,15.1,1.0,0.3,10.9,25.0,,2.9,0.5,3.4,0.14,,2.9,-2.2,0.7,0.8,201.0,422.0,0.47600000000000003,44.0,112.0,0.415,157.0,310.0,0.506,0.528,115.0,128.0,0.898,41.0,82.0,123.0,101.0,19.0,4.0,54.0,65.0,561.0
CLE,19851,2009.0,Wally Szczerbiak,SF,31.0,74.0,5.0,1527.0,12.1,0.581,0.42200000000000004,0.266,3.6,14.2,9.0,10.4,1.0,1.0,11.0,20.2,,2.3,2.2,4.5,0.14,,-0.2,0.0,-0.2,0.7,179.0,398.0,0.45,69.0,168.0,0.41100000000000003,110.0,230.0,0.478,0.536,90.0,106.0,0.878,43.0,189.0,232.0,82.0,28.0,10.0,55.0,130.0,517.0
MIN,18137,2006.0,Wally Szczerbiak,SF,28.0,82.0,82.0,3117.0,18.1,0.601,0.242,0.331,5.3,12.7,8.9,14.5,1.4,0.9,12.1,23.1,,7.0,1.7,8.7,0.141,,2.9,-0.4,1.9,3.1,609.0,1200.0,0.511,87.0,191.0,0.455,522.0,1009.0,0.536,0.544,260.0,304.0,0.8959999999999999,133.0,314.0,447.0,260.0,66.0,33.0,181.0,226.0,1531.0
SEA,19249,2008.0,Wally Szczerbiak,SF,30.0,50.0,1.0,1180.0,15.7,0.573,0.324,0.261,1.5,11.1,6.3,9.9,0.6,0.3,8.9,23.0,,1.9,0.4,2.3,0.095,,1.2,-2.9,-1.6,0.1,236.0,513.0,0.46,71.0,166.0,0.428,165.0,347.0,0.47600000000000003,0.529,113.0,134.0,0.843,16.0,120.0,136.0,69.0,14.0,5.0,56.0,67.0,656.0
TOT,19248,2008.0,Wally Szczerbiak,SF,30.0,75.0,71.0,2729.0,17.7,0.595,0.302,0.306,3.5,11.8,6.9,14.1,0.8,0.5,10.6,22.1,,6.3,1.7,8.0,0.141,,2.7,-1.8,1.0,2.0,493.0,1012.0,0.48700000000000004,102.0,255.0,0.413,391.0,757.0,0.517,0.5379999999999999,278.0,310.0,0.897,77.0,236.0,313.0,213.0,40.0,19.0,136.0,150.0,1366.0
