Tm,Unnamed: 0,Year,Player,Pos,Age,G,GS,MP,PER,TS%,3PAr,FTr,ORB%,DRB%,TRB%,AST%,STL%,BLK%,TOV%,USG%,blanl,OWS,DWS,WS,WS/48,blank2,OBPM,DBPM,BPM,VORP,FG,FGA,FG%,3P,3PA,3P%,2P,2PA,2P%,eFG%,FT,FTA,FT%,ORB,DRB,TRB,AST,STL,BLK,TOV,PF,PTS
CAP,4079,1974.0,Walt Wesley,C,29.0,39.0,,400.0,15.1,0.494,,0.285,14.8,17.6,16.2,5.0,1.0,2.5,,,,0.3,0.7,1.0,0.121,,-1.1,-0.4,-1.5,0.1,71.0,151.0,0.47,,,,71.0,151.0,0.47,0.47,26.0,43.0,0.605,63.0,73.0,136.0,14.0,9.0,20.0,,74.0,168.0
CHI,3057,1970.0,Walt Wesley,C,25.0,72.0,,1407.0,13.2,0.46,,0.33799999999999997,,,,6.8,,,,,,-0.5,1.7,1.2,0.040999999999999995,,,,,,270.0,648.0,0.41700000000000004,,,,270.0,648.0,0.41700000000000004,0.41700000000000004,145.0,219.0,0.662,,,455.0,68.0,,,,184.0,685.0
CIN,2854,1969.0,Walt Wesley,C,24.0,82.0,,1334.0,13.6,0.499,,0.38799999999999996,,,,5.1,,,,,,1.5,0.6,1.7,0.063,,,,,,245.0,534.0,0.465,,,,245.0,534.0,0.465,0.465,134.0,207.0,0.647,,,403.0,47.0,,,,191.0,624.0
CLE,3833,1973.0,Walt Wesley,C,28.0,82.0,,2425.0,17.1,0.502,,0.381,,,16.8,8.6,,,,,,3.2,2.3,4.1,0.08199999999999999,,,,,,565.0,1241.0,0.455,,,,565.0,1241.0,0.455,0.455,325.0,473.0,0.687,,,713.0,83.0,,,,295.0,1455.0
LAL,4630,1976.0,Walt Wesley,C,31.0,1.0,,7.0,13.3,0.532,,2.0,0.0,13.2,6.8,18.9,0.0,0.0,,,,0.0,0.0,0.0,0.042,,-0.2,-5.1,-5.3,0.0,1.0,2.0,0.5,,,,1.0,2.0,0.5,0.5,2.0,4.0,0.5,0.0,1.0,1.0,1.0,0.0,0.0,,2.0,4.0
MIL,4355,1975.0,Walt Wesley,C,30.0,41.0,,214.0,12.2,0.467,,0.27399999999999997,7.1,19.4,13.4,7.4,1.5,1.2,,,,-0.1,0.3,0.2,0.043,,-3.4,-1.6,-5.0,-0.2,37.0,84.0,0.44,,,,37.0,84.0,0.44,0.44,14.0,23.0,0.609,14.0,41.0,55.0,11.0,7.0,5.0,,43.0,88.0
PHI,4354,1975.0,Walt Wesley,C,30.0,4.0,,33.0,10.7,0.5579999999999999,,0.444,12.2,12.4,12.3,4.4,0.0,0.0,,,,0.0,0.0,0.0,0.065,,-1.4,-3.6,-4.9,0.0,5.0,9.0,0.556,,,,5.0,9.0,0.556,0.556,2.0,4.0,0.5,4.0,4.0,8.0,1.0,0.0,0.0,,8.0,12.0
PHO,3834,1973.0,Walt Wesley,C,28.0,45.0,,364.0,11.1,0.424,,0.21899999999999997,,,15.1,8.9,,,,,,-0.3,0.3,-0.1,-0.01,,,,,,63.0,155.0,0.406,,,,63.0,155.0,0.406,0.406,18.0,34.0,0.529,,,113.0,24.0,,,,56.0,144.0
TOT,4353,1975.0,Walt Wesley,C,30.0,57.0,,474.0,12.0,0.47700000000000004,,0.29,7.7,18.4,15.5,8.8,1.3,1.1,,,,-0.1,0.4,0.2,0.046,,-3.1,-1.8,-5.0,-0.2,77.0,202.0,0.452,,,,77.0,202.0,0.452,0.452,26.0,46.0,0.593,18.0,45.0,151.0,31.0,7.0,5.0,,77.0,180.0
