Tm,Unnamed: 0,Year,Player,Pos,Age,G,GS,MP,PER,TS%,3PAr,FTr,ORB%,DRB%,TRB%,AST%,STL%,BLK%,TOV%,USG%,blanl,OWS,DWS,WS,WS/48,blank2,OBPM,DBPM,BPM,VORP,FG,FGA,FG%,3P,3PA,3P%,2P,2PA,2P%,eFG%,FT,FTA,FT%,ORB,DRB,TRB,AST,STL,BLK,TOV,PF,PTS
HOU,9137,1989.0,Walter Berry,PF,24.0,40.0,14.0,799.0,14.4,0.573,0.006999999999999999,0.29600000000000004,7.4,13.2,10.3,10.5,1.1,2.6,13.8,17.8,,1.1,1.0,2.1,0.125,,-0.5,0.9,0.4,0.5,146.0,270.0,0.541,1.0,2.0,0.5,145.0,268.0,0.541,0.5429999999999999,57.0,80.0,0.713,54.0,98.0,152.0,57.0,19.0,35.0,49.0,114.0,350.0
NJN,9136,1989.0,Walter Berry,PF,24.0,29.0,17.0,556.0,11.7,0.501,0.0,0.273,6.2,17.1,11.5,5.6,0.9,1.4,13.4,22.0,,-0.1,0.4,0.3,0.027000000000000003,,-3.9,-1.5,-5.4,-0.5,108.0,231.0,0.46799999999999997,0.0,0.0,,108.0,231.0,0.46799999999999997,0.46799999999999997,43.0,63.0,0.6829999999999999,32.0,83.0,115.0,20.0,10.0,13.0,40.0,69.0,259.0
POR,8322,1987.0,Walter Berry,PF,22.0,7.0,0.0,19.0,28.9,0.77,0.0,0.125,24.1,17.3,20.6,8.7,4.8,0.0,0.0,17.4,,0.1,0.0,0.2,0.39899999999999997,,11.2,0.5,11.8,0.1,6.0,8.0,0.75,0.0,0.0,,6.0,8.0,0.75,0.75,1.0,1.0,1.0,4.0,3.0,7.0,1.0,2.0,0.0,0.0,8.0,13.0
SAS,8704,1988.0,Walter Berry,SF,23.0,73.0,56.0,1922.0,18.8,0.578,0.004,0.379,9.8,12.5,11.1,10.4,1.3,1.8,14.8,26.6,,2.7,0.9,3.4,0.086,,1.5,-1.7,-0.7,0.7,540.0,960.0,0.563,0.0,3.0,0.0,540.0,960.0,0.563,0.563,192.0,320.0,0.648,176.0,219.0,395.0,110.0,55.0,63.0,162.0,207.0,1272.0
TOT,9135,1989.0,Walter Berry,SF-PF,24.0,69.0,45.0,1586.0,16.8,0.561,0.004,0.376,9.1,14.8,10.8,10.4,1.1,2.1,14.6,26.5,,1.4,1.4,2.4,0.085,,0.1,-0.1,-1.5,0.2,407.0,766.0,0.531,1.0,3.0,0.5,407.0,763.0,0.5329999999999999,0.531,187.0,288.0,0.6990000000000001,136.0,181.0,309.0,105.0,38.0,48.0,153.0,196.0,1001.0
