Tm,Unnamed: 0,Year,Player,Pos,Age,G,GS,MP,PER,TS%,3PAr,FTr,ORB%,DRB%,TRB%,AST%,STL%,BLK%,TOV%,USG%,blanl,OWS,DWS,WS,WS/48,blank2,OBPM,DBPM,BPM,VORP,FG,FGA,FG%,3P,3PA,3P%,2P,2PA,2P%,eFG%,FT,FTA,FT%,ORB,DRB,TRB,AST,STL,BLK,TOV,PF,PTS
MEM,24581,2017.0,Wayne Selden,SG,22.0,11.0,2.0,189.0,6.2,0.475,0.42,0.36,0.6,6.2,3.3,9.9,1.1,0.5,13.4,16.1,,-0.1,0.1,0.0,-0.001,,-4.1,-1.8,-6.0,-0.2,20.0,50.0,0.4,3.0,21.0,0.14300000000000002,17.0,29.0,0.586,0.43,12.0,18.0,0.667,1.0,10.0,11.0,12.0,4.0,1.0,9.0,12.0,55.0
NOP,24580,2017.0,Wayne Selden,SG,22.0,3.0,3.0,47.0,10.0,0.82,0.875,0.5,0.0,11.3,5.6,3.0,2.1,0.0,23.5,12.0,,0.0,0.0,0.1,0.08900000000000001,,-0.5,-0.7,-1.2,0.0,5.0,8.0,0.625,4.0,7.0,0.5710000000000001,1.0,1.0,1.0,0.875,2.0,4.0,0.5,0.0,5.0,5.0,1.0,2.0,0.0,3.0,6.0,16.0
TOT,24579,2017.0,Wayne Selden,SG,22.0,14.0,5.0,236.0,6.9,0.525,0.483,0.379,0.5,7.2,3.8,8.5,1.3,0.4,15.1,15.3,,-0.1,0.2,0.1,0.017,,-3.4,-1.6,-5.0,-0.2,25.0,58.0,0.431,7.0,28.0,0.25,18.0,30.0,0.6,0.491,14.0,22.0,0.636,1.0,15.0,16.0,13.0,6.0,1.0,12.0,18.0,71.0
