Tm,Unnamed: 0,Year,Player,Pos,Age,G,GS,MP,PER,TS%,3PAr,FTr,ORB%,DRB%,TRB%,AST%,STL%,BLK%,TOV%,USG%,blanl,OWS,DWS,WS,WS/48,blank2,OBPM,DBPM,BPM,VORP,FG,FGA,FG%,3P,3PA,3P%,2P,2PA,2P%,eFG%,FT,FTA,FT%,ORB,DRB,TRB,AST,STL,BLK,TOV,PF,PTS
MIA,12853,1997.0,Willie Anderson,SG,30.0,28.0,1.0,303.0,12.6,0.57,0.297,0.313,6.0,10.4,8.2,18.2,2.5,1.0,20.7,14.2,,0.4,0.5,0.9,0.142,,-1.0,1.7,0.8,0.2,29.0,64.0,0.45299999999999996,8.0,19.0,0.42100000000000004,21.0,45.0,0.467,0.516,17.0,20.0,0.85,15.0,27.0,42.0,34.0,14.0,4.0,19.0,36.0,83.0
NYK,12308,1996.0,Willie Anderson,SG,29.0,27.0,2.0,496.0,9.2,0.46399999999999997,0.188,0.233,3.2,10.9,7.2,15.0,1.8,1.2,14.1,16.0,,-0.2,0.7,0.5,0.052000000000000005,,-3.4,0.8,-2.6,-0.1,56.0,133.0,0.42100000000000004,5.0,25.0,0.2,51.0,108.0,0.47200000000000003,0.44,19.0,31.0,0.613,13.0,47.0,60.0,48.0,17.0,8.0,24.0,59.0,136.0
SAS,11852,1995.0,Willie Anderson,SG,28.0,82.0,81.0,2788.0,16.6,0.534,0.11699999999999999,0.268,5.8,13.6,8.7,23.2,2.5,1.7,18.2,23.8,,3.2,3.7,6.5,0.111,,0.9,1.3,1.5,2.4,640.0,1285.0,0.498,22.0,68.0,0.324,636.0,1264.0,0.51,0.5,224.0,290.0,0.848,152.0,283.0,417.0,372.0,150.0,62.0,261.0,295.0,1508.0
TOR,12307,1996.0,Willie Anderson,SG,29.0,49.0,42.0,1564.0,11.9,0.518,0.18,0.25,2.7,11.6,7.1,15.1,1.9,2.5,16.9,19.8,,0.1,0.8,0.9,0.027000000000000003,,-2.1,-0.4,-2.5,-0.2,232.0,527.0,0.44,29.0,95.0,0.305,203.0,432.0,0.47,0.46799999999999997,113.0,132.0,0.856,35.0,151.0,186.0,149.0,58.0,51.0,119.0,171.0,606.0
TOT,12306,1996.0,Willie Anderson,SG,29.0,76.0,44.0,2060.0,11.3,0.507,0.182,0.247,2.8,11.4,7.1,15.1,1.9,2.2,16.3,18.9,,0.0,1.5,1.4,0.033,,-2.4,-0.1,-2.5,-0.3,288.0,660.0,0.436,34.0,120.0,0.28300000000000003,254.0,540.0,0.47,0.462,132.0,163.0,0.81,48.0,198.0,246.0,197.0,75.0,59.0,143.0,230.0,742.0
