Tm,Unnamed: 0,Year,Player,Pos,Age,G,GS,MP,PER,TS%,3PAr,FTr,ORB%,DRB%,TRB%,AST%,STL%,BLK%,TOV%,USG%,blanl,OWS,DWS,WS,WS/48,blank2,OBPM,DBPM,BPM,VORP,FG,FGA,FG%,3P,3PA,3P%,2P,2PA,2P%,eFG%,FT,FTA,FT%,ORB,DRB,TRB,AST,STL,BLK,TOV,PF,PTS
HOU,20035,2010.0,Will Conroy,PG,27.0,5.0,0.0,36.0,-2.4,0.276,0.3,0.2,0.0,9.9,4.8,28.0,0.0,0.0,26.9,18.3,,-0.2,0.0,-0.1,-0.192,,-10.2,-3.8,-14.0,-0.1,3.0,10.0,0.3,0.0,3.0,0.0,3.0,7.0,0.429,0.3,0.0,2.0,0.0,0.0,3.0,3.0,7.0,0.0,0.0,4.0,5.0,6.0
LAC,18321,2007.0,Will Conroy,PG,24.0,4.0,0.0,35.0,-0.4,0.0,0.0,1.3330000000000002,6.9,10.2,8.6,31.3,0.0,0.0,29.6,8.9,,-0.1,0.0,-0.1,-0.10800000000000001,,-8.3,-2.1,-10.4,-0.1,0.0,3.0,0.0,0.0,0.0,,0.0,3.0,0.0,0.0,0.0,4.0,0.0,2.0,3.0,5.0,8.0,0.0,0.0,2.0,6.0,0.0
MEM,18320,2007.0,Will Conroy,SG,24.0,3.0,0.0,17.0,4.2,,,,7.0,7.0,7.0,7.8,0.0,0.0,,0.0,,0.0,0.0,0.0,0.035,,-2.9,-0.1,-3.1,0.0,0.0,0.0,,0.0,0.0,,0.0,0.0,,,0.0,0.0,,1.0,1.0,2.0,1.0,0.0,0.0,0.0,1.0,0.0
MIN,21784,2013.0,Will Conroy,PG,30.0,4.0,0.0,20.0,-15.2,0.051,0.33299999999999996,0.222,5.5,0.0,2.9,0.0,0.0,0.0,0.0,22.1,,-0.2,0.0,-0.2,-0.433,,-15.9,-6.8,-22.8,-0.1,0.0,9.0,0.0,0.0,3.0,0.0,0.0,6.0,0.0,0.0,1.0,2.0,0.5,1.0,0.0,1.0,0.0,0.0,0.0,0.0,1.0,1.0
TOT,18319,2007.0,Will Conroy,PG-SG,24.0,7.0,0.0,52.0,1.1,0.0,0.0,1.3330000000000002,6.9,9.1,8.1,23.6,0.0,0.0,29.6,6.0,,-0.1,0.0,-0.1,-0.062,,-6.5,-1.5,-8.0,-0.1,0.0,3.0,0.0,0.0,0.0,,0.0,3.0,0.0,0.0,0.0,4.0,0.0,3.0,4.0,7.0,9.0,0.0,0.0,2.0,7.0,0.0
