Tm,Unnamed: 0,Year,Player,Pos,Age,G,GS,MP,PER,TS%,3PAr,FTr,ORB%,DRB%,TRB%,AST%,STL%,BLK%,TOV%,USG%,blanl,OWS,DWS,WS,WS/48,blank2,OBPM,DBPM,BPM,VORP,FG,FGA,FG%,3P,3PA,3P%,2P,2PA,2P%,eFG%,FT,FTA,FT%,ORB,DRB,TRB,AST,STL,BLK,TOV,PF,PTS
DET,22362,2014.0,Will Bynum,PG,31.0,65.0,20.0,1667.0,17.4,0.532,0.149,0.348,2.8,11.1,6.5,35.3,2.5,0.5,19.6,27.9,,1.3,0.8,1.9,0.078,,0.8,-1.6,-1.7,0.1,253.0,540.0,0.469,24.0,76.0,0.32299999999999995,229.0,479.0,0.494,0.491,142.0,178.0,0.836,28.0,118.0,142.0,283.0,55.0,7.0,125.0,143.0,636.0
GSW,17751,2006.0,Will Bynum,PG,23.0,15.0,0.0,162.0,8.7,0.457,0.17300000000000001,0.308,2.0,6.3,4.1,19.2,2.2,0.0,19.2,20.1,,-0.2,0.1,-0.1,-0.021,,-4.8,-1.8,-6.6,-0.2,21.0,52.0,0.40399999999999997,2.0,9.0,0.222,19.0,43.0,0.442,0.423,10.0,16.0,0.625,3.0,9.0,12.0,19.0,7.0,0.0,14.0,10.0,54.0
WAS,22955,2015.0,Will Bynum,SG,32.0,7.0,0.0,67.0,4.8,0.336,0.29,0.129,3.4,6.6,5.0,42.2,0.8,1.2,19.6,27.6,,-0.2,0.1,-0.2,-0.132,,-5.8,-3.3,-9.1,-0.1,10.0,31.0,0.32299999999999995,0.0,9.0,0.0,10.0,22.0,0.455,0.32299999999999995,2.0,4.0,0.5,2.0,4.0,6.0,18.0,1.0,1.0,8.0,9.0,22.0
