Tm,Unnamed: 0,Year,Player,Pos,Age,G,GS,MP,PER,TS%,3PAr,FTr,ORB%,DRB%,TRB%,AST%,STL%,BLK%,TOV%,USG%,blanl,OWS,DWS,WS,WS/48,blank2,OBPM,DBPM,BPM,VORP,FG,FGA,FG%,3P,3PA,3P%,2P,2PA,2P%,eFG%,FT,FTA,FT%,ORB,DRB,TRB,AST,STL,BLK,TOV,PF,PTS
DEN,24192,2017.0,Wilson Chandler,SF,29.0,78.0,75.0,2471.0,16.6,0.556,0.47600000000000003,0.244,5.2,18.4,11.5,12.0,2.1,2.8,17.6,22.7,,2.4,1.5,3.6,0.13699999999999998,,1.2,0.5,0.7,1.3,433.0,975.0,0.462,139.0,406.0,0.413,323.0,613.0,0.527,0.52,141.0,194.0,0.833,103.0,379.0,475.0,141.0,58.0,31.0,114.0,231.0,1117.0
NYK,20629,2011.0,Wilson Chandler,SG,23.0,82.0,70.0,2735.0,15.7,0.5479999999999999,0.344,0.223,6.1,15.8,10.6,9.9,1.3,2.9,10.8,21.0,,2.3,2.1,3.4,0.094,,0.7,0.3,-0.2,0.8,455.0,1054.0,0.479,103.0,314.0,0.35100000000000003,372.0,740.0,0.524,0.521,171.0,215.0,0.807,93.0,354.0,445.0,170.0,71.0,75.0,139.0,250.0,1184.0
TOT,20628,2011.0,Wilson Chandler,SF,23.0,72.0,49.0,2401.0,14.6,0.537,0.336,0.16899999999999998,3.6,15.9,9.7,8.1,1.0,2.9,9.2,20.9,,2.1,1.9,3.9,0.079,,-0.1,-0.5,-0.5,0.9,429.0,953.0,0.45,112.0,320.0,0.35,317.0,633.0,0.501,0.509,130.0,161.0,0.807,75.0,333.0,408.0,120.0,48.0,94.0,104.0,199.0,1100.0
