Tm,Unnamed: 0,Year,Player,Pos,Age,G,GS,MP,PER,TS%,3PAr,FTr,ORB%,DRB%,TRB%,AST%,STL%,BLK%,TOV%,USG%,blanl,OWS,DWS,WS,WS/48,blank2,OBPM,DBPM,BPM,VORP,FG,FGA,FG%,3P,3PA,3P%,2P,2PA,2P%,eFG%,FT,FTA,FT%,ORB,DRB,TRB,AST,STL,BLK,TOV,PF,PTS
DEN,10595,1992.0,Winston Garland,PG,27.0,78.0,67.0,2209.0,13.3,0.505,0.037000000000000005,0.265,3.1,6.4,4.6,27.6,2.2,0.6,17.3,18.6,,1.3,1.6,2.9,0.063,,-0.9,-1.1,-2.0,0.0,333.0,750.0,0.444,9.0,28.0,0.321,324.0,722.0,0.449,0.45,171.0,199.0,0.8590000000000001,67.0,123.0,190.0,411.0,98.0,22.0,175.0,206.0,846.0
GSW,9671,1990.0,Winston Garland,PG,25.0,79.0,79.0,2661.0,14.7,0.49200000000000005,0.05,0.23399999999999999,3.9,9.1,6.6,28.3,2.9,0.3,20.4,19.5,,1.9,2.6,4.5,0.08199999999999999,,0.0,0.1,0.0,1.4,466.0,1074.0,0.439,13.0,43.0,0.33299999999999996,456.0,1031.0,0.444,0.447,203.0,251.0,0.879,101.0,227.0,328.0,505.0,175.0,14.0,187.0,216.0,1145.0
HOU,11043,1993.0,Winston Garland,PG,28.0,66.0,4.0,1004.0,12.2,0.512,0.038,0.259,3.8,8.1,6.1,20.3,2.0,0.2,14.9,19.8,,0.7,1.1,1.8,0.084,,-2.0,-0.9,-2.9,-0.2,152.0,343.0,0.44299999999999995,6.0,13.0,0.462,146.0,330.0,0.442,0.452,81.0,89.0,0.91,32.0,76.0,108.0,138.0,39.0,4.0,67.0,116.0,391.0
LAC,10145,1991.0,Winston Garland,PG,26.0,69.0,26.0,1702.0,12.1,0.489,0.091,0.303,2.9,10.8,6.8,25.6,2.7,0.4,19.8,18.6,,0.4,2.0,2.4,0.069,,-1.7,0.7,-1.0,0.4,221.0,519.0,0.428,11.0,26.0,0.423,217.0,493.0,0.44,0.447,118.0,157.0,0.831,46.0,152.0,198.0,317.0,97.0,10.0,116.0,189.0,564.0
MIN,11984,1995.0,Winston Garland,PG,30.0,73.0,58.0,1931.0,10.1,0.488,0.183,0.273,3.1,7.5,5.3,26.7,1.9,0.5,18.6,13.4,,0.6,0.6,1.2,0.03,,-2.0,-1.5,-3.5,-0.7,170.0,410.0,0.415,19.0,75.0,0.253,151.0,335.0,0.451,0.43799999999999994,89.0,112.0,0.795,48.0,120.0,168.0,318.0,71.0,13.0,105.0,184.0,448.0
TOT,9670,1990.0,Winston Garland,PG,25.0,79.0,19.0,1762.0,9.8,0.45799999999999996,0.063,0.213,3.3,9.9,6.7,23.5,2.1,0.3,20.1,18.2,,-1.4,1.1,-0.3,-0.008,,-2.9,-0.8,-3.8,-0.8,230.0,573.0,0.401,12.0,36.0,0.33299999999999996,218.0,537.0,0.406,0.41200000000000003,102.0,122.0,0.836,51.0,163.0,214.0,303.0,78.0,10.0,158.0,152.0,574.0
