Tm,Unnamed: 0,Year,Player,Pos,Age,G,GS,MP,PER,TS%,3PAr,FTr,ORB%,DRB%,TRB%,AST%,STL%,BLK%,TOV%,USG%,blanl,OWS,DWS,WS,WS/48,blank2,OBPM,DBPM,BPM,VORP,FG,FGA,FG%,3P,3PA,3P%,2P,2PA,2P%,eFG%,FT,FTA,FT%,ORB,DRB,TRB,AST,STL,BLK,TOV,PF,PTS
CLE,8025,1986.0,World B.,SG,32.0,75.0,75.0,2535.0,19.7,0.5329999999999999,0.145,0.41,4.1,7.2,5.2,23.5,2.1,0.4,11.3,31.3,,4.5,1.6,6.1,0.127,,4.3,-1.8,2.5,2.6,652.0,1433.0,0.45899999999999996,71.0,193.0,0.42,604.0,1338.0,0.474,0.485,395.0,504.0,0.784,89.0,150.0,218.0,320.0,94.0,19.0,172.0,214.0,1754.0
GSW,6933,1983.0,World B.,SG,29.0,78.0,78.0,2796.0,19.5,0.542,0.039,0.561,4.5,5.3,4.8,22.3,1.7,0.3,11.9,28.0,,6.8,1.3,7.4,0.15,,2.9,-2.3,0.1,1.5,650.0,1452.0,0.451,10.0,56.0,0.179,640.0,1396.0,0.45799999999999996,0.451,528.0,649.0,0.8140000000000001,118.0,130.0,248.0,419.0,85.0,11.0,208.0,222.0,1789.0
HOU,8794,1988.0,World B.,SG,34.0,58.0,0.0,682.0,11.1,0.475,0.1,0.28600000000000003,2.2,4.6,3.4,13.1,1.4,0.2,11.1,26.1,,-0.1,0.5,0.4,0.027999999999999997,,-2.8,-3.4,-6.2,-0.7,143.0,350.0,0.409,8.0,35.0,0.22899999999999998,135.0,315.0,0.429,0.42,80.0,100.0,0.8,14.0,30.0,44.0,60.0,20.0,3.0,49.0,74.0,374.0
PHI,8411,1987.0,World B.,SG,33.0,78.0,2.0,2253.0,17.4,0.539,0.073,0.6559999999999999,5.5,5.9,5.4,20.6,1.5,1.0,15.3,24.1,,4.6,1.8,6.0,0.14,,1.7,-1.8,-0.1,1.0,467.0,1022.0,0.457,2.0,9.0,0.222,467.0,1022.0,0.457,0.457,411.0,562.0,0.7659999999999999,97.0,140.0,237.0,306.0,75.0,41.0,200.0,207.0,1268.0
SDC,5841,1980.0,World B.,SG,26.0,78.0,,2954.0,22.7,0.552,0.016,0.523,5.2,6.3,5.4,18.0,1.7,0.7,12.7,32.7,,9.4,0.7,10.1,0.16399999999999998,,4.3,-2.7,1.3,2.5,795.0,1653.0,0.48100000000000004,9.0,25.0,0.36,795.0,1653.0,0.48100000000000004,0.48100000000000004,654.0,865.0,0.7559999999999999,129.0,174.0,301.0,340.0,111.0,35.0,297.0,253.0,2244.0
TOT,6932,1983.0,World B.,SG,29.0,73.0,69.0,2638.0,18.4,0.519,0.032,0.41,3.8,4.8,4.3,18.2,1.8,0.3,11.1,29.6,,4.5,1.2,5.7,0.10400000000000001,,2.5,-2.6,-0.1,1.3,649.0,1423.0,0.456,15.0,45.0,0.33299999999999996,634.0,1378.0,0.46,0.461,430.0,583.0,0.738,92.0,109.0,201.0,290.0,97.0,15.0,209.0,241.0,1743.0
