Tm,Unnamed: 0,Year,Player,Pos,Age,G,GS,MP,PER,TS%,3PAr,FTr,ORB%,DRB%,TRB%,AST%,STL%,BLK%,TOV%,USG%,blanl,OWS,DWS,WS,WS/48,blank2,OBPM,DBPM,BPM,VORP,FG,FGA,FG%,3P,3PA,3P%,2P,2PA,2P%,eFG%,FT,FTA,FT%,ORB,DRB,TRB,AST,STL,BLK,TOV,PF,PTS
MIL,19026,2008.0,Yi Jianlian,PF,20.0,66.0,49.0,1647.0,11.3,0.485,0.04,0.27899999999999997,7.3,17.7,12.3,5.3,1.1,2.7,13.4,18.4,,-0.1,0.9,0.7,0.022000000000000002,,-3.9,-0.7,-4.6,-1.1,219.0,520.0,0.42100000000000004,6.0,21.0,0.28600000000000003,213.0,499.0,0.42700000000000005,0.42700000000000005,122.0,145.0,0.841,106.0,238.0,344.0,55.0,36.0,56.0,90.0,153.0,566.0
NJN,20221,2010.0,Yi Jianlian,PF,22.0,61.0,52.0,1655.0,12.3,0.48100000000000004,0.28,0.34299999999999997,7.7,22.0,13.7,7.0,1.2,2.3,11.2,20.5,,0.0,1.3,1.3,0.037000000000000005,,-3.4,-0.6,-4.0,-0.8,227.0,563.0,0.40299999999999997,48.0,140.0,0.366,212.0,522.0,0.406,0.43,154.0,193.0,0.7979999999999999,115.0,259.0,372.0,60.0,37.0,52.0,77.0,170.0,623.0
WAS,20824,2011.0,Yi Jianlian,PF,23.0,63.0,11.0,1112.0,10.1,0.45899999999999996,0.037000000000000005,0.262,7.8,18.0,12.7,3.5,1.2,2.2,11.6,17.4,,-0.4,0.8,0.4,0.016,,-4.7,-1.2,-5.9,-1.1,145.0,347.0,0.418,3.0,13.0,0.231,142.0,334.0,0.425,0.42200000000000004,62.0,91.0,0.6809999999999999,79.0,169.0,248.0,25.0,27.0,32.0,51.0,115.0,355.0
DAL,21406,2012.0,Yi Jianlian,PF,24.0,30.0,0.0,203.0,10.4,0.433,0.122,0.256,6.7,20.3,13.6,4.1,1.8,3.1,13.3,24.1,,-0.3,0.3,0.0,-0.003,,-6.9,-0.4,-7.3,-0.3,31.0,82.0,0.37799999999999995,3.0,10.0,0.3,28.0,72.0,0.389,0.396,14.0,21.0,0.667,12.0,37.0,49.0,5.0,7.0,8.0,14.0,23.0,79.0
